date,open,high,low,close,volume
2015-02-02 09:15:00+05:30,535.17,536.68,531.54,536.62,1804796
2015-02-02 09:45:00+05:30,536.68,537.5,533.1,533.98,518772
2015-02-02 10:15:00+05:30,533.87,537.18,533.82,536.74,1088036
2015-02-02 10:45:00+05:30,536.74,537.2,534.75,536.59,232424
2015-02-02 11:15:00+05:30,536.59,537.38,536.57,537.35,220828
2015-02-02 11:45:00+05:30,537.13,537.5,536.25,537.02,862748
2015-02-02 12:15:00+05:30,537.25,537.63,536.33,537.5,466620
2015-02-02 12:45:00+05:30,537.5,537.75,536.58,537.02,323484
2015-02-02 13:15:00+05:30,537.19,538.0,536.75,537.63,644908
2015-02-02 13:45:00+05:30,537.47,538.0,534.95,537.23,316920
2015-02-02 14:15:00+05:30,537.25,537.5,534.5,535.0,1014176
2015-02-02 14:45:00+05:30,535.0,535.2,532.0,534.45,723116
2015-02-02 15:15:00+05:30,534.47,535.37,533.25,534.25,480532
2015-02-03 09:15:00+05:30,534.2,534.93,530.25,530.9,480092
2015-02-03 09:45:00+05:30,530.9,531.22,527.25,527.45,318024
2015-02-03 10:15:00+05:30,527.45,527.92,525.5,525.95,327448
2015-02-03 10:45:00+05:30,525.95,529.12,525.69,528.19,350956
2015-02-03 11:15:00+05:30,528.19,529.75,527.25,529.4,852528
2015-02-03 11:45:00+05:30,529.4,529.5,525.6,528.79,416948
2015-02-03 12:15:00+05:30,528.77,532.13,528.07,531.57,310488
2015-02-03 12:45:00+05:30,531.57,532.73,527.87,529.53,302884
2015-02-03 13:15:00+05:30,529.5,532.18,529.43,531.8,305960
2015-02-03 13:45:00+05:30,531.87,534.75,529.3,529.5,422904
2015-02-03 14:15:00+05:30,529.5,530.0,526.88,528.75,310816
2015-02-03 14:45:00+05:30,528.75,531.24,527.83,530.88,475792
2015-02-03 15:15:00+05:30,530.88,531.5,529.5,531.0,387680
2015-02-04 09:15:00+05:30,533.74,536.25,531.6,536.0,951972
2015-02-04 09:45:00+05:30,536.0,537.32,533.48,535.25,473928
2015-02-04 10:15:00+05:30,535.39,536.48,532.5,532.7,353420
2015-02-04 10:45:00+05:30,532.7,535.43,532.63,533.8,189124
2015-02-04 11:15:00+05:30,533.8,536.18,533.58,535.68,175408
2015-02-04 11:45:00+05:30,535.58,536.98,534.74,536.27,143572
2015-02-04 12:15:00+05:30,536.35,536.74,535.0,536.14,160496
2015-02-04 12:45:00+05:30,536.14,537.5,535.67,536.83,216812
2015-02-04 13:15:00+05:30,537.14,537.37,535.32,536.0,1378336
2015-02-04 13:45:00+05:30,535.94,536.7,534.64,535.63,200304
2015-02-04 14:15:00+05:30,535.53,535.77,533.64,535.32,296132
2015-02-04 14:45:00+05:30,535.32,536.2,534.75,535.7,312564
2015-02-04 15:15:00+05:30,535.7,536.25,535.19,535.95,299792
2015-02-05 09:15:00+05:30,537.5,540.5,537.0,539.39,712128
2015-02-05 09:45:00+05:30,539.39,539.77,538.75,539.25,458780
2015-02-05 10:15:00+05:30,539.25,543.23,538.92,542.33,757760
2015-02-05 10:45:00+05:30,542.35,544.5,541.83,544.37,1177984
2015-02-05 11:15:00+05:30,544.48,546.05,543.95,545.78,833004
2015-02-05 11:45:00+05:30,545.73,548.73,545.5,546.73,1125056
2015-02-05 12:15:00+05:30,546.69,548.33,544.53,545.0,672136
2015-02-05 12:45:00+05:30,544.99,549.3,544.98,549.2,967464
2015-02-05 13:15:00+05:30,549.14,554.17,549.14,553.39,1690128
2015-02-05 13:45:00+05:30,553.45,554.88,552.45,554.1,951900
2015-02-05 14:15:00+05:30,554.15,555.0,552.13,552.22,731928
2015-02-05 14:45:00+05:30,552.08,552.5,547.55,548.62,1124592
2015-02-05 15:15:00+05:30,548.63,548.63,545.04,546.5,668532
2015-02-06 09:15:00+05:30,551.52,561.93,551.25,561.59,1667924
2015-02-06 09:45:00+05:30,561.59,561.75,557.5,559.63,506516
2015-02-06 10:15:00+05:30,559.75,560.85,557.78,558.33,438132
2015-02-06 10:45:00+05:30,558.33,558.38,548.73,556.24,1102744
2015-02-06 11:15:00+05:30,556.44,556.98,553.72,555.59,482132
2015-02-06 11:45:00+05:30,555.68,557.13,554.88,555.0,334344
2015-02-06 12:15:00+05:30,555.0,558.75,554.83,558.38,463712
2015-02-06 12:45:00+05:30,558.38,560.25,557.84,558.92,343940
2015-02-06 13:15:00+05:30,558.92,560.0,558.72,559.74,285932
2015-02-06 13:45:00+05:30,559.53,559.87,558.6,559.19,280508
2015-02-06 14:15:00+05:30,558.85,559.75,558.5,559.02,305552
2015-02-06 14:45:00+05:30,559.02,559.75,556.63,557.64,707672
2015-02-06 15:15:00+05:30,557.53,558.19,557.0,557.0,527364
2015-02-09 09:15:00+05:30,553.7,561.37,552.04,559.69,715740
2015-02-09 09:45:00+05:30,559.98,560.39,558.03,559.88,673356
2015-02-09 10:15:00+05:30,559.88,559.99,557.75,558.39,561256
2015-02-09 10:45:00+05:30,558.4,559.44,557.77,558.0,375200
2015-02-09 11:15:00+05:30,558.0,558.35,555.9,556.57,591912
2015-02-09 11:45:00+05:30,556.57,560.0,556.54,559.68,384992
2015-02-09 12:15:00+05:30,559.68,561.25,559.48,560.13,295624
2015-02-09 12:45:00+05:30,560.13,560.63,557.2,558.47,411184
2015-02-09 13:15:00+05:30,558.47,560.1,557.75,560.1,387180
2015-02-09 13:45:00+05:30,560.1,560.75,559.2,559.25,347116
2015-02-09 14:15:00+05:30,559.48,561.65,559.33,561.03,389744
2015-02-09 14:45:00+05:30,561.0,562.74,560.75,562.1,751956
2015-02-09 15:15:00+05:30,562.23,563.49,560.78,561.25,643016
2015-02-10 09:15:00+05:30,560.75,567.83,560.75,567.42,1128296
2015-02-10 09:45:00+05:30,567.5,567.5,563.34,565.79,608704
2015-02-10 10:15:00+05:30,565.92,566.52,564.0,564.79,292616
2015-02-10 10:45:00+05:30,564.79,566.57,563.35,564.99,382720
2015-02-10 11:15:00+05:30,564.99,566.99,564.47,564.5,481132
2015-02-10 11:45:00+05:30,564.82,565.23,563.5,563.75,412400
2015-02-10 12:15:00+05:30,563.75,566.25,562.78,565.38,634716
2015-02-10 12:45:00+05:30,565.32,568.74,565.32,568.55,623360
2015-02-10 13:15:00+05:30,568.55,572.24,568.13,571.28,772900
2015-02-10 13:45:00+05:30,571.28,572.17,567.8,570.13,640172
2015-02-10 14:15:00+05:30,570.13,574.45,568.57,572.74,785476
2015-02-10 14:45:00+05:30,572.74,573.82,570.28,570.88,911336
2015-02-10 15:15:00+05:30,571.19,571.49,565.38,566.52,833124
2015-02-11 09:15:00+05:30,569.5,572.28,564.09,571.15,693248
2015-02-11 09:45:00+05:30,571.15,573.3,567.29,567.73,364116
2015-02-11 10:15:00+05:30,567.73,571.43,567.73,569.13,179232
2015-02-11 10:45:00+05:30,569.13,569.13,567.5,567.9,200464
2015-02-11 11:15:00+05:30,567.88,569.87,567.5,568.4,201312
2015-02-11 11:45:00+05:30,568.4,569.87,568.19,569.13,210540
2015-02-11 12:15:00+05:30,569.25,569.82,568.77,569.35,170260
2015-02-11 12:45:00+05:30,569.35,572.58,568.87,572.22,597436
2015-02-11 13:15:00+05:30,572.13,572.45,568.69,571.12,239268
2015-02-11 13:45:00+05:30,570.98,571.82,567.97,569.78,496032
2015-02-11 14:15:00+05:30,569.79,571.0,568.75,570.84,576712
2015-02-11 14:45:00+05:30,570.89,572.23,568.75,571.79,999012
2015-02-11 15:15:00+05:30,571.99,572.85,571.25,571.95,861828
2015-02-12 09:15:00+05:30,568.27,572.13,568.25,570.13,645864
2015-02-12 09:45:00+05:30,570.13,573.6,570.1,571.75,465260
2015-02-12 10:15:00+05:30,571.75,577.35,571.52,576.62,690456
2015-02-12 10:45:00+05:30,576.62,577.25,574.47,576.75,574404
2015-02-12 11:15:00+05:30,576.75,577.0,573.65,575.0,359100
2015-02-12 11:45:00+05:30,575.0,577.07,574.5,576.6,324560
2015-02-12 12:15:00+05:30,576.5,576.74,575.45,575.59,210816
2015-02-12 12:45:00+05:30,575.59,576.3,575.27,576.19,205064
2015-02-12 13:15:00+05:30,576.24,577.2,574.1,575.89,528824
2015-02-12 13:45:00+05:30,576.19,576.5,574.94,575.74,265648
2015-02-12 14:15:00+05:30,575.74,577.25,575.13,577.07,335800
2015-02-12 14:45:00+05:30,577.2,580.49,575.97,579.68,669072
2015-02-12 15:15:00+05:30,579.67,580.25,574.78,575.0,963680
2015-02-13 09:15:00+05:30,573.32,578.87,572.7,577.19,504784
2015-02-13 09:45:00+05:30,577.74,581.64,577.67,580.38,414844
2015-02-13 10:15:00+05:30,580.38,581.0,578.94,579.5,224172
2015-02-13 10:45:00+05:30,579.5,579.75,579.25,579.47,190632
2015-02-13 11:15:00+05:30,579.47,579.63,576.7,577.5,279048
2015-02-13 11:45:00+05:30,577.5,580.75,576.5,579.54,323832
2015-02-13 12:15:00+05:30,579.5,579.99,578.7,579.05,232552
2015-02-13 12:45:00+05:30,579.05,579.1,575.28,575.28,300904
2015-02-13 13:15:00+05:30,575.85,577.23,575.33,576.29,243472
2015-02-13 13:45:00+05:30,576.49,576.5,572.12,572.5,398776
2015-02-13 14:15:00+05:30,572.75,574.5,571.5,573.29,437936
2015-02-13 14:45:00+05:30,573.29,575.0,572.25,574.75,980520
2015-02-13 15:15:00+05:30,574.63,575.23,572.5,573.95,1115444
2015-02-16 09:15:00+05:30,570.0,576.68,567.8,574.43,967932
2015-02-16 09:45:00+05:30,574.43,574.49,571.87,572.67,383736
2015-02-16 10:15:00+05:30,572.79,573.5,570.95,572.22,355980
2015-02-16 10:45:00+05:30,572.54,572.54,571.38,571.79,372864
2015-02-16 11:15:00+05:30,571.68,572.39,570.5,571.33,312012
2015-02-16 11:45:00+05:30,571.24,571.7,569.28,570.02,742744
2015-02-16 12:15:00+05:30,570.03,570.29,568.83,569.05,204780
2015-02-16 12:45:00+05:30,569.17,569.17,566.95,567.6,344348
2015-02-16 13:15:00+05:30,567.6,569.45,566.32,568.73,445508
2015-02-16 13:45:00+05:30,568.73,571.23,568.45,570.95,415964
2015-02-16 14:15:00+05:30,570.95,572.23,570.83,571.04,479928
2015-02-16 14:45:00+05:30,571.04,571.7,568.28,568.9,582244
2015-02-16 15:15:00+05:30,568.9,571.0,568.29,570.5,628660
2015-02-18 09:15:00+05:30,568.69,569.49,565.15,567.25,918372
2015-02-18 09:45:00+05:30,567.3,568.73,566.39,567.69,438700
2015-02-18 10:15:00+05:30,567.69,569.39,567.08,569.2,357796
2015-02-18 10:45:00+05:30,569.2,570.49,568.75,570.43,372940
2015-02-18 11:15:00+05:30,570.42,570.53,568.45,570.12,439228
2015-02-18 11:45:00+05:30,570.25,570.38,568.0,568.54,373940
2015-02-18 12:15:00+05:30,568.52,569.38,566.45,569.28,426096
2015-02-18 12:45:00+05:30,569.28,570.0,567.8,569.33,257716
2015-02-18 13:15:00+05:30,569.43,570.0,568.77,569.0,161396
2015-02-18 13:45:00+05:30,569.0,572.98,569.0,572.98,2648504
2015-02-18 14:15:00+05:30,572.88,574.75,572.88,574.73,539788
2015-02-18 14:45:00+05:30,574.73,576.24,573.6,574.98,1047300
2015-02-18 15:15:00+05:30,574.98,575.49,572.05,573.02,559188
2015-02-19 09:15:00+05:30,573.27,578.24,573.25,578.04,1362196
2015-02-19 09:45:00+05:30,578.04,581.7,577.79,580.74,1063724
2015-02-19 10:15:00+05:30,580.92,582.59,580.45,581.88,591256
2015-02-19 10:45:00+05:30,581.75,582.49,580.5,581.22,1093356
2015-02-19 11:15:00+05:30,581.22,582.45,580.95,581.25,487164
2015-02-19 11:45:00+05:30,581.2,581.7,580.17,581.1,422832
2015-02-19 12:15:00+05:30,581.1,582.0,580.77,581.68,418344
2015-02-19 12:45:00+05:30,581.68,582.2,581.0,581.83,421340
2015-02-19 13:15:00+05:30,581.83,582.25,581.2,582.17,590292
2015-02-19 13:45:00+05:30,582.17,583.5,580.52,580.63,664004
2015-02-19 14:15:00+05:30,580.75,581.63,578.2,578.68,586564
2015-02-19 14:45:00+05:30,578.68,582.25,578.28,581.17,1204812
2015-02-19 15:15:00+05:30,581.17,582.0,580.5,581.0,729524
2015-02-20 09:15:00+05:30,581.25,583.89,575.55,577.0,824828
2015-02-20 09:45:00+05:30,576.82,578.18,575.89,577.44,302896
2015-02-20 10:15:00+05:30,577.48,578.6,575.13,575.47,261312
2015-02-20 10:45:00+05:30,575.48,576.78,575.0,576.25,302384
2015-02-20 11:15:00+05:30,576.25,576.68,572.25,575.0,400528
2015-02-20 11:45:00+05:30,575.0,575.25,573.75,573.93,186568
2015-02-20 12:15:00+05:30,573.93,574.62,572.53,574.17,161760
2015-02-20 12:45:00+05:30,574.17,574.49,571.32,571.75,2310996
2015-02-20 13:15:00+05:30,571.39,573.28,571.25,573.14,382872
2015-02-20 13:45:00+05:30,573.14,575.32,571.97,574.72,582436
2015-02-20 14:15:00+05:30,574.72,575.0,572.78,574.3,328724
2015-02-20 14:45:00+05:30,574.3,574.63,570.32,570.4,471692
2015-02-20 15:15:00+05:30,570.4,572.17,569.23,570.25,449504
2015-02-23 09:15:00+05:30,575.0,576.75,572.28,576.45,818956
2015-02-23 09:45:00+05:30,576.45,577.3,573.75,575.0,546704
2015-02-23 10:15:00+05:30,575.0,575.19,574.23,574.85,234340
2015-02-23 10:45:00+05:30,574.8,575.73,574.52,574.93,256704
2015-02-23 11:15:00+05:30,574.93,575.23,574.3,574.73,149008
2015-02-23 11:45:00+05:30,574.73,574.75,571.55,572.94,219364
2015-02-23 12:15:00+05:30,572.92,573.32,572.5,573.0,117548
2015-02-23 12:45:00+05:30,573.0,573.63,572.63,573.1,186604
2015-02-23 13:15:00+05:30,573.13,573.75,571.32,572.5,361872
2015-02-23 13:45:00+05:30,572.37,572.5,566.9,567.5,438844
2015-02-23 14:15:00+05:30,567.5,568.73,564.5,565.25,398972
2015-02-23 14:45:00+05:30,565.25,567.5,562.08,567.13,714496
2015-02-23 15:15:00+05:30,567.12,567.75,565.72,567.0,643112
2015-02-24 09:15:00+05:30,569.15,573.74,565.38,573.64,1304080
2015-02-24 09:45:00+05:30,573.64,573.99,571.73,572.5,384316
2015-02-24 10:15:00+05:30,572.5,573.79,572.18,573.0,431948
2015-02-24 10:45:00+05:30,572.92,572.98,570.57,570.62,445048
2015-02-24 11:15:00+05:30,570.57,571.24,568.93,568.98,278120
2015-02-24 11:45:00+05:30,568.99,569.75,567.83,569.04,225248
2015-02-24 12:15:00+05:30,569.04,571.62,569.03,570.38,292004
2015-02-24 12:45:00+05:30,570.38,572.15,570.37,571.95,262252
2015-02-24 13:15:00+05:30,571.95,573.34,571.28,571.75,346368
2015-02-24 13:45:00+05:30,571.7,572.99,569.59,570.25,309976
2015-02-24 14:15:00+05:30,570.25,570.49,564.4,566.13,473908
2015-02-24 14:45:00+05:30,565.84,570.0,565.84,569.93,899676
2015-02-24 15:15:00+05:30,569.83,570.24,566.93,567.55,781860
2015-02-25 09:15:00+05:30,572.22,576.25,570.03,576.05,553180
2015-02-25 09:45:00+05:30,576.12,576.25,574.25,575.99,240244
2015-02-25 10:15:00+05:30,576.0,580.69,575.28,579.74,762444
2015-02-25 10:45:00+05:30,579.74,580.0,578.25,579.43,437020
2015-02-25 11:15:00+05:30,579.43,582.75,579.35,582.5,609732
2015-02-25 11:45:00+05:30,582.49,583.63,581.8,583.0,428372
2015-02-25 12:15:00+05:30,582.88,583.17,579.7,579.95,334660
2015-02-25 12:45:00+05:30,579.99,581.75,579.49,580.42,352460
2015-02-25 13:15:00+05:30,580.42,580.95,579.84,580.9,456628
2015-02-25 13:45:00+05:30,580.9,580.94,576.57,577.17,362464
2015-02-25 14:15:00+05:30,576.83,578.44,576.35,577.25,249024
2015-02-25 14:45:00+05:30,577.25,579.77,576.25,579.74,579148
2015-02-25 15:15:00+05:30,579.74,580.0,578.02,578.75,676492
2015-02-26 09:15:00+05:30,574.99,575.5,572.57,572.57,421924
2015-02-26 09:45:00+05:30,572.59,572.98,571.4,572.58,218428
2015-02-26 10:15:00+05:30,572.55,572.63,570.25,571.1,189372
2015-02-26 10:45:00+05:30,571.1,574.43,571.1,574.15,214860
2015-02-26 11:15:00+05:30,574.02,577.25,573.0,573.5,256600
2015-02-26 11:45:00+05:30,573.49,574.75,572.3,572.79,273312
2015-02-26 12:15:00+05:30,573.18,573.5,569.02,569.44,286292
2015-02-26 12:45:00+05:30,569.38,571.64,568.14,570.0,331668
2015-02-26 13:15:00+05:30,570.04,570.48,565.25,566.75,379656
2015-02-26 13:45:00+05:30,566.75,569.27,565.52,568.68,225136
2015-02-26 14:15:00+05:30,568.68,570.13,567.78,569.59,206468
2015-02-26 14:45:00+05:30,569.75,570.37,562.1,565.0,1517084
2015-02-26 15:15:00+05:30,564.42,565.5,561.35,564.92,1913452
2015-02-27 09:15:00+05:30,567.99,570.15,565.35,568.42,549520
2015-02-27 09:45:00+05:30,568.49,568.6,564.77,565.98,445452
2015-02-27 10:15:00+05:30,565.74,568.2,565.74,568.0,281840
2015-02-27 10:45:00+05:30,567.95,568.0,566.3,566.44,374416
2015-02-27 11:15:00+05:30,566.44,568.38,564.25,567.58,323060
2015-02-27 11:45:00+05:30,567.58,568.43,567.22,567.89,196104
2015-02-27 12:15:00+05:30,567.89,569.35,567.22,568.35,291456
2015-02-27 12:45:00+05:30,568.35,569.74,567.3,568.88,364416
2015-02-27 13:15:00+05:30,568.32,569.37,566.85,568.07,393676
2015-02-27 13:45:00+05:30,567.25,568.0,566.7,567.22,384348
2015-02-27 14:15:00+05:30,567.22,567.5,566.72,567.5,494620
2015-02-27 14:45:00+05:30,567.49,568.18,565.05,566.45,2064964
2015-02-27 15:15:00+05:30,566.38,567.18,565.47,567.18,1627300
2015-02-28 09:15:00+05:30,568.62,572.0,566.75,567.99,223032
2015-02-28 09:45:00+05:30,567.58,568.19,564.25,564.99,217920
2015-02-28 10:15:00+05:30,564.5,566.54,564.25,566.5,154752
2015-02-28 10:45:00+05:30,566.5,569.07,565.04,567.68,144884
2015-02-28 11:15:00+05:30,567.68,569.72,564.28,568.94,256696
2015-02-28 11:45:00+05:30,568.94,571.5,565.5,569.39,287208
2015-02-28 12:15:00+05:30,569.39,573.28,565.25,567.0,287740
2015-02-28 12:45:00+05:30,567.55,574.25,567.07,571.25,406080
2015-02-28 13:15:00+05:30,571.2,573.25,567.58,571.58,216148
2015-02-28 13:45:00+05:30,571.13,573.63,569.44,570.3,120544
2015-02-28 14:15:00+05:30,570.3,573.63,568.55,570.23,87828
2015-02-28 14:45:00+05:30,570.23,574.49,569.5,574.29,356980
2015-02-28 15:15:00+05:30,573.87,576.98,572.44,574.3,432676
2015-03-02 09:15:00+05:30,575.75,576.92,571.25,571.8,599612
2015-03-02 09:45:00+05:30,571.75,573.0,570.25,572.87,348084
2015-03-02 10:15:00+05:30,572.89,573.82,569.57,570.42,378048
2015-03-02 10:45:00+05:30,570.63,572.53,569.58,571.39,308680
2015-03-02 11:15:00+05:30,571.33,572.07,570.0,571.9,355828
2015-03-02 11:45:00+05:30,571.9,574.43,571.29,574.0,504748
2015-03-02 12:15:00+05:30,574.0,574.5,572.04,572.09,374192
2015-03-02 12:45:00+05:30,572.09,574.23,571.83,572.0,347420
2015-03-02 13:15:00+05:30,572.0,572.5,570.15,571.45,329216
2015-03-02 13:45:00+05:30,571.69,572.38,570.83,572.29,248600
2015-03-02 14:15:00+05:30,572.29,572.94,571.75,572.43,515724
2015-03-02 14:45:00+05:30,572.37,573.73,570.55,573.49,1632504
2015-03-02 15:15:00+05:30,573.49,573.49,571.28,571.88,1094628
2015-03-03 09:15:00+05:30,572.5,575.48,569.63,573.79,986184
2015-03-03 09:45:00+05:30,573.87,574.43,571.8,571.99,327284
2015-03-03 10:15:00+05:30,571.99,573.25,571.99,572.19,164092
2015-03-03 10:45:00+05:30,572.19,573.28,571.72,573.17,134656
2015-03-03 11:15:00+05:30,573.25,573.5,572.25,573.0,220132
2015-03-03 11:45:00+05:30,573.0,573.48,572.03,572.5,204316
2015-03-03 12:15:00+05:30,572.5,573.5,572.17,573.49,183000
2015-03-03 12:45:00+05:30,573.49,573.5,572.63,573.29,226176
2015-03-03 13:15:00+05:30,573.29,573.73,572.99,573.29,173524
2015-03-03 13:45:00+05:30,573.29,573.29,572.09,573.1,199444
2015-03-03 14:15:00+05:30,572.77,574.63,572.5,573.23,487596
2015-03-03 14:45:00+05:30,573.2,574.99,571.49,574.57,858704
2015-03-03 15:15:00+05:30,574.7,575.0,573.0,574.5,735060
2015-03-04 09:15:00+05:30,574.83,578.45,573.47,577.02,692364
2015-03-04 09:45:00+05:30,577.0,577.0,573.42,575.24,282504
2015-03-04 10:15:00+05:30,574.87,576.0,573.95,575.87,217716
2015-03-04 10:45:00+05:30,575.94,575.99,573.39,574.64,244292
2015-03-04 11:15:00+05:30,574.68,575.48,573.4,574.49,203056
2015-03-04 11:45:00+05:30,574.6,574.89,571.75,574.02,198068
2015-03-04 12:15:00+05:30,574.07,574.35,572.48,573.8,137912
2015-03-04 12:45:00+05:30,573.87,574.2,570.0,570.34,196128
2015-03-04 13:15:00+05:30,570.48,572.0,570.0,570.27,297096
2015-03-04 13:45:00+05:30,570.27,570.32,566.25,566.27,439656
2015-03-04 14:15:00+05:30,566.33,567.93,565.24,566.37,293008
2015-03-04 14:45:00+05:30,566.25,569.35,562.98,567.03,719084
2015-03-04 15:15:00+05:30,567.03,571.12,566.28,568.75,450252
2015-03-05 09:15:00+05:30,565.25,574.68,563.87,564.38,1075240
2015-03-05 09:45:00+05:30,564.38,567.43,564.25,565.9,288496
2015-03-05 10:15:00+05:30,566.38,567.5,565.75,566.27,108000
2015-03-05 10:45:00+05:30,565.8,567.48,565.25,567.23,118668
2015-03-05 11:15:00+05:30,566.98,567.14,565.0,565.78,494336
2015-03-05 11:45:00+05:30,565.78,566.13,564.19,565.78,190524
2015-03-05 12:15:00+05:30,565.77,567.35,564.25,565.64,308804
2015-03-05 12:45:00+05:30,565.65,566.15,560.3,562.25,597920
2015-03-05 13:15:00+05:30,562.2,562.2,559.27,560.0,377756
2015-03-05 13:45:00+05:30,559.97,564.73,558.59,560.79,557012
2015-03-05 14:15:00+05:30,560.58,562.15,559.57,561.79,356528
2015-03-05 14:45:00+05:30,561.62,562.23,560.0,561.0,711076
2015-03-05 15:15:00+05:30,560.95,563.77,560.95,562.25,493880
2015-03-09 09:15:00+05:30,563.44,563.75,550.45,552.29,1349068
2015-03-09 09:45:00+05:30,552.25,554.58,550.75,552.57,517660
2015-03-09 10:15:00+05:30,552.58,553.79,551.25,552.82,342912
2015-03-09 10:45:00+05:30,552.72,552.74,551.25,551.43,340828
2015-03-09 11:15:00+05:30,551.43,551.85,548.28,550.6,519912
2015-03-09 11:45:00+05:30,550.62,553.39,550.0,551.93,562704
2015-03-09 12:15:00+05:30,551.93,552.2,550.44,551.79,401460
2015-03-09 12:45:00+05:30,551.79,552.2,547.53,547.53,440440
2015-03-09 13:15:00+05:30,547.65,547.98,544.78,545.0,604072
2015-03-09 13:45:00+05:30,545.0,547.48,544.92,547.19,478640
2015-03-09 14:15:00+05:30,547.19,547.5,546.88,547.5,413356
2015-03-09 14:45:00+05:30,547.5,548.18,545.12,548.18,1028260
2015-03-09 15:15:00+05:30,548.18,548.88,546.25,546.97,886604
2015-03-10 09:15:00+05:30,548.95,551.0,540.08,550.14,700700
2015-03-10 09:45:00+05:30,550.03,550.87,548.42,549.37,282796
2015-03-10 10:15:00+05:30,549.34,550.15,546.38,548.25,352788
2015-03-10 10:45:00+05:30,548.24,550.0,548.13,549.7,306856
2015-03-10 11:15:00+05:30,548.57,549.74,547.79,549.43,321236
2015-03-10 11:45:00+05:30,549.27,550.0,549.27,549.99,286852
2015-03-10 12:15:00+05:30,550.0,551.6,549.53,550.67,315728
2015-03-10 12:45:00+05:30,550.5,550.62,547.75,548.18,304520
2015-03-10 13:15:00+05:30,548.19,550.25,548.19,550.0,324800
2015-03-10 13:45:00+05:30,549.97,551.03,549.69,550.97,447224
2015-03-10 14:15:00+05:30,550.97,551.07,549.35,549.88,799384
2015-03-10 14:45:00+05:30,549.88,550.5,548.75,549.45,1062676
2015-03-10 15:15:00+05:30,549.34,550.65,547.34,550.0,809612
2015-03-11 09:15:00+05:30,548.54,554.98,547.95,553.24,676516
2015-03-11 09:45:00+05:30,553.24,558.5,551.53,557.58,484652
2015-03-11 10:15:00+05:30,557.68,560.0,556.38,559.93,443288
2015-03-11 10:45:00+05:30,559.75,559.88,558.38,558.79,426732
2015-03-11 11:15:00+05:30,558.75,558.99,554.4,555.62,461248
2015-03-11 11:45:00+05:30,555.62,555.95,551.9,554.84,398400
2015-03-11 12:15:00+05:30,554.84,555.23,553.44,553.77,369440
2015-03-11 12:45:00+05:30,553.93,554.32,552.57,552.9,253636
2015-03-11 13:15:00+05:30,553.0,553.17,549.62,550.0,501448
2015-03-11 13:45:00+05:30,550.0,550.95,547.08,548.07,452172
2015-03-11 14:15:00+05:30,547.75,550.75,547.57,548.73,627884
2015-03-11 14:45:00+05:30,549.27,550.1,543.42,543.68,1076052
2015-03-11 15:15:00+05:30,543.42,545.72,542.28,544.98,603812
2015-03-12 09:15:00+05:30,545.55,548.25,544.25,547.38,564904
2015-03-12 09:45:00+05:30,547.72,548.0,544.75,546.07,189264
2015-03-12 10:15:00+05:30,546.15,549.74,545.88,549.02,271556
2015-03-12 10:45:00+05:30,548.95,551.14,547.54,550.95,320256
2015-03-12 11:15:00+05:30,550.95,552.75,550.75,552.25,349824
2015-03-12 11:45:00+05:30,552.34,552.73,550.44,551.63,474756
2015-03-12 12:15:00+05:30,551.38,555.5,551.27,555.0,614900
2015-03-12 12:45:00+05:30,555.0,555.85,554.75,555.3,560732
2015-03-12 13:15:00+05:30,555.02,555.92,553.75,555.73,365388
2015-03-12 13:45:00+05:30,555.79,556.55,552.49,553.19,393044
2015-03-12 14:15:00+05:30,553.13,553.3,551.5,553.08,291252
2015-03-12 14:45:00+05:30,553.2,556.13,552.4,554.82,674124
2015-03-12 15:15:00+05:30,555.3,555.85,553.28,553.77,608364
2015-03-13 09:15:00+05:30,555.44,555.64,549.34,552.29,649040
2015-03-13 09:45:00+05:30,551.79,553.85,550.0,551.13,458692
2015-03-13 10:15:00+05:30,551.24,552.99,550.59,552.03,291620
2015-03-13 10:45:00+05:30,552.03,555.0,552.03,555.0,248328
2015-03-13 11:15:00+05:30,555.0,555.0,551.0,554.22,362176
2015-03-13 11:45:00+05:30,553.95,554.4,551.29,552.69,356044
2015-03-13 12:15:00+05:30,552.5,553.38,552.0,552.58,195532
2015-03-13 12:45:00+05:30,552.74,554.35,552.07,552.25,209052
2015-03-13 13:15:00+05:30,552.25,553.94,551.92,553.1,212864
2015-03-13 13:45:00+05:30,553.1,553.25,550.32,551.25,376100
2015-03-13 14:15:00+05:30,551.23,555.0,551.0,554.25,625916
2015-03-13 14:45:00+05:30,554.04,556.59,553.15,554.32,1401836
2015-03-13 15:15:00+05:30,554.38,556.8,553.9,555.0,790036
2015-03-16 09:15:00+05:30,557.25,557.5,555.83,556.44,71712
2015-03-16 09:45:00+05:30,556.25,557.75,555.73,557.22,235264
2015-03-16 10:15:00+05:30,557.22,559.49,556.87,559.25,358636
2015-03-16 10:45:00+05:30,559.25,562.33,559.13,562.2,532136
2015-03-16 11:15:00+05:30,562.09,564.1,560.77,563.85,503356
2015-03-16 11:45:00+05:30,563.79,564.03,561.32,561.62,323600
2015-03-16 12:15:00+05:30,561.62,564.75,560.57,564.58,341964
2015-03-16 12:45:00+05:30,564.58,567.8,564.25,567.63,689016
2015-03-16 13:15:00+05:30,567.54,569.93,567.09,569.7,505012
2015-03-16 13:45:00+05:30,569.7,570.38,567.95,568.33,468464
2015-03-16 14:15:00+05:30,568.32,568.32,562.65,563.34,612140
2015-03-16 14:45:00+05:30,563.38,567.99,562.25,567.77,1104892
2015-03-16 15:15:00+05:30,567.77,567.97,564.49,565.25,780252
2015-03-17 09:15:00+05:30,566.25,569.82,562.0,562.0,651540
2015-03-17 09:45:00+05:30,561.84,568.3,560.43,567.88,464232
2015-03-17 10:15:00+05:30,567.88,567.88,563.83,565.93,361164
2015-03-17 10:45:00+05:30,565.93,566.25,564.4,564.48,301920
2015-03-17 11:15:00+05:30,564.4,564.75,562.5,564.5,331784
2015-03-17 11:45:00+05:30,564.5,564.73,559.52,560.57,354892
2015-03-17 12:15:00+05:30,560.57,560.67,558.84,559.17,264820
2015-03-17 12:45:00+05:30,559.17,560.9,556.75,557.75,332736
2015-03-17 13:15:00+05:30,557.72,558.43,556.28,557.07,321840
2015-03-17 13:45:00+05:30,557.05,557.49,556.27,556.82,286592
2015-03-17 14:15:00+05:30,556.83,556.83,554.33,555.38,393380
2015-03-17 14:45:00+05:30,555.29,561.37,554.78,560.99,902864
2015-03-17 15:15:00+05:30,560.77,561.75,560.15,561.25,551428
2015-03-18 09:15:00+05:30,562.09,565.63,560.19,560.97,487392
2015-03-18 09:45:00+05:30,560.84,562.0,558.79,562.0,280548
2015-03-18 10:15:00+05:30,562.0,562.64,560.0,560.42,292344
2015-03-18 10:45:00+05:30,560.7,561.15,558.88,559.49,294652
2015-03-18 11:15:00+05:30,559.63,559.73,557.9,558.83,245040
2015-03-18 11:45:00+05:30,558.83,563.15,558.57,561.63,303076
2015-03-18 12:15:00+05:30,561.98,562.09,560.37,561.17,211564
2015-03-18 12:45:00+05:30,561.17,562.13,560.25,561.64,211768
2015-03-18 13:15:00+05:30,561.64,562.07,558.78,560.98,292140
2015-03-18 13:45:00+05:30,560.92,561.1,557.58,558.75,395400
2015-03-18 14:15:00+05:30,558.6,559.45,556.57,557.45,464384
2015-03-18 14:45:00+05:30,557.45,558.74,556.25,557.19,764768
2015-03-18 15:15:00+05:30,557.45,558.75,555.64,558.75,659452
2015-03-19 09:15:00+05:30,561.84,561.84,555.75,557.62,1760348
2015-03-19 09:45:00+05:30,557.5,558.19,556.4,557.97,407140
2015-03-19 10:15:00+05:30,557.85,559.42,557.15,557.39,404616
2015-03-19 10:45:00+05:30,557.44,559.37,556.5,557.37,632996
2015-03-19 11:15:00+05:30,557.37,557.88,556.25,557.17,499016
2015-03-19 11:45:00+05:30,557.02,558.73,556.7,558.3,337072
2015-03-19 12:15:00+05:30,558.32,559.88,556.97,558.88,228612
2015-03-19 12:45:00+05:30,558.79,559.38,557.25,558.62,174024
2015-03-19 13:15:00+05:30,558.62,560.2,558.0,559.19,207956
2015-03-19 13:45:00+05:30,559.18,560.48,558.28,559.89,203312
2015-03-19 14:15:00+05:30,560.25,561.25,556.83,558.43,392924
2015-03-19 14:45:00+05:30,558.4,559.0,556.38,558.18,830360
2015-03-19 15:15:00+05:30,558.18,558.67,556.27,557.68,792100
2015-03-20 09:15:00+05:30,560.52,563.75,558.32,563.45,746128
2015-03-20 09:45:00+05:30,563.62,564.5,561.38,561.5,169492
2015-03-20 10:15:00+05:30,561.5,564.99,560.63,564.27,208388
2015-03-20 10:45:00+05:30,564.27,564.67,563.33,564.17,202968
2015-03-20 11:15:00+05:30,564.17,564.38,562.95,563.49,116596
2015-03-20 11:45:00+05:30,563.49,563.57,561.69,562.57,134900
2015-03-20 12:15:00+05:30,562.57,563.5,562.15,563.3,214556
2015-03-20 12:45:00+05:30,563.3,565.0,562.75,563.77,291108
2015-03-20 13:15:00+05:30,563.75,566.68,563.53,566.12,352524
2015-03-20 13:45:00+05:30,565.9,566.67,563.63,564.7,227628
2015-03-20 14:15:00+05:30,564.98,566.25,563.28,565.38,281648
2015-03-20 14:45:00+05:30,565.38,565.74,563.25,563.95,1962352
2015-03-20 15:15:00+05:30,563.95,567.19,563.84,565.89,1520596
2015-03-23 09:15:00+05:30,564.87,568.75,564.39,566.88,331708
2015-03-23 09:45:00+05:30,566.75,567.93,563.25,566.29,247040
2015-03-23 10:15:00+05:30,566.38,566.84,564.5,565.09,250796
2015-03-23 10:45:00+05:30,565.09,565.13,562.32,562.54,318172
2015-03-23 11:15:00+05:30,562.53,563.59,561.4,562.34,395240
2015-03-23 11:45:00+05:30,562.35,562.5,561.02,561.75,350400
2015-03-23 12:15:00+05:30,561.75,562.45,560.44,560.58,321616
2015-03-23 12:45:00+05:30,560.58,561.48,560.1,560.74,228684
2015-03-23 13:15:00+05:30,560.83,562.24,560.37,560.78,347956
2015-03-23 13:45:00+05:30,560.78,561.42,557.7,557.94,510988
2015-03-23 14:15:00+05:30,557.98,560.13,557.53,557.77,446384
2015-03-23 14:45:00+05:30,557.77,559.23,556.39,559.18,749508
2015-03-23 15:15:00+05:30,559.25,559.38,557.5,559.0,569632
2015-03-24 09:15:00+05:30,558.73,559.75,555.35,556.75,796404
2015-03-24 09:45:00+05:30,556.75,556.75,552.5,553.75,643932
2015-03-24 10:15:00+05:30,553.44,555.0,553.25,554.69,226712
2015-03-24 10:45:00+05:30,554.7,557.85,554.27,556.92,277432
2015-03-24 11:15:00+05:30,556.92,560.7,556.92,558.25,269952
2015-03-24 11:45:00+05:30,558.87,559.74,557.77,559.67,252260
2015-03-24 12:15:00+05:30,559.67,560.0,558.04,558.5,198700
2015-03-24 12:45:00+05:30,558.5,559.28,556.58,557.23,209296
2015-03-24 13:15:00+05:30,557.25,558.49,555.6,557.37,245768
2015-03-24 13:45:00+05:30,557.17,562.0,556.53,561.98,594464
2015-03-24 14:15:00+05:30,561.98,563.25,556.32,556.33,672684
2015-03-24 14:45:00+05:30,556.33,556.33,551.5,552.82,1498288
2015-03-24 15:15:00+05:30,552.82,554.72,551.75,553.8,846588
2015-03-25 09:15:00+05:30,554.8,557.18,553.84,555.87,688588
2015-03-25 09:45:00+05:30,555.87,556.4,553.84,554.38,265384
2015-03-25 10:15:00+05:30,554.42,554.5,552.27,553.84,444020
2015-03-25 10:45:00+05:30,553.6,554.2,553.27,553.74,180156
2015-03-25 11:15:00+05:30,553.74,554.23,550.27,551.23,323820
2015-03-25 11:45:00+05:30,550.73,553.73,550.59,553.19,246348
2015-03-25 12:15:00+05:30,553.04,553.19,551.02,551.25,332592
2015-03-25 12:45:00+05:30,551.25,553.18,551.07,552.64,844468
2015-03-25 13:15:00+05:30,552.64,553.0,551.52,551.95,372972
2015-03-25 13:45:00+05:30,551.95,553.0,551.88,552.7,343244
2015-03-25 14:15:00+05:30,552.7,554.47,552.0,554.03,524256
2015-03-25 14:45:00+05:30,554.05,555.69,552.7,554.55,952468
2015-03-25 15:15:00+05:30,554.63,555.83,553.07,555.7,648488
2015-03-26 09:15:00+05:30,551.75,553.65,548.32,549.55,676340
2015-03-26 09:45:00+05:30,549.54,550.68,548.4,549.4,502584
2015-03-26 10:15:00+05:30,549.4,549.62,545.65,546.25,616052
2015-03-26 10:45:00+05:30,546.63,546.77,544.1,544.43,446620
2015-03-26 11:15:00+05:30,544.25,544.64,541.5,541.99,515176
2015-03-26 11:45:00+05:30,542.0,542.0,537.14,539.53,1139932
2015-03-26 12:15:00+05:30,539.49,540.92,537.25,537.52,1075188
2015-03-26 12:45:00+05:30,537.53,539.88,537.34,539.75,536964
2015-03-26 13:15:00+05:30,539.75,540.0,538.55,539.39,466000
2015-03-26 13:45:00+05:30,539.35,539.4,536.38,537.64,669364
2015-03-26 14:15:00+05:30,537.64,540.7,537.25,540.32,771624
2015-03-26 14:45:00+05:30,540.05,541.25,534.24,534.9,4719256
2015-03-26 15:15:00+05:30,534.89,542.37,533.04,540.75,3601960
2015-03-27 09:15:00+05:30,540.75,548.67,540.75,546.78,1238000
2015-03-27 09:45:00+05:30,547.18,550.53,546.55,550.05,492692
2015-03-27 10:15:00+05:30,550.27,551.25,548.75,550.25,516640
2015-03-27 10:45:00+05:30,550.25,553.63,549.74,553.08,508312
2015-03-27 11:15:00+05:30,553.33,556.18,552.63,554.89,685132
2015-03-27 11:45:00+05:30,554.98,555.93,553.88,554.3,622424
2015-03-27 12:15:00+05:30,554.27,554.98,551.77,552.02,843556
2015-03-27 12:45:00+05:30,552.15,552.75,550.23,552.32,710760
2015-03-27 13:15:00+05:30,552.32,552.82,550.05,550.99,640740
2015-03-27 13:45:00+05:30,550.99,551.7,547.0,549.0,749652
2015-03-27 14:15:00+05:30,549.0,552.49,548.78,552.24,713148
2015-03-27 14:45:00+05:30,552.04,553.3,549.02,551.25,1448652
2015-03-27 15:15:00+05:30,551.03,551.75,549.82,550.5,896548
2015-03-30 09:15:00+05:30,552.25,555.7,548.75,551.24,625524
2015-03-30 09:45:00+05:30,551.0,554.47,550.5,553.18,259288
2015-03-30 10:15:00+05:30,553.17,554.49,552.58,554.13,188800
2015-03-30 10:45:00+05:30,554.13,554.5,553.19,553.78,196660
2015-03-30 11:15:00+05:30,554.0,554.23,552.75,552.79,266060
2015-03-30 11:45:00+05:30,552.84,554.64,552.32,553.74,340088
2015-03-30 12:15:00+05:30,553.75,553.99,551.53,553.48,366968
2015-03-30 12:45:00+05:30,553.48,553.98,552.75,553.72,257424
2015-03-30 13:15:00+05:30,553.75,555.0,553.54,554.82,275860
2015-03-30 13:45:00+05:30,554.82,556.25,554.35,554.49,233924
2015-03-30 14:15:00+05:30,554.49,554.63,553.52,553.82,312544
2015-03-30 14:45:00+05:30,554.0,557.5,553.75,557.33,808676
2015-03-30 15:15:00+05:30,557.3,560.0,555.79,559.97,488200
2015-03-31 09:15:00+05:30,560.0,568.42,560.0,562.94,770076
2015-03-31 09:45:00+05:30,562.94,563.03,559.23,559.32,418116
2015-03-31 10:15:00+05:30,559.32,560.55,558.27,558.54,254080
2015-03-31 10:45:00+05:30,558.75,558.75,553.0,553.92,484292
2015-03-31 11:15:00+05:30,553.77,555.3,552.75,554.99,302604
2015-03-31 11:45:00+05:30,554.95,556.0,552.0,552.48,488912
2015-03-31 12:15:00+05:30,552.48,553.37,552.02,552.5,566408
2015-03-31 12:45:00+05:30,552.5,553.27,551.09,552.23,448972
2015-03-31 13:15:00+05:30,552.42,554.07,551.77,552.15,417828
2015-03-31 13:45:00+05:30,552.54,553.75,551.38,553.07,476840
2015-03-31 14:15:00+05:30,553.03,554.25,551.24,553.0,430472
2015-03-31 14:45:00+05:30,553.0,555.25,551.9,554.97,1590008
2015-03-31 15:15:00+05:30,554.99,555.5,553.5,553.78,1353608
2015-04-01 09:15:00+05:30,547.52,548.27,542.75,543.5,1007316
2015-04-01 09:45:00+05:30,543.5,543.5,541.28,541.5,567060
2015-04-01 10:15:00+05:30,541.5,542.49,540.74,542.43,352544
2015-04-01 10:45:00+05:30,542.75,542.75,541.93,542.03,199432
2015-04-01 11:15:00+05:30,542.05,543.8,541.88,542.25,241136
2015-04-01 11:45:00+05:30,542.25,542.28,540.75,541.0,250988
2015-04-01 12:15:00+05:30,541.0,541.25,539.57,540.05,313768
2015-04-01 12:45:00+05:30,540.08,542.29,540.05,541.13,416324
2015-04-01 13:15:00+05:30,541.13,542.25,540.52,540.78,358668
2015-04-01 13:45:00+05:30,540.78,541.25,540.38,540.8,362692
2015-04-01 14:15:00+05:30,540.8,541.25,540.0,540.88,436800
2015-04-01 14:45:00+05:30,540.59,543.97,540.59,543.77,1076136
2015-04-01 15:15:00+05:30,543.77,543.88,542.5,542.75,1123420
2015-04-06 09:15:00+05:30,544.75,545.59,540.12,541.57,896428
2015-04-06 09:45:00+05:30,541.58,542.64,541.58,542.48,478812
2015-04-06 10:15:00+05:30,542.49,542.64,541.8,541.93,427500
2015-04-06 10:45:00+05:30,541.93,541.95,541.03,541.27,296460
2015-04-06 11:15:00+05:30,541.27,541.48,541.13,541.25,375400
2015-04-06 11:45:00+05:30,541.25,541.5,541.02,541.13,919460
2015-04-06 12:15:00+05:30,541.22,542.69,541.13,542.0,423416
2015-04-06 12:45:00+05:30,542.0,542.45,541.13,541.25,370292
2015-04-06 13:15:00+05:30,541.25,542.0,541.25,541.99,338184
2015-04-06 13:45:00+05:30,541.99,543.44,541.72,542.34,413096
2015-04-06 14:15:00+05:30,542.34,543.2,541.5,543.13,530108
2015-04-06 14:45:00+05:30,543.17,545.25,542.59,544.13,1364988
2015-04-06 15:15:00+05:30,544.17,546.0,542.82,544.99,893396
2015-04-07 09:15:00+05:30,543.74,545.68,542.64,544.15,1441256
2015-04-07 09:45:00+05:30,544.15,544.55,543.04,543.37,443236
2015-04-07 10:15:00+05:30,543.37,543.39,541.0,541.24,325276
2015-04-07 10:45:00+05:30,541.24,541.44,539.75,540.63,498068
2015-04-07 11:15:00+05:30,540.63,540.78,539.28,539.67,237792
2015-04-07 11:45:00+05:30,539.59,542.25,538.04,538.5,565512
2015-04-07 12:15:00+05:30,538.85,539.45,537.13,538.07,261956
2015-04-07 12:45:00+05:30,538.38,538.73,537.15,538.25,198228
2015-04-07 13:15:00+05:30,538.25,538.75,535.13,535.44,393408
2015-04-07 13:45:00+05:30,535.6,536.5,534.52,535.0,481588
2015-04-07 14:15:00+05:30,534.93,538.2,534.93,538.18,470492
2015-04-07 14:45:00+05:30,538.2,540.59,536.49,540.59,1627036
2015-04-07 15:15:00+05:30,540.59,540.89,539.15,540.25,1583032
2015-04-08 09:15:00+05:30,545.75,545.99,543.27,544.89,1072684
2015-04-08 09:45:00+05:30,544.9,547.18,544.2,546.75,1329188
2015-04-08 10:15:00+05:30,546.75,547.39,544.77,545.09,518688
2015-04-08 10:45:00+05:30,545.09,548.74,544.74,548.48,1215628
2015-04-08 11:15:00+05:30,548.48,549.89,548.3,548.75,567152
2015-04-08 11:45:00+05:30,548.75,549.75,548.59,549.75,797324
2015-04-08 12:15:00+05:30,549.75,549.97,548.88,549.62,412308
2015-04-08 12:45:00+05:30,549.62,549.64,548.0,548.78,284476
2015-04-08 13:15:00+05:30,548.79,549.25,547.89,548.07,332240
2015-04-08 13:45:00+05:30,548.07,548.25,546.28,547.45,322644
2015-04-08 14:15:00+05:30,547.45,547.82,546.23,547.5,274200
2015-04-08 14:45:00+05:30,547.5,550.4,547.43,550.25,2204464
2015-04-08 15:15:00+05:30,550.24,551.23,550.0,550.75,845820
2015-04-09 09:15:00+05:30,553.75,554.14,551.59,552.18,936016
2015-04-09 09:45:00+05:30,552.19,552.48,546.1,547.78,692592
2015-04-09 10:15:00+05:30,547.78,550.0,547.25,549.18,295496
2015-04-09 10:45:00+05:30,549.18,550.34,548.25,549.33,346860
2015-04-09 11:15:00+05:30,549.33,550.5,548.65,549.78,1259468
2015-04-09 11:45:00+05:30,549.78,551.28,548.77,550.64,1967480
2015-04-09 12:15:00+05:30,550.68,550.68,549.32,550.5,392248
2015-04-09 12:45:00+05:30,550.5,551.93,550.25,551.15,154344
2015-04-09 13:15:00+05:30,551.15,552.32,550.2,550.53,220616
2015-04-09 13:45:00+05:30,550.25,551.54,548.79,549.92,879600
2015-04-09 14:15:00+05:30,550.0,550.0,549.0,549.39,1811388
2015-04-09 14:45:00+05:30,549.5,554.73,549.25,554.28,714532
2015-04-09 15:15:00+05:30,554.32,554.32,553.0,553.0,895192
2015-04-10 09:15:00+05:30,553.73,557.85,552.89,556.88,1174692
2015-04-10 09:45:00+05:30,556.9,557.75,555.5,557.25,404408
2015-04-10 10:15:00+05:30,557.29,559.0,557.29,558.75,398936
2015-04-10 10:45:00+05:30,558.75,558.89,558.0,558.5,244556
2015-04-10 11:15:00+05:30,558.75,558.9,556.75,557.5,258844
2015-04-10 11:45:00+05:30,557.5,557.5,556.7,557.0,1051684
2015-04-10 12:15:00+05:30,557.0,557.13,556.52,556.75,173892
2015-04-10 12:45:00+05:30,557.0,557.75,556.55,556.87,174008
2015-04-10 13:15:00+05:30,556.87,557.92,556.25,556.67,644604
2015-04-10 13:45:00+05:30,556.75,557.99,555.98,556.74,259696
2015-04-10 14:15:00+05:30,556.64,559.5,555.75,559.33,575472
2015-04-10 14:45:00+05:30,559.3,559.5,557.25,558.57,1080972
2015-04-10 15:15:00+05:30,558.6,559.0,557.12,557.19,676504
2015-04-13 09:15:00+05:30,559.77,560.68,555.0,555.19,233692
2015-04-13 09:45:00+05:30,555.19,557.33,554.63,557.24,149424
2015-04-13 10:15:00+05:30,557.23,558.75,556.58,557.29,230876
2015-04-13 10:45:00+05:30,557.29,557.5,555.63,555.98,141484
2015-04-13 11:15:00+05:30,555.98,557.18,554.03,556.49,216676
2015-04-13 11:45:00+05:30,556.49,559.0,556.22,558.54,214528
2015-04-13 12:15:00+05:30,558.54,560.12,558.3,559.5,493804
2015-04-13 12:45:00+05:30,559.34,560.0,558.72,559.99,181092
2015-04-13 13:15:00+05:30,559.99,560.25,559.32,559.38,195416
2015-04-13 13:45:00+05:30,559.38,559.99,556.78,559.63,291980
2015-04-13 14:15:00+05:30,559.75,560.0,557.02,559.07,433784
2015-04-13 14:45:00+05:30,559.07,561.0,559.07,559.25,1204988
2015-04-13 15:15:00+05:30,559.25,560.25,557.02,557.75,864556
2015-04-15 09:15:00+05:30,559.13,561.25,556.0,556.0,1073636
2015-04-15 09:45:00+05:30,556.0,556.13,551.92,553.65,427360
2015-04-15 10:15:00+05:30,553.67,553.75,551.78,552.5,303612
2015-04-15 10:45:00+05:30,552.33,554.2,551.6,552.23,267016
2015-04-15 11:15:00+05:30,552.24,552.24,549.34,549.35,572436
2015-04-15 11:45:00+05:30,549.6,551.75,548.77,551.57,414232
2015-04-15 12:15:00+05:30,551.57,552.82,550.5,552.59,321736
2015-04-15 12:45:00+05:30,552.45,552.59,550.93,551.52,232232
2015-04-15 13:15:00+05:30,551.52,554.08,550.82,552.72,286892
2015-04-15 13:45:00+05:30,552.72,555.75,552.4,554.52,353704
2015-04-15 14:15:00+05:30,554.52,554.75,552.49,552.63,282604
2015-04-15 14:45:00+05:30,552.63,553.85,550.83,552.95,886248
2015-04-15 15:15:00+05:30,552.78,555.13,551.14,554.49,805636
2015-04-16 09:15:00+05:30,556.25,557.75,553.69,554.28,858740
2015-04-16 09:45:00+05:30,554.48,555.0,551.5,552.25,479772
2015-04-16 10:15:00+05:30,552.24,552.29,546.22,548.08,330496
2015-04-16 10:45:00+05:30,548.08,548.13,541.6,542.44,1079160
2015-04-16 11:15:00+05:30,542.44,543.32,541.98,542.99,348808
2015-04-16 11:45:00+05:30,542.99,543.68,542.25,542.49,184644
2015-04-16 12:15:00+05:30,542.49,542.5,540.13,541.27,625864
2015-04-16 12:45:00+05:30,541.28,542.34,540.32,541.18,1128004
2015-04-16 13:15:00+05:30,541.18,542.38,540.75,541.73,602248
2015-04-16 13:45:00+05:30,541.6,543.75,541.25,543.27,390776
2015-04-16 14:15:00+05:30,543.27,543.5,542.02,543.4,468036
2015-04-16 14:45:00+05:30,543.34,549.1,542.25,548.63,1431160
2015-04-16 15:15:00+05:30,548.73,552.13,546.25,549.23,1068532
2015-04-17 09:15:00+05:30,545.13,548.73,545.0,546.23,712404
2015-04-17 09:45:00+05:30,546.23,546.25,538.67,539.42,1297816
2015-04-17 10:15:00+05:30,539.42,544.2,539.0,544.05,547752
2015-04-17 10:45:00+05:30,544.09,546.0,543.13,545.77,559376
2015-04-17 11:15:00+05:30,545.77,546.0,544.84,545.45,376872
2015-04-17 11:45:00+05:30,545.5,545.5,544.45,545.14,240660
2015-04-17 12:15:00+05:30,545.14,545.5,544.77,545.25,256252
2015-04-17 12:45:00+05:30,545.25,545.25,543.77,544.82,290056
2015-04-17 13:15:00+05:30,544.82,545.25,543.5,544.79,256072
2015-04-17 13:45:00+05:30,544.79,545.75,544.15,544.9,317564
2015-04-17 14:15:00+05:30,545.0,545.5,544.5,545.17,243004
2015-04-17 14:45:00+05:30,545.17,545.5,543.08,544.75,773968
2015-04-17 15:15:00+05:30,544.85,545.75,543.99,545.0,573180
2015-04-20 09:15:00+05:30,544.82,544.99,529.63,532.47,1695584
2015-04-20 09:45:00+05:30,532.49,532.5,528.79,529.97,875308
2015-04-20 10:15:00+05:30,529.97,531.63,529.65,530.57,374424
2015-04-20 10:45:00+05:30,530.57,531.63,530.25,530.55,276896
2015-04-20 11:15:00+05:30,530.55,532.25,530.33,531.55,924060
2015-04-20 11:45:00+05:30,531.55,531.75,529.74,531.0,1101812
2015-04-20 12:15:00+05:30,531.0,532.0,530.9,531.24,877004
2015-04-20 12:45:00+05:30,531.23,533.75,531.05,532.5,734192
2015-04-20 13:15:00+05:30,532.5,532.52,531.0,531.2,353860
2015-04-20 13:45:00+05:30,531.2,532.62,531.02,532.24,414720
2015-04-20 14:15:00+05:30,532.43,534.87,531.58,532.5,1820512
2015-04-20 14:45:00+05:30,532.5,534.19,532.03,533.02,1789280
2015-04-20 15:15:00+05:30,533.1,534.25,532.13,532.38,1582076
2015-04-21 09:15:00+05:30,537.05,537.05,531.69,532.99,1294040
2015-04-21 09:45:00+05:30,532.98,534.09,531.88,533.75,779900
2015-04-21 10:15:00+05:30,533.75,534.25,530.04,533.85,490120
2015-04-21 10:45:00+05:30,533.85,534.25,532.75,533.12,275492
2015-04-21 11:15:00+05:30,533.12,534.25,532.62,533.58,275712
2015-04-21 11:45:00+05:30,533.58,533.88,533.35,533.62,233492
2015-04-21 12:15:00+05:30,533.62,534.38,533.38,534.25,633888
2015-04-21 12:45:00+05:30,534.24,536.23,533.53,534.18,701996
2015-04-21 13:15:00+05:30,534.23,534.63,533.5,534.09,1135532
2015-04-21 13:45:00+05:30,534.0,534.75,533.75,534.65,360328
2015-04-21 14:15:00+05:30,534.65,535.5,534.27,534.45,897536
2015-04-21 14:45:00+05:30,534.45,535.25,533.75,535.24,1022448
2015-04-21 15:15:00+05:30,535.24,538.78,535.2,538.78,763916
2015-04-22 09:15:00+05:30,537.78,538.5,529.04,529.29,1261740
2015-04-22 09:45:00+05:30,529.45,532.18,529.35,530.24,702592
2015-04-22 10:15:00+05:30,530.24,531.75,528.29,529.52,708380
2015-04-22 10:45:00+05:30,529.52,531.18,529.0,529.3,436492
2015-04-22 11:15:00+05:30,529.28,530.02,528.02,528.53,444512
2015-04-22 11:45:00+05:30,528.53,529.5,528.25,529.25,348792
2015-04-22 12:15:00+05:30,529.27,531.5,529.24,531.14,417112
2015-04-22 12:45:00+05:30,531.14,531.2,528.75,528.93,962948
2015-04-22 13:15:00+05:30,528.93,530.0,526.5,526.99,1894832
2015-04-22 13:45:00+05:30,527.0,529.45,524.49,528.75,886472
2015-04-22 14:15:00+05:30,528.88,535.05,528.5,532.94,837060
2015-04-22 14:45:00+05:30,532.94,535.09,532.59,535.0,2072088
2015-04-22 15:15:00+05:30,534.99,535.13,533.5,533.63,1370316
2015-04-23 09:15:00+05:30,536.99,536.99,531.4,532.58,2157180
2015-04-23 09:45:00+05:30,532.58,533.63,532.25,532.34,790720
2015-04-23 10:15:00+05:30,532.34,532.58,530.75,531.32,935320
2015-04-23 10:45:00+05:30,531.32,531.9,529.74,529.93,753504
2015-04-23 11:15:00+05:30,529.93,530.49,528.04,529.48,738368
2015-04-23 11:45:00+05:30,529.48,531.49,528.88,530.12,451892
2015-04-23 12:15:00+05:30,530.39,530.94,528.67,529.75,432908
2015-04-23 12:45:00+05:30,529.75,530.5,528.5,528.75,443476
2015-04-23 13:15:00+05:30,528.8,531.25,528.39,530.89,326444
2015-04-23 13:45:00+05:30,530.89,531.47,529.38,531.25,593620
2015-04-23 14:15:00+05:30,531.25,531.47,529.27,529.27,1366840
2015-04-23 14:45:00+05:30,529.13,531.25,528.75,530.67,1806864
2015-04-23 15:15:00+05:30,530.67,530.95,529.25,530.28,1085248
2015-04-24 09:15:00+05:30,535.27,537.55,529.32,529.79,2396764
2015-04-24 09:45:00+05:30,529.84,530.05,521.03,523.25,1199368
2015-04-24 10:15:00+05:30,523.25,528.44,523.14,524.82,713292
2015-04-24 10:45:00+05:30,524.82,527.13,522.25,524.94,561704
2015-04-24 11:15:00+05:30,524.94,527.4,519.52,525.0,781420
2015-04-24 11:45:00+05:30,524.93,534.68,523.75,528.85,1997000
2015-04-24 12:15:00+05:30,528.87,529.47,525.74,528.15,610652
2015-04-24 12:45:00+05:30,528.15,529.74,526.75,527.85,675180
2015-04-24 13:15:00+05:30,527.87,531.25,520.14,527.64,3165988
2015-04-24 13:45:00+05:30,527.64,531.25,526.25,529.37,1074328
2015-04-24 14:15:00+05:30,529.45,533.75,503.27,510.38,17500576
2015-04-24 14:45:00+05:30,510.43,511.88,495.75,497.33,9293120
2015-04-24 15:15:00+05:30,497.5,500.45,495.08,498.38,3545424
2015-04-27 09:15:00+05:30,500.0,500.0,489.58,491.0,4803592
2015-04-27 09:45:00+05:30,491.0,494.5,490.64,491.33,1546252
2015-04-27 10:15:00+05:30,491.32,492.5,487.73,488.25,1567104
2015-04-27 10:45:00+05:30,488.23,495.89,487.03,492.29,1897028
2015-04-27 11:15:00+05:30,492.29,493.84,491.87,492.43,1056384
2015-04-27 11:45:00+05:30,492.43,493.43,491.95,492.82,969608
2015-04-27 12:15:00+05:30,492.82,493.5,492.25,492.98,714256
2015-04-27 12:45:00+05:30,493.0,493.67,492.13,493.5,732704
2015-04-27 13:15:00+05:30,493.5,493.5,492.25,492.59,1673416
2015-04-27 13:45:00+05:30,492.63,495.44,491.47,493.63,861268
2015-04-27 14:15:00+05:30,493.65,494.68,492.32,494.4,770700
2015-04-27 14:45:00+05:30,494.37,497.58,492.79,497.48,2027920
2015-04-27 15:15:00+05:30,497.48,498.75,495.39,496.22,1150136
2015-04-28 09:15:00+05:30,494.44,495.35,492.02,493.75,1167724
2015-04-28 09:45:00+05:30,493.75,494.13,493.0,493.57,516044
2015-04-28 10:15:00+05:30,493.4,493.4,490.94,491.75,440144
2015-04-28 10:45:00+05:30,491.77,491.83,489.62,490.1,422816
2015-04-28 11:15:00+05:30,490.1,490.52,489.32,490.25,451052
2015-04-28 11:45:00+05:30,490.25,490.43,489.44,489.8,670380
2015-04-28 12:15:00+05:30,489.8,490.32,489.5,489.63,531412
2015-04-28 12:45:00+05:30,489.62,492.19,489.52,490.1,597816
2015-04-28 13:15:00+05:30,490.08,490.29,489.38,489.53,600784
2015-04-28 13:45:00+05:30,489.57,491.23,488.2,488.58,1223668
2015-04-28 14:15:00+05:30,488.69,489.83,488.0,489.29,929688
2015-04-28 14:45:00+05:30,489.49,492.0,489.04,490.79,1504204
2015-04-28 15:15:00+05:30,490.75,491.13,488.5,489.0,1285544
2015-04-29 09:15:00+05:30,490.13,490.13,485.18,486.27,967844
2015-04-29 09:45:00+05:30,486.27,488.9,485.42,487.5,578412
2015-04-29 10:15:00+05:30,487.52,487.58,484.49,485.35,962636
2015-04-29 10:45:00+05:30,485.28,486.57,485.0,485.84,383436
2015-04-29 11:15:00+05:30,485.84,486.69,485.75,486.35,402612
2015-04-29 11:45:00+05:30,486.35,486.62,486.0,486.28,368516
2015-04-29 12:15:00+05:30,486.28,488.69,486.25,488.18,417980
2015-04-29 12:45:00+05:30,488.2,492.93,488.18,491.58,896632
2015-04-29 13:15:00+05:30,491.58,492.5,491.02,492.29,430616
2015-04-29 13:45:00+05:30,492.29,492.93,490.15,491.57,535936
2015-04-29 14:15:00+05:30,491.57,491.72,488.17,488.84,761404
2015-04-29 14:45:00+05:30,488.84,491.02,488.75,490.22,678268
2015-04-29 15:15:00+05:30,490.22,491.04,489.88,490.95,891992
2015-04-30 09:15:00+05:30,490.25,491.0,483.08,484.64,1395440
2015-04-30 09:45:00+05:30,484.42,486.35,484.0,485.8,537968
2015-04-30 10:15:00+05:30,485.84,486.6,485.0,486.4,609940
2015-04-30 10:45:00+05:30,486.4,486.7,486.0,486.15,680232
2015-04-30 11:15:00+05:30,486.12,486.54,485.77,486.34,385796
2015-04-30 11:45:00+05:30,486.25,487.0,486.25,486.58,401344
2015-04-30 12:15:00+05:30,486.52,486.8,486.25,486.27,438208
2015-04-30 12:45:00+05:30,486.28,486.45,485.22,486.13,580788
2015-04-30 13:15:00+05:30,485.78,486.25,485.5,485.75,637936
2015-04-30 13:45:00+05:30,485.77,488.12,485.62,486.59,731792
2015-04-30 14:15:00+05:30,486.57,487.44,486.38,487.15,736028
2015-04-30 14:45:00+05:30,487.14,488.0,484.4,485.1,3512460
2015-04-30 15:15:00+05:30,485.19,488.35,483.75,485.88,2480160
2015-05-04 09:15:00+05:30,489.02,492.5,487.48,491.25,1817020
2015-05-04 09:45:00+05:30,491.25,492.68,490.88,491.5,1731600
2015-05-04 10:15:00+05:30,491.5,492.5,491.38,492.25,2363652
2015-05-04 10:45:00+05:30,492.2,492.5,491.27,492.32,1844672
2015-05-04 11:15:00+05:30,492.32,494.5,491.94,493.27,1429172
2015-05-04 11:45:00+05:30,493.27,493.5,492.07,492.52,273952
2015-05-04 12:15:00+05:30,492.52,493.85,492.25,492.64,297584
2015-05-04 12:45:00+05:30,492.52,492.98,491.54,492.23,271772
2015-05-04 13:15:00+05:30,492.25,492.94,491.42,492.94,226584
2015-05-04 13:45:00+05:30,492.94,494.75,492.0,492.69,439664
2015-05-04 14:15:00+05:30,492.69,492.85,490.17,492.78,463992
2015-05-04 14:45:00+05:30,492.74,499.5,492.0,499.13,1506636
2015-05-04 15:15:00+05:30,499.15,500.0,497.78,498.45,685392
2015-05-05 09:15:00+05:30,500.0,500.0,492.25,492.83,1091656
2015-05-05 09:45:00+05:30,492.83,496.62,492.75,494.0,1265024
2015-05-05 10:15:00+05:30,494.12,494.75,493.03,494.07,698724
2015-05-05 10:45:00+05:30,494.0,494.74,493.77,493.77,491348
2015-05-05 11:15:00+05:30,493.78,494.25,493.75,493.78,680896
2015-05-05 11:45:00+05:30,493.78,494.0,492.5,492.75,489232
2015-05-05 12:15:00+05:30,492.79,493.75,492.5,492.84,265780
2015-05-05 12:45:00+05:30,492.79,493.63,490.52,490.53,523876
2015-05-05 13:15:00+05:30,490.53,491.74,490.0,491.1,821980
2015-05-05 13:45:00+05:30,491.1,492.53,490.75,490.78,639736
2015-05-05 14:15:00+05:30,490.78,490.87,488.04,489.98,730988
2015-05-05 14:45:00+05:30,489.98,491.14,489.2,491.0,881100
2015-05-05 15:15:00+05:30,491.02,492.1,490.0,491.28,812304
2015-05-06 09:15:00+05:30,493.75,493.75,485.2,486.85,1560292
2015-05-06 09:45:00+05:30,486.85,487.75,480.0,482.37,1211564
2015-05-06 10:15:00+05:30,482.48,483.75,481.32,482.3,594796
2015-05-06 10:45:00+05:30,482.48,483.67,481.02,482.07,381784
2015-05-06 11:15:00+05:30,482.07,482.5,481.02,481.64,456964
2015-05-06 11:45:00+05:30,481.64,481.94,480.25,481.39,805012
2015-05-06 12:15:00+05:30,481.39,481.68,480.13,481.25,651188
2015-05-06 12:45:00+05:30,481.25,481.62,480.68,480.68,377132
2015-05-06 13:15:00+05:30,480.68,481.74,480.0,480.85,430492
2015-05-06 13:45:00+05:30,480.85,482.37,478.83,482.37,1279992
2015-05-06 14:15:00+05:30,482.35,482.35,480.5,481.08,684724
2015-05-06 14:45:00+05:30,481.08,481.25,479.5,480.94,1345116
2015-05-06 15:15:00+05:30,480.9,481.5,479.55,481.25,683288
2015-05-07 09:15:00+05:30,480.52,486.9,478.02,486.75,716084
2015-05-07 09:45:00+05:30,486.75,491.75,485.27,488.23,1044416
2015-05-07 10:15:00+05:30,488.23,491.5,487.58,488.63,503068
2015-05-07 10:45:00+05:30,488.88,489.6,486.5,489.34,296884
2015-05-07 11:15:00+05:30,489.34,489.6,487.25,487.37,361296
2015-05-07 11:45:00+05:30,487.37,487.5,485.88,485.88,479180
2015-05-07 12:15:00+05:30,485.88,485.93,481.25,481.5,541212
2015-05-07 12:45:00+05:30,481.52,484.5,481.44,483.43,361976
2015-05-07 13:15:00+05:30,483.43,484.0,481.5,482.9,310556
2015-05-07 13:45:00+05:30,482.9,484.18,482.5,483.38,324108
2015-05-07 14:15:00+05:30,483.38,486.05,483.0,483.38,304556
2015-05-07 14:45:00+05:30,483.38,486.25,481.28,485.7,642404
2015-05-07 15:15:00+05:30,485.7,488.58,484.99,485.49,793620
2015-05-08 09:15:00+05:30,489.94,491.84,487.5,488.52,871280
2015-05-08 09:45:00+05:30,488.52,488.52,486.37,487.27,283576
2015-05-08 10:15:00+05:30,487.27,489.63,487.0,488.12,287212
2015-05-08 10:45:00+05:30,488.24,489.25,487.64,489.07,263324
2015-05-08 11:15:00+05:30,489.04,489.75,487.0,487.34,281628
2015-05-08 11:45:00+05:30,487.34,489.0,486.75,487.82,197608
2015-05-08 12:15:00+05:30,487.82,489.98,487.04,489.0,273848
2015-05-08 12:45:00+05:30,489.0,489.45,488.94,489.0,255060
2015-05-08 13:15:00+05:30,489.0,490.0,489.0,489.5,494480
2015-05-08 13:45:00+05:30,489.52,489.63,487.88,489.35,301576
2015-05-08 14:15:00+05:30,489.35,489.82,488.98,489.25,463128
2015-05-08 14:45:00+05:30,489.25,490.3,489.0,489.0,1052676
2015-05-08 15:15:00+05:30,489.17,491.25,488.94,490.5,743232
2015-05-11 09:15:00+05:30,491.54,491.74,488.08,491.25,416068
2015-05-11 09:45:00+05:30,491.25,493.75,490.0,492.94,401408
2015-05-11 10:15:00+05:30,493.0,493.74,492.5,493.32,183724
2015-05-11 10:45:00+05:30,493.32,493.74,492.07,493.74,99992
2015-05-11 11:15:00+05:30,493.5,494.75,493.0,493.25,181656
2015-05-11 11:45:00+05:30,493.25,493.5,492.98,493.0,123788
2015-05-11 12:15:00+05:30,493.0,494.0,493.0,493.57,184364
2015-05-11 12:45:00+05:30,493.5,494.88,493.25,493.67,261248
2015-05-11 13:15:00+05:30,493.67,494.95,493.22,493.84,275936
2015-05-11 13:45:00+05:30,493.84,494.75,493.74,494.04,268644
2015-05-11 14:15:00+05:30,494.04,494.94,493.0,494.72,259684
2015-05-11 14:45:00+05:30,494.72,499.43,494.02,498.63,1271012
2015-05-11 15:15:00+05:30,498.63,500.0,498.52,498.99,850456
2015-05-12 09:15:00+05:30,497.75,498.1,491.38,492.45,821468
2015-05-12 09:45:00+05:30,492.8,494.25,488.75,489.48,595000
2015-05-12 10:15:00+05:30,489.48,490.0,487.5,487.64,403600
2015-05-12 10:45:00+05:30,487.79,488.25,486.28,487.88,386520
2015-05-12 11:15:00+05:30,487.94,488.62,487.8,487.99,384080
2015-05-12 11:45:00+05:30,487.99,488.25,487.75,488.0,607728
2015-05-12 12:15:00+05:30,488.08,489.25,487.98,488.25,542424
2015-05-12 12:45:00+05:30,488.32,488.74,487.88,488.34,706216
2015-05-12 13:15:00+05:30,488.34,488.79,487.88,488.02,446972
2015-05-12 13:45:00+05:30,488.02,488.74,487.75,488.2,585728
2015-05-12 14:15:00+05:30,488.2,488.75,488.13,488.27,637316
2015-05-12 14:45:00+05:30,488.25,488.63,485.5,485.55,1313044
2015-05-12 15:15:00+05:30,485.55,488.0,485.54,486.73,836744
2015-05-13 09:15:00+05:30,489.54,491.0,483.72,488.32,787040
2015-05-13 09:45:00+05:30,488.48,491.0,487.75,487.75,344864
2015-05-13 10:15:00+05:30,487.75,488.48,486.75,487.74,281056
2015-05-13 10:45:00+05:30,487.73,488.0,482.25,485.59,1280168
2015-05-13 11:15:00+05:30,485.99,486.33,483.88,485.2,311752
2015-05-13 11:45:00+05:30,485.22,485.22,483.79,484.28,315172
2015-05-13 12:15:00+05:30,484.28,485.38,484.07,484.3,251180
2015-05-13 12:45:00+05:30,484.3,487.48,484.23,485.0,259852
2015-05-13 13:15:00+05:30,484.87,488.08,484.57,487.69,442484
2015-05-13 13:45:00+05:30,487.64,488.75,486.57,488.0,763796
2015-05-13 14:15:00+05:30,488.03,489.44,487.39,488.78,359508
2015-05-13 14:45:00+05:30,488.78,489.54,485.88,489.13,1188696
2015-05-13 15:15:00+05:30,489.23,490.0,489.0,489.42,508812
2015-05-14 09:15:00+05:30,489.4,489.47,477.23,482.33,975884
2015-05-14 09:45:00+05:30,482.27,483.55,480.53,482.15,462856
2015-05-14 10:15:00+05:30,482.15,482.85,481.25,481.75,323696
2015-05-14 10:45:00+05:30,481.79,481.79,480.5,481.32,340452
2015-05-14 11:15:00+05:30,481.32,481.75,481.25,481.55,242064
2015-05-14 11:45:00+05:30,481.65,481.8,481.32,481.67,255456
2015-05-14 12:15:00+05:30,481.67,481.84,481.25,481.38,271536
2015-05-14 12:45:00+05:30,481.39,481.88,481.25,481.64,342172
2015-05-14 13:15:00+05:30,481.63,483.0,481.63,481.97,361416
2015-05-14 13:45:00+05:30,482.07,483.75,481.5,483.02,380284
2015-05-14 14:15:00+05:30,483.0,483.5,482.0,483.09,394128
2015-05-14 14:45:00+05:30,483.09,483.98,482.54,483.8,936872
2015-05-14 15:15:00+05:30,483.79,484.88,483.25,483.25,935832
2015-05-15 09:15:00+05:30,483.99,489.98,483.75,485.5,556568
2015-05-15 09:45:00+05:30,485.5,486.43,485.12,485.85,326504
2015-05-15 10:15:00+05:30,485.58,486.43,485.0,485.49,282444
2015-05-15 10:45:00+05:30,485.5,485.7,485.03,485.45,231652
2015-05-15 11:15:00+05:30,485.49,485.65,485.03,485.49,265404
2015-05-15 11:45:00+05:30,485.49,488.25,485.49,487.83,355592
2015-05-15 12:15:00+05:30,487.75,489.02,487.67,488.04,367952
2015-05-15 12:45:00+05:30,488.04,488.63,487.53,488.18,240320
2015-05-15 13:15:00+05:30,488.18,488.74,487.5,487.99,261092
2015-05-15 13:45:00+05:30,487.99,488.6,487.65,488.0,226284
2015-05-15 14:15:00+05:30,488.0,489.25,487.88,489.25,385008
2015-05-15 14:45:00+05:30,489.25,491.49,488.37,490.0,1062360
2015-05-15 15:15:00+05:30,490.02,490.73,489.5,489.73,619804
2015-05-18 09:15:00+05:30,492.12,493.7,490.4,493.44,486372
2015-05-18 09:45:00+05:30,493.44,496.25,492.65,494.04,486492
2015-05-18 10:15:00+05:30,494.04,495.6,492.6,493.99,324444
2015-05-18 10:45:00+05:30,493.99,493.99,492.0,493.25,603980
2015-05-18 11:15:00+05:30,493.25,494.02,493.07,493.84,198732
2015-05-18 11:45:00+05:30,493.84,494.5,493.17,493.65,261964
2015-05-18 12:15:00+05:30,493.65,494.0,492.79,493.37,346760
2015-05-18 12:45:00+05:30,493.37,494.25,493.19,493.55,201944
2015-05-18 13:15:00+05:30,493.58,494.13,493.38,493.84,205476
2015-05-18 13:45:00+05:30,493.79,494.98,493.64,494.72,304992
2015-05-18 14:15:00+05:30,494.72,495.75,494.43,495.25,328068
2015-05-18 14:45:00+05:30,495.25,498.82,495.0,498.74,1341716
2015-05-18 15:15:00+05:30,498.74,499.4,498.35,499.25,1374516
2015-05-19 09:15:00+05:30,497.64,504.82,497.52,503.14,1971420
2015-05-19 09:45:00+05:30,503.14,503.75,502.49,502.8,508936
2015-05-19 10:15:00+05:30,502.75,503.68,502.63,503.49,1264596
2015-05-19 10:45:00+05:30,503.49,503.75,500.78,503.25,1636176
2015-05-19 11:15:00+05:30,503.25,503.38,502.07,503.24,249272
2015-05-19 11:45:00+05:30,503.23,504.88,502.52,504.88,407860
2015-05-19 12:15:00+05:30,504.88,506.82,504.53,506.5,468808
2015-05-19 12:45:00+05:30,506.33,508.38,506.33,508.27,471700
2015-05-19 13:15:00+05:30,508.25,508.9,507.69,507.75,503532
2015-05-19 13:45:00+05:30,507.75,508.5,505.84,506.0,417744
2015-05-19 14:15:00+05:30,506.0,506.12,502.25,503.85,1010692
2015-05-19 14:45:00+05:30,503.82,507.17,503.45,505.58,770268
2015-05-19 15:15:00+05:30,505.58,506.32,504.57,505.55,587656
2015-05-20 09:15:00+05:30,510.08,510.84,508.45,510.23,841392
2015-05-20 09:45:00+05:30,510.25,513.0,509.94,510.24,555664
2015-05-20 10:15:00+05:30,510.24,512.75,510.08,511.38,573976
2015-05-20 10:45:00+05:30,511.38,512.63,510.7,512.4,312684
2015-05-20 11:15:00+05:30,512.4,512.73,511.63,512.49,264696
2015-05-20 11:45:00+05:30,512.49,512.63,510.5,510.77,246920
2015-05-20 12:15:00+05:30,510.77,512.5,510.27,512.5,331228
2015-05-20 12:45:00+05:30,512.5,512.5,511.8,512.4,250372
2015-05-20 13:15:00+05:30,512.25,512.5,511.09,511.6,202860
2015-05-20 13:45:00+05:30,511.59,511.97,510.75,511.43,621604
2015-05-20 14:15:00+05:30,511.43,511.8,510.5,510.77,237664
2015-05-20 14:45:00+05:30,510.77,512.18,510.25,512.18,714728
2015-05-20 15:15:00+05:30,512.03,513.0,511.25,512.18,716748
2015-05-21 09:15:00+05:30,512.0,515.4,510.94,513.25,3125328
2015-05-21 09:45:00+05:30,513.07,513.27,510.1,511.75,547220
2015-05-21 10:15:00+05:30,511.67,512.75,510.55,511.37,701696
2015-05-21 10:45:00+05:30,511.37,513.0,511.18,511.88,994992
2015-05-21 11:15:00+05:30,511.89,511.89,510.53,511.47,203256
2015-05-21 11:45:00+05:30,511.47,512.08,510.75,511.42,182608
2015-05-21 12:15:00+05:30,511.42,512.0,510.94,511.44,156160
2015-05-21 12:45:00+05:30,511.44,511.88,510.38,510.45,246744
2015-05-21 13:15:00+05:30,510.5,511.5,509.72,511.24,285504
2015-05-21 13:45:00+05:30,511.2,511.64,510.34,510.72,173632
2015-05-21 14:15:00+05:30,510.73,511.63,509.32,511.62,343004
2015-05-21 14:45:00+05:30,511.62,512.98,509.78,512.13,2296536
2015-05-21 15:15:00+05:30,512.13,513.54,511.0,512.0,798448
2015-05-22 09:15:00+05:30,510.75,511.97,509.37,511.25,1223564
2015-05-22 09:45:00+05:30,511.25,511.75,510.75,510.99,708292
2015-05-22 10:15:00+05:30,510.99,511.25,510.75,510.94,302252
2015-05-22 10:45:00+05:30,510.94,511.75,510.28,510.44,1362096
2015-05-22 11:15:00+05:30,510.25,511.25,508.75,511.05,426892
2015-05-22 11:45:00+05:30,511.05,511.25,510.5,510.69,225912
2015-05-22 12:15:00+05:30,510.69,510.85,509.04,509.25,303832
2015-05-22 12:45:00+05:30,509.25,511.27,508.85,511.27,353708
2015-05-22 13:15:00+05:30,511.25,512.0,509.77,511.12,347984
2015-05-22 13:45:00+05:30,511.12,511.12,508.77,509.39,251844
2015-05-22 14:15:00+05:30,509.39,510.12,507.65,508.45,293964
2015-05-22 14:45:00+05:30,508.45,512.88,507.8,511.33,649528
2015-05-22 15:15:00+05:30,511.37,512.57,509.35,510.45,435460
2015-05-25 09:15:00+05:30,512.75,514.14,508.63,508.7,693484
2015-05-25 09:45:00+05:30,508.75,509.73,507.33,508.38,281532
2015-05-25 10:15:00+05:30,508.38,508.74,507.53,507.68,252164
2015-05-25 10:45:00+05:30,507.68,508.83,507.68,507.89,261076
2015-05-25 11:15:00+05:30,507.89,508.4,506.67,508.08,266988
2015-05-25 11:45:00+05:30,508.07,509.17,507.03,509.09,168512
2015-05-25 12:15:00+05:30,509.0,509.77,508.28,508.37,235492
2015-05-25 12:45:00+05:30,508.37,508.69,506.57,507.48,399872
2015-05-25 13:15:00+05:30,507.48,507.5,504.5,505.75,454680
2015-05-25 13:45:00+05:30,505.74,506.8,505.0,505.18,415848
2015-05-25 14:15:00+05:30,505.18,506.44,503.75,503.89,485560
2015-05-25 14:45:00+05:30,503.89,504.63,501.77,504.2,462540
2015-05-25 15:15:00+05:30,504.2,505.57,503.97,505.25,273636
2015-05-26 09:15:00+05:30,504.25,507.0,503.48,505.29,378016
2015-05-26 09:45:00+05:30,505.17,507.85,504.69,507.24,142772
2015-05-26 10:15:00+05:30,507.25,507.25,504.57,505.0,181648
2015-05-26 10:45:00+05:30,504.94,505.8,504.88,505.05,171972
2015-05-26 11:15:00+05:30,505.05,506.49,504.94,505.17,469120
2015-05-26 11:45:00+05:30,505.15,505.43,503.78,504.43,142864
2015-05-26 12:15:00+05:30,504.42,504.82,503.75,504.0,134308
2015-05-26 12:45:00+05:30,504.0,505.24,503.94,504.97,120272
2015-05-26 13:15:00+05:30,504.98,505.19,504.75,505.0,144112
2015-05-26 13:45:00+05:30,505.0,505.0,503.88,503.88,189480
2015-05-26 14:15:00+05:30,503.77,504.47,501.75,502.79,628708
2015-05-26 14:45:00+05:30,502.79,503.33,501.39,501.75,703896
2015-05-26 15:15:00+05:30,501.75,502.23,500.57,501.5,552220
2015-05-27 09:15:00+05:30,501.75,501.77,493.13,493.24,836992
2015-05-27 09:45:00+05:30,493.24,496.2,492.0,492.48,675596
2015-05-27 10:15:00+05:30,492.63,492.79,489.28,489.57,814064
2015-05-27 10:45:00+05:30,489.77,490.99,488.75,488.75,797224
2015-05-27 11:15:00+05:30,488.75,490.03,488.75,489.82,435520
2015-05-27 11:45:00+05:30,489.83,490.19,489.54,490.0,997576
2015-05-27 12:15:00+05:30,490.0,490.54,489.88,490.03,499608
2015-05-27 12:45:00+05:30,490.03,491.92,489.99,490.99,532868
2015-05-27 13:15:00+05:30,490.95,491.75,490.0,490.09,497208
2015-05-27 13:45:00+05:30,490.28,490.88,490.0,490.19,272944
2015-05-27 14:15:00+05:30,490.19,492.25,490.03,491.39,388260
2015-05-27 14:45:00+05:30,491.39,492.19,491.13,492.03,897444
2015-05-27 15:15:00+05:30,492.04,493.25,491.25,493.25,802668
2015-05-28 09:15:00+05:30,494.25,498.29,494.25,495.13,1070320
2015-05-28 09:45:00+05:30,495.08,496.23,495.0,495.54,286564
2015-05-28 10:15:00+05:30,495.52,496.25,495.38,495.69,245068
2015-05-28 10:45:00+05:30,495.57,497.55,495.29,495.94,392680
2015-05-28 11:15:00+05:30,496.0,496.68,495.94,496.55,269580
2015-05-28 11:45:00+05:30,496.57,499.24,495.98,496.1,704684
2015-05-28 12:15:00+05:30,496.12,496.55,495.88,496.17,520172
2015-05-28 12:45:00+05:30,496.17,496.44,495.38,495.63,457512
2015-05-28 13:15:00+05:30,495.63,496.05,495.32,495.87,461116
2015-05-28 13:45:00+05:30,495.87,497.84,495.87,497.28,653664
2015-05-28 14:15:00+05:30,497.32,500.43,497.25,500.24,663576
2015-05-28 14:45:00+05:30,500.5,508.0,498.87,504.27,3086740
2015-05-28 15:15:00+05:30,504.27,505.75,499.53,500.0,2159588
2015-05-29 09:15:00+05:30,501.19,505.88,501.08,505.15,664376
2015-05-29 09:45:00+05:30,505.49,506.78,503.1,504.33,425788
2015-05-29 10:15:00+05:30,504.43,509.1,504.09,508.75,570156
2015-05-29 10:45:00+05:30,508.75,508.99,507.08,508.95,324392
2015-05-29 11:15:00+05:30,508.95,512.44,507.5,512.44,764892
2015-05-29 11:45:00+05:30,512.4,514.12,511.33,511.52,615592
2015-05-29 12:15:00+05:30,511.52,512.25,510.13,510.3,441228
2015-05-29 12:45:00+05:30,510.28,511.3,509.58,509.67,629096
2015-05-29 13:15:00+05:30,509.65,509.65,500.57,503.04,1360560
2015-05-29 13:45:00+05:30,502.99,503.98,501.02,502.5,1186084
2015-05-29 14:15:00+05:30,502.5,507.53,502.5,505.0,1273016
2015-05-29 14:45:00+05:30,505.0,510.28,503.03,505.3,6302780
2015-05-29 15:15:00+05:30,505.3,509.77,504.4,507.45,4406232
2015-06-01 09:15:00+05:30,507.5,513.0,505.87,506.08,952200
2015-06-01 09:45:00+05:30,506.12,511.75,506.12,510.0,313444
2015-06-01 10:15:00+05:30,510.0,512.48,510.0,512.28,198372
2015-06-01 10:45:00+05:30,512.28,513.73,511.5,513.55,261416
2015-06-01 11:15:00+05:30,513.5,514.88,512.35,512.35,333640
2015-06-01 11:45:00+05:30,512.35,513.67,510.9,513.0,304140
2015-06-01 12:15:00+05:30,513.0,513.07,511.59,511.88,197772
2015-06-01 12:45:00+05:30,511.88,512.5,511.7,512.0,337492
2015-06-01 13:15:00+05:30,512.0,512.0,511.62,511.75,197864
2015-06-01 13:45:00+05:30,511.77,512.14,511.62,511.75,326288
2015-06-01 14:15:00+05:30,511.77,514.8,511.7,513.87,400500
2015-06-01 14:45:00+05:30,513.82,515.93,511.08,511.98,1183868
2015-06-01 15:15:00+05:30,512.08,512.39,510.0,510.52,710100
2015-06-02 09:15:00+05:30,512.03,513.75,504.77,507.98,564068
2015-06-02 09:45:00+05:30,507.85,509.95,507.74,509.25,214388
2015-06-02 10:15:00+05:30,509.25,509.75,507.52,508.45,195472
2015-06-02 10:45:00+05:30,508.45,508.9,505.02,506.15,361860
2015-06-02 11:15:00+05:30,506.14,507.2,502.53,504.54,256892
2015-06-02 11:45:00+05:30,504.54,506.75,503.75,505.88,161508
2015-06-02 12:15:00+05:30,505.98,505.98,504.47,505.27,131956
2015-06-02 12:45:00+05:30,505.27,505.27,502.07,502.75,277252
2015-06-02 13:15:00+05:30,502.75,504.48,502.38,503.42,345568
2015-06-02 13:45:00+05:30,504.44,504.5,503.12,503.35,299152
2015-06-02 14:15:00+05:30,503.28,503.48,501.52,501.94,431052
2015-06-02 14:45:00+05:30,501.94,503.62,501.35,501.83,829720
2015-06-02 15:15:00+05:30,501.83,503.78,501.25,503.25,599252
2015-06-03 09:15:00+05:30,504.93,509.87,504.73,506.5,730232
2015-06-03 09:45:00+05:30,506.5,509.0,502.0,505.17,428772
2015-06-03 10:15:00+05:30,505.25,505.75,502.55,503.24,258072
2015-06-03 10:45:00+05:30,503.24,504.22,502.5,502.99,293996
2015-06-03 11:15:00+05:30,502.93,503.47,502.04,502.49,366944
2015-06-03 11:45:00+05:30,502.49,506.77,502.19,505.5,366004
2015-06-03 12:15:00+05:30,505.5,506.98,503.75,506.89,328068
2015-06-03 12:45:00+05:30,506.75,506.99,504.52,504.93,328268
2015-06-03 13:15:00+05:30,504.93,505.0,503.14,503.78,404436
2015-06-03 13:45:00+05:30,503.78,504.8,503.52,503.75,237632
2015-06-03 14:15:00+05:30,503.75,504.29,503.0,503.03,246456
2015-06-03 14:45:00+05:30,503.03,505.84,503.0,505.0,802564
2015-06-03 15:15:00+05:30,505.0,508.75,503.64,508.0,699612
2015-06-04 09:15:00+05:30,507.53,512.23,507.53,510.0,853016
2015-06-04 09:45:00+05:30,510.0,512.77,510.0,512.02,535196
2015-06-04 10:15:00+05:30,512.03,512.75,510.32,510.32,343384
2015-06-04 10:45:00+05:30,510.3,513.75,510.27,513.32,670692
2015-06-04 11:15:00+05:30,513.5,513.73,512.03,512.75,555596
2015-06-04 11:45:00+05:30,512.75,512.77,508.74,509.27,479560
2015-06-04 12:15:00+05:30,509.27,511.68,509.04,510.82,303224
2015-06-04 12:45:00+05:30,510.82,511.02,506.77,507.4,471848
2015-06-04 13:15:00+05:30,507.35,507.35,503.48,505.75,409792
2015-06-04 13:45:00+05:30,505.75,505.87,503.78,504.99,344884
2015-06-04 14:15:00+05:30,505.0,508.49,504.38,507.04,499556
2015-06-04 14:45:00+05:30,507.04,507.93,505.02,507.45,982632
2015-06-04 15:15:00+05:30,507.52,508.25,506.9,507.03,1032728
2015-06-05 09:15:00+05:30,507.88,508.0,504.0,506.84,745252
2015-06-05 09:45:00+05:30,506.94,507.44,504.29,504.75,252248
2015-06-05 10:15:00+05:30,504.75,505.18,502.83,503.65,319928
2015-06-05 10:45:00+05:30,503.65,504.75,503.25,503.9,240392
2015-06-05 11:15:00+05:30,503.95,504.55,503.65,503.99,301436
2015-06-05 11:45:00+05:30,503.99,507.38,503.58,506.75,425292
2015-06-05 12:15:00+05:30,506.75,506.95,504.25,506.25,496168
2015-06-05 12:45:00+05:30,506.25,509.48,506.13,507.34,351920
2015-06-05 13:15:00+05:30,507.34,509.0,507.13,508.07,322348
2015-06-05 13:45:00+05:30,508.07,509.48,507.25,509.48,212844
2015-06-05 14:15:00+05:30,509.45,511.0,507.75,508.2,408060
2015-06-05 14:45:00+05:30,508.2,508.67,502.04,502.75,1228932
2015-06-05 15:15:00+05:30,502.8,503.25,502.13,502.87,812324
2015-06-08 09:15:00+05:30,506.17,506.17,496.79,498.88,861616
2015-06-08 09:45:00+05:30,499.37,501.93,497.75,500.82,306096
2015-06-08 10:15:00+05:30,501.07,501.27,499.6,500.0,199852
2015-06-08 10:45:00+05:30,500.0,501.78,499.68,500.88,224352
2015-06-08 11:15:00+05:30,500.88,501.25,499.23,500.19,313516
2015-06-08 11:45:00+05:30,500.19,500.67,499.57,499.94,309304
2015-06-08 12:15:00+05:30,499.94,501.22,498.07,499.0,450172
2015-06-08 12:45:00+05:30,499.0,499.75,498.53,498.99,210440
2015-06-08 13:15:00+05:30,499.0,499.5,497.82,498.67,387180
2015-06-08 13:45:00+05:30,498.67,499.35,498.57,499.03,386360
2015-06-08 14:15:00+05:30,499.03,500.44,499.0,500.02,523020
2015-06-08 14:45:00+05:30,500.04,501.44,499.25,500.24,1072876
2015-06-08 15:15:00+05:30,500.24,501.0,499.75,500.25,890828
2015-06-09 09:15:00+05:30,501.35,501.54,497.02,498.79,578200
2015-06-09 09:45:00+05:30,498.8,499.75,497.59,498.33,315088
2015-06-09 10:15:00+05:30,498.34,498.5,497.5,498.18,390620
2015-06-09 10:45:00+05:30,497.97,498.35,495.75,496.75,495652
2015-06-09 11:15:00+05:30,496.75,498.79,496.63,498.55,948132
2015-06-09 11:45:00+05:30,498.55,499.69,498.38,499.5,263104
2015-06-09 12:15:00+05:30,499.5,499.52,498.38,498.74,276336
2015-06-09 12:45:00+05:30,498.5,499.75,498.24,499.43,354100
2015-06-09 13:15:00+05:30,499.43,499.5,497.5,498.0,466136
2015-06-09 13:45:00+05:30,498.0,498.74,496.75,497.14,464980
2015-06-09 14:15:00+05:30,497.25,498.5,496.25,497.75,464196
2015-06-09 14:45:00+05:30,497.75,499.09,497.25,498.23,1293884
2015-06-09 15:15:00+05:30,498.23,498.55,497.25,497.63,1247516
2015-06-10 09:15:00+05:30,498.5,502.5,496.28,501.1,471284
2015-06-10 09:45:00+05:30,501.1,501.18,498.94,499.85,246324
2015-06-10 10:15:00+05:30,499.88,500.0,497.94,498.17,273296
2015-06-10 10:45:00+05:30,498.12,498.25,496.5,497.13,347236
2015-06-10 11:15:00+05:30,497.02,498.74,496.52,497.15,276640
2015-06-10 11:45:00+05:30,497.37,498.73,497.0,498.24,245148
2015-06-10 12:15:00+05:30,498.13,498.95,497.25,497.79,296780
2015-06-10 12:45:00+05:30,497.79,500.5,497.75,500.0,286284
2015-06-10 13:15:00+05:30,500.0,500.5,499.25,499.83,292448
2015-06-10 13:45:00+05:30,500.07,501.82,499.75,501.57,359016
2015-06-10 14:15:00+05:30,501.57,509.75,500.55,509.33,1065604
2015-06-10 14:45:00+05:30,509.09,509.84,505.55,505.95,1305464
2015-06-10 15:15:00+05:30,505.93,507.34,505.5,507.25,914696
2015-06-11 09:15:00+05:30,509.14,510.94,505.33,508.75,1674224
2015-06-11 09:45:00+05:30,508.75,509.2,507.75,507.88,299892
2015-06-11 10:15:00+05:30,507.88,508.25,503.77,504.49,621232
2015-06-11 10:45:00+05:30,504.33,504.63,500.82,501.33,770760
2015-06-11 11:15:00+05:30,501.28,501.99,498.87,500.5,537172
2015-06-11 11:45:00+05:30,500.5,501.68,499.5,501.48,366864
2015-06-11 12:15:00+05:30,501.27,502.74,500.75,502.38,298048
2015-06-11 12:45:00+05:30,502.38,502.38,500.38,501.23,411852
2015-06-11 13:15:00+05:30,501.13,502.24,500.79,501.92,612828
2015-06-11 13:45:00+05:30,501.88,502.04,499.54,500.62,1001896
2015-06-11 14:15:00+05:30,500.62,501.19,499.5,500.13,575016
2015-06-11 14:45:00+05:30,500.13,500.75,499.0,499.84,1121116
2015-06-11 15:15:00+05:30,499.83,500.48,498.77,500.0,922748
2015-06-12 09:15:00+05:30,1002.95,1009.8,1002.5,1007.78,317128
2015-06-12 09:45:00+05:30,1007.78,1011.75,1005.38,1010.0,214342
2015-06-12 10:15:00+05:30,1010.0,1012.53,1009.88,1010.98,274782
2015-06-12 10:45:00+05:30,1010.98,1011.33,1006.53,1007.65,227500
2015-06-12 11:15:00+05:30,1007.5,1008.5,1006.0,1007.75,166170
2015-06-12 11:45:00+05:30,1007.75,1010.65,1007.1,1009.88,146200
2015-06-12 12:15:00+05:30,1009.8,1009.9,980.55,989.75,1028888
2015-06-12 12:45:00+05:30,989.8,999.45,985.75,994.2,411922
2015-06-12 13:15:00+05:30,994.2,996.63,991.1,994.25,304766
2015-06-12 13:45:00+05:30,994.28,994.33,983.53,984.35,355506
2015-06-12 14:15:00+05:30,984.73,990.85,978.0,987.35,685330
2015-06-12 14:45:00+05:30,987.5,993.33,982.5,990.6,452000
2015-06-12 15:15:00+05:30,990.6,991.0,984.8,989.0,333066
2015-06-15 09:15:00+05:30,488.48,497.0,484.35,495.0,1024452
2015-06-15 09:45:00+05:30,495.0,496.18,493.25,493.5,359696
2015-06-15 10:15:00+05:30,493.73,496.2,492.8,495.88,269814
2015-06-15 10:45:00+05:30,495.88,496.88,495.0,496.75,281020
2015-06-15 11:15:00+05:30,496.75,499.4,496.55,498.13,382478
2015-06-15 11:45:00+05:30,498.0,498.5,496.63,497.13,218340
2015-06-15 12:15:00+05:30,497.13,497.2,493.08,494.35,294650
2015-06-15 12:45:00+05:30,494.5,497.4,494.5,497.15,199872
2015-06-15 13:15:00+05:30,497.15,498.65,496.1,498.4,193630
2015-06-15 13:45:00+05:30,498.68,499.0,496.25,497.35,251120
2015-06-15 14:15:00+05:30,497.35,498.38,495.7,495.98,589190
2015-06-15 14:45:00+05:30,495.98,497.25,495.0,495.5,687568
2015-06-15 15:15:00+05:30,495.53,497.4,494.5,497.0,461334
2015-06-16 09:15:00+05:30,497.0,497.78,492.93,496.43,406016
2015-06-16 09:45:00+05:30,496.43,497.4,495.65,496.23,301052
2015-06-16 10:15:00+05:30,496.23,497.5,496.23,496.98,154728
2015-06-16 10:45:00+05:30,496.98,497.23,496.38,496.83,294460
2015-06-16 11:15:00+05:30,496.78,497.98,496.48,497.68,467020
2015-06-16 11:45:00+05:30,497.45,497.68,496.38,496.58,450132
2015-06-16 12:15:00+05:30,496.65,497.55,496.13,496.88,263192
2015-06-16 12:45:00+05:30,496.88,497.5,496.0,496.25,232900
2015-06-16 13:15:00+05:30,496.25,497.5,495.63,497.23,327552
2015-06-16 13:45:00+05:30,497.23,497.85,496.0,497.5,391526
2015-06-16 14:15:00+05:30,497.48,499.7,497.0,498.25,669732
2015-06-16 14:45:00+05:30,498.5,501.5,498.45,499.0,787610
2015-06-16 15:15:00+05:30,499.0,500.5,498.48,499.0,473416
2015-06-17 09:15:00+05:30,506.25,510.45,504.3,505.1,953098
2015-06-17 09:45:00+05:30,505.0,505.48,502.5,503.5,421600
2015-06-17 10:15:00+05:30,503.5,506.35,503.0,503.03,373904
2015-06-17 10:45:00+05:30,503.03,503.75,501.08,502.55,336050
2015-06-17 11:15:00+05:30,502.65,502.93,499.55,500.4,289292
2015-06-17 11:45:00+05:30,500.4,501.5,498.3,499.0,285382
2015-06-17 12:15:00+05:30,499.0,499.95,498.0,498.73,233442
2015-06-17 12:45:00+05:30,498.53,498.95,497.18,497.7,274396
2015-06-17 13:15:00+05:30,497.55,498.9,496.5,498.2,236148
2015-06-17 13:45:00+05:30,498.2,501.98,498.2,501.0,300884
2015-06-17 14:15:00+05:30,500.95,501.6,499.15,501.25,619138
2015-06-17 14:45:00+05:30,501.0,501.28,496.5,497.5,1235382
2015-06-17 15:15:00+05:30,497.5,499.0,496.1,498.6,830688
2015-06-18 09:15:00+05:30,503.5,503.5,500.3,502.6,188558
2015-06-18 09:45:00+05:30,502.6,503.0,501.0,501.35,119640
2015-06-18 10:15:00+05:30,501.35,502.5,499.05,499.75,128836
2015-06-18 10:45:00+05:30,499.75,501.05,497.93,499.0,185164
2015-06-18 11:15:00+05:30,499.0,499.93,498.05,499.88,196428
2015-06-18 11:45:00+05:30,499.8,500.43,499.4,500.4,109628
2015-06-18 12:15:00+05:30,500.4,502.0,500.28,500.75,132536
2015-06-18 12:45:00+05:30,500.75,502.5,500.5,502.5,134684
2015-06-18 13:15:00+05:30,502.25,502.5,500.25,501.2,171952
2015-06-18 13:45:00+05:30,501.18,501.68,499.85,501.0,191766
2015-06-18 14:15:00+05:30,500.93,501.98,499.8,501.5,229764
2015-06-18 14:45:00+05:30,501.65,502.98,500.5,500.9,887886
2015-06-18 15:15:00+05:30,500.83,501.6,499.0,500.03,792868
2015-06-19 09:15:00+05:30,505.2,505.2,501.0,501.5,350098
2015-06-19 09:45:00+05:30,501.48,502.15,501.0,501.98,191588
2015-06-19 10:15:00+05:30,501.95,502.5,500.25,500.3,238756
2015-06-19 10:45:00+05:30,500.3,501.1,499.25,500.5,281950
2015-06-19 11:15:00+05:30,500.55,502.25,500.18,502.2,215934
2015-06-19 11:45:00+05:30,502.2,502.45,500.8,501.8,230192
2015-06-19 12:15:00+05:30,501.85,501.93,500.75,500.75,286840
2015-06-19 12:45:00+05:30,500.85,501.75,500.5,501.7,155962
2015-06-19 13:15:00+05:30,501.7,502.05,500.88,501.95,302156
2015-06-19 13:45:00+05:30,501.95,502.5,501.05,501.63,318596
2015-06-19 14:15:00+05:30,501.25,502.15,500.5,501.73,354986
2015-06-19 14:45:00+05:30,501.73,501.73,496.55,497.25,2098030
2015-06-19 15:15:00+05:30,497.25,498.5,496.63,498.4,1637232
2015-06-22 09:15:00+05:30,501.75,503.9,498.53,499.75,549262
2015-06-22 09:45:00+05:30,499.88,502.0,499.68,502.0,216362
2015-06-22 10:15:00+05:30,502.0,502.25,500.78,501.83,172696
2015-06-22 10:45:00+05:30,501.75,502.15,500.53,500.9,175058
2015-06-22 11:15:00+05:30,500.9,501.63,499.0,501.0,254876
2015-06-22 11:45:00+05:30,501.0,501.93,499.83,501.68,201088
2015-06-22 12:15:00+05:30,501.63,503.5,501.5,503.18,363006
2015-06-22 12:45:00+05:30,503.15,504.4,502.75,503.88,296386
2015-06-22 13:15:00+05:30,503.88,504.2,503.43,503.98,256326
2015-06-22 13:45:00+05:30,503.98,506.0,503.65,504.98,552096
2015-06-22 14:15:00+05:30,505.0,508.38,504.95,508.25,857586
2015-06-22 14:45:00+05:30,508.25,512.5,508.03,512.5,1194082
2015-06-22 15:15:00+05:30,512.45,514.3,510.0,511.35,608764
2015-06-23 09:15:00+05:30,513.7,513.7,500.05,504.6,1157622
2015-06-23 09:45:00+05:30,504.55,505.65,504.05,505.0,455428
2015-06-23 10:15:00+05:30,505.0,506.0,503.88,504.33,505202
2015-06-23 10:45:00+05:30,504.33,504.48,500.73,502.0,727234
2015-06-23 11:15:00+05:30,502.0,502.4,500.28,500.55,388632
2015-06-23 11:45:00+05:30,500.3,501.1,500.0,501.1,425666
2015-06-23 12:15:00+05:30,501.08,503.0,500.68,500.9,390318
2015-06-23 12:45:00+05:30,500.9,502.3,500.9,501.5,311852
2015-06-23 13:15:00+05:30,501.5,502.78,501.0,502.43,249668
2015-06-23 13:45:00+05:30,502.43,503.25,501.5,502.13,194852
2015-06-23 14:15:00+05:30,502.43,502.7,501.5,501.75,221286
2015-06-23 14:45:00+05:30,501.75,502.2,499.5,500.05,986756
2015-06-23 15:15:00+05:30,500.05,500.75,499.08,500.73,926766
2015-06-24 09:15:00+05:30,506.05,506.95,501.05,503.4,690330
2015-06-24 09:45:00+05:30,503.5,504.48,502.63,503.3,233954
2015-06-24 10:15:00+05:30,503.3,504.0,502.25,503.48,281972
2015-06-24 10:45:00+05:30,503.2,503.83,502.5,503.13,233122
2015-06-24 11:15:00+05:30,503.13,503.5,501.33,501.68,338436
2015-06-24 11:45:00+05:30,501.68,501.98,500.25,501.18,344856
2015-06-24 12:15:00+05:30,501.25,501.88,501.03,501.7,487386
2015-06-24 12:45:00+05:30,501.73,504.0,501.5,503.25,1009020
2015-06-24 13:15:00+05:30,503.1,503.5,501.83,502.73,340394
2015-06-24 13:45:00+05:30,502.63,503.0,500.98,501.13,321582
2015-06-24 14:15:00+05:30,501.15,502.0,500.0,500.4,660000
2015-06-24 14:45:00+05:30,500.15,500.5,497.03,497.05,1358348
2015-06-24 15:15:00+05:30,497.05,498.6,495.6,497.55,757050
2015-06-25 09:15:00+05:30,499.45,499.95,497.5,499.0,497558
2015-06-25 09:45:00+05:30,498.98,499.25,497.5,498.53,291430
2015-06-25 10:15:00+05:30,498.53,498.93,495.05,497.4,203650
2015-06-25 10:45:00+05:30,497.4,497.95,495.75,496.9,182040
2015-06-25 11:15:00+05:30,496.78,497.2,496.0,496.88,534942
2015-06-25 11:45:00+05:30,496.88,498.8,496.75,498.0,171210
2015-06-25 12:15:00+05:30,498.0,498.48,497.5,498.0,141830
2015-06-25 12:45:00+05:30,498.0,499.5,497.68,499.5,171574
2015-06-25 13:15:00+05:30,499.43,499.5,498.38,499.1,154232
2015-06-25 13:45:00+05:30,499.1,499.33,498.18,498.85,245526
2015-06-25 14:15:00+05:30,498.88,501.7,498.75,501.03,731090
2015-06-25 14:45:00+05:30,501.03,501.23,493.85,494.98,1965224
2015-06-25 15:15:00+05:30,494.68,497.0,494.65,496.68,1817660
2015-06-26 09:15:00+05:30,499.5,502.5,499.08,501.0,770568
2015-06-26 09:45:00+05:30,500.95,504.25,500.95,504.08,970756
2015-06-26 10:15:00+05:30,504.2,505.25,503.75,505.1,430642
2015-06-26 10:45:00+05:30,505.0,505.78,503.9,504.35,322260
2015-06-26 11:15:00+05:30,504.08,504.25,502.6,503.18,160342
2015-06-26 11:45:00+05:30,503.5,503.88,501.55,502.5,176394
2015-06-26 12:15:00+05:30,502.5,503.38,501.7,501.78,215702
2015-06-26 12:45:00+05:30,501.75,503.98,501.75,503.98,280548
2015-06-26 13:15:00+05:30,503.98,504.25,503.0,503.75,268254
2015-06-26 13:45:00+05:30,503.75,504.5,502.8,504.45,193282
2015-06-26 14:15:00+05:30,504.48,505.5,502.9,503.43,495200
2015-06-26 14:45:00+05:30,503.25,504.13,501.6,502.5,564566
2015-06-26 15:15:00+05:30,502.5,503.18,502.0,502.95,458032
2015-06-29 09:15:00+05:30,493.5,499.75,493.0,496.5,493542
2015-06-29 09:45:00+05:30,496.5,498.08,495.55,498.08,200312
2015-06-29 10:15:00+05:30,498.08,498.18,495.25,496.2,208548
2015-06-29 10:45:00+05:30,496.0,496.18,493.03,494.38,361428
2015-06-29 11:15:00+05:30,494.38,495.05,492.98,494.5,219370
2015-06-29 11:45:00+05:30,494.5,494.75,493.5,493.98,228208
2015-06-29 12:15:00+05:30,493.98,495.03,493.5,494.1,398808
2015-06-29 12:45:00+05:30,494.1,495.0,493.5,494.75,669768
2015-06-29 13:15:00+05:30,494.73,495.03,492.15,492.15,367760
2015-06-29 13:45:00+05:30,492.15,497.23,491.25,495.5,478618
2015-06-29 14:15:00+05:30,495.5,496.0,493.5,494.65,452178
2015-06-29 14:45:00+05:30,494.9,495.93,494.0,495.15,759366
2015-06-29 15:15:00+05:30,495.03,495.23,494.28,495.2,843242
2015-06-30 09:15:00+05:30,495.35,496.73,492.5,493.13,696834
2015-06-30 09:45:00+05:30,493.0,496.2,492.75,495.03,539960
2015-06-30 10:15:00+05:30,495.03,495.38,494.35,495.1,266156
2015-06-30 10:45:00+05:30,495.08,495.2,493.05,493.05,211860
2015-06-30 11:15:00+05:30,493.08,494.85,493.0,494.58,141234
2015-06-30 11:45:00+05:30,494.58,494.6,490.0,493.4,330476
2015-06-30 12:15:00+05:30,493.38,493.65,493.0,493.53,199072
2015-06-30 12:45:00+05:30,493.55,494.5,492.75,494.5,270538
2015-06-30 13:15:00+05:30,494.5,495.18,493.0,494.4,409518
2015-06-30 13:45:00+05:30,494.4,494.5,493.0,493.05,254432
2015-06-30 14:15:00+05:30,493.0,494.13,492.35,492.55,553756
2015-06-30 14:45:00+05:30,492.55,493.4,491.63,491.88,1394634
2015-06-30 15:15:00+05:30,491.88,494.55,491.38,493.75,939798
2015-07-01 09:15:00+05:30,494.73,497.75,493.0,497.4,874508
2015-07-01 09:45:00+05:30,497.45,498.9,495.63,496.88,579056
2015-07-01 10:15:00+05:30,496.88,497.65,495.68,496.8,477090
2015-07-01 10:45:00+05:30,496.8,497.68,496.1,497.13,367944
2015-07-01 11:15:00+05:30,497.2,499.2,496.83,497.5,627152
2015-07-01 11:45:00+05:30,497.48,498.9,496.9,498.85,287614
2015-07-01 12:15:00+05:30,498.85,498.9,497.05,497.08,290772
2015-07-01 12:45:00+05:30,497.08,497.48,497.0,497.25,339388
2015-07-01 13:15:00+05:30,497.25,497.78,497.03,497.5,461572
2015-07-01 13:45:00+05:30,497.5,498.75,497.0,497.88,393498
2015-07-01 14:15:00+05:30,497.88,498.75,497.58,498.0,426936
2015-07-01 14:45:00+05:30,498.0,499.5,497.7,498.68,925664
2015-07-01 15:15:00+05:30,498.5,500.23,497.75,499.48,814362
2015-07-02 09:15:00+05:30,499.95,500.7,494.0,494.95,733852
2015-07-02 09:45:00+05:30,494.93,496.0,494.33,495.8,381476
2015-07-02 10:15:00+05:30,495.78,496.65,495.38,496.23,233292
2015-07-02 10:45:00+05:30,496.2,496.25,495.68,495.8,131572
2015-07-02 11:15:00+05:30,495.78,496.5,495.75,495.95,165086
2015-07-02 11:45:00+05:30,495.93,496.13,495.25,495.25,144156
2015-07-02 12:15:00+05:30,495.25,495.25,494.05,494.85,193752
2015-07-02 12:45:00+05:30,494.63,494.88,493.2,493.5,286216
2015-07-02 13:15:00+05:30,493.5,494.15,493.1,494.0,218784
2015-07-02 13:45:00+05:30,494.0,494.45,493.38,494.45,218004
2015-07-02 14:15:00+05:30,494.45,494.45,492.53,493.23,369178
2015-07-02 14:45:00+05:30,493.23,494.8,493.15,494.25,499864
2015-07-02 15:15:00+05:30,494.25,494.48,493.0,494.25,425956
2015-07-03 09:15:00+05:30,492.5,495.0,491.35,494.85,332420
2015-07-03 09:45:00+05:30,494.85,495.38,494.03,495.2,150224
2015-07-03 10:15:00+05:30,495.2,496.38,493.93,495.48,155714
2015-07-03 10:45:00+05:30,495.33,496.25,494.98,495.98,156662
2015-07-03 11:15:00+05:30,495.98,496.35,495.03,496.0,102024
2015-07-03 11:45:00+05:30,496.0,496.2,494.63,495.53,327656
2015-07-03 12:15:00+05:30,495.53,495.95,494.0,494.95,158346
2015-07-03 12:45:00+05:30,494.95,495.13,493.5,494.25,328820
2015-07-03 13:15:00+05:30,494.38,494.73,493.45,494.7,151692
2015-07-03 13:45:00+05:30,494.7,495.0,494.03,494.55,267380
2015-07-03 14:15:00+05:30,494.55,495.08,493.55,494.63,122892
2015-07-03 14:45:00+05:30,494.6,495.0,493.85,494.95,222856
2015-07-03 15:15:00+05:30,494.83,496.0,494.5,495.2,212790
2015-07-06 09:15:00+05:30,492.5,494.0,490.35,490.93,378646
2015-07-06 09:45:00+05:30,490.75,492.3,490.5,490.7,197202
2015-07-06 10:15:00+05:30,490.7,491.3,490.3,490.75,147902
2015-07-06 10:45:00+05:30,490.88,491.0,487.5,488.5,404572
2015-07-06 11:15:00+05:30,488.45,489.43,488.03,489.33,119908
2015-07-06 11:45:00+05:30,489.33,490.38,488.5,489.25,150364
2015-07-06 12:15:00+05:30,489.0,490.7,488.75,490.0,295060
2015-07-06 12:45:00+05:30,490.0,490.5,489.5,489.8,187980
2015-07-06 13:15:00+05:30,489.8,490.98,489.0,489.53,281096
2015-07-06 13:45:00+05:30,489.53,490.18,489.03,489.98,126746
2015-07-06 14:15:00+05:30,489.98,492.5,489.5,490.75,602506
2015-07-06 14:45:00+05:30,490.73,493.25,490.05,491.73,795632
2015-07-06 15:15:00+05:30,491.7,492.0,490.3,490.63,607118
2015-07-07 09:15:00+05:30,492.25,494.4,491.53,492.48,394902
2015-07-07 09:45:00+05:30,492.45,494.25,491.98,494.25,264774
2015-07-07 10:15:00+05:30,494.23,494.88,493.68,494.0,250812
2015-07-07 10:45:00+05:30,494.25,494.95,493.65,493.93,238836
2015-07-07 11:15:00+05:30,493.83,494.25,492.75,493.5,129036
2015-07-07 11:45:00+05:30,493.5,494.15,493.3,493.63,110942
2015-07-07 12:15:00+05:30,493.53,494.0,493.05,493.85,243444
2015-07-07 12:45:00+05:30,493.75,494.25,493.53,494.25,155600
2015-07-07 13:15:00+05:30,494.0,494.25,493.6,494.2,121258
2015-07-07 13:45:00+05:30,494.2,494.23,492.53,492.58,187190
2015-07-07 14:15:00+05:30,492.58,493.4,491.53,492.03,229808
2015-07-07 14:45:00+05:30,492.03,492.83,489.53,489.95,616044
2015-07-07 15:15:00+05:30,490.0,490.85,489.5,490.5,549330
2015-07-08 09:15:00+05:30,489.23,489.25,484.4,486.43,494752
2015-07-08 09:45:00+05:30,486.43,487.28,485.85,487.03,314404
2015-07-08 10:15:00+05:30,487.03,487.15,485.88,486.0,237070
2015-07-08 10:45:00+05:30,486.0,486.5,482.75,483.5,586840
2015-07-08 11:15:00+05:30,483.5,484.0,478.65,480.85,627730
2015-07-08 11:45:00+05:30,480.85,481.0,480.0,480.75,247008
2015-07-08 12:15:00+05:30,480.75,480.75,477.55,480.4,418484
2015-07-08 12:45:00+05:30,480.3,481.8,478.03,478.45,416532
2015-07-08 13:15:00+05:30,478.45,480.7,477.68,479.9,423826
2015-07-08 13:45:00+05:30,480.0,482.5,478.55,479.98,694580
2015-07-08 14:15:00+05:30,479.98,482.05,479.9,481.98,643808
2015-07-08 14:45:00+05:30,481.98,481.98,478.5,478.85,1008890
2015-07-08 15:15:00+05:30,478.85,479.33,477.4,478.63,895692
2015-07-09 09:15:00+05:30,478.75,483.0,475.33,475.7,904318
2015-07-09 09:45:00+05:30,475.7,476.25,470.18,471.63,981798
2015-07-09 10:15:00+05:30,471.7,473.3,471.03,472.75,493866
2015-07-09 10:45:00+05:30,472.75,473.6,470.53,470.55,507310
2015-07-09 11:15:00+05:30,470.55,471.4,470.35,471.0,531518
2015-07-09 11:45:00+05:30,471.0,473.48,470.75,471.88,543672
2015-07-09 12:15:00+05:30,471.88,472.83,470.68,470.75,381692
2015-07-09 12:45:00+05:30,470.75,472.0,470.03,470.13,477944
2015-07-09 13:15:00+05:30,470.13,470.75,468.75,470.0,606252
2015-07-09 13:45:00+05:30,470.0,470.9,469.43,469.63,392564
2015-07-09 14:15:00+05:30,469.6,470.25,467.75,468.48,564974
2015-07-09 14:45:00+05:30,468.5,469.2,467.05,468.5,1111576
2015-07-09 15:15:00+05:30,468.53,471.0,468.0,470.1,1078268
2015-07-10 09:15:00+05:30,474.45,475.98,469.58,472.5,830598
2015-07-10 09:45:00+05:30,472.5,473.48,471.53,471.6,475790
2015-07-10 10:15:00+05:30,471.63,471.9,469.05,469.95,649396
2015-07-10 10:45:00+05:30,469.95,471.0,469.25,470.83,417380
2015-07-10 11:15:00+05:30,470.83,471.6,470.5,471.5,276496
2015-07-10 11:45:00+05:30,471.5,471.85,470.98,470.98,248994
2015-07-10 12:15:00+05:30,471.0,472.75,470.83,472.5,259086
2015-07-10 12:45:00+05:30,472.75,472.9,471.45,472.25,381482
2015-07-10 13:15:00+05:30,472.25,473.3,471.9,472.48,368984
2015-07-10 13:45:00+05:30,472.5,472.55,469.6,469.8,513692
2015-07-10 14:15:00+05:30,469.8,470.5,468.05,469.5,589664
2015-07-10 14:45:00+05:30,469.5,471.0,468.98,469.2,1390004
2015-07-10 15:15:00+05:30,469.2,469.83,466.38,467.55,996284
2015-07-13 09:15:00+05:30,471.03,472.48,469.85,470.68,521976
2015-07-13 09:45:00+05:30,470.68,470.83,468.63,469.13,240972
2015-07-13 10:15:00+05:30,469.13,469.48,468.5,469.3,229430
2015-07-13 10:45:00+05:30,469.3,469.33,467.58,467.7,238646
2015-07-13 11:15:00+05:30,467.7,467.9,467.3,467.73,434818
2015-07-13 11:45:00+05:30,467.73,467.95,467.03,467.1,282202
2015-07-13 12:15:00+05:30,467.1,475.7,467.1,475.0,835282
2015-07-13 12:45:00+05:30,475.0,476.0,473.75,474.5,677818
2015-07-13 13:15:00+05:30,474.5,475.48,474.35,475.3,471402
2015-07-13 13:45:00+05:30,475.15,476.9,474.78,475.95,558074
2015-07-13 14:15:00+05:30,475.95,477.45,474.98,476.8,535096
2015-07-13 14:45:00+05:30,476.8,477.1,475.0,475.1,800854
2015-07-13 15:15:00+05:30,475.1,475.3,474.1,475.3,700572
2015-07-14 09:15:00+05:30,477.45,477.45,473.53,474.33,351464
2015-07-14 09:45:00+05:30,474.33,475.58,472.75,474.9,206506
2015-07-14 10:15:00+05:30,474.85,474.93,473.53,474.0,145238
2015-07-14 10:45:00+05:30,474.05,474.73,473.0,474.5,233896
2015-07-14 11:15:00+05:30,474.5,475.0,474.0,474.6,155386
2015-07-14 11:45:00+05:30,474.75,475.5,474.4,475.0,89076
2015-07-14 12:15:00+05:30,475.0,479.48,474.75,478.95,390360
2015-07-14 12:45:00+05:30,479.0,479.7,477.6,478.78,461156
2015-07-14 13:15:00+05:30,478.78,480.98,478.0,480.95,479132
2015-07-14 13:45:00+05:30,480.95,484.35,480.1,484.0,645322
2015-07-14 14:15:00+05:30,484.0,484.95,481.7,484.5,662094
2015-07-14 14:45:00+05:30,484.4,486.75,483.75,486.03,861098
2015-07-14 15:15:00+05:30,486.03,486.28,484.23,485.0,680006
2015-07-15 09:15:00+05:30,485.0,488.43,484.03,487.95,692306
2015-07-15 09:45:00+05:30,487.95,488.5,487.0,487.65,233052
2015-07-15 10:15:00+05:30,487.6,488.0,486.6,488.0,208714
2015-07-15 10:45:00+05:30,487.98,491.28,487.95,491.03,455226
2015-07-15 11:15:00+05:30,491.03,491.05,490.25,490.5,171208
2015-07-15 11:45:00+05:30,490.5,491.98,490.25,491.78,197488
2015-07-15 12:15:00+05:30,491.78,492.98,491.48,492.85,212386
2015-07-15 12:45:00+05:30,492.9,492.95,490.8,491.45,172272
2015-07-15 13:15:00+05:30,491.48,492.4,490.3,492.2,225018
2015-07-15 13:45:00+05:30,492.18,492.6,491.3,492.25,217216
2015-07-15 14:15:00+05:30,492.25,492.95,491.3,492.58,257452
2015-07-15 14:45:00+05:30,492.65,492.75,490.6,492.55,613114
2015-07-15 15:15:00+05:30,492.5,492.88,491.38,492.23,466964
2015-07-16 09:15:00+05:30,493.5,494.95,493.0,494.4,397300
2015-07-16 09:45:00+05:30,494.38,495.73,493.68,494.5,358748
2015-07-16 10:15:00+05:30,494.5,494.6,489.75,490.88,315540
2015-07-16 10:45:00+05:30,490.7,494.25,490.03,493.3,367168
2015-07-16 11:15:00+05:30,493.25,495.25,492.7,492.75,356406
2015-07-16 11:45:00+05:30,492.75,494.45,492.43,494.3,130002
2015-07-16 12:15:00+05:30,494.33,494.5,492.6,493.53,87664
2015-07-16 12:45:00+05:30,493.53,494.2,493.0,493.98,109674
2015-07-16 13:15:00+05:30,493.98,494.75,491.88,492.35,205844
2015-07-16 13:45:00+05:30,492.2,494.2,492.2,494.0,223204
2015-07-16 14:15:00+05:30,494.0,494.25,493.0,493.93,245044
2015-07-16 14:45:00+05:30,494.0,494.73,493.75,494.45,363518
2015-07-16 15:15:00+05:30,494.23,495.25,494.08,495.0,309484
2015-07-17 09:15:00+05:30,495.5,497.98,495.25,496.73,303146
2015-07-17 09:45:00+05:30,496.55,498.45,496.33,497.75,135920
2015-07-17 10:15:00+05:30,497.75,498.0,496.43,496.7,84164
2015-07-17 10:45:00+05:30,496.7,498.0,495.95,497.5,159690
2015-07-17 11:15:00+05:30,497.5,498.25,496.78,497.78,126720
2015-07-17 11:45:00+05:30,497.78,498.85,496.05,496.4,216746
2015-07-17 12:15:00+05:30,496.05,497.38,495.5,497.0,194140
2015-07-17 12:45:00+05:30,497.1,497.25,494.55,495.5,219418
2015-07-17 13:15:00+05:30,495.5,498.85,495.0,498.5,292370
2015-07-17 13:45:00+05:30,498.73,500.9,498.13,500.0,501658
2015-07-17 14:15:00+05:30,500.0,501.6,499.25,500.83,363576
2015-07-17 14:45:00+05:30,500.75,502.25,500.55,500.93,417346
2015-07-17 15:15:00+05:30,500.93,501.15,499.98,500.0,428496
2015-07-20 09:15:00+05:30,500.0,500.0,494.0,496.2,467770
2015-07-20 09:45:00+05:30,496.2,496.5,494.75,495.43,181016
2015-07-20 10:15:00+05:30,495.43,495.9,493.7,494.63,192460
2015-07-20 10:45:00+05:30,494.63,496.08,494.4,495.93,130316
2015-07-20 11:15:00+05:30,495.93,497.43,495.93,497.13,196344
2015-07-20 11:45:00+05:30,497.13,499.45,496.5,498.03,243796
2015-07-20 12:15:00+05:30,498.0,499.95,497.6,498.38,222416
2015-07-20 12:45:00+05:30,498.38,500.0,498.13,499.73,263254
2015-07-20 13:15:00+05:30,499.73,500.0,498.95,499.0,268748
2015-07-20 13:45:00+05:30,499.0,502.75,498.9,502.6,413224
2015-07-20 14:15:00+05:30,502.75,504.0,501.6,503.5,463956
2015-07-20 14:45:00+05:30,503.58,505.4,500.0,500.4,723096
2015-07-20 15:15:00+05:30,500.53,500.75,497.75,499.0,590522
2015-07-21 09:15:00+05:30,523.83,545.3,523.83,541.75,8339030
2015-07-21 09:45:00+05:30,541.75,557.95,541.55,550.03,7430836
2015-07-21 10:15:00+05:30,550.0,552.5,548.05,549.65,2357394
2015-07-21 10:45:00+05:30,549.9,552.0,549.13,551.98,2368478
2015-07-21 11:15:00+05:30,551.95,552.5,549.05,549.98,2279242
2015-07-21 11:45:00+05:30,549.98,550.45,549.15,550.05,2627782
2015-07-21 12:15:00+05:30,550.05,552.5,550.0,551.5,1151250
2015-07-21 12:45:00+05:30,551.53,554.98,550.75,554.5,1496930
2015-07-21 13:15:00+05:30,554.5,559.5,554.5,558.9,2721590
2015-07-21 13:45:00+05:30,558.63,564.5,558.6,561.88,2768810
2015-07-21 14:15:00+05:30,561.8,562.4,559.13,560.68,1458564
2015-07-21 14:45:00+05:30,560.68,560.68,554.05,555.4,2115796
2015-07-21 15:15:00+05:30,555.8,558.83,555.0,558.18,1118404
2015-07-22 09:15:00+05:30,549.9,549.9,538.55,542.75,2143172
2015-07-22 09:45:00+05:30,542.8,550.73,542.78,549.4,1277848
2015-07-22 10:15:00+05:30,549.4,553.95,548.75,550.1,1321672
2015-07-22 10:45:00+05:30,550.1,552.5,549.5,550.8,725786
2015-07-22 11:15:00+05:30,550.8,554.53,550.8,552.98,988078
2015-07-22 11:45:00+05:30,552.98,553.6,550.03,552.98,786864
2015-07-22 12:15:00+05:30,552.9,553.28,551.75,552.48,794172
2015-07-22 12:45:00+05:30,552.48,553.95,550.75,552.5,553914
2015-07-22 13:15:00+05:30,552.5,553.3,551.48,551.93,516712
2015-07-22 13:45:00+05:30,551.9,552.63,550.6,551.65,571764
2015-07-22 14:15:00+05:30,551.65,552.45,551.1,551.75,641166
2015-07-22 14:45:00+05:30,551.73,555.5,551.45,552.0,1380642
2015-07-22 15:15:00+05:30,551.95,552.45,549.23,550.0,938144
2015-07-23 09:15:00+05:30,550.58,552.43,545.3,548.98,904444
2015-07-23 09:45:00+05:30,548.88,554.35,548.53,554.2,606832
2015-07-23 10:15:00+05:30,554.0,557.43,553.5,556.25,612932
2015-07-23 10:45:00+05:30,556.23,558.25,555.78,556.85,523506
2015-07-23 11:15:00+05:30,556.8,556.98,553.55,555.33,358178
2015-07-23 11:45:00+05:30,555.35,556.98,555.08,556.85,331996
2015-07-23 12:15:00+05:30,556.85,556.98,556.05,556.8,223740
2015-07-23 12:45:00+05:30,556.8,558.5,556.25,557.28,901386
2015-07-23 13:15:00+05:30,557.25,557.5,550.0,552.35,516628
2015-07-23 13:45:00+05:30,552.25,554.9,551.45,552.45,381320
2015-07-23 14:15:00+05:30,552.45,555.98,552.0,555.3,385980
2015-07-23 14:45:00+05:30,555.43,555.6,545.5,548.8,1036848
2015-07-23 15:15:00+05:30,548.8,550.2,546.53,547.5,917956
2015-07-24 09:15:00+05:30,548.2,553.23,545.5,547.33,727164
2015-07-24 09:45:00+05:30,547.3,547.5,545.63,546.55,314156
2015-07-24 10:15:00+05:30,546.55,546.6,542.58,543.55,368844
2015-07-24 10:45:00+05:30,543.55,545.95,543.53,544.38,197474
2015-07-24 11:15:00+05:30,544.38,546.3,543.78,544.6,235006
2015-07-24 11:45:00+05:30,544.6,545.5,543.75,545.05,141864
2015-07-24 12:15:00+05:30,545.3,545.88,544.35,545.23,129898
2015-07-24 12:45:00+05:30,545.23,547.2,544.78,546.2,174452
2015-07-24 13:15:00+05:30,546.2,546.25,543.1,544.98,178058
2015-07-24 13:45:00+05:30,545.0,546.0,543.85,544.98,153680
2015-07-24 14:15:00+05:30,544.83,546.25,544.45,544.95,367830
2015-07-24 14:45:00+05:30,544.95,545.0,541.55,544.5,835050
2015-07-24 15:15:00+05:30,544.5,545.0,543.6,544.0,647396
2015-07-27 09:15:00+05:30,543.38,543.7,537.5,539.7,933958
2015-07-27 09:45:00+05:30,539.75,540.0,537.5,538.68,370190
2015-07-27 10:15:00+05:30,538.68,539.5,534.25,536.48,366428
2015-07-27 10:45:00+05:30,536.48,538.75,536.13,537.7,341738
2015-07-27 11:15:00+05:30,537.7,541.0,537.68,539.63,331514
2015-07-27 11:45:00+05:30,539.63,540.33,538.95,540.25,248886
2015-07-27 12:15:00+05:30,540.25,540.3,538.05,538.75,329022
2015-07-27 12:45:00+05:30,538.75,539.5,538.25,539.0,290226
2015-07-27 13:15:00+05:30,538.95,539.5,538.0,539.43,234172
2015-07-27 13:45:00+05:30,539.43,540.0,537.5,538.03,329570
2015-07-27 14:15:00+05:30,538.03,540.0,535.5,535.53,405768
2015-07-27 14:45:00+05:30,535.53,535.93,530.55,530.98,1348520
2015-07-27 15:15:00+05:30,530.98,534.18,530.23,532.5,1209400
2015-07-28 09:15:00+05:30,534.95,537.4,531.75,533.8,1014042
2015-07-28 09:45:00+05:30,533.8,534.75,532.03,532.43,501770
2015-07-28 10:15:00+05:30,532.43,537.35,532.33,536.0,623940
2015-07-28 10:45:00+05:30,536.28,538.0,533.25,533.3,726440
2015-07-28 11:15:00+05:30,533.25,536.63,533.25,535.93,499404
2015-07-28 11:45:00+05:30,535.93,536.18,534.2,535.25,475874
2015-07-28 12:15:00+05:30,535.25,535.7,532.3,532.85,404530
2015-07-28 12:45:00+05:30,532.85,534.2,531.58,533.18,464276
2015-07-28 13:15:00+05:30,533.08,534.0,527.23,528.78,617244
2015-07-28 13:45:00+05:30,528.78,532.5,528.0,532.48,496562
2015-07-28 14:15:00+05:30,532.48,532.85,529.85,531.23,602100
2015-07-28 14:45:00+05:30,531.23,532.55,530.0,531.55,1073292
2015-07-28 15:15:00+05:30,531.6,534.1,528.75,533.05,970456
2015-07-29 09:15:00+05:30,536.95,538.1,532.5,535.5,899494
2015-07-29 09:45:00+05:30,535.5,538.0,534.5,537.45,350744
2015-07-29 10:15:00+05:30,537.4,542.5,537.13,541.48,656762
2015-07-29 10:45:00+05:30,541.48,542.9,540.5,542.4,411566
2015-07-29 11:15:00+05:30,542.4,542.78,540.78,541.78,265398
2015-07-29 11:45:00+05:30,541.78,545.75,541.73,544.3,509572
2015-07-29 12:15:00+05:30,544.3,546.0,543.75,544.1,413064
2015-07-29 12:45:00+05:30,543.83,544.98,543.33,544.68,493920
2015-07-29 13:15:00+05:30,544.68,544.98,541.0,541.75,428124
2015-07-29 13:45:00+05:30,541.78,542.23,540.0,540.63,551700
2015-07-29 14:15:00+05:30,540.63,544.65,540.08,543.98,582634
2015-07-29 14:45:00+05:30,543.98,544.5,541.5,542.8,775392
2015-07-29 15:15:00+05:30,542.8,543.88,541.78,543.0,716194
2015-07-30 09:15:00+05:30,545.0,545.0,540.93,541.0,1035440
2015-07-30 09:45:00+05:30,541.25,542.5,537.9,541.55,549438
2015-07-30 10:15:00+05:30,541.55,543.0,539.83,542.43,485914
2015-07-30 10:45:00+05:30,542.5,543.0,540.53,542.7,530132
2015-07-30 11:15:00+05:30,542.75,543.85,542.5,543.3,356068
2015-07-30 11:45:00+05:30,543.3,544.7,542.35,542.48,483796
2015-07-30 12:15:00+05:30,542.5,544.0,541.6,542.45,552732
2015-07-30 12:45:00+05:30,542.45,542.9,539.83,541.23,821014
2015-07-30 13:15:00+05:30,541.35,541.95,536.83,538.98,753200
2015-07-30 13:45:00+05:30,538.98,540.25,538.18,539.0,638500
2015-07-30 14:15:00+05:30,538.8,539.78,534.98,535.15,847158
2015-07-30 14:45:00+05:30,535.38,539.75,529.23,536.63,2816296
2015-07-30 15:15:00+05:30,536.65,540.0,533.75,535.5,2077204
2015-07-31 09:15:00+05:30,538.0,540.33,535.0,536.83,1042984
2015-07-31 09:45:00+05:30,536.83,536.83,530.0,531.75,709860
2015-07-31 10:15:00+05:30,531.75,532.8,530.63,531.63,471558
2015-07-31 10:45:00+05:30,531.63,536.7,530.9,534.0,589668
2015-07-31 11:15:00+05:30,534.0,534.75,532.83,534.35,383224
2015-07-31 11:45:00+05:30,534.35,535.4,533.88,534.58,284112
2015-07-31 12:15:00+05:30,534.58,536.08,532.5,532.5,374114
2015-07-31 12:45:00+05:30,532.4,533.78,531.83,533.65,394450
2015-07-31 13:15:00+05:30,533.65,536.0,533.28,535.9,442250
2015-07-31 13:45:00+05:30,535.75,536.93,535.0,535.65,476964
2015-07-31 14:15:00+05:30,535.65,536.5,534.0,535.65,474652
2015-07-31 14:45:00+05:30,535.65,540.0,535.08,538.35,1300100
2015-07-31 15:15:00+05:30,538.35,540.63,536.75,539.25,982182
2015-08-03 09:15:00+05:30,538.8,542.5,534.48,542.0,3099492
2015-08-03 09:45:00+05:30,542.23,543.38,540.08,540.95,367444
2015-08-03 10:15:00+05:30,540.95,541.5,537.98,539.75,291458
2015-08-03 10:45:00+05:30,539.75,540.0,538.38,538.48,257996
2015-08-03 11:15:00+05:30,538.48,540.0,537.5,539.75,343384
2015-08-03 11:45:00+05:30,539.75,541.95,539.4,541.45,310182
2015-08-03 12:15:00+05:30,541.45,542.0,540.23,541.88,253862
2015-08-03 12:45:00+05:30,541.85,542.5,539.35,540.0,370464
2015-08-03 13:15:00+05:30,540.0,542.5,538.55,541.0,331084
2015-08-03 13:45:00+05:30,541.0,543.5,541.0,543.15,290158
2015-08-03 14:15:00+05:30,543.35,546.0,539.5,539.5,786672
2015-08-03 14:45:00+05:30,539.45,543.2,538.25,540.0,749930
2015-08-03 15:15:00+05:30,540.13,540.23,536.48,537.5,493234
2015-08-04 09:15:00+05:30,539.4,539.4,531.95,533.35,1144018
2015-08-04 09:45:00+05:30,533.35,533.65,531.13,531.2,622940
2015-08-04 10:15:00+05:30,531.13,531.98,530.35,530.78,589566
2015-08-04 10:45:00+05:30,530.78,533.98,530.53,531.43,548924
2015-08-04 11:15:00+05:30,531.43,532.0,531.1,531.6,344512
2015-08-04 11:45:00+05:30,531.68,531.85,528.05,529.25,597766
2015-08-04 12:15:00+05:30,529.25,530.9,526.28,526.88,471738
2015-08-04 12:45:00+05:30,527.0,529.0,525.5,527.53,745752
2015-08-04 13:15:00+05:30,527.53,529.53,526.53,529.25,425456
2015-08-04 13:45:00+05:30,529.25,531.53,528.5,531.15,574334
2015-08-04 14:15:00+05:30,531.15,533.85,531.13,532.83,560128
2015-08-04 14:45:00+05:30,532.83,533.98,526.95,527.85,1403832
2015-08-04 15:15:00+05:30,527.98,529.8,526.5,529.1,1060012
2015-08-05 09:15:00+05:30,531.95,538.0,531.83,535.75,786532
2015-08-05 09:45:00+05:30,535.75,538.4,535.5,538.35,392468
2015-08-05 10:15:00+05:30,538.35,540.0,538.0,538.83,331852
2015-08-05 10:45:00+05:30,538.78,539.8,538.05,539.2,296786
2015-08-05 11:15:00+05:30,539.2,539.93,538.45,539.5,125734
2015-08-05 11:45:00+05:30,539.5,539.5,538.5,539.45,132872
2015-08-05 12:15:00+05:30,539.4,542.45,539.1,541.4,247172
2015-08-05 12:45:00+05:30,541.4,542.5,540.63,541.33,156324
2015-08-05 13:15:00+05:30,541.33,542.45,541.0,542.25,157270
2015-08-05 13:45:00+05:30,542.25,543.4,540.5,542.03,282596
2015-08-05 14:15:00+05:30,542.03,542.7,541.0,542.43,209524
2015-08-05 14:45:00+05:30,542.43,544.63,541.5,543.1,875994
2015-08-05 15:15:00+05:30,543.13,545.0,542.5,543.33,753320
2015-08-06 09:15:00+05:30,548.23,552.55,546.5,547.28,1232602
2015-08-06 09:45:00+05:30,547.43,549.93,547.25,547.48,442674
2015-08-06 10:15:00+05:30,547.45,548.75,547.45,548.2,467050
2015-08-06 10:45:00+05:30,548.23,548.38,545.05,546.28,393922
2015-08-06 11:15:00+05:30,546.3,547.53,543.05,544.2,366852
2015-08-06 11:45:00+05:30,544.2,544.38,540.03,541.38,374748
2015-08-06 12:15:00+05:30,541.38,542.23,540.0,540.63,289542
2015-08-06 12:45:00+05:30,540.63,541.3,538.58,539.95,339234
2015-08-06 13:15:00+05:30,539.73,542.5,539.6,540.2,351324
2015-08-06 13:45:00+05:30,540.2,541.48,538.5,538.55,370784
2015-08-06 14:15:00+05:30,538.6,542.5,538.5,541.83,514884
2015-08-06 14:45:00+05:30,541.7,543.98,540.0,543.5,1193014
2015-08-06 15:15:00+05:30,543.5,545.0,543.0,544.0,880758
2015-08-07 09:15:00+05:30,541.13,547.23,539.5,546.95,464994
2015-08-07 09:45:00+05:30,546.95,548.73,545.75,548.5,259808
2015-08-07 10:15:00+05:30,548.5,549.13,546.85,547.95,415896
2015-08-07 10:45:00+05:30,547.95,548.88,547.25,547.35,415072
2015-08-07 11:15:00+05:30,547.63,548.98,545.8,548.48,351624
2015-08-07 11:45:00+05:30,548.48,549.95,547.63,548.98,234748
2015-08-07 12:15:00+05:30,548.95,550.5,548.0,550.0,339674
2015-08-07 12:45:00+05:30,550.0,550.0,548.3,548.98,195352
2015-08-07 13:15:00+05:30,548.98,549.5,547.53,548.1,412550
2015-08-07 13:45:00+05:30,548.1,548.5,547.08,547.55,257856
2015-08-07 14:15:00+05:30,547.55,549.25,547.4,547.78,363958
2015-08-07 14:45:00+05:30,548.0,550.0,546.05,546.65,793714
2015-08-07 15:15:00+05:30,546.75,549.5,546.6,548.5,479440
2015-08-10 09:15:00+05:30,549.03,553.18,546.85,551.38,320038
2015-08-10 09:45:00+05:30,551.38,551.98,549.78,550.45,206152
2015-08-10 10:15:00+05:30,550.45,551.45,550.03,550.8,94934
2015-08-10 10:45:00+05:30,550.8,551.5,550.0,550.0,126888
2015-08-10 11:15:00+05:30,550.03,550.5,549.25,550.25,112882
2015-08-10 11:45:00+05:30,550.25,551.5,550.25,551.0,137574
2015-08-10 12:15:00+05:30,551.0,551.8,551.0,551.1,116248
2015-08-10 12:45:00+05:30,551.1,551.4,550.95,551.0,114502
2015-08-10 13:15:00+05:30,551.0,551.25,547.65,549.55,251156
2015-08-10 13:45:00+05:30,549.58,551.45,549.0,551.38,140180
2015-08-10 14:15:00+05:30,551.35,551.5,549.5,550.48,123842
2015-08-10 14:45:00+05:30,550.5,551.85,533.68,540.95,1422404
2015-08-10 15:15:00+05:30,540.98,546.0,540.1,545.5,820446
2015-08-11 09:15:00+05:30,549.78,555.2,547.88,551.23,1146350
2015-08-11 09:45:00+05:30,551.23,551.45,549.9,550.1,379220
2015-08-11 10:15:00+05:30,550.1,551.5,550.03,551.4,378168
2015-08-11 10:45:00+05:30,551.4,552.95,550.63,552.4,521548
2015-08-11 11:15:00+05:30,552.38,552.93,549.43,552.13,522538
2015-08-11 11:45:00+05:30,552.13,553.4,551.25,552.55,548938
2015-08-11 12:15:00+05:30,552.7,553.95,552.0,552.98,427640
2015-08-11 12:45:00+05:30,552.98,554.45,551.83,553.38,338352
2015-08-11 13:15:00+05:30,553.38,554.0,551.75,553.63,303812
2015-08-11 13:45:00+05:30,553.6,555.0,551.0,551.83,453912
2015-08-11 14:15:00+05:30,551.83,553.95,551.75,553.03,470284
2015-08-11 14:45:00+05:30,553.03,554.0,551.83,553.63,1016184
2015-08-11 15:15:00+05:30,553.63,558.0,553.28,557.5,1053876
2015-08-12 09:15:00+05:30,558.75,564.73,557.33,561.25,1127444
2015-08-12 09:45:00+05:30,561.08,566.53,560.35,565.43,1220388
2015-08-12 10:15:00+05:30,565.43,567.05,564.03,566.5,517078
2015-08-12 10:45:00+05:30,566.5,568.63,565.75,567.35,689682
2015-08-12 11:15:00+05:30,567.35,569.9,566.95,568.95,740562
2015-08-12 11:45:00+05:30,568.95,570.45,568.5,568.9,495596
2015-08-12 12:15:00+05:30,569.0,572.0,568.6,570.98,633222
2015-08-12 12:45:00+05:30,570.98,571.4,567.03,568.65,722092
2015-08-12 13:15:00+05:30,568.68,571.0,568.65,570.78,550222
2015-08-12 13:45:00+05:30,570.65,573.5,569.73,569.73,774290
2015-08-12 14:15:00+05:30,569.73,573.5,569.73,573.45,662886
2015-08-12 14:45:00+05:30,573.45,574.5,571.55,572.03,1207862
2015-08-12 15:15:00+05:30,571.6,573.85,569.33,570.5,819378
2015-08-13 09:15:00+05:30,573.5,576.0,530.0,572.7,1936632
2015-08-13 09:45:00+05:30,572.7,579.95,572.05,578.23,772908
2015-08-13 10:15:00+05:30,578.0,579.75,576.5,577.1,420090
2015-08-13 10:45:00+05:30,577.08,577.38,572.88,576.1,422172
2015-08-13 11:15:00+05:30,576.1,576.9,575.0,576.0,301630
2015-08-13 11:45:00+05:30,575.98,577.5,575.5,576.73,383090
2015-08-13 12:15:00+05:30,576.7,579.9,576.5,579.48,672922
2015-08-13 12:45:00+05:30,579.48,581.05,578.88,580.35,481478
2015-08-13 13:15:00+05:30,580.35,581.25,578.43,579.75,460130
2015-08-13 13:45:00+05:30,579.5,582.5,577.85,582.0,727410
2015-08-13 14:15:00+05:30,582.0,583.43,580.75,582.68,951754
2015-08-13 14:45:00+05:30,582.68,583.13,577.5,579.0,1423980
2015-08-13 15:15:00+05:30,578.83,582.43,576.18,582.43,825954
2015-08-14 09:15:00+05:30,581.5,584.35,581.3,581.88,579432
2015-08-14 09:45:00+05:30,581.98,581.98,576.83,576.88,603174
2015-08-14 10:15:00+05:30,576.75,579.63,575.5,576.58,503976
2015-08-14 10:45:00+05:30,576.8,582.5,574.3,579.5,477106
2015-08-14 11:15:00+05:30,579.4,581.83,577.63,580.15,244132
2015-08-14 11:45:00+05:30,580.08,582.5,580.08,581.5,231180
2015-08-14 12:15:00+05:30,581.53,581.98,579.5,580.0,230642
2015-08-14 12:45:00+05:30,580.0,581.5,579.3,580.9,256982
2015-08-14 13:15:00+05:30,580.45,581.95,580.28,581.73,211134
2015-08-14 13:45:00+05:30,581.65,582.0,581.0,581.83,189464
2015-08-14 14:15:00+05:30,581.8,581.85,576.58,576.58,298694
2015-08-14 14:45:00+05:30,576.58,578.5,574.25,575.78,619488
2015-08-14 15:15:00+05:30,575.4,576.75,571.68,574.23,655538
2015-08-17 09:15:00+05:30,575.0,575.55,566.25,568.73,379546
2015-08-17 09:45:00+05:30,568.73,569.0,565.38,566.1,184128
2015-08-17 10:15:00+05:30,566.33,566.8,562.0,562.5,241994
2015-08-17 10:45:00+05:30,562.5,564.18,561.78,562.55,222044
2015-08-17 11:15:00+05:30,562.53,563.5,561.25,563.13,160132
2015-08-17 11:45:00+05:30,563.13,570.5,563.1,567.5,283290
2015-08-17 12:15:00+05:30,567.28,571.73,567.25,569.85,165582
2015-08-17 12:45:00+05:30,569.85,572.0,568.2,568.85,133608
2015-08-17 13:15:00+05:30,568.7,570.95,567.5,570.15,129220
2015-08-17 13:45:00+05:30,570.15,570.85,568.0,568.05,90026
2015-08-17 14:15:00+05:30,568.05,570.15,565.2,569.1,209042
2015-08-17 14:45:00+05:30,569.1,573.43,568.45,570.48,561778
2015-08-17 15:15:00+05:30,570.48,571.5,568.53,570.55,344064
2015-08-18 09:15:00+05:30,575.75,586.7,575.75,585.85,679924
2015-08-18 09:45:00+05:30,585.85,587.0,583.2,586.03,402252
2015-08-18 10:15:00+05:30,586.03,588.85,585.55,587.95,498674
2015-08-18 10:45:00+05:30,587.95,588.05,586.0,586.08,237246
2015-08-18 11:15:00+05:30,586.18,587.28,585.5,586.45,167916
2015-08-18 11:45:00+05:30,586.45,586.5,580.3,581.45,309442
2015-08-18 12:15:00+05:30,581.5,585.03,581.38,583.78,206012
2015-08-18 12:45:00+05:30,583.83,585.45,581.6,583.3,189232
2015-08-18 13:15:00+05:30,583.13,583.93,580.78,581.43,158272
2015-08-18 13:45:00+05:30,581.4,583.0,581.25,582.2,124244
2015-08-18 14:15:00+05:30,582.03,584.75,581.63,584.0,165902
2015-08-18 14:45:00+05:30,584.0,584.75,581.03,582.33,504920
2015-08-18 15:15:00+05:30,582.33,583.23,580.83,581.25,500432
2015-08-19 09:15:00+05:30,584.5,588.0,583.0,584.03,894596
2015-08-19 09:45:00+05:30,584.0,584.3,581.5,582.73,459552
2015-08-19 10:15:00+05:30,582.53,584.9,582.0,584.13,412480
2015-08-19 10:45:00+05:30,584.13,587.4,583.73,587.4,506440
2015-08-19 11:15:00+05:30,587.45,589.5,586.23,589.0,556308
2015-08-19 11:45:00+05:30,589.03,591.25,588.33,590.43,662626
2015-08-19 12:15:00+05:30,590.35,593.0,590.0,591.98,594060
2015-08-19 12:45:00+05:30,592.15,593.0,590.93,592.73,394734
2015-08-19 13:15:00+05:30,592.7,592.98,589.1,591.13,405944
2015-08-19 13:45:00+05:30,591.2,592.0,589.58,591.5,344700
2015-08-19 14:15:00+05:30,591.5,592.25,589.18,592.2,532448
2015-08-19 14:45:00+05:30,592.23,592.25,587.3,587.8,624312
2015-08-19 15:15:00+05:30,587.8,588.5,584.63,587.48,462470
2015-08-20 09:15:00+05:30,582.28,584.2,579.2,580.83,811090
2015-08-20 09:45:00+05:30,580.5,581.0,570.25,573.5,789490
2015-08-20 10:15:00+05:30,573.3,573.5,570.25,571.18,362504
2015-08-20 10:45:00+05:30,571.18,572.83,569.75,571.93,452118
2015-08-20 11:15:00+05:30,571.93,572.75,570.0,570.2,449260
2015-08-20 11:45:00+05:30,570.18,570.45,566.0,566.5,611790
2015-08-20 12:15:00+05:30,566.5,568.35,565.48,567.5,474428
2015-08-20 12:45:00+05:30,567.45,567.6,564.0,565.28,538510
2015-08-20 13:15:00+05:30,565.48,569.18,564.98,568.95,445682
2015-08-20 13:45:00+05:30,568.95,571.3,568.25,570.48,398506
2015-08-20 14:15:00+05:30,570.48,570.7,565.65,566.7,658568
2015-08-20 14:45:00+05:30,566.7,568.98,565.35,566.1,1420776
2015-08-20 15:15:00+05:30,566.15,571.0,564.3,570.45,944514
2015-08-21 09:15:00+05:30,569.5,578.0,559.08,577.63,2111032
2015-08-21 09:45:00+05:30,577.65,577.95,570.6,572.43,1146300
2015-08-21 10:15:00+05:30,572.43,572.48,562.98,568.8,895300
2015-08-21 10:45:00+05:30,568.7,573.5,568.0,572.83,535136
2015-08-21 11:15:00+05:30,572.83,575.5,571.75,572.45,660246
2015-08-21 11:45:00+05:30,572.45,574.78,572.05,572.85,469532
2015-08-21 12:15:00+05:30,572.85,572.85,569.25,571.88,421720
2015-08-21 12:45:00+05:30,571.88,573.78,570.65,571.78,439980
2015-08-21 13:15:00+05:30,571.78,572.8,570.0,572.75,374410
2015-08-21 13:45:00+05:30,572.75,572.98,570.5,571.65,531800
2015-08-21 14:15:00+05:30,571.65,574.5,571.2,574.45,581228
2015-08-21 14:45:00+05:30,574.45,580.13,574.28,577.03,1446116
2015-08-21 15:15:00+05:30,577.2,577.85,568.95,571.95,1189172
2015-08-24 09:15:00+05:30,552.0,559.88,550.25,558.03,1767440
2015-08-24 09:45:00+05:30,558.03,558.23,555.05,556.75,709932
2015-08-24 10:15:00+05:30,556.73,557.75,551.0,553.23,764626
2015-08-24 10:45:00+05:30,553.23,556.2,551.5,556.18,716924
2015-08-24 11:15:00+05:30,556.0,557.75,553.03,557.35,604968
2015-08-24 11:45:00+05:30,557.43,557.9,556.93,557.68,546690
2015-08-24 12:15:00+05:30,557.68,561.5,557.15,561.2,764730
2015-08-24 12:45:00+05:30,561.28,561.3,554.45,557.48,961592
2015-08-24 13:15:00+05:30,557.5,559.73,557.03,559.13,788778
2015-08-24 13:45:00+05:30,559.13,560.0,552.08,554.73,1053256
2015-08-24 14:15:00+05:30,554.73,557.7,551.95,553.35,1251536
2015-08-24 14:45:00+05:30,553.35,555.43,545.98,545.98,2282330
2015-08-24 15:15:00+05:30,546.25,546.25,539.43,544.4,1769406
2015-08-25 09:15:00+05:30,551.03,559.5,547.68,552.8,1883448
2015-08-25 09:45:00+05:30,552.78,557.1,548.4,550.25,961596
2015-08-25 10:15:00+05:30,550.25,550.55,536.93,537.45,882284
2015-08-25 10:45:00+05:30,537.25,537.25,526.55,526.75,1048908
2015-08-25 11:15:00+05:30,526.55,529.33,522.4,526.5,1011936
2015-08-25 11:45:00+05:30,526.43,537.9,525.5,536.98,967104
2015-08-25 12:15:00+05:30,536.83,541.58,532.83,540.48,1022594
2015-08-25 12:45:00+05:30,540.5,547.93,539.3,545.23,1100024
2015-08-25 13:15:00+05:30,545.23,547.5,543.58,545.45,711842
2015-08-25 13:45:00+05:30,545.45,547.5,544.23,547.25,834868
2015-08-25 14:15:00+05:30,547.25,547.9,543.0,546.45,997238
2015-08-25 14:45:00+05:30,546.45,547.0,540.05,543.0,1367564
2015-08-25 15:15:00+05:30,542.8,545.4,542.33,544.0,922778
2015-08-26 09:15:00+05:30,544.5,544.68,529.78,539.0,1540662
2015-08-26 09:45:00+05:30,539.18,547.0,538.05,546.03,784632
2015-08-26 10:15:00+05:30,546.0,548.5,543.38,546.98,842342
2015-08-26 10:45:00+05:30,546.75,547.38,543.4,547.1,716686
2015-08-26 11:15:00+05:30,547.13,547.75,541.03,541.18,559926
2015-08-26 11:45:00+05:30,541.3,545.5,540.03,544.1,703074
2015-08-26 12:15:00+05:30,544.1,544.4,540.63,543.4,660306
2015-08-26 12:45:00+05:30,543.03,545.25,542.15,543.28,598990
2015-08-26 13:15:00+05:30,543.4,543.45,539.65,542.7,582170
2015-08-26 13:45:00+05:30,542.7,542.75,536.0,537.25,593460
2015-08-26 14:15:00+05:30,537.23,537.5,531.63,532.48,803784
2015-08-26 14:45:00+05:30,532.48,536.4,529.98,531.43,1873458
2015-08-26 15:15:00+05:30,531.43,534.45,529.53,533.13,1231382
2015-08-27 09:15:00+05:30,543.88,543.88,540.1,542.7,1091830
2015-08-27 09:45:00+05:30,542.7,549.13,542.65,548.93,1079960
2015-08-27 10:15:00+05:30,548.98,549.5,546.0,546.28,537742
2015-08-27 10:45:00+05:30,546.28,546.95,543.18,543.2,629948
2015-08-27 11:15:00+05:30,543.3,544.65,539.28,540.73,689894
2015-08-27 11:45:00+05:30,540.78,544.2,539.3,544.2,676342
2015-08-27 12:15:00+05:30,544.18,546.98,541.73,542.45,848538
2015-08-27 12:45:00+05:30,542.45,545.48,541.5,545.43,667660
2015-08-27 13:15:00+05:30,545.23,546.83,542.6,545.53,816002
2015-08-27 13:45:00+05:30,545.5,545.75,542.08,544.68,740552
2015-08-27 14:15:00+05:30,544.68,545.43,543.0,544.83,549998
2015-08-27 14:45:00+05:30,544.8,545.7,539.3,542.4,3713094
2015-08-27 15:15:00+05:30,542.38,543.48,539.98,540.9,3277244
2015-08-28 09:15:00+05:30,550.8,558.88,550.8,557.5,950400
2015-08-28 09:45:00+05:30,557.5,560.5,556.28,559.8,505992
2015-08-28 10:15:00+05:30,559.8,560.0,557.1,558.5,307676
2015-08-28 10:45:00+05:30,558.5,559.5,557.63,557.98,328142
2015-08-28 11:15:00+05:30,557.98,558.03,553.5,556.68,474608
2015-08-28 11:45:00+05:30,556.68,558.55,556.28,558.38,261944
2015-08-28 12:15:00+05:30,558.4,559.75,557.68,559.68,261010
2015-08-28 12:45:00+05:30,559.5,559.8,557.5,558.5,329756
2015-08-28 13:15:00+05:30,558.5,559.13,556.03,557.5,497522
2015-08-28 13:45:00+05:30,557.53,560.0,556.0,559.38,516302
2015-08-28 14:15:00+05:30,559.0,562.45,558.03,559.5,688146
2015-08-28 14:45:00+05:30,559.08,559.8,555.0,555.1,1249222
2015-08-28 15:15:00+05:30,555.0,557.73,553.13,556.98,819800
2015-08-31 09:15:00+05:30,565.43,565.43,551.6,558.78,1018456
2015-08-31 09:45:00+05:30,558.5,558.83,555.5,555.5,399462
2015-08-31 10:15:00+05:30,555.53,555.53,541.75,550.88,912454
2015-08-31 10:45:00+05:30,550.88,551.78,549.4,550.85,354458
2015-08-31 11:15:00+05:30,550.83,552.6,549.78,550.03,415862
2015-08-31 11:45:00+05:30,550.08,550.7,546.3,549.05,279632
2015-08-31 12:15:00+05:30,549.23,550.33,548.85,549.43,232804
2015-08-31 12:45:00+05:30,549.38,550.53,547.6,549.03,289376
2015-08-31 13:15:00+05:30,549.03,549.5,545.53,547.45,307560
2015-08-31 13:45:00+05:30,547.28,549.45,543.25,545.4,494190
2015-08-31 14:15:00+05:30,545.4,546.43,543.05,545.63,507810
2015-08-31 14:45:00+05:30,545.6,548.0,543.3,547.95,2652392
2015-08-31 15:15:00+05:30,547.68,550.0,547.25,548.5,2005416
2015-09-01 09:15:00+05:30,544.93,555.0,544.93,554.55,1199492
2015-09-01 09:45:00+05:30,554.63,556.73,554.5,555.35,653442
2015-09-01 10:15:00+05:30,555.5,555.75,552.73,553.98,420398
2015-09-01 10:45:00+05:30,553.98,557.2,551.23,556.35,446066
2015-09-01 11:15:00+05:30,556.4,556.75,552.25,553.93,373554
2015-09-01 11:45:00+05:30,554.18,555.95,553.23,554.5,386394
2015-09-01 12:15:00+05:30,554.6,555.5,551.8,555.45,464196
2015-09-01 12:45:00+05:30,555.45,555.5,553.8,554.98,360242
2015-09-01 13:15:00+05:30,554.98,555.4,552.28,553.85,610412
2015-09-01 13:45:00+05:30,553.85,554.15,547.53,548.4,826302
2015-09-01 14:15:00+05:30,548.0,548.0,541.25,542.93,1229762
2015-09-01 14:45:00+05:30,543.15,545.35,542.75,543.73,1275132
2015-09-01 15:15:00+05:30,543.75,546.9,543.03,543.48,810584
2015-09-02 09:15:00+05:30,548.58,550.0,545.03,547.23,717064
2015-09-02 09:45:00+05:30,547.1,548.5,546.5,548.0,447664
2015-09-02 10:15:00+05:30,548.0,551.93,547.53,550.0,672522
2015-09-02 10:45:00+05:30,550.0,551.63,547.75,550.93,799674
2015-09-02 11:15:00+05:30,550.98,552.25,548.5,551.45,613598
2015-09-02 11:45:00+05:30,551.45,557.5,551.35,555.83,930368
2015-09-02 12:15:00+05:30,556.0,556.88,551.38,554.18,614988
2015-09-02 12:45:00+05:30,554.18,555.03,552.75,554.2,434838
2015-09-02 13:15:00+05:30,554.25,555.5,550.03,552.03,658496
2015-09-02 13:45:00+05:30,552.35,555.95,550.95,555.4,567254
2015-09-02 14:15:00+05:30,555.23,555.95,550.13,552.95,843010
2015-09-02 14:45:00+05:30,552.98,553.45,547.88,549.53,2199856
2015-09-02 15:15:00+05:30,549.58,552.75,548.35,550.55,1505588
2015-09-03 09:15:00+05:30,556.0,556.0,550.08,552.9,1446206
2015-09-03 09:45:00+05:30,552.75,552.9,549.03,552.1,583172
2015-09-03 10:15:00+05:30,552.1,552.95,551.25,551.95,487400
2015-09-03 10:45:00+05:30,551.95,552.25,550.15,551.03,767066
2015-09-03 11:15:00+05:30,551.2,552.75,549.75,550.05,563888
2015-09-03 11:45:00+05:30,549.8,550.23,546.28,548.18,404748
2015-09-03 12:15:00+05:30,548.3,548.78,546.5,548.2,324238
2015-09-03 12:45:00+05:30,548.2,549.0,547.13,547.93,312636
2015-09-03 13:15:00+05:30,547.93,550.43,547.5,549.9,375712
2015-09-03 13:45:00+05:30,549.9,551.73,549.55,550.48,637006
2015-09-03 14:15:00+05:30,550.45,551.13,549.6,549.95,462864
2015-09-03 14:45:00+05:30,549.93,550.55,548.25,550.2,994134
2015-09-03 15:15:00+05:30,550.2,550.9,548.5,550.9,1223872
2015-09-04 09:15:00+05:30,551.5,555.3,541.0,541.75,1144552
2015-09-04 09:45:00+05:30,541.88,544.0,539.4,542.33,564474
2015-09-04 10:15:00+05:30,542.33,543.18,540.0,541.1,395086
2015-09-04 10:45:00+05:30,541.03,541.58,538.03,540.2,415760
2015-09-04 11:15:00+05:30,540.08,542.0,539.0,540.0,550994
2015-09-04 11:45:00+05:30,540.28,541.2,539.0,539.0,271288
2015-09-04 12:15:00+05:30,539.0,539.45,535.5,536.3,313268
2015-09-04 12:45:00+05:30,536.3,537.0,533.5,535.75,443282
2015-09-04 13:15:00+05:30,535.75,536.75,534.35,534.98,298590
2015-09-04 13:45:00+05:30,534.98,535.98,533.75,535.75,354064
2015-09-04 14:15:00+05:30,535.75,536.4,534.5,535.5,504462
2015-09-04 14:45:00+05:30,535.53,538.2,534.28,537.43,1393602
2015-09-04 15:15:00+05:30,537.45,538.25,535.65,537.45,660264
2015-09-07 09:15:00+05:30,541.5,542.48,533.0,534.93,596772
2015-09-07 09:45:00+05:30,534.93,534.93,527.73,531.15,708488
2015-09-07 10:15:00+05:30,531.15,537.45,531.0,532.75,485918
2015-09-07 10:45:00+05:30,532.75,533.9,531.0,533.53,187526
2015-09-07 11:15:00+05:30,533.53,533.73,530.75,533.25,151214
2015-09-07 11:45:00+05:30,532.93,537.5,532.15,535.08,304280
2015-09-07 12:15:00+05:30,535.4,535.98,534.33,534.33,220780
2015-09-07 12:45:00+05:30,534.5,535.35,532.5,532.78,266492
2015-09-07 13:15:00+05:30,532.5,533.0,531.58,532.53,235056
2015-09-07 13:45:00+05:30,532.73,534.5,531.13,531.5,368874
2015-09-07 14:15:00+05:30,531.5,533.0,529.55,529.98,695174
2015-09-07 14:45:00+05:30,529.85,531.23,527.5,529.28,501676
2015-09-07 15:15:00+05:30,529.25,530.73,528.28,529.48,452140
2015-09-08 09:15:00+05:30,532.4,532.4,526.25,528.5,653410
2015-09-08 09:45:00+05:30,528.5,533.5,527.5,532.25,319102
2015-09-08 10:15:00+05:30,532.1,537.0,532.0,533.25,377472
2015-09-08 10:45:00+05:30,533.25,534.85,531.95,534.75,189976
2015-09-08 11:15:00+05:30,534.8,536.0,533.0,535.23,204320
2015-09-08 11:45:00+05:30,535.35,536.48,533.83,534.85,241144
2015-09-08 12:15:00+05:30,534.98,535.7,534.0,534.78,208486
2015-09-08 12:45:00+05:30,534.78,535.5,533.0,534.38,202372
2015-09-08 13:15:00+05:30,534.2,535.0,532.5,533.15,158112
2015-09-08 13:45:00+05:30,533.15,534.0,531.53,533.35,256646
2015-09-08 14:15:00+05:30,533.43,534.5,532.15,533.5,470644
2015-09-08 14:45:00+05:30,533.5,534.25,527.5,528.0,1222782
2015-09-08 15:15:00+05:30,528.0,531.5,527.5,531.3,953216
2015-09-09 09:15:00+05:30,544.25,549.58,544.25,545.0,1768800
2015-09-09 09:45:00+05:30,545.23,546.75,543.6,546.08,530954
2015-09-09 10:15:00+05:30,546.05,546.33,544.53,545.0,578098
2015-09-09 10:45:00+05:30,544.98,546.65,543.68,546.05,399142
2015-09-09 11:15:00+05:30,546.25,549.75,546.0,547.25,655906
2015-09-09 11:45:00+05:30,547.35,547.5,545.1,545.75,453894
2015-09-09 12:15:00+05:30,545.75,545.75,544.5,544.5,421234
2015-09-09 12:45:00+05:30,544.5,546.1,542.1,542.1,497810
2015-09-09 13:15:00+05:30,542.43,542.5,538.68,540.33,653200
2015-09-09 13:45:00+05:30,540.48,540.58,536.0,538.9,522840
2015-09-09 14:15:00+05:30,538.9,541.83,538.0,541.53,824172
2015-09-09 14:45:00+05:30,541.88,545.0,541.28,544.95,894318
2015-09-09 15:15:00+05:30,544.95,545.53,543.28,544.05,933538
2015-09-10 09:15:00+05:30,541.0,545.75,539.25,545.08,836204
2015-09-10 09:45:00+05:30,545.1,545.5,542.98,543.03,492750
2015-09-10 10:15:00+05:30,543.13,543.98,542.5,542.93,428190
2015-09-10 10:45:00+05:30,542.93,543.0,541.53,542.53,460392
2015-09-10 11:15:00+05:30,542.53,543.0,539.1,539.83,527382
2015-09-10 11:45:00+05:30,539.58,541.25,539.5,540.3,404222
2015-09-10 12:15:00+05:30,540.28,540.98,539.68,540.15,356706
2015-09-10 12:45:00+05:30,540.05,540.48,539.5,539.58,416196
2015-09-10 13:15:00+05:30,539.58,539.58,535.85,536.15,516310
2015-09-10 13:45:00+05:30,536.15,537.75,530.5,533.93,715722
2015-09-10 14:15:00+05:30,533.93,539.08,533.05,538.15,813576
2015-09-10 14:45:00+05:30,538.15,541.1,537.9,540.0,1467578
2015-09-10 15:15:00+05:30,540.0,541.88,539.43,540.18,913446
2015-09-11 09:15:00+05:30,545.78,547.5,543.4,545.5,896972
2015-09-11 09:45:00+05:30,545.53,546.0,544.95,545.95,476528
2015-09-11 10:15:00+05:30,545.9,550.95,545.5,550.03,1337930
2015-09-11 10:45:00+05:30,550.03,552.98,549.5,550.25,1381198
2015-09-11 11:15:00+05:30,550.25,551.83,550.0,551.03,842742
2015-09-11 11:45:00+05:30,551.25,552.0,544.15,545.33,1007950
2015-09-11 12:15:00+05:30,545.45,546.25,543.0,545.0,627646
2015-09-11 12:45:00+05:30,545.0,549.48,543.55,547.68,578628
2015-09-11 13:15:00+05:30,547.68,549.5,546.53,548.6,395570
2015-09-11 13:45:00+05:30,548.6,548.68,545.55,546.7,401944
2015-09-11 14:15:00+05:30,546.7,548.48,545.0,545.5,533292
2015-09-11 14:45:00+05:30,545.5,547.45,543.53,543.53,739688
2015-09-11 15:15:00+05:30,543.43,546.98,542.75,545.98,643116
2015-09-14 09:15:00+05:30,547.0,548.0,541.33,544.2,747378
2015-09-14 09:45:00+05:30,544.2,545.48,543.55,544.6,294316
2015-09-14 10:15:00+05:30,544.63,548.75,544.25,546.78,386980
2015-09-14 10:45:00+05:30,546.78,548.7,546.25,548.1,238544
2015-09-14 11:15:00+05:30,548.1,549.25,547.25,548.43,213264
2015-09-14 11:45:00+05:30,548.45,549.45,547.2,547.63,246072
2015-09-14 12:15:00+05:30,547.65,548.25,546.68,547.5,292832
2015-09-14 12:45:00+05:30,547.7,548.65,547.4,548.5,212142
2015-09-14 13:15:00+05:30,548.5,548.75,545.7,546.7,315370
2015-09-14 13:45:00+05:30,546.7,547.98,546.13,547.05,492262
2015-09-14 14:15:00+05:30,547.05,547.45,544.33,546.4,417146
2015-09-14 14:45:00+05:30,546.18,550.43,546.18,549.65,919090
2015-09-14 15:15:00+05:30,549.65,551.38,549.25,550.18,1760678
2015-09-15 09:15:00+05:30,549.88,551.45,547.18,549.4,522550
2015-09-15 09:45:00+05:30,549.4,550.25,547.35,547.75,251748
2015-09-15 10:15:00+05:30,547.75,550.73,547.55,550.0,212556
2015-09-15 10:45:00+05:30,550.0,550.25,548.93,549.63,175418
2015-09-15 11:15:00+05:30,549.63,551.18,548.83,550.03,176578
2015-09-15 11:45:00+05:30,550.18,550.25,547.73,548.5,139288
2015-09-15 12:15:00+05:30,548.5,550.75,548.1,549.98,170994
2015-09-15 12:45:00+05:30,549.98,550.83,549.73,550.58,128688
2015-09-15 13:15:00+05:30,550.58,551.0,548.08,549.05,617606
2015-09-15 13:45:00+05:30,549.0,549.75,546.78,547.0,404692
2015-09-15 14:15:00+05:30,547.0,547.4,544.08,546.13,359884
2015-09-15 14:45:00+05:30,546.1,550.0,545.5,548.45,783686
2015-09-15 15:15:00+05:30,548.45,550.5,548.25,549.5,1343822
2015-09-16 09:15:00+05:30,553.95,554.88,549.58,552.9,809410
2015-09-16 09:45:00+05:30,552.88,553.28,550.55,552.73,827932
2015-09-16 10:15:00+05:30,552.73,553.4,551.03,551.75,309592
2015-09-16 10:45:00+05:30,551.75,552.0,549.15,550.03,355330
2015-09-16 11:15:00+05:30,550.03,550.48,549.75,550.0,229574
2015-09-16 11:45:00+05:30,550.0,552.45,549.98,551.75,505392
2015-09-16 12:15:00+05:30,551.75,552.75,551.53,552.3,393572
2015-09-16 12:45:00+05:30,552.35,552.7,551.78,551.95,367248
2015-09-16 13:15:00+05:30,551.95,552.0,550.75,551.4,536316
2015-09-16 13:45:00+05:30,551.4,552.5,551.25,551.28,279370
2015-09-16 14:15:00+05:30,551.38,552.1,549.6,551.2,445642
2015-09-16 14:45:00+05:30,551.2,551.75,550.25,550.68,1289966
2015-09-16 15:15:00+05:30,550.68,551.5,550.13,550.98,1102374
2015-09-18 09:15:00+05:30,556.0,557.98,553.75,555.75,1336260
2015-09-18 09:45:00+05:30,555.75,556.25,553.65,554.58,503048
2015-09-18 10:15:00+05:30,554.58,555.83,554.25,554.5,288842
2015-09-18 10:45:00+05:30,555.08,556.5,554.83,556.48,829826
2015-09-18 11:15:00+05:30,556.48,557.43,555.85,556.85,198748
2015-09-18 11:45:00+05:30,556.85,558.95,556.48,557.63,438150
2015-09-18 12:15:00+05:30,557.63,558.75,556.5,556.8,784756
2015-09-18 12:45:00+05:30,556.8,558.0,556.25,557.03,316974
2015-09-18 13:15:00+05:30,557.08,557.98,556.28,556.6,398474
2015-09-18 13:45:00+05:30,556.6,557.3,555.5,555.53,402590
2015-09-18 14:15:00+05:30,555.5,556.5,555.03,555.25,638330
2015-09-18 14:45:00+05:30,555.25,555.8,549.53,552.35,2925126
2015-09-18 15:15:00+05:30,552.75,554.2,550.33,550.65,2503756
2015-09-21 09:15:00+05:30,549.5,554.43,546.33,550.1,778286
2015-09-21 09:45:00+05:30,550.13,551.18,549.15,549.4,271172
2015-09-21 10:15:00+05:30,549.43,550.58,548.53,550.0,185374
2015-09-21 10:45:00+05:30,550.0,551.0,549.5,550.38,155752
2015-09-21 11:15:00+05:30,550.25,551.5,549.25,549.73,167914
2015-09-21 11:45:00+05:30,549.83,552.45,549.0,552.15,241766
2015-09-21 12:15:00+05:30,552.0,554.0,550.13,553.53,371714
2015-09-21 12:45:00+05:30,553.5,553.53,551.0,551.18,227890
2015-09-21 13:15:00+05:30,551.18,551.75,550.05,550.95,243584
2015-09-21 13:45:00+05:30,550.93,552.45,550.58,551.18,175790
2015-09-21 14:15:00+05:30,551.18,552.4,551.0,551.75,167300
2015-09-21 14:45:00+05:30,551.73,552.95,551.05,552.53,562300
2015-09-21 15:15:00+05:30,552.53,553.48,551.38,551.6,791314
2015-09-22 09:15:00+05:30,557.0,566.5,557.0,563.1,1445952
2015-09-22 09:45:00+05:30,562.93,564.5,562.53,564.35,330824
2015-09-22 10:15:00+05:30,564.5,564.95,562.73,564.6,1471138
2015-09-22 10:45:00+05:30,564.25,567.0,564.1,566.25,589450
2015-09-22 11:15:00+05:30,566.25,566.75,565.55,566.5,426968
2015-09-22 11:45:00+05:30,566.5,567.98,566.38,567.25,809026
2015-09-22 12:15:00+05:30,567.3,567.98,567.0,567.5,413464
2015-09-22 12:45:00+05:30,567.5,567.5,564.15,564.15,453778
2015-09-22 13:15:00+05:30,564.4,565.45,562.5,564.75,555848
2015-09-22 13:45:00+05:30,564.53,564.95,552.0,555.65,1021986
2015-09-22 14:15:00+05:30,555.43,556.2,553.5,555.0,808890
2015-09-22 14:45:00+05:30,555.0,556.5,554.0,554.03,805736
2015-09-22 15:15:00+05:30,554.13,554.43,550.58,552.0,474392
2015-09-23 09:15:00+05:30,553.38,556.45,548.73,552.8,535490
2015-09-23 09:45:00+05:30,552.8,554.9,551.4,554.0,224316
2015-09-23 10:15:00+05:30,554.0,555.48,553.63,553.88,186156
2015-09-23 10:45:00+05:30,553.88,554.5,550.25,552.0,316554
2015-09-23 11:15:00+05:30,551.88,554.25,551.88,554.18,173646
2015-09-23 11:45:00+05:30,554.18,554.98,553.78,554.95,153484
2015-09-23 12:15:00+05:30,554.93,558.0,554.5,555.3,315812
2015-09-23 12:45:00+05:30,555.15,559.5,554.45,559.0,343192
2015-09-23 13:15:00+05:30,559.0,560.0,556.1,559.9,277282
2015-09-23 13:45:00+05:30,559.9,560.23,558.0,559.15,174050
2015-09-23 14:15:00+05:30,559.13,562.5,558.0,560.4,428530
2015-09-23 14:45:00+05:30,560.4,563.18,557.38,558.05,894380
2015-09-23 15:15:00+05:30,558.08,558.9,557.18,558.9,685680
2015-09-24 09:15:00+05:30,556.05,562.48,555.85,562.23,701394
2015-09-24 09:45:00+05:30,562.23,563.45,561.1,563.33,427106
2015-09-24 10:15:00+05:30,563.05,565.63,563.05,564.9,547722
2015-09-24 10:45:00+05:30,564.9,565.75,564.5,565.53,354262
2015-09-24 11:15:00+05:30,565.58,566.0,563.48,565.13,241344
2015-09-24 11:45:00+05:30,565.1,565.5,564.48,565.35,213384
2015-09-24 12:15:00+05:30,565.35,566.0,564.6,565.25,328520
2015-09-24 12:45:00+05:30,565.25,565.65,564.05,565.18,469170
2015-09-24 13:15:00+05:30,565.2,572.5,564.9,572.35,815362
2015-09-24 13:45:00+05:30,571.8,574.65,571.5,574.43,814182
2015-09-24 14:15:00+05:30,574.45,576.35,572.78,575.23,880394
2015-09-24 14:45:00+05:30,575.1,575.68,568.85,570.0,4120876
2015-09-24 15:15:00+05:30,570.0,572.35,568.9,570.63,3474082
2015-09-28 09:15:00+05:30,569.95,571.28,558.0,558.88,1294328
2015-09-28 09:45:00+05:30,558.88,560.75,558.75,559.83,701668
2015-09-28 10:15:00+05:30,559.95,560.85,558.43,558.88,585254
2015-09-28 10:45:00+05:30,558.88,559.28,556.1,556.7,490750
2015-09-28 11:15:00+05:30,556.7,558.7,556.13,556.58,678460
2015-09-28 11:45:00+05:30,556.55,558.0,556.5,557.53,659750
2015-09-28 12:15:00+05:30,557.5,557.7,555.0,555.68,686562
2015-09-28 12:45:00+05:30,555.7,556.0,553.38,556.0,724296
2015-09-28 13:15:00+05:30,555.9,556.75,554.25,555.23,644404
2015-09-28 13:45:00+05:30,555.23,557.25,553.83,555.5,716400
2015-09-28 14:15:00+05:30,555.33,555.85,553.5,554.4,592618
2015-09-28 14:45:00+05:30,554.4,554.4,550.85,553.08,1258212
2015-09-28 15:15:00+05:30,553.05,554.2,551.95,553.25,715370
2015-09-29 09:15:00+05:30,551.0,563.25,548.85,556.45,1705230
2015-09-29 09:45:00+05:30,556.48,557.38,555.75,557.0,516390
2015-09-29 10:15:00+05:30,557.0,560.48,556.1,556.73,492238
2015-09-29 10:45:00+05:30,556.73,562.0,555.75,556.73,564754
2015-09-29 11:15:00+05:30,556.73,557.5,554.95,557.0,417370
2015-09-29 11:45:00+05:30,557.05,558.3,555.0,558.2,460156
2015-09-29 12:15:00+05:30,558.2,559.7,557.5,558.9,399688
2015-09-29 12:45:00+05:30,558.88,562.25,558.88,561.45,656824
2015-09-29 13:15:00+05:30,561.45,564.5,560.85,564.05,531436
2015-09-29 13:45:00+05:30,564.15,566.65,563.53,564.9,447668
2015-09-29 14:15:00+05:30,564.98,566.7,563.38,566.53,430788
2015-09-29 14:45:00+05:30,566.55,566.55,560.13,562.68,1146836
2015-09-29 15:15:00+05:30,562.65,563.05,557.4,558.5,893626
2015-09-30 09:15:00+05:30,565.5,570.08,562.98,566.18,1058530
2015-09-30 09:45:00+05:30,566.18,568.38,565.5,568.38,420754
2015-09-30 10:15:00+05:30,568.25,573.25,568.25,571.8,555732
2015-09-30 10:45:00+05:30,571.8,572.83,570.0,572.43,320834
2015-09-30 11:15:00+05:30,572.43,576.15,572.08,575.78,684956
2015-09-30 11:45:00+05:30,575.78,575.78,573.33,574.03,655332
2015-09-30 12:15:00+05:30,574.08,575.63,573.28,574.58,259066
2015-09-30 12:45:00+05:30,574.58,577.5,574.53,577.1,494556
2015-09-30 13:15:00+05:30,577.08,577.98,574.5,577.0,638624
2015-09-30 13:45:00+05:30,576.7,578.43,575.0,577.63,671582
2015-09-30 14:15:00+05:30,577.63,578.5,576.5,578.35,579832
2015-09-30 14:45:00+05:30,578.35,584.48,577.5,583.08,1706044
2015-09-30 15:15:00+05:30,583.15,583.15,578.08,578.5,1428564
2015-10-01 09:15:00+05:30,584.95,596.95,584.95,592.7,2237180
2015-10-01 09:45:00+05:30,592.7,598.55,591.03,597.33,1126044
2015-10-01 10:15:00+05:30,597.35,598.75,592.2,593.75,768416
2015-10-01 10:45:00+05:30,593.75,593.98,588.0,589.03,1351296
2015-10-01 11:15:00+05:30,589.05,589.73,583.28,586.88,699542
2015-10-01 11:45:00+05:30,586.88,590.45,586.83,588.33,468342
2015-10-01 12:15:00+05:30,588.35,589.75,587.25,589.45,357748
2015-10-01 12:45:00+05:30,589.38,589.6,584.98,587.5,532248
2015-10-01 13:15:00+05:30,587.5,589.0,586.0,587.03,384694
2015-10-01 13:45:00+05:30,587.03,588.0,585.25,585.48,458520
2015-10-01 14:15:00+05:30,585.48,586.0,581.03,583.4,857504
2015-10-01 14:45:00+05:30,583.4,586.98,581.85,586.73,950510
2015-10-01 15:15:00+05:30,586.85,587.5,585.98,587.0,631886
2015-10-05 09:15:00+05:30,586.48,594.53,584.4,592.88,1703412
2015-10-05 09:45:00+05:30,592.88,593.0,587.5,587.73,532674
2015-10-05 10:15:00+05:30,587.6,589.5,587.0,587.95,313542
2015-10-05 10:45:00+05:30,587.78,588.0,581.28,582.55,605114
2015-10-05 11:15:00+05:30,582.55,583.65,582.0,582.75,260210
2015-10-05 11:45:00+05:30,582.75,584.7,582.0,583.95,322632
2015-10-05 12:15:00+05:30,583.95,584.13,583.0,583.83,200414
2015-10-05 12:45:00+05:30,583.83,584.08,583.53,583.98,194406
2015-10-05 13:15:00+05:30,583.83,586.05,583.4,584.98,282564
2015-10-05 13:45:00+05:30,584.95,587.23,584.58,586.5,471148
2015-10-05 14:15:00+05:30,586.45,591.0,586.28,590.63,614942
2015-10-05 14:45:00+05:30,590.95,592.38,589.65,590.95,850082
2015-10-05 15:15:00+05:30,590.75,592.15,590.23,591.5,506390
2015-10-06 09:15:00+05:30,594.5,595.0,587.6,589.05,952038
2015-10-06 09:45:00+05:30,589.05,589.8,583.35,584.45,675434
2015-10-06 10:15:00+05:30,584.0,585.5,582.0,582.28,522066
2015-10-06 10:45:00+05:30,582.4,583.0,582.0,582.3,404506
2015-10-06 11:15:00+05:30,582.3,582.3,577.5,579.05,717810
2015-10-06 11:45:00+05:30,579.0,581.0,577.2,577.2,719278
2015-10-06 12:15:00+05:30,577.2,578.0,574.05,574.85,756438
2015-10-06 12:45:00+05:30,574.85,578.58,574.43,578.13,720074
2015-10-06 13:15:00+05:30,578.13,578.33,574.88,576.98,380634
2015-10-06 13:45:00+05:30,577.0,577.98,575.98,576.58,402176
2015-10-06 14:15:00+05:30,576.58,579.0,576.55,578.03,542176
2015-10-06 14:45:00+05:30,578.03,580.0,576.53,576.9,1103416
2015-10-06 15:15:00+05:30,576.9,578.53,575.0,578.45,806002
2015-10-07 09:15:00+05:30,577.3,584.3,576.0,582.25,1227716
2015-10-07 09:45:00+05:30,582.25,583.88,580.65,581.25,463280
2015-10-07 10:15:00+05:30,581.18,583.93,581.1,582.7,403374
2015-10-07 10:45:00+05:30,582.7,583.25,581.03,581.13,218524
2015-10-07 11:15:00+05:30,581.15,581.5,580.25,580.4,314098
2015-10-07 11:45:00+05:30,580.4,580.68,577.03,577.3,539812
2015-10-07 12:15:00+05:30,577.28,577.5,576.1,576.25,532626
2015-10-07 12:45:00+05:30,576.28,576.98,569.5,575.4,1082668
2015-10-07 13:15:00+05:30,575.4,575.53,571.5,571.75,342488
2015-10-07 13:45:00+05:30,571.75,572.7,568.2,568.3,601554
2015-10-07 14:15:00+05:30,568.3,569.4,565.5,568.0,854142
2015-10-07 14:45:00+05:30,568.08,568.45,564.35,566.58,1485912
2015-10-07 15:15:00+05:30,566.58,570.0,565.68,569.5,1104672
2015-10-08 09:15:00+05:30,569.0,574.75,568.38,573.5,832870
2015-10-08 09:45:00+05:30,573.5,573.88,569.5,570.93,501442
2015-10-08 10:15:00+05:30,570.93,573.73,570.05,570.88,562220
2015-10-08 10:45:00+05:30,570.88,572.18,570.1,570.45,341730
2015-10-08 11:15:00+05:30,570.45,571.9,570.0,571.3,451596
2015-10-08 11:45:00+05:30,571.3,572.0,570.53,570.8,335224
2015-10-08 12:15:00+05:30,570.85,571.5,570.25,570.58,331228
2015-10-08 12:45:00+05:30,570.58,570.7,566.0,568.35,537562
2015-10-08 13:15:00+05:30,568.38,569.25,565.0,567.1,1025992
2015-10-08 13:45:00+05:30,567.1,567.55,564.5,564.68,656390
2015-10-08 14:15:00+05:30,564.68,565.1,563.03,563.5,867174
2015-10-08 14:45:00+05:30,563.5,565.43,563.15,565.3,1270042
2015-10-08 15:15:00+05:30,565.4,567.78,565.4,566.35,1359226
2015-10-09 09:15:00+05:30,569.93,577.75,569.93,574.88,1406000
2015-10-09 09:45:00+05:30,574.48,576.6,572.68,575.5,614364
2015-10-09 10:15:00+05:30,575.5,576.55,573.83,575.78,441150
2015-10-09 10:45:00+05:30,575.95,575.98,574.0,574.73,581298
2015-10-09 11:15:00+05:30,574.95,575.9,573.6,574.5,603512
2015-10-09 11:45:00+05:30,574.88,575.0,573.0,573.23,484270
2015-10-09 12:15:00+05:30,573.2,575.0,572.5,573.38,543078
2015-10-09 12:45:00+05:30,573.38,573.83,571.6,572.4,599920
2015-10-09 13:15:00+05:30,572.38,574.8,571.2,574.23,571248
2015-10-09 13:45:00+05:30,574.2,575.0,573.83,574.38,789458
2015-10-09 14:15:00+05:30,574.38,579.78,574.03,578.5,1343898
2015-10-09 14:45:00+05:30,578.63,586.45,578.18,581.68,2489230
2015-10-09 15:15:00+05:30,581.58,584.25,581.55,584.25,1279124
2015-10-12 09:15:00+05:30,597.35,609.9,554.53,566.5,14043458
2015-10-12 09:45:00+05:30,566.5,576.23,565.0,575.5,3289152
2015-10-12 10:15:00+05:30,575.08,575.9,565.5,566.73,2011568
2015-10-12 10:45:00+05:30,566.65,569.85,565.2,569.0,908262
2015-10-12 11:15:00+05:30,568.93,569.4,566.8,567.95,710994
2015-10-12 11:45:00+05:30,567.95,569.28,567.7,569.0,428454
2015-10-12 12:15:00+05:30,569.0,571.0,568.53,570.28,615242
2015-10-12 12:45:00+05:30,570.28,574.68,567.55,568.83,1072162
2015-10-12 13:15:00+05:30,569.0,570.8,567.55,570.5,617152
2015-10-12 13:45:00+05:30,570.63,572.5,566.03,568.5,1013698
2015-10-12 14:15:00+05:30,568.5,568.88,566.1,567.15,894122
2015-10-12 14:45:00+05:30,567.15,567.58,560.15,561.05,3057160
2015-10-12 15:15:00+05:30,561.05,562.45,560.0,561.03,1659996
2015-10-13 09:15:00+05:30,553.03,555.4,547.78,547.78,3144518
2015-10-13 09:45:00+05:30,548.05,551.55,547.5,550.6,929234
2015-10-13 10:15:00+05:30,550.4,551.2,547.0,547.55,801990
2015-10-13 10:45:00+05:30,547.7,547.93,542.7,543.6,1432096
2015-10-13 11:15:00+05:30,543.63,545.98,543.63,545.43,776238
2015-10-13 11:45:00+05:30,545.25,548.63,544.63,547.53,670390
2015-10-13 12:15:00+05:30,547.55,549.73,547.5,547.65,809456
2015-10-13 12:45:00+05:30,547.65,549.4,546.55,547.73,892940
2015-10-13 13:15:00+05:30,547.8,548.23,545.83,546.53,710550
2015-10-13 13:45:00+05:30,546.53,548.0,545.08,547.65,766464
2015-10-13 14:15:00+05:30,547.65,548.65,547.0,547.98,890582
2015-10-13 14:45:00+05:30,547.95,550.85,547.93,549.53,1909972
2015-10-13 15:15:00+05:30,549.53,550.38,548.5,549.05,1542058
2015-10-14 09:15:00+05:30,545.5,554.48,545.23,554.43,2168448
2015-10-14 09:45:00+05:30,554.5,556.45,552.23,555.35,864086
2015-10-14 10:15:00+05:30,555.3,556.2,553.08,555.23,569426
2015-10-14 10:45:00+05:30,555.23,557.7,555.0,557.5,778134
2015-10-14 11:15:00+05:30,557.5,557.65,555.25,555.45,326482
2015-10-14 11:45:00+05:30,555.25,555.75,554.38,554.78,330892
2015-10-14 12:15:00+05:30,554.78,554.9,552.5,553.75,362088
2015-10-14 12:45:00+05:30,553.75,554.55,552.7,552.98,302238
2015-10-14 13:15:00+05:30,552.98,554.55,552.75,553.4,404104
2015-10-14 13:45:00+05:30,553.4,553.5,550.55,551.68,536348
2015-10-14 14:15:00+05:30,551.68,551.75,550.55,551.2,519486
2015-10-14 14:45:00+05:30,551.18,552.25,547.88,548.75,796340
2015-10-14 15:15:00+05:30,548.73,549.88,547.6,547.63,879308
2015-10-15 09:15:00+05:30,549.5,550.0,544.7,545.7,1362510
2015-10-15 09:45:00+05:30,545.68,549.0,544.65,546.1,863312
2015-10-15 10:15:00+05:30,546.1,546.7,545.13,546.0,470938
2015-10-15 10:45:00+05:30,546.13,548.0,546.08,547.6,366094
2015-10-15 11:15:00+05:30,547.63,548.0,547.25,547.45,251874
2015-10-15 11:45:00+05:30,547.45,549.2,547.03,548.95,428778
2015-10-15 12:15:00+05:30,548.88,549.5,547.38,548.13,433218
2015-10-15 12:45:00+05:30,548.38,551.98,547.7,550.93,504406
2015-10-15 13:15:00+05:30,551.0,551.8,550.1,551.05,494742
2015-10-15 13:45:00+05:30,551.0,551.18,547.58,550.0,610442
2015-10-15 14:15:00+05:30,550.0,550.03,548.05,549.28,381672
2015-10-15 14:45:00+05:30,549.25,549.98,549.18,549.33,889542
2015-10-15 15:15:00+05:30,549.25,549.5,546.93,548.05,1180366
2015-10-16 09:15:00+05:30,549.75,550.13,546.03,546.25,1140394
2015-10-16 09:45:00+05:30,546.38,548.25,546.18,548.1,271528
2015-10-16 10:15:00+05:30,548.1,548.53,547.15,547.55,179442
2015-10-16 10:45:00+05:30,547.55,547.78,546.5,546.63,161332
2015-10-16 11:15:00+05:30,546.63,546.93,545.5,546.28,216378
2015-10-16 11:45:00+05:30,546.28,546.48,545.0,545.03,275574
2015-10-16 12:15:00+05:30,545.03,546.0,545.0,545.3,275398
2015-10-16 12:45:00+05:30,545.5,546.25,545.05,545.98,238220
2015-10-16 13:15:00+05:30,545.98,546.25,545.25,545.88,391132
2015-10-16 13:45:00+05:30,545.88,548.0,545.65,548.0,595102
2015-10-16 14:15:00+05:30,548.0,549.5,547.5,548.25,781528
2015-10-16 14:45:00+05:30,548.48,549.5,547.08,547.3,1083590
2015-10-16 15:15:00+05:30,547.2,547.83,545.9,546.5,791998
2015-10-19 09:15:00+05:30,552.4,553.5,550.25,551.25,849764
2015-10-19 09:45:00+05:30,551.25,552.23,550.85,551.55,446392
2015-10-19 10:15:00+05:30,551.55,556.9,550.88,555.38,739610
2015-10-19 10:45:00+05:30,555.38,557.25,554.5,556.05,462030
2015-10-19 11:15:00+05:30,556.05,556.38,553.28,554.13,315974
2015-10-19 11:45:00+05:30,554.13,555.3,553.75,554.5,481858
2015-10-19 12:15:00+05:30,554.5,555.05,553.75,555.03,257204
2015-10-19 12:45:00+05:30,555.05,555.75,554.5,555.5,430066
2015-10-19 13:15:00+05:30,555.5,556.23,554.6,555.3,325526
2015-10-19 13:45:00+05:30,555.33,555.38,554.53,555.03,243462
2015-10-19 14:15:00+05:30,555.0,555.2,553.6,554.4,416018
2015-10-19 14:45:00+05:30,554.4,555.7,553.05,555.63,1273794
2015-10-19 15:15:00+05:30,555.63,557.93,554.85,557.0,1094644
2015-10-20 09:15:00+05:30,556.4,561.4,556.05,560.55,895222
2015-10-20 09:45:00+05:30,560.7,561.25,557.65,559.75,593818
2015-10-20 10:15:00+05:30,559.65,561.35,559.0,560.6,490084
2015-10-20 10:45:00+05:30,560.6,560.85,559.53,559.98,272198
2015-10-20 11:15:00+05:30,559.98,561.0,559.1,560.98,425750
2015-10-20 11:45:00+05:30,560.98,562.48,559.5,560.45,448038
2015-10-20 12:15:00+05:30,560.15,560.9,559.0,560.43,621440
2015-10-20 12:45:00+05:30,560.43,561.9,560.0,561.1,413408
2015-10-20 13:15:00+05:30,561.1,562.2,559.88,560.23,509254
2015-10-20 13:45:00+05:30,560.2,560.9,559.05,559.88,424974
2015-10-20 14:15:00+05:30,559.88,560.0,555.9,559.6,652568
2015-10-20 14:45:00+05:30,559.6,563.13,559.2,562.68,1586692
2015-10-20 15:15:00+05:30,562.65,564.98,562.35,563.0,1438946
2015-10-21 09:15:00+05:30,563.03,568.13,563.03,566.28,989164
2015-10-21 09:45:00+05:30,566.35,567.75,566.0,567.48,438596
2015-10-21 10:15:00+05:30,567.48,568.43,567.08,568.23,330684
2015-10-21 10:45:00+05:30,568.23,570.48,567.3,570.4,562490
2015-10-21 11:15:00+05:30,570.38,570.88,568.98,569.3,506396
2015-10-21 11:45:00+05:30,569.3,570.45,565.85,566.78,630178
2015-10-21 12:15:00+05:30,566.5,570.0,566.25,569.28,382346
2015-10-21 12:45:00+05:30,569.28,569.5,566.75,568.0,470196
2015-10-21 13:15:00+05:30,568.08,569.93,568.03,569.35,436134
2015-10-21 13:45:00+05:30,569.5,569.75,567.5,568.4,392844
2015-10-21 14:15:00+05:30,568.55,573.43,568.43,570.75,828038
2015-10-21 14:45:00+05:30,570.85,571.7,569.5,570.08,577204
2015-10-21 15:15:00+05:30,570.0,570.55,566.75,568.75,724138
2015-10-23 09:15:00+05:30,571.98,573.0,562.58,568.38,1269500
2015-10-23 09:45:00+05:30,568.38,569.25,566.0,566.35,399090
2015-10-23 10:15:00+05:30,566.35,567.23,565.33,566.68,311810
2015-10-23 10:45:00+05:30,566.7,569.0,566.55,568.58,198748
2015-10-23 11:15:00+05:30,568.58,569.13,568.23,568.68,169154
2015-10-23 11:45:00+05:30,568.68,571.0,568.4,570.2,319140
2015-10-23 12:15:00+05:30,570.18,570.95,569.5,570.5,227138
2015-10-23 12:45:00+05:30,570.63,571.0,569.0,569.55,220478
2015-10-23 13:15:00+05:30,569.55,571.38,569.33,571.05,270758
2015-10-23 13:45:00+05:30,571.05,572.0,570.85,571.8,412934
2015-10-23 14:15:00+05:30,571.83,572.75,569.18,571.58,525570
2015-10-23 14:45:00+05:30,571.58,575.5,571.03,575.1,1061784
2015-10-23 15:15:00+05:30,575.1,576.5,573.68,574.5,634560
2015-10-26 09:15:00+05:30,578.0,578.98,574.0,574.28,595410
2015-10-26 09:45:00+05:30,574.7,577.33,574.28,575.1,267352
2015-10-26 10:15:00+05:30,575.38,576.15,574.23,574.7,170748
2015-10-26 10:45:00+05:30,574.95,576.1,572.8,573.13,203772
2015-10-26 11:15:00+05:30,573.13,574.25,573.0,573.9,82166
2015-10-26 11:45:00+05:30,573.9,574.45,573.05,574.38,59238
2015-10-26 12:15:00+05:30,574.43,575.05,574.4,574.95,188478
2015-10-26 12:45:00+05:30,574.95,575.0,573.1,573.2,105496
2015-10-26 13:15:00+05:30,573.2,573.9,571.58,572.98,135546
2015-10-26 13:45:00+05:30,573.0,574.95,572.35,574.1,101558
2015-10-26 14:15:00+05:30,574.35,576.5,574.1,576.08,267290
2015-10-26 14:45:00+05:30,576.4,576.5,574.2,576.23,566860
2015-10-26 15:15:00+05:30,575.55,577.2,574.68,575.0,441024
2015-10-27 09:15:00+05:30,576.0,577.5,573.5,574.63,381378
2015-10-27 09:45:00+05:30,574.65,575.0,573.6,574.3,187144
2015-10-27 10:15:00+05:30,574.3,575.5,573.55,573.75,215016
2015-10-27 10:45:00+05:30,573.63,574.48,572.05,574.25,296998
2015-10-27 11:15:00+05:30,574.25,575.48,574.08,574.43,188304
2015-10-27 11:45:00+05:30,574.43,575.95,574.4,575.45,189074
2015-10-27 12:15:00+05:30,575.45,576.0,575.03,575.18,136952
2015-10-27 12:45:00+05:30,575.18,576.35,574.58,575.03,210542
2015-10-27 13:15:00+05:30,575.03,576.25,575.0,575.88,160546
2015-10-27 13:45:00+05:30,575.88,576.3,574.7,575.38,664280
2015-10-27 14:15:00+05:30,575.4,576.43,573.25,574.38,863094
2015-10-27 14:45:00+05:30,574.38,575.8,573.05,574.55,1098502
2015-10-27 15:15:00+05:30,574.58,575.55,572.5,573.68,668646
2015-10-28 09:15:00+05:30,570.0,573.3,569.9,571.53,546448
2015-10-28 09:45:00+05:30,571.53,572.5,570.1,572.0,327364
2015-10-28 10:15:00+05:30,572.0,574.1,572.0,573.38,484816
2015-10-28 10:45:00+05:30,573.38,574.68,572.4,574.25,286832
2015-10-28 11:15:00+05:30,574.25,575.4,572.63,574.95,278128
2015-10-28 11:45:00+05:30,575.0,575.5,572.68,573.55,266318
2015-10-28 12:15:00+05:30,573.6,573.7,571.6,572.75,259388
2015-10-28 12:45:00+05:30,573.0,573.5,570.03,570.1,276384
2015-10-28 13:15:00+05:30,570.0,572.95,569.5,571.95,365426
2015-10-28 13:45:00+05:30,571.95,574.0,571.63,573.25,333100
2015-10-28 14:15:00+05:30,573.25,574.0,572.0,572.88,269822
2015-10-28 14:45:00+05:30,572.88,577.83,572.5,577.13,990070
2015-10-28 15:15:00+05:30,577.1,579.0,577.1,578.0,566054
2015-10-29 09:15:00+05:30,577.03,577.73,572.0,572.4,258438
2015-10-29 09:45:00+05:30,572.4,574.23,571.83,573.1,126604
2015-10-29 10:15:00+05:30,573.1,573.78,571.7,571.93,140374
2015-10-29 10:45:00+05:30,571.93,573.9,571.25,572.1,305570
2015-10-29 11:15:00+05:30,572.1,572.4,571.13,571.5,278520
2015-10-29 11:45:00+05:30,571.5,571.75,571.25,571.75,149642
2015-10-29 12:15:00+05:30,571.75,571.93,568.25,569.1,318516
2015-10-29 12:45:00+05:30,569.1,569.43,568.03,568.88,318184
2015-10-29 13:15:00+05:30,568.8,570.53,568.5,570.5,232442
2015-10-29 13:45:00+05:30,570.5,571.08,569.0,570.55,239112
2015-10-29 14:15:00+05:30,570.55,571.25,569.5,570.53,268790
2015-10-29 14:45:00+05:30,570.53,574.5,569.63,573.5,1835860
2015-10-29 15:15:00+05:30,573.5,573.53,570.75,571.48,1411424
2015-10-30 09:15:00+05:30,572.5,572.5,565.0,566.25,384058
2015-10-30 09:45:00+05:30,566.0,566.45,565.13,566.1,133570
2015-10-30 10:15:00+05:30,565.88,567.1,565.75,567.0,127190
2015-10-30 10:45:00+05:30,567.0,568.35,565.68,565.83,150196
2015-10-30 11:15:00+05:30,565.83,566.98,565.6,566.5,113526
2015-10-30 11:45:00+05:30,566.5,568.55,566.38,568.28,128498
2015-10-30 12:15:00+05:30,568.28,568.73,566.83,567.78,130278
2015-10-30 12:45:00+05:30,567.78,568.53,566.53,567.65,178586
2015-10-30 13:15:00+05:30,567.65,568.28,567.08,567.63,185848
2015-10-30 13:45:00+05:30,567.63,568.18,566.78,566.78,323862
2015-10-30 14:15:00+05:30,566.75,567.75,566.5,567.7,275918
2015-10-30 14:45:00+05:30,567.7,568.1,565.65,568.0,1063840
2015-10-30 15:15:00+05:30,568.0,569.2,565.55,566.0,847354
2015-11-02 09:15:00+05:30,567.23,567.23,560.8,562.28,352608
2015-11-02 09:45:00+05:30,562.28,562.5,557.1,558.85,421816
2015-11-02 10:15:00+05:30,558.8,561.95,558.4,559.35,207592
2015-11-02 10:45:00+05:30,559.35,561.48,558.93,560.45,149996
2015-11-02 11:15:00+05:30,560.45,560.85,558.75,559.88,155760
2015-11-02 11:45:00+05:30,559.88,562.4,558.85,559.55,241524
2015-11-02 12:15:00+05:30,559.55,560.33,558.5,558.5,166038
2015-11-02 12:45:00+05:30,558.5,560.13,558.0,559.05,172716
2015-11-02 13:15:00+05:30,559.05,561.3,558.95,560.05,196106
2015-11-02 13:45:00+05:30,560.03,561.0,559.5,559.6,161770
2015-11-02 14:15:00+05:30,559.6,562.73,559.6,562.58,218898
2015-11-02 14:45:00+05:30,562.5,566.08,561.43,565.5,645984
2015-11-02 15:15:00+05:30,565.55,567.78,565.13,566.88,449532
2015-11-03 09:15:00+05:30,567.53,572.0,567.53,570.9,336408
2015-11-03 09:45:00+05:30,570.9,571.25,569.53,570.0,154622
2015-11-03 10:15:00+05:30,570.0,570.05,568.68,569.7,131610
2015-11-03 10:45:00+05:30,569.7,570.98,569.4,570.98,135702
2015-11-03 11:15:00+05:30,570.98,573.0,570.1,572.53,275788
2015-11-03 11:45:00+05:30,572.58,575.23,572.5,572.6,595330
2015-11-03 12:15:00+05:30,572.58,573.5,570.58,571.68,216334
2015-11-03 12:45:00+05:30,571.68,572.78,571.05,571.88,102368
2015-11-03 13:15:00+05:30,571.73,572.5,569.03,570.45,210374
2015-11-03 13:45:00+05:30,570.43,572.35,570.2,572.35,134482
2015-11-03 14:15:00+05:30,572.35,572.75,571.0,572.13,200146
2015-11-03 14:45:00+05:30,572.13,574.0,572.0,573.73,637626
2015-11-03 15:15:00+05:30,573.75,573.9,569.43,570.08,475190
2015-11-04 09:15:00+05:30,575.5,578.18,572.5,573.28,620428
2015-11-04 09:45:00+05:30,573.28,573.98,570.8,572.6,325318
2015-11-04 10:15:00+05:30,572.6,573.1,571.0,572.73,126436
2015-11-04 10:45:00+05:30,572.73,574.25,572.38,573.03,175460
2015-11-04 11:15:00+05:30,573.03,573.93,571.03,571.33,174204
2015-11-04 11:45:00+05:30,571.33,571.68,568.78,570.55,218606
2015-11-04 12:15:00+05:30,570.55,572.13,569.98,572.03,122514
2015-11-04 12:45:00+05:30,572.03,572.5,571.0,571.3,128658
2015-11-04 13:15:00+05:30,571.3,572.0,569.55,569.83,168992
2015-11-04 13:45:00+05:30,569.83,570.98,567.65,570.88,159248
2015-11-04 14:15:00+05:30,570.88,571.95,570.08,571.48,156270
2015-11-04 14:45:00+05:30,571.48,571.48,567.25,568.0,418946
2015-11-04 15:15:00+05:30,568.0,569.95,566.58,568.5,403964
2015-11-05 09:15:00+05:30,569.0,570.85,566.35,568.2,313444
2015-11-05 09:45:00+05:30,568.23,570.5,567.23,570.28,158844
2015-11-05 10:15:00+05:30,570.28,570.28,567.1,568.95,106962
2015-11-05 10:45:00+05:30,568.95,569.48,568.0,568.38,65372
2015-11-05 11:15:00+05:30,568.38,572.5,568.2,570.28,183678
2015-11-05 11:45:00+05:30,570.5,571.5,570.15,570.95,83512
2015-11-05 12:15:00+05:30,570.95,572.03,569.4,570.98,122546
2015-11-05 12:45:00+05:30,570.98,570.98,568.5,569.75,102864
2015-11-05 13:15:00+05:30,569.75,569.95,568.4,568.7,57914
2015-11-05 13:45:00+05:30,568.7,568.7,565.85,568.45,127290
2015-11-05 14:15:00+05:30,568.45,569.0,566.63,567.35,182088
2015-11-05 14:45:00+05:30,567.35,567.5,560.25,561.0,514690
2015-11-05 15:15:00+05:30,561.0,562.0,559.7,560.2,323530
2015-11-06 09:15:00+05:30,561.68,569.25,561.68,565.75,414260
2015-11-06 09:45:00+05:30,565.98,567.63,564.9,567.2,100752
2015-11-06 10:15:00+05:30,567.2,568.0,565.25,567.55,109194
2015-11-06 10:45:00+05:30,567.55,570.9,567.55,569.48,200520
2015-11-06 11:15:00+05:30,569.48,570.5,569.03,569.78,98308
2015-11-06 11:45:00+05:30,569.53,570.5,569.4,569.98,80634
2015-11-06 12:15:00+05:30,569.6,570.5,568.5,569.48,94924
2015-11-06 12:45:00+05:30,569.48,571.7,569.18,570.45,155670
2015-11-06 13:15:00+05:30,570.45,570.75,568.75,569.98,101000
2015-11-06 13:45:00+05:30,569.98,570.5,568.08,568.95,320150
2015-11-06 14:15:00+05:30,568.95,571.93,568.5,570.5,180984
2015-11-06 14:45:00+05:30,570.5,571.85,567.65,568.45,726832
2015-11-06 15:15:00+05:30,568.5,570.5,568.3,570.1,441194
2015-11-09 09:15:00+05:30,559.38,564.7,558.3,561.23,645088
2015-11-09 09:45:00+05:30,561.2,561.68,558.0,560.2,559582
2015-11-09 10:15:00+05:30,560.2,561.6,558.3,561.2,493366
2015-11-09 10:45:00+05:30,561.2,563.25,560.53,562.7,421440
2015-11-09 11:15:00+05:30,562.7,563.45,562.1,562.6,470662
2015-11-09 11:45:00+05:30,562.6,563.4,562.25,562.9,349492
2015-11-09 12:15:00+05:30,562.9,563.5,562.5,563.2,283384
2015-11-09 12:45:00+05:30,563.2,564.23,562.75,563.08,196150
2015-11-09 13:15:00+05:30,563.1,564.0,562.78,563.68,180154
2015-11-09 13:45:00+05:30,563.68,566.45,563.0,565.25,249994
2015-11-09 14:15:00+05:30,565.25,567.53,565.25,567.3,411162
2015-11-09 14:45:00+05:30,567.43,568.3,565.83,566.83,1134988
2015-11-09 15:15:00+05:30,566.83,570.0,566.53,568.53,724694
2015-11-10 09:15:00+05:30,563.2,563.4,559.15,560.35,556482
2015-11-10 09:45:00+05:30,560.4,561.0,559.5,559.58,236176
2015-11-10 10:15:00+05:30,559.58,559.58,558.25,558.85,232654
2015-11-10 10:45:00+05:30,558.85,561.88,558.78,561.88,231278
2015-11-10 11:15:00+05:30,561.55,562.83,561.0,562.7,247590
2015-11-10 11:45:00+05:30,562.65,562.83,560.08,560.63,269766
2015-11-10 12:15:00+05:30,560.53,561.5,560.25,561.23,160614
2015-11-10 12:45:00+05:30,561.23,561.78,560.45,561.58,159534
2015-11-10 13:15:00+05:30,561.33,561.73,559.5,559.75,179704
2015-11-10 13:45:00+05:30,559.75,560.45,559.25,560.43,178190
2015-11-10 14:15:00+05:30,560.43,560.7,559.0,559.2,205978
2015-11-10 14:45:00+05:30,559.2,559.75,550.1,551.08,1244762
2015-11-10 15:15:00+05:30,551.15,552.98,550.23,552.5,764042
2015-11-11 17:15:00+05:30,559.0,559.0,559.0,559.0,5050
2015-11-11 17:45:00+05:30,557.5,558.8,553.55,555.45,341712
2015-11-11 18:15:00+05:30,555.45,555.5,551.5,554.65,360482
2015-11-11 18:45:00+05:30,554.65,554.65,554.65,554.65,12
2015-11-13 09:15:00+05:30,549.5,552.98,547.75,549.58,781428
2015-11-13 09:45:00+05:30,549.58,551.18,549.0,549.55,278914
2015-11-13 10:15:00+05:30,549.68,550.13,548.25,548.48,157662
2015-11-13 10:45:00+05:30,548.43,548.43,545.25,546.03,230968
2015-11-13 11:15:00+05:30,545.83,547.9,545.0,545.35,178754
2015-11-13 11:45:00+05:30,545.35,547.2,545.0,547.1,144380
2015-11-13 12:15:00+05:30,547.13,548.0,546.6,547.05,188236
2015-11-13 12:45:00+05:30,547.05,547.95,546.6,547.65,152290
2015-11-13 13:15:00+05:30,547.65,547.93,547.25,547.53,181924
2015-11-13 13:45:00+05:30,547.53,550.68,547.15,549.63,305554
2015-11-13 14:15:00+05:30,549.63,550.33,548.0,550.23,192628
2015-11-13 14:45:00+05:30,550.25,552.08,549.68,550.33,424510
2015-11-13 15:15:00+05:30,550.33,550.75,547.75,547.78,286592
2015-11-16 09:15:00+05:30,541.18,541.18,536.18,537.38,450730
2015-11-16 09:45:00+05:30,537.38,537.5,533.63,534.98,452808
2015-11-16 10:15:00+05:30,534.95,538.38,534.5,538.38,431698
2015-11-16 10:45:00+05:30,538.38,540.9,537.73,540.38,498270
2015-11-16 11:15:00+05:30,540.38,542.45,540.0,541.5,427614
2015-11-16 11:45:00+05:30,541.75,546.5,541.25,545.83,436498
2015-11-16 12:15:00+05:30,545.83,546.93,543.33,544.88,486014
2015-11-16 12:45:00+05:30,544.88,545.15,542.5,543.1,190278
2015-11-16 13:15:00+05:30,543.1,545.28,541.53,542.7,185380
2015-11-16 13:45:00+05:30,542.7,543.95,542.13,543.48,170986
2015-11-16 14:15:00+05:30,543.48,546.33,543.25,545.75,285532
2015-11-16 14:45:00+05:30,545.88,546.98,537.68,537.7,1525286
2015-11-16 15:15:00+05:30,537.7,543.55,537.5,543.5,1256810
2015-11-17 09:15:00+05:30,538.0,541.13,530.3,531.18,1459960
2015-11-17 09:45:00+05:30,531.18,532.2,530.0,530.78,459258
2015-11-17 10:15:00+05:30,530.78,532.0,530.6,531.25,298576
2015-11-17 10:45:00+05:30,531.25,531.8,530.0,530.48,260898
2015-11-17 11:15:00+05:30,530.55,530.55,528.15,529.0,469686
2015-11-17 11:45:00+05:30,529.0,529.4,527.55,528.5,392880
2015-11-17 12:15:00+05:30,528.48,529.15,526.55,527.13,565638
2015-11-17 12:45:00+05:30,527.15,529.15,526.0,529.13,350692
2015-11-17 13:15:00+05:30,529.13,532.18,528.78,531.85,589038
2015-11-17 13:45:00+05:30,531.95,533.38,530.5,532.55,483448
2015-11-17 14:15:00+05:30,532.55,533.08,529.0,529.9,500376
2015-11-17 14:45:00+05:30,529.93,531.13,529.0,530.98,723766
2015-11-17 15:15:00+05:30,530.98,531.95,529.2,529.3,613078
2015-11-18 09:15:00+05:30,520.15,521.75,517.43,521.25,1027602
2015-11-18 09:45:00+05:30,521.15,521.8,517.03,517.75,739948
2015-11-18 10:15:00+05:30,518.0,518.25,515.13,516.5,818656
2015-11-18 10:45:00+05:30,516.4,516.68,515.55,515.83,401970
2015-11-18 11:15:00+05:30,515.85,517.25,515.75,516.28,410278
2015-11-18 11:45:00+05:30,516.33,517.5,516.28,517.25,636706
2015-11-18 12:15:00+05:30,517.25,517.5,513.55,513.7,760656
2015-11-18 12:45:00+05:30,513.7,515.0,512.63,513.85,565566
2015-11-18 13:15:00+05:30,513.85,513.98,510.5,510.75,1197368
2015-11-18 13:45:00+05:30,511.2,511.98,508.25,508.6,785020
2015-11-18 14:15:00+05:30,508.55,510.43,505.68,510.35,838350
2015-11-18 14:45:00+05:30,510.38,510.48,508.88,510.05,979614
2015-11-18 15:15:00+05:30,510.0,510.58,509.25,510.03,923024
2015-11-19 09:15:00+05:30,515.5,516.5,511.9,514.85,1099004
2015-11-19 09:45:00+05:30,514.88,518.0,514.75,515.55,1020016
2015-11-19 10:15:00+05:30,515.55,518.38,515.5,517.55,484414
2015-11-19 10:45:00+05:30,517.58,519.0,517.0,517.65,464318
2015-11-19 11:15:00+05:30,517.65,519.75,517.45,519.08,246748
2015-11-19 11:45:00+05:30,519.05,519.88,518.35,519.33,225090
2015-11-19 12:15:00+05:30,519.43,520.9,519.0,519.8,630992
2015-11-19 12:45:00+05:30,519.88,521.78,519.53,520.3,476430
2015-11-19 13:15:00+05:30,520.3,521.4,517.0,518.15,599530
2015-11-19 13:45:00+05:30,518.08,520.0,517.3,518.88,504550
2015-11-19 14:15:00+05:30,519.0,523.45,518.68,522.58,826874
2015-11-19 14:45:00+05:30,522.73,524.8,521.45,524.68,1103538
2015-11-19 15:15:00+05:30,524.65,525.9,522.33,524.0,844530
2015-11-20 09:15:00+05:30,524.5,526.7,521.03,524.03,1021588
2015-11-20 09:45:00+05:30,524.03,524.5,522.0,524.25,365598
2015-11-20 10:15:00+05:30,524.18,526.1,523.9,525.25,535484
2015-11-20 10:45:00+05:30,525.25,531.6,525.25,530.25,731042
2015-11-20 11:15:00+05:30,530.28,531.03,529.25,530.0,307268
2015-11-20 11:45:00+05:30,530.08,530.85,529.1,529.78,205788
2015-11-20 12:15:00+05:30,529.78,529.88,527.2,527.9,206084
2015-11-20 12:45:00+05:30,527.95,529.2,527.5,528.83,173824
2015-11-20 13:15:00+05:30,528.9,529.23,527.38,527.5,228130
2015-11-20 13:45:00+05:30,527.5,528.45,526.75,527.25,283466
2015-11-20 14:15:00+05:30,527.2,528.83,526.5,527.83,710782
2015-11-20 14:45:00+05:30,528.0,529.33,525.5,525.83,771774
2015-11-20 15:15:00+05:30,525.98,526.75,524.55,525.5,538938
2015-11-23 09:15:00+05:30,524.9,525.0,519.03,522.83,698742
2015-11-23 09:45:00+05:30,522.83,525.63,522.5,524.18,396372
2015-11-23 10:15:00+05:30,524.18,528.2,524.18,526.0,421748
2015-11-23 10:45:00+05:30,526.1,528.9,525.95,528.83,393410
2015-11-23 11:15:00+05:30,528.65,530.5,528.6,530.5,358928
2015-11-23 11:45:00+05:30,530.5,531.2,528.03,529.63,336820
2015-11-23 12:15:00+05:30,529.63,530.73,528.0,528.5,322572
2015-11-23 12:45:00+05:30,528.48,529.5,528.08,529.0,277292
2015-11-23 13:15:00+05:30,529.0,530.0,525.65,527.0,402860
2015-11-23 13:45:00+05:30,527.0,528.25,524.6,525.2,422554
2015-11-23 14:15:00+05:30,525.2,528.43,524.6,528.25,450018
2015-11-23 14:45:00+05:30,528.5,529.75,525.7,526.53,690774
2015-11-23 15:15:00+05:30,526.5,528.73,525.5,526.0,426178
2015-11-24 09:15:00+05:30,525.05,525.4,521.35,524.23,445518
2015-11-24 09:45:00+05:30,524.03,524.9,522.18,522.18,339076
2015-11-24 10:15:00+05:30,522.18,522.5,520.55,521.05,241136
2015-11-24 10:45:00+05:30,521.13,521.98,519.28,520.2,247678
2015-11-24 11:15:00+05:30,520.28,521.0,518.53,520.08,216246
2015-11-24 11:45:00+05:30,520.08,520.1,518.5,519.1,199016
2015-11-24 12:15:00+05:30,519.1,520.73,518.63,519.18,166286
2015-11-24 12:45:00+05:30,519.18,521.48,519.18,521.35,229694
2015-11-24 13:15:00+05:30,521.48,523.93,521.35,523.08,451042
2015-11-24 13:45:00+05:30,523.08,523.98,522.6,523.4,360584
2015-11-24 14:15:00+05:30,523.4,523.8,520.05,521.5,609646
2015-11-24 14:45:00+05:30,521.68,522.83,520.3,520.6,432112
2015-11-24 15:15:00+05:30,520.6,521.2,519.28,520.35,381940
2015-11-26 09:15:00+05:30,520.03,527.43,520.03,525.28,927812
2015-11-26 09:45:00+05:30,525.28,527.0,525.0,526.7,369246
2015-11-26 10:15:00+05:30,526.7,526.98,522.38,522.45,1345046
2015-11-26 10:45:00+05:30,522.4,525.0,521.4,524.88,437974
2015-11-26 11:15:00+05:30,524.88,525.55,524.45,525.03,556982
2015-11-26 11:45:00+05:30,525.03,525.38,524.08,524.98,275686
2015-11-26 12:15:00+05:30,524.98,525.25,524.5,525.05,300260
2015-11-26 12:45:00+05:30,525.0,525.9,524.95,525.75,259040
2015-11-26 13:15:00+05:30,525.73,527.43,525.7,526.95,416336
2015-11-26 13:45:00+05:30,527.0,528.7,526.8,528.1,476932
2015-11-26 14:15:00+05:30,528.1,529.23,527.65,528.45,552600
2015-11-26 14:45:00+05:30,528.38,529.75,525.33,527.13,2285144
2015-11-26 15:15:00+05:30,527.2,527.2,524.45,525.0,1635392
2015-11-27 09:15:00+05:30,527.65,528.43,522.5,524.33,312408
2015-11-27 09:45:00+05:30,524.25,526.63,524.05,525.4,220832
2015-11-27 10:15:00+05:30,525.5,527.4,525.4,527.23,216702
2015-11-27 10:45:00+05:30,527.13,529.8,526.5,529.6,267394
2015-11-27 11:15:00+05:30,529.6,529.6,527.03,527.3,197770
2015-11-27 11:45:00+05:30,527.33,528.0,525.93,527.95,276746
2015-11-27 12:15:00+05:30,527.98,529.75,527.18,529.1,228238
2015-11-27 12:45:00+05:30,529.13,531.5,528.93,531.08,380620
2015-11-27 13:15:00+05:30,531.08,532.83,531.08,531.2,727444
2015-11-27 13:45:00+05:30,531.2,532.1,530.5,530.63,237810
2015-11-27 14:15:00+05:30,530.63,534.1,530.18,534.1,676698
2015-11-27 14:45:00+05:30,534.13,534.43,532.33,533.95,808808
2015-11-27 15:15:00+05:30,533.83,535.0,531.25,533.5,589106
2015-11-30 09:15:00+05:30,534.5,534.5,529.0,532.75,453092
2015-11-30 09:45:00+05:30,532.75,533.0,529.23,529.58,221532
2015-11-30 10:15:00+05:30,529.7,529.98,528.1,529.05,347362
2015-11-30 10:45:00+05:30,529.1,529.95,528.75,529.5,221708
2015-11-30 11:15:00+05:30,529.5,529.9,528.53,528.8,157710
2015-11-30 11:45:00+05:30,528.73,530.15,528.13,529.98,190446
2015-11-30 12:15:00+05:30,529.98,532.9,529.8,532.35,346252
2015-11-30 12:45:00+05:30,532.35,532.5,530.63,531.58,247926
2015-11-30 13:15:00+05:30,531.5,534.5,530.95,534.45,442472
2015-11-30 13:45:00+05:30,534.45,535.0,533.53,535.0,441906
2015-11-30 14:15:00+05:30,534.93,543.8,534.53,543.03,2075798
2015-11-30 14:45:00+05:30,543.4,549.08,542.1,542.5,7879984
2015-11-30 15:15:00+05:30,542.53,547.48,540.0,541.65,5068026
2015-12-01 09:15:00+05:30,544.08,546.7,540.63,542.45,771850
2015-12-01 09:45:00+05:30,542.55,542.55,540.05,541.93,346704
2015-12-01 10:15:00+05:30,541.75,542.75,541.15,542.65,272176
2015-12-01 10:45:00+05:30,542.65,543.55,541.25,541.78,327042
2015-12-01 11:15:00+05:30,541.9,543.85,540.0,543.2,424790
2015-12-01 11:45:00+05:30,543.25,543.5,542.48,542.63,335560
2015-12-01 12:15:00+05:30,542.63,542.7,540.83,541.0,290160
2015-12-01 12:45:00+05:30,541.03,542.5,537.8,540.88,548668
2015-12-01 13:15:00+05:30,540.88,541.35,539.25,540.43,316076
2015-12-01 13:45:00+05:30,540.43,541.0,538.78,540.45,298866
2015-12-01 14:15:00+05:30,540.68,541.0,539.0,540.5,418436
2015-12-01 14:45:00+05:30,540.5,542.43,539.78,540.05,891708
2015-12-01 15:15:00+05:30,540.0,540.05,536.5,537.73,646552
2015-12-02 09:15:00+05:30,539.5,539.5,534.55,535.9,976772
2015-12-02 09:45:00+05:30,535.58,536.2,533.78,534.13,482842
2015-12-02 10:15:00+05:30,534.13,534.5,531.73,532.15,486202
2015-12-02 10:45:00+05:30,532.13,532.95,531.0,531.35,285080
2015-12-02 11:15:00+05:30,531.33,532.35,531.0,531.7,271556
2015-12-02 11:45:00+05:30,531.7,532.75,531.28,531.9,283414
2015-12-02 12:15:00+05:30,531.9,532.38,530.7,531.68,312390
2015-12-02 12:45:00+05:30,531.63,531.68,529.5,530.03,406246
2015-12-02 13:15:00+05:30,530.0,532.13,529.63,532.13,399176
2015-12-02 13:45:00+05:30,532.13,532.3,530.0,530.28,350566
2015-12-02 14:15:00+05:30,530.3,530.43,529.55,529.88,417776
2015-12-02 14:45:00+05:30,529.88,530.88,529.5,530.5,805350
2015-12-02 15:15:00+05:30,530.5,530.73,529.55,530.55,910122
2015-12-03 09:15:00+05:30,530.9,532.4,528.25,528.75,468726
2015-12-03 09:45:00+05:30,528.75,528.75,525.0,526.1,605216
2015-12-03 10:15:00+05:30,526.1,526.33,524.53,525.0,385116
2015-12-03 10:45:00+05:30,525.0,526.5,524.8,526.43,273212
2015-12-03 11:15:00+05:30,526.43,527.95,526.1,527.93,379322
2015-12-03 11:45:00+05:30,527.95,528.73,527.88,528.53,212350
2015-12-03 12:15:00+05:30,528.55,529.5,528.05,528.85,283984
2015-12-03 12:45:00+05:30,528.9,529.5,528.13,529.45,263632
2015-12-03 13:15:00+05:30,529.55,530.5,529.0,530.5,210000
2015-12-03 13:45:00+05:30,530.5,530.5,529.63,530.45,199242
2015-12-03 14:15:00+05:30,530.45,530.48,529.05,529.48,268034
2015-12-03 14:45:00+05:30,529.45,530.0,527.8,528.25,1217518
2015-12-03 15:15:00+05:30,528.05,530.5,528.05,529.5,731908
2015-12-04 09:15:00+05:30,524.85,524.9,520.08,521.7,1014024
2015-12-04 09:45:00+05:30,521.75,523.1,521.55,522.35,567414
2015-12-04 10:15:00+05:30,522.35,522.63,521.18,521.6,388184
2015-12-04 10:45:00+05:30,521.6,522.15,520.5,520.9,435904
2015-12-04 11:15:00+05:30,520.9,521.95,520.8,521.58,397610
2015-12-04 11:45:00+05:30,521.55,522.08,521.25,521.53,426892
2015-12-04 12:15:00+05:30,521.2,522.65,521.2,522.08,684022
2015-12-04 12:45:00+05:30,522.08,522.58,521.53,522.05,466158
2015-12-04 13:15:00+05:30,522.03,524.5,522.0,523.95,504864
2015-12-04 13:45:00+05:30,523.9,532.38,523.65,527.2,1136166
2015-12-04 14:15:00+05:30,526.98,527.98,525.8,525.9,425066
2015-12-04 14:45:00+05:30,525.85,527.23,523.8,525.05,1196064
2015-12-04 15:15:00+05:30,525.08,525.08,522.0,524.43,725652
2015-12-07 09:15:00+05:30,527.55,529.5,526.33,528.25,318694
2015-12-07 09:45:00+05:30,528.43,528.45,522.15,525.03,369486
2015-12-07 10:15:00+05:30,525.25,527.0,525.13,525.65,157104
2015-12-07 10:45:00+05:30,525.65,526.48,524.43,526.25,178096
2015-12-07 11:15:00+05:30,526.25,526.5,525.0,526.4,151644
2015-12-07 11:45:00+05:30,526.4,527.5,526.4,526.88,143102
2015-12-07 12:15:00+05:30,526.63,527.28,524.05,524.9,448194
2015-12-07 12:45:00+05:30,524.9,525.6,521.63,522.1,429436
2015-12-07 13:15:00+05:30,522.1,522.53,520.0,520.65,512748
2015-12-07 13:45:00+05:30,520.9,522.33,520.45,522.03,331702
2015-12-07 14:15:00+05:30,522.03,523.85,521.75,522.0,471930
2015-12-07 14:45:00+05:30,521.98,523.45,521.55,523.25,487036
2015-12-07 15:15:00+05:30,523.23,523.98,522.28,523.0,510226
2015-12-08 09:15:00+05:30,522.93,528.08,522.68,527.13,535634
2015-12-08 09:45:00+05:30,527.13,531.25,527.1,529.8,619990
2015-12-08 10:15:00+05:30,529.8,530.5,529.0,529.5,219592
2015-12-08 10:45:00+05:30,529.5,530.25,524.08,527.43,656456
2015-12-08 11:15:00+05:30,527.43,528.45,526.53,527.7,249286
2015-12-08 11:45:00+05:30,527.7,529.75,527.6,528.68,276288
2015-12-08 12:15:00+05:30,528.68,528.75,527.65,528.13,176162
2015-12-08 12:45:00+05:30,528.1,528.38,526.35,527.03,282206
2015-12-08 13:15:00+05:30,527.0,528.2,526.93,527.3,226756
2015-12-08 13:45:00+05:30,527.3,527.93,523.83,525.33,478448
2015-12-08 14:15:00+05:30,525.33,526.5,524.78,525.43,343072
2015-12-08 14:45:00+05:30,525.45,525.93,521.75,523.25,959202
2015-12-08 15:15:00+05:30,523.45,523.48,519.65,520.78,694834
2015-12-09 09:15:00+05:30,520.98,523.48,519.48,522.5,631812
2015-12-09 09:45:00+05:30,522.5,522.83,519.08,520.9,428328
2015-12-09 10:15:00+05:30,520.9,521.0,516.83,517.4,570390
2015-12-09 10:45:00+05:30,517.45,522.0,517.2,520.93,447462
2015-12-09 11:15:00+05:30,520.93,521.5,519.58,519.95,232298
2015-12-09 11:45:00+05:30,519.95,521.73,519.93,520.85,189798
2015-12-09 12:15:00+05:30,520.85,521.48,519.5,520.68,204006
2015-12-09 12:45:00+05:30,520.68,521.23,519.13,520.7,311252
2015-12-09 13:15:00+05:30,520.7,521.0,519.93,520.45,233498
2015-12-09 13:45:00+05:30,520.45,520.75,516.53,518.13,699120
2015-12-09 14:15:00+05:30,518.13,519.0,516.48,517.83,553806
2015-12-09 14:45:00+05:30,517.83,518.23,514.68,516.15,1006524
2015-12-09 15:15:00+05:30,516.4,516.43,511.43,512.0,1299966
2015-12-10 09:15:00+05:30,519.48,521.0,515.25,518.73,705558
2015-12-10 09:45:00+05:30,518.75,520.0,516.2,517.83,293838
2015-12-10 10:15:00+05:30,517.83,520.08,517.08,517.25,225652
2015-12-10 10:45:00+05:30,517.3,518.15,516.95,517.43,212024
2015-12-10 11:15:00+05:30,517.43,519.75,517.43,519.13,198220
2015-12-10 11:45:00+05:30,519.23,519.4,517.05,517.05,172224
2015-12-10 12:15:00+05:30,517.13,518.0,517.08,517.75,161100
2015-12-10 12:45:00+05:30,517.8,518.18,517.08,517.58,276336
2015-12-10 13:15:00+05:30,517.7,518.25,517.5,518.03,287788
2015-12-10 13:45:00+05:30,518.25,521.35,518.0,520.78,695112
2015-12-10 14:15:00+05:30,520.98,521.38,520.43,520.83,493900
2015-12-10 14:45:00+05:30,521.0,524.53,519.75,524.08,1166186
2015-12-10 15:15:00+05:30,524.13,525.8,523.23,524.95,693884
2015-12-11 09:15:00+05:30,526.53,527.35,524.38,525.7,716338
2015-12-11 09:45:00+05:30,525.55,527.0,525.18,526.0,289480
2015-12-11 10:15:00+05:30,526.0,529.75,525.5,527.75,411970
2015-12-11 10:45:00+05:30,527.75,529.35,527.38,528.9,197744
2015-12-11 11:15:00+05:30,528.83,530.95,525.08,527.3,455372
2015-12-11 11:45:00+05:30,527.3,527.68,525.38,527.18,367968
2015-12-11 12:15:00+05:30,527.03,527.38,525.58,526.33,296680
2015-12-11 12:45:00+05:30,526.33,526.45,522.95,525.83,447746
2015-12-11 13:15:00+05:30,525.83,528.5,524.85,526.48,326960
2015-12-11 13:45:00+05:30,526.5,526.5,523.63,525.45,301794
2015-12-11 14:15:00+05:30,525.45,526.5,524.03,525.5,248824
2015-12-11 14:45:00+05:30,525.5,526.9,525.05,526.0,589364
2015-12-11 15:15:00+05:30,526.15,529.0,524.0,527.83,731760
2015-12-14 09:15:00+05:30,524.03,530.7,524.03,529.73,346676
2015-12-14 09:45:00+05:30,529.73,532.7,529.13,530.05,282948
2015-12-14 10:15:00+05:30,530.18,533.28,530.03,531.83,259976
2015-12-14 10:45:00+05:30,531.85,533.5,531.03,531.73,208198
2015-12-14 11:15:00+05:30,531.75,532.25,529.78,530.35,324098
2015-12-14 11:45:00+05:30,530.38,532.93,530.38,532.48,197220
2015-12-14 12:15:00+05:30,532.48,533.0,532.33,532.88,157080
2015-12-14 12:45:00+05:30,532.9,534.95,532.8,533.93,372416
2015-12-14 13:15:00+05:30,533.93,535.75,533.6,535.45,309210
2015-12-14 13:45:00+05:30,535.45,536.5,533.0,533.93,399748
2015-12-14 14:15:00+05:30,533.78,534.43,532.25,532.48,368654
2015-12-14 14:45:00+05:30,532.73,535.78,532.53,534.85,859078
2015-12-14 15:15:00+05:30,534.88,536.0,532.55,533.75,724040
2015-12-15 09:15:00+05:30,536.63,536.73,530.78,531.28,851880
2015-12-15 09:45:00+05:30,531.28,531.75,529.5,531.1,367038
2015-12-15 10:15:00+05:30,531.1,531.5,529.8,531.05,277756
2015-12-15 10:45:00+05:30,531.23,533.1,531.0,532.83,208296
2015-12-15 11:15:00+05:30,532.83,534.1,532.38,534.05,253316
2015-12-15 11:45:00+05:30,534.0,537.25,533.53,536.68,440534
2015-12-15 12:15:00+05:30,536.68,536.73,535.08,536.05,186466
2015-12-15 12:45:00+05:30,536.05,536.33,534.5,535.0,271376
2015-12-15 13:15:00+05:30,535.0,536.93,535.0,536.05,157146
2015-12-15 13:45:00+05:30,536.0,537.5,535.0,536.9,285380
2015-12-15 14:15:00+05:30,536.5,538.2,536.0,537.38,545514
2015-12-15 14:45:00+05:30,537.38,539.5,537.38,538.6,991142
2015-12-15 15:15:00+05:30,538.6,539.55,538.58,538.95,590438
2015-12-16 09:15:00+05:30,541.75,544.7,541.7,543.53,443402
2015-12-16 09:45:00+05:30,543.53,545.23,543.15,544.75,347170
2015-12-16 10:15:00+05:30,544.75,546.0,544.1,545.0,281548
2015-12-16 10:45:00+05:30,545.23,545.75,545.0,545.5,204714
2015-12-16 11:15:00+05:30,545.65,545.85,545.28,545.85,156680
2015-12-16 11:45:00+05:30,545.85,547.5,545.5,547.3,280826
2015-12-16 12:15:00+05:30,547.28,547.78,546.55,547.03,500758
2015-12-16 12:45:00+05:30,547.05,547.3,544.83,546.0,504402
2015-12-16 13:15:00+05:30,545.98,546.63,544.25,544.83,304124
2015-12-16 13:45:00+05:30,544.53,547.15,544.2,547.0,294198
2015-12-16 14:15:00+05:30,547.0,548.55,546.28,547.5,575524
2015-12-16 14:45:00+05:30,547.4,549.0,547.4,547.55,886744
2015-12-16 15:15:00+05:30,547.5,549.0,545.9,547.0,709912
2015-12-17 09:15:00+05:30,550.0,551.48,547.53,547.63,979568
2015-12-17 09:45:00+05:30,547.55,548.0,544.0,545.43,390460
2015-12-17 10:15:00+05:30,545.43,547.85,544.03,547.85,322322
2015-12-17 10:45:00+05:30,547.85,549.93,547.3,547.4,387580
2015-12-17 11:15:00+05:30,547.4,549.0,546.25,547.98,188784
2015-12-17 11:45:00+05:30,547.98,549.6,547.5,548.45,185886
2015-12-17 12:15:00+05:30,548.45,549.0,547.35,547.75,140742
2015-12-17 12:45:00+05:30,547.88,549.05,546.38,549.0,172158
2015-12-17 13:15:00+05:30,549.05,549.25,546.9,547.5,220766
2015-12-17 13:45:00+05:30,547.5,552.5,547.28,551.9,505902
2015-12-17 14:15:00+05:30,552.0,554.9,551.08,553.55,497218
2015-12-17 14:45:00+05:30,553.5,554.5,552.88,553.75,487268
2015-12-17 15:15:00+05:30,553.73,554.35,551.23,552.75,456570
2015-12-18 09:15:00+05:30,550.98,550.98,544.18,547.25,574862
2015-12-18 09:45:00+05:30,547.25,548.0,545.5,546.73,206800
2015-12-18 10:15:00+05:30,546.73,547.5,545.25,546.25,160242
2015-12-18 10:45:00+05:30,546.25,547.7,545.53,547.4,168550
2015-12-18 11:15:00+05:30,547.4,547.45,546.25,546.65,116242
2015-12-18 11:45:00+05:30,546.65,546.9,545.5,545.7,136454
2015-12-18 12:15:00+05:30,545.7,547.0,544.75,545.83,168848
2015-12-18 12:45:00+05:30,545.68,546.95,545.08,545.3,169698
2015-12-18 13:15:00+05:30,545.3,546.5,544.5,545.65,213082
2015-12-18 13:45:00+05:30,545.65,546.45,545.2,545.95,214480
2015-12-18 14:15:00+05:30,545.8,546.8,545.55,546.75,246258
2015-12-18 14:45:00+05:30,546.63,548.2,539.9,540.78,2585544
2015-12-18 15:15:00+05:30,540.5,548.3,539.73,542.98,2220308
2015-12-21 09:15:00+05:30,534.98,539.25,534.98,538.78,409680
2015-12-21 09:45:00+05:30,539.0,544.75,538.6,543.33,435366
2015-12-21 10:15:00+05:30,543.28,547.93,543.25,547.68,332264
2015-12-21 10:45:00+05:30,547.68,548.5,546.25,547.35,244552
2015-12-21 11:15:00+05:30,547.35,548.5,546.83,547.48,165882
2015-12-21 11:45:00+05:30,547.48,548.38,546.75,548.0,159428
2015-12-21 12:15:00+05:30,548.0,548.25,547.43,548.13,109050
2015-12-21 12:45:00+05:30,548.13,548.25,547.03,547.83,113852
2015-12-21 13:15:00+05:30,547.63,548.3,547.25,547.9,128000
2015-12-21 13:45:00+05:30,547.88,549.25,547.45,548.88,174018
2015-12-21 14:15:00+05:30,548.73,551.5,548.73,550.38,428808
2015-12-21 14:45:00+05:30,550.4,552.5,550.05,551.5,729956
2015-12-21 15:15:00+05:30,551.5,553.5,550.58,553.5,893412
2015-12-22 09:15:00+05:30,547.85,547.85,543.7,544.58,387198
2015-12-22 09:45:00+05:30,544.58,546.48,544.58,546.2,151362
2015-12-22 10:15:00+05:30,546.2,546.25,544.95,544.95,663264
2015-12-22 10:45:00+05:30,544.95,545.1,540.75,541.53,214568
2015-12-22 11:15:00+05:30,541.48,543.5,541.05,543.45,131698
2015-12-22 11:45:00+05:30,543.45,543.48,542.18,542.78,123388
2015-12-22 12:15:00+05:30,542.75,545.9,542.65,544.35,235562
2015-12-22 12:45:00+05:30,544.35,545.25,543.7,543.95,127000
2015-12-22 13:15:00+05:30,543.93,544.5,543.88,543.9,295414
2015-12-22 13:45:00+05:30,543.88,544.0,542.55,544.0,230498
2015-12-22 14:15:00+05:30,544.0,544.0,540.1,540.5,457584
2015-12-22 14:45:00+05:30,540.5,542.3,540.28,541.93,860318
2015-12-22 15:15:00+05:30,541.93,544.0,540.4,542.9,802140
2015-12-23 09:15:00+05:30,547.53,547.98,545.0,547.18,242840
2015-12-23 09:45:00+05:30,547.03,547.18,545.25,546.2,87342
2015-12-23 10:15:00+05:30,546.15,547.35,545.88,546.68,104144
2015-12-23 10:45:00+05:30,546.68,547.5,546.3,546.6,88758
2015-12-23 11:15:00+05:30,546.7,546.7,543.55,545.35,155858
2015-12-23 11:45:00+05:30,545.23,547.25,544.7,546.6,99964
2015-12-23 12:15:00+05:30,546.5,546.73,545.78,546.15,54268
2015-12-23 12:45:00+05:30,546.15,546.95,546.0,546.25,73838
2015-12-23 13:15:00+05:30,546.33,549.75,546.0,548.75,233438
2015-12-23 13:45:00+05:30,548.75,549.05,548.08,548.9,126372
2015-12-23 14:15:00+05:30,548.9,550.63,548.5,549.73,499566
2015-12-23 14:45:00+05:30,549.75,551.25,548.58,550.83,665650
2015-12-23 15:15:00+05:30,550.88,551.2,550.0,550.0,429002
2015-12-24 09:15:00+05:30,551.1,552.23,546.78,547.83,187882
2015-12-24 09:45:00+05:30,547.83,549.0,547.75,548.7,88588
2015-12-24 10:15:00+05:30,548.7,549.0,547.9,548.23,52812
2015-12-24 10:45:00+05:30,548.23,548.33,547.5,548.0,51222
2015-12-24 11:15:00+05:30,548.0,548.45,547.5,548.08,37618
2015-12-24 11:45:00+05:30,548.08,548.5,545.05,545.43,129056
2015-12-24 12:15:00+05:30,545.5,547.75,545.5,546.85,73674
2015-12-24 12:45:00+05:30,546.6,548.0,546.03,547.0,35206
2015-12-24 13:15:00+05:30,547.0,548.45,547.0,548.05,45776
2015-12-24 13:45:00+05:30,548.05,548.23,546.5,547.35,63580
2015-12-24 14:15:00+05:30,547.35,547.75,546.9,547.1,58236
2015-12-24 14:45:00+05:30,547.1,548.95,547.05,548.03,113030
2015-12-24 15:15:00+05:30,548.03,549.5,546.9,547.95,290984
2015-12-28 09:15:00+05:30,545.1,552.33,545.1,551.95,330022
2015-12-28 09:45:00+05:30,551.85,552.65,550.6,552.63,191044
2015-12-28 10:15:00+05:30,552.63,553.2,552.05,552.55,242052
2015-12-28 10:45:00+05:30,552.55,553.0,551.3,551.93,224884
2015-12-28 11:15:00+05:30,551.93,553.48,551.5,553.4,231798
2015-12-28 11:45:00+05:30,553.18,553.85,552.05,553.7,274596
2015-12-28 12:15:00+05:30,553.73,554.83,553.25,553.33,269224
2015-12-28 12:45:00+05:30,553.63,553.7,551.73,553.13,176434
2015-12-28 13:15:00+05:30,553.18,553.9,551.95,552.5,231876
2015-12-28 13:45:00+05:30,552.5,553.08,551.3,552.3,246008
2015-12-28 14:15:00+05:30,552.3,554.68,551.38,553.25,620080
2015-12-28 14:45:00+05:30,553.33,555.0,551.45,552.83,1394134
2015-12-28 15:15:00+05:30,552.58,553.0,550.5,551.5,1087132
2015-12-29 09:15:00+05:30,552.0,553.18,550.0,552.48,257040
2015-12-29 09:45:00+05:30,552.35,554.43,551.75,552.63,172500
2015-12-29 10:15:00+05:30,552.6,553.48,552.0,552.28,100648
2015-12-29 10:45:00+05:30,552.28,552.95,551.6,552.83,169400
2015-12-29 11:15:00+05:30,552.83,552.83,550.03,550.28,257376
2015-12-29 11:45:00+05:30,550.28,550.5,548.65,549.28,197000
2015-12-29 12:15:00+05:30,549.28,550.73,548.93,549.1,204762
2015-12-29 12:45:00+05:30,549.43,550.45,549.03,549.55,185958
2015-12-29 13:15:00+05:30,549.5,552.23,548.75,551.68,326746
2015-12-29 13:45:00+05:30,551.68,554.0,551.68,553.75,287522
2015-12-29 14:15:00+05:30,553.75,555.0,553.1,554.43,430746
2015-12-29 14:45:00+05:30,554.43,554.45,552.0,552.5,420850
2015-12-29 15:15:00+05:30,552.5,553.5,550.88,551.5,331186
2015-12-30 09:15:00+05:30,551.98,553.3,550.53,551.18,370632
2015-12-30 09:45:00+05:30,551.18,552.5,551.05,551.73,169282
2015-12-30 10:15:00+05:30,551.73,552.05,551.53,551.63,127942
2015-12-30 10:45:00+05:30,551.63,552.0,551.25,551.43,143324
2015-12-30 11:15:00+05:30,551.48,551.48,550.75,550.93,229238
2015-12-30 11:45:00+05:30,550.93,551.5,550.88,551.05,166812
2015-12-30 12:15:00+05:30,551.0,551.48,548.28,549.23,523066
2015-12-30 12:45:00+05:30,549.23,549.65,548.65,549.25,174852
2015-12-30 13:15:00+05:30,549.25,549.25,548.05,548.8,208072
2015-12-30 13:45:00+05:30,548.78,549.48,547.68,549.15,297480
2015-12-30 14:15:00+05:30,549.2,549.2,546.83,546.83,474810
2015-12-30 14:45:00+05:30,546.78,547.2,541.58,542.75,1648390
2015-12-30 15:15:00+05:30,542.75,544.55,542.28,544.0,616664
2015-12-31 09:15:00+05:30,546.0,547.25,543.5,545.63,198758
2015-12-31 09:45:00+05:30,545.63,546.93,545.63,546.93,115666
2015-12-31 10:15:00+05:30,546.93,547.2,545.28,546.33,124354
2015-12-31 10:45:00+05:30,546.33,547.75,545.5,547.45,181034
2015-12-31 11:15:00+05:30,547.45,547.68,545.63,546.65,178696
2015-12-31 11:45:00+05:30,546.65,546.9,545.75,546.38,104426
2015-12-31 12:15:00+05:30,546.38,547.08,545.95,546.78,60596
2015-12-31 12:45:00+05:30,546.78,547.45,546.2,547.33,178150
2015-12-31 13:15:00+05:30,547.25,548.48,546.78,547.45,576354
2015-12-31 13:45:00+05:30,547.45,549.35,546.83,548.9,215210
2015-12-31 14:15:00+05:30,548.9,550.25,548.3,549.0,270492
2015-12-31 14:45:00+05:30,549.0,554.95,548.68,551.0,3091934
2015-12-31 15:15:00+05:30,551.0,554.98,550.15,551.55,2639060
2016-01-04 09:15:00+05:30,549.85,551.23,546.53,549.43,388362
2016-01-04 09:45:00+05:30,549.43,549.93,545.33,546.13,357092
2016-01-04 10:15:00+05:30,546.13,547.0,544.55,546.25,312260
2016-01-04 10:45:00+05:30,546.25,546.35,543.83,544.13,379018
2016-01-04 11:15:00+05:30,544.13,545.98,543.6,545.48,223750
2016-01-04 11:45:00+05:30,545.48,546.45,544.53,546.43,124900
2016-01-04 12:15:00+05:30,546.43,549.83,545.68,547.38,149152
2016-01-04 12:45:00+05:30,547.48,547.5,544.6,544.9,131760
2016-01-04 13:15:00+05:30,545.05,545.4,542.55,543.78,248070
2016-01-04 13:45:00+05:30,543.98,543.98,540.65,542.65,286046
2016-01-04 14:15:00+05:30,542.65,542.95,540.85,541.83,219178
2016-01-04 14:45:00+05:30,541.83,541.95,538.28,538.75,679540
2016-01-04 15:15:00+05:30,538.78,539.7,538.03,539.25,469502
2016-01-05 09:15:00+05:30,542.5,542.5,535.25,536.6,667192
2016-01-05 09:45:00+05:30,536.6,536.6,535.15,536.0,293408
2016-01-05 10:15:00+05:30,536.03,538.5,535.7,535.95,258370
2016-01-05 10:45:00+05:30,535.98,535.98,531.13,532.7,307244
2016-01-05 11:15:00+05:30,532.7,533.3,531.73,532.28,211468
2016-01-05 11:45:00+05:30,532.28,537.4,532.2,537.03,279552
2016-01-05 12:15:00+05:30,537.03,538.23,536.28,537.68,271016
2016-01-05 12:45:00+05:30,537.75,538.53,537.03,537.18,310574
2016-01-05 13:15:00+05:30,537.18,537.8,535.08,536.38,290164
2016-01-05 13:45:00+05:30,536.38,538.4,535.5,537.18,244212
2016-01-05 14:15:00+05:30,537.18,537.73,535.5,535.58,376318
2016-01-05 14:45:00+05:30,535.58,537.8,535.53,537.1,872466
2016-01-05 15:15:00+05:30,537.05,537.63,535.68,536.5,564096
2016-01-06 09:15:00+05:30,537.3,537.3,529.45,535.98,703218
2016-01-06 09:45:00+05:30,535.98,536.75,535.05,535.33,288034
2016-01-06 10:15:00+05:30,535.3,535.75,533.75,534.05,271806
2016-01-06 10:45:00+05:30,534.05,535.15,532.0,533.5,271250
2016-01-06 11:15:00+05:30,533.48,534.03,532.0,532.8,385846
2016-01-06 11:45:00+05:30,532.78,533.9,531.75,533.23,253752
2016-01-06 12:15:00+05:30,533.23,533.9,532.8,533.5,235002
2016-01-06 12:45:00+05:30,533.5,535.0,533.25,534.6,301642
2016-01-06 13:15:00+05:30,534.65,535.0,533.25,533.73,329778
2016-01-06 13:45:00+05:30,533.73,533.78,532.0,532.58,508498
2016-01-06 14:15:00+05:30,532.58,533.93,532.5,532.9,390832
2016-01-06 14:45:00+05:30,532.9,535.53,531.8,534.78,1008448
2016-01-06 15:15:00+05:30,534.75,535.08,534.0,534.25,636418
2016-01-07 09:15:00+05:30,529.75,530.88,527.1,528.45,555110
2016-01-07 09:45:00+05:30,528.45,530.78,528.4,529.23,375370
2016-01-07 10:15:00+05:30,529.2,530.25,528.53,530.15,293554
2016-01-07 10:45:00+05:30,530.15,533.7,530.15,532.48,356126
2016-01-07 11:15:00+05:30,532.43,533.28,531.0,531.3,288076
2016-01-07 11:45:00+05:30,531.3,532.55,530.75,531.3,298482
2016-01-07 12:15:00+05:30,531.3,532.0,530.5,531.48,263738
2016-01-07 12:45:00+05:30,531.5,531.63,529.4,530.03,322482
2016-01-07 13:15:00+05:30,530.0,530.98,529.05,530.1,247374
2016-01-07 13:45:00+05:30,530.1,530.95,529.3,529.3,313898
2016-01-07 14:15:00+05:30,529.5,530.5,525.25,526.3,491738
2016-01-07 14:45:00+05:30,526.3,528.0,524.0,524.45,951034
2016-01-07 15:15:00+05:30,524.23,527.3,524.05,526.45,530622
2016-01-08 09:15:00+05:30,530.8,530.9,528.15,528.55,358046
2016-01-08 09:45:00+05:30,528.55,530.95,527.75,530.8,248352
2016-01-08 10:15:00+05:30,530.53,530.73,528.5,528.9,201438
2016-01-08 10:45:00+05:30,528.85,531.4,528.75,531.13,186534
2016-01-08 11:15:00+05:30,531.5,532.33,529.5,530.0,176458
2016-01-08 11:45:00+05:30,530.03,530.38,528.75,529.8,137268
2016-01-08 12:15:00+05:30,529.8,531.95,529.45,531.5,107272
2016-01-08 12:45:00+05:30,531.55,532.75,530.5,530.78,194254
2016-01-08 13:15:00+05:30,531.13,532.35,529.83,530.33,164430
2016-01-08 13:45:00+05:30,530.5,533.33,530.5,532.33,226702
2016-01-08 14:15:00+05:30,532.33,532.33,530.78,531.2,174994
2016-01-08 14:45:00+05:30,531.2,532.3,530.0,531.58,537428
2016-01-08 15:15:00+05:30,531.58,532.5,531.3,532.33,439756
2016-01-11 09:15:00+05:30,529.0,534.98,527.25,532.1,613364
2016-01-11 09:45:00+05:30,532.18,534.15,529.25,529.63,495102
2016-01-11 10:15:00+05:30,529.6,530.0,526.58,527.75,584014
2016-01-11 10:45:00+05:30,527.75,528.65,526.05,527.35,438720
2016-01-11 11:15:00+05:30,527.35,528.13,526.3,526.9,170390
2016-01-11 11:45:00+05:30,526.9,529.38,526.58,528.68,449732
2016-01-11 12:15:00+05:30,528.68,529.3,527.5,528.58,198086
2016-01-11 12:45:00+05:30,528.58,529.0,527.78,528.68,114892
2016-01-11 13:15:00+05:30,528.68,528.68,526.18,527.48,269944
2016-01-11 13:45:00+05:30,527.48,530.23,527.4,529.1,198890
2016-01-11 14:15:00+05:30,529.1,530.5,528.68,530.13,193768
2016-01-11 14:45:00+05:30,530.13,530.13,527.5,527.53,840858
2016-01-11 15:15:00+05:30,527.53,527.75,526.28,527.25,788808
2016-01-12 09:15:00+05:30,530.98,530.98,522.55,524.68,807860
2016-01-12 09:45:00+05:30,524.68,525.43,523.6,525.35,399828
2016-01-12 10:15:00+05:30,525.38,525.5,515.93,518.43,770052
2016-01-12 10:45:00+05:30,518.4,521.23,517.75,521.08,330152
2016-01-12 11:15:00+05:30,521.08,522.18,520.5,521.5,222896
2016-01-12 11:45:00+05:30,521.5,521.73,520.0,520.43,223192
2016-01-12 12:15:00+05:30,520.43,522.38,520.0,521.88,252622
2016-01-12 12:45:00+05:30,521.88,522.93,521.53,522.45,423580
2016-01-12 13:15:00+05:30,522.45,524.7,522.45,523.5,375590
2016-01-12 13:45:00+05:30,523.5,523.53,522.65,523.18,369320
2016-01-12 14:15:00+05:30,523.18,525.0,522.5,524.4,530052
2016-01-12 14:45:00+05:30,524.4,526.45,524.0,525.1,1061566
2016-01-12 15:15:00+05:30,525.1,526.08,523.9,524.03,790752
2016-01-13 09:15:00+05:30,531.05,534.45,529.05,533.0,512404
2016-01-13 09:45:00+05:30,533.0,535.9,531.63,535.08,343794
2016-01-13 10:15:00+05:30,535.3,538.1,534.63,536.03,376576
2016-01-13 10:45:00+05:30,536.03,536.93,529.28,531.73,363748
2016-01-13 11:15:00+05:30,531.93,534.75,530.0,530.63,301318
2016-01-13 11:45:00+05:30,530.75,532.88,529.1,530.1,245984
2016-01-13 12:15:00+05:30,530.1,531.0,525.05,526.8,520182
2016-01-13 12:45:00+05:30,526.8,531.73,524.05,531.58,573518
2016-01-13 13:15:00+05:30,531.6,535.48,530.55,535.23,641574
2016-01-13 13:45:00+05:30,535.0,541.2,533.8,539.73,1355818
2016-01-13 14:15:00+05:30,539.75,545.05,538.0,543.6,1238120
2016-01-13 14:45:00+05:30,543.5,545.5,541.8,542.25,1401660
2016-01-13 15:15:00+05:30,542.23,542.7,538.2,540.53,867914
2016-01-14 09:15:00+05:30,533.0,569.4,527.53,565.4,10294878
2016-01-14 09:45:00+05:30,565.5,570.6,563.5,566.83,3902870
2016-01-14 10:15:00+05:30,566.85,568.0,562.03,566.08,2248982
2016-01-14 10:45:00+05:30,566.1,566.28,564.53,565.68,734172
2016-01-14 11:15:00+05:30,565.7,567.5,564.98,566.95,844692
2016-01-14 11:45:00+05:30,566.95,568.98,565.65,567.8,1002822
2016-01-14 12:15:00+05:30,567.8,575.85,567.73,573.85,2545036
2016-01-14 12:45:00+05:30,573.75,577.0,572.55,576.6,1384910
2016-01-14 13:15:00+05:30,576.75,577.5,572.5,575.23,1186270
2016-01-14 13:45:00+05:30,575.5,575.75,572.0,573.0,790112
2016-01-14 14:15:00+05:30,573.0,573.7,566.75,568.4,1630480
2016-01-14 14:45:00+05:30,568.68,568.95,564.65,566.38,2281130
2016-01-14 15:15:00+05:30,566.4,568.88,565.63,568.75,1369792
2016-01-15 09:15:00+05:30,574.23,581.65,573.0,575.05,2864360
2016-01-15 09:45:00+05:30,575.05,577.45,572.0,574.35,1013430
2016-01-15 10:15:00+05:30,574.28,574.75,570.5,572.0,672162
2016-01-15 10:45:00+05:30,572.0,574.6,571.58,573.78,647144
2016-01-15 11:15:00+05:30,573.78,575.0,573.03,573.78,473086
2016-01-15 11:45:00+05:30,573.75,574.45,572.9,572.9,421550
2016-01-15 12:15:00+05:30,572.9,573.5,572.0,573.13,599942
2016-01-15 12:45:00+05:30,573.13,574.0,572.6,573.48,688324
2016-01-15 13:15:00+05:30,573.48,574.3,572.43,574.3,708168
2016-01-15 13:45:00+05:30,574.5,577.9,573.5,575.88,882392
2016-01-15 14:15:00+05:30,575.88,577.75,572.6,572.78,1319562
2016-01-15 14:45:00+05:30,572.58,572.98,568.8,570.08,1693600
2016-01-15 15:15:00+05:30,570.08,571.43,569.0,570.9,1029034
2016-01-18 09:15:00+05:30,571.03,580.98,569.75,578.33,1985542
2016-01-18 09:45:00+05:30,578.33,578.68,572.85,575.0,929282
2016-01-18 10:15:00+05:30,575.0,575.0,573.35,574.63,529464
2016-01-18 10:45:00+05:30,574.63,576.63,573.65,574.7,630464
2016-01-18 11:15:00+05:30,574.7,575.63,573.63,574.8,523854
2016-01-18 11:45:00+05:30,574.88,575.0,572.28,574.78,549456
2016-01-18 12:15:00+05:30,574.78,574.9,571.18,573.35,549292
2016-01-18 12:45:00+05:30,573.35,573.5,571.85,571.85,441342
2016-01-18 13:15:00+05:30,571.85,573.5,570.83,573.5,587482
2016-01-18 13:45:00+05:30,573.13,573.5,570.55,571.0,468600
2016-01-18 14:15:00+05:30,571.0,571.0,565.93,567.03,856462
2016-01-18 14:45:00+05:30,567.03,568.75,564.68,565.1,993642
2016-01-18 15:15:00+05:30,565.08,566.7,564.55,564.8,1014872
2016-01-19 09:15:00+05:30,568.78,573.8,568.43,571.73,852336
2016-01-19 09:45:00+05:30,571.63,575.0,571.25,574.5,545546
2016-01-19 10:15:00+05:30,574.5,577.45,573.8,577.45,408180
2016-01-19 10:45:00+05:30,577.45,579.48,575.5,576.45,656188
2016-01-19 11:15:00+05:30,576.43,577.2,575.03,575.73,322898
2016-01-19 11:45:00+05:30,575.73,575.75,571.7,571.95,561372
2016-01-19 12:15:00+05:30,571.88,572.45,569.0,569.3,642462
2016-01-19 12:45:00+05:30,569.28,571.58,568.0,570.8,527902
2016-01-19 13:15:00+05:30,570.8,571.5,569.0,569.73,466372
2016-01-19 13:45:00+05:30,569.68,571.08,567.73,568.75,565642
2016-01-19 14:15:00+05:30,568.53,569.35,564.28,567.43,751476
2016-01-19 14:45:00+05:30,567.43,570.5,566.53,568.63,616180
2016-01-19 15:15:00+05:30,568.98,570.98,568.68,570.13,576364
2016-01-20 09:15:00+05:30,567.0,572.38,564.3,567.83,770660
2016-01-20 09:45:00+05:30,567.83,568.6,565.8,566.8,314938
2016-01-20 10:15:00+05:30,566.8,567.25,565.33,566.5,274066
2016-01-20 10:45:00+05:30,566.5,567.48,566.18,567.35,219090
2016-01-20 11:15:00+05:30,567.35,570.53,566.88,567.25,362596
2016-01-20 11:45:00+05:30,567.0,567.33,564.7,565.0,1029876
2016-01-20 12:15:00+05:30,565.0,565.0,562.2,564.4,386152
2016-01-20 12:45:00+05:30,564.28,565.0,563.75,564.63,196234
2016-01-20 13:15:00+05:30,564.63,565.68,563.65,564.95,261036
2016-01-20 13:45:00+05:30,564.95,565.0,559.35,562.5,465442
2016-01-20 14:15:00+05:30,562.5,562.5,558.5,560.0,651898
2016-01-20 14:45:00+05:30,559.98,564.75,558.98,560.25,1576356
2016-01-20 15:15:00+05:30,560.25,562.43,558.93,560.38,989828
2016-01-21 09:15:00+05:30,567.75,571.25,566.5,566.8,1094390
2016-01-21 09:45:00+05:30,566.8,567.4,564.0,565.75,620526
2016-01-21 10:15:00+05:30,565.75,566.75,564.5,564.5,397818
2016-01-21 10:45:00+05:30,564.5,565.0,562.5,563.0,291712
2016-01-21 11:15:00+05:30,563.0,564.9,561.88,562.4,247810
2016-01-21 11:45:00+05:30,562.4,566.18,561.0,563.53,314188
2016-01-21 12:15:00+05:30,563.53,565.23,563.15,564.18,249470
2016-01-21 12:45:00+05:30,564.15,564.93,562.78,564.78,254764
2016-01-21 13:15:00+05:30,564.8,565.95,562.48,564.8,381886
2016-01-21 13:45:00+05:30,564.8,568.48,564.53,567.35,322656
2016-01-21 14:15:00+05:30,567.3,567.45,564.83,566.85,451028
2016-01-21 14:45:00+05:30,566.85,569.0,565.4,568.65,1178264
2016-01-21 15:15:00+05:30,568.75,570.0,568.0,568.0,929410
2016-01-22 09:15:00+05:30,574.68,576.25,570.93,572.35,816980
2016-01-22 09:45:00+05:30,572.33,573.2,569.98,571.8,505026
2016-01-22 10:15:00+05:30,571.8,572.9,571.08,572.18,529772
2016-01-22 10:45:00+05:30,572.18,572.25,569.3,570.3,491836
2016-01-22 11:15:00+05:30,570.3,570.75,569.0,569.25,351456
2016-01-22 11:45:00+05:30,569.25,571.0,569.0,570.28,268204
2016-01-22 12:15:00+05:30,570.28,570.5,566.68,567.25,599154
2016-01-22 12:45:00+05:30,567.25,569.23,567.0,568.8,295912
2016-01-22 13:15:00+05:30,568.8,569.48,568.3,569.33,290980
2016-01-22 13:45:00+05:30,569.33,569.45,565.5,566.35,328210
2016-01-22 14:15:00+05:30,566.35,568.5,565.55,567.5,529332
2016-01-22 14:45:00+05:30,567.55,569.98,567.0,568.45,869868
2016-01-22 15:15:00+05:30,568.45,570.1,566.78,570.0,550344
2016-01-25 09:15:00+05:30,571.0,573.38,566.35,571.0,773192
2016-01-25 09:45:00+05:30,571.0,571.0,570.0,570.45,384194
2016-01-25 10:15:00+05:30,570.2,570.68,568.95,568.95,208524
2016-01-25 10:45:00+05:30,568.5,570.03,567.6,568.18,232658
2016-01-25 11:15:00+05:30,568.18,569.05,567.95,568.78,167302
2016-01-25 11:45:00+05:30,568.78,569.3,568.23,568.45,152984
2016-01-25 12:15:00+05:30,568.45,568.98,567.63,567.73,152948
2016-01-25 12:45:00+05:30,567.73,568.7,567.25,567.95,385370
2016-01-25 13:15:00+05:30,567.95,568.7,567.0,567.35,262612
2016-01-25 13:45:00+05:30,567.35,567.6,562.35,564.83,588146
2016-01-25 14:15:00+05:30,565.0,565.75,563.0,564.75,394882
2016-01-25 14:45:00+05:30,564.75,570.33,562.6,569.73,571620
2016-01-25 15:15:00+05:30,569.78,570.98,569.05,570.5,295230
2016-01-27 09:15:00+05:30,573.23,574.75,570.6,571.88,1573382
2016-01-27 09:45:00+05:30,571.95,572.4,570.55,570.75,436332
2016-01-27 10:15:00+05:30,570.78,571.63,568.0,569.23,447548
2016-01-27 10:45:00+05:30,569.2,570.7,568.95,570.35,387678
2016-01-27 11:15:00+05:30,570.33,570.93,568.4,569.25,356102
2016-01-27 11:45:00+05:30,569.23,571.98,569.23,571.9,374592
2016-01-27 12:15:00+05:30,571.9,572.0,569.78,570.0,418298
2016-01-27 12:45:00+05:30,570.0,570.68,569.38,569.95,339094
2016-01-27 13:15:00+05:30,569.95,570.5,569.28,570.08,309510
2016-01-27 13:45:00+05:30,570.08,570.83,569.1,570.15,391652
2016-01-27 14:15:00+05:30,570.2,570.88,569.28,569.88,473480
2016-01-27 14:45:00+05:30,569.75,570.1,568.25,569.45,738624
2016-01-27 15:15:00+05:30,569.43,570.23,567.68,567.68,702320
2016-01-28 09:15:00+05:30,567.68,571.3,563.35,569.73,537574
2016-01-28 09:45:00+05:30,569.93,569.93,566.3,568.03,267386
2016-01-28 10:15:00+05:30,568.05,569.08,567.23,568.0,185310
2016-01-28 10:45:00+05:30,568.0,569.0,567.53,568.13,227044
2016-01-28 11:15:00+05:30,568.13,568.2,566.8,567.08,162660
2016-01-28 11:45:00+05:30,567.08,567.5,565.73,566.0,316554
2016-01-28 12:15:00+05:30,565.95,567.5,564.55,564.98,345320
2016-01-28 12:45:00+05:30,564.88,566.0,564.5,565.58,337868
2016-01-28 13:15:00+05:30,565.53,566.5,564.95,565.75,416014
2016-01-28 13:45:00+05:30,565.75,567.23,564.75,566.63,368910
2016-01-28 14:15:00+05:30,566.4,567.65,565.28,565.88,452150
2016-01-28 14:45:00+05:30,565.88,566.48,563.65,564.85,2178552
2016-01-28 15:15:00+05:30,565.05,566.0,564.25,564.55,1985738
2016-01-29 09:15:00+05:30,567.5,572.6,565.8,571.45,607670
2016-01-29 09:45:00+05:30,571.45,573.25,571.0,571.93,426208
2016-01-29 10:15:00+05:30,571.93,572.0,570.13,571.35,387138
2016-01-29 10:45:00+05:30,571.5,572.5,571.25,572.35,225442
2016-01-29 11:15:00+05:30,572.35,575.75,571.98,574.68,636870
2016-01-29 11:45:00+05:30,574.65,575.43,574.55,575.13,296024
2016-01-29 12:15:00+05:30,575.13,575.25,573.58,575.0,337634
2016-01-29 12:45:00+05:30,574.98,576.53,574.98,575.75,940370
2016-01-29 13:15:00+05:30,575.75,577.5,575.55,577.2,621380
2016-01-29 13:45:00+05:30,577.2,577.25,575.0,577.25,642432
2016-01-29 14:15:00+05:30,577.45,579.0,575.78,578.8,868666
2016-01-29 14:45:00+05:30,578.8,584.9,578.8,583.45,2402240
2016-01-29 15:15:00+05:30,583.4,585.0,580.8,583.0,1834400
2016-02-01 09:15:00+05:30,585.5,588.5,582.25,587.85,828736
2016-02-01 09:45:00+05:30,587.85,589.95,586.2,586.53,435258
2016-02-01 10:15:00+05:30,586.35,586.95,584.25,586.08,308236
2016-02-01 10:45:00+05:30,586.08,586.4,585.0,585.3,161584
2016-02-01 11:15:00+05:30,585.43,586.98,584.0,586.8,249928
2016-02-01 11:45:00+05:30,586.8,586.95,584.5,585.08,176920
2016-02-01 12:15:00+05:30,585.08,585.6,584.5,584.5,119352
2016-02-01 12:45:00+05:30,584.88,585.4,580.8,584.35,414736
2016-02-01 13:15:00+05:30,584.35,585.28,583.0,583.85,223990
2016-02-01 13:45:00+05:30,583.85,586.38,583.5,584.35,208520
2016-02-01 14:15:00+05:30,584.7,585.08,583.15,583.3,198008
2016-02-01 14:45:00+05:30,583.3,587.3,583.15,587.18,396692
2016-02-01 15:15:00+05:30,587.18,587.75,585.68,586.5,517920
2016-02-02 09:15:00+05:30,587.65,594.45,585.08,591.88,1405682
2016-02-02 09:45:00+05:30,591.88,593.5,591.63,592.48,423064
2016-02-02 10:15:00+05:30,592.48,593.93,591.35,592.5,409450
2016-02-02 10:45:00+05:30,592.5,593.0,587.6,588.5,615374
2016-02-02 11:15:00+05:30,588.65,590.0,587.73,588.5,405864
2016-02-02 11:45:00+05:30,588.5,592.5,588.48,591.65,320050
2016-02-02 12:15:00+05:30,591.65,593.0,591.45,592.25,254156
2016-02-02 12:45:00+05:30,592.25,593.7,591.33,592.98,291572
2016-02-02 13:15:00+05:30,593.0,594.4,591.83,593.63,733218
2016-02-02 13:45:00+05:30,593.63,593.75,589.05,590.1,397406
2016-02-02 14:15:00+05:30,590.1,594.0,590.1,593.25,416358
2016-02-02 14:45:00+05:30,593.25,595.0,587.05,587.48,1177116
2016-02-02 15:15:00+05:30,587.48,587.5,583.53,583.53,765842
2016-02-03 09:15:00+05:30,583.08,586.38,581.28,585.8,611598
2016-02-03 09:45:00+05:30,585.9,586.18,582.75,583.98,231680
2016-02-03 10:15:00+05:30,583.98,584.25,577.5,577.58,456892
2016-02-03 10:45:00+05:30,577.58,581.5,577.48,581.25,297454
2016-02-03 11:15:00+05:30,581.25,581.43,579.5,580.95,188826
2016-02-03 11:45:00+05:30,580.95,583.0,580.7,582.25,217364
2016-02-03 12:15:00+05:30,582.25,583.88,582.0,582.33,196734
2016-02-03 12:45:00+05:30,582.33,583.0,580.85,582.3,162554
2016-02-03 13:15:00+05:30,582.3,587.38,582.0,585.1,328178
2016-02-03 13:45:00+05:30,585.1,586.68,583.0,585.5,215754
2016-02-03 14:15:00+05:30,585.38,587.95,584.58,585.3,324918
2016-02-03 14:45:00+05:30,585.23,586.25,577.85,578.45,1120616
2016-02-03 15:15:00+05:30,578.5,580.2,576.4,580.2,885878
2016-02-04 09:15:00+05:30,580.65,585.93,580.65,584.85,464110
2016-02-04 09:45:00+05:30,584.8,586.5,583.75,585.55,238718
2016-02-04 10:15:00+05:30,585.9,587.5,585.45,586.13,209132
2016-02-04 10:45:00+05:30,586.13,589.5,586.0,588.15,305860
2016-02-04 11:15:00+05:30,587.88,591.68,587.5,591.28,431252
2016-02-04 11:45:00+05:30,591.35,591.58,589.75,589.98,202760
2016-02-04 12:15:00+05:30,589.98,597.0,589.5,596.5,611264
2016-02-04 12:45:00+05:30,596.53,597.45,594.5,594.75,392500
2016-02-04 13:15:00+05:30,594.85,595.98,592.43,593.4,355406
2016-02-04 13:45:00+05:30,593.4,594.53,592.5,593.4,370308
2016-02-04 14:15:00+05:30,593.4,594.5,591.35,591.9,304052
2016-02-04 14:45:00+05:30,591.73,592.0,589.25,589.98,1135132
2016-02-04 15:15:00+05:30,589.9,590.0,588.7,589.65,524928
2016-02-05 09:15:00+05:30,588.5,592.18,586.25,591.68,544462
2016-02-05 09:45:00+05:30,591.68,591.98,587.75,588.5,281344
2016-02-05 10:15:00+05:30,588.5,593.0,587.75,591.48,393078
2016-02-05 10:45:00+05:30,591.58,592.1,589.0,589.53,263032
2016-02-05 11:15:00+05:30,589.53,591.75,589.0,589.4,325610
2016-02-05 11:45:00+05:30,589.53,590.0,588.28,589.05,274516
2016-02-05 12:15:00+05:30,589.05,590.0,588.73,589.35,153708
2016-02-05 12:45:00+05:30,589.2,590.0,588.75,589.3,174864
2016-02-05 13:15:00+05:30,589.3,591.3,588.5,590.0,298390
2016-02-05 13:45:00+05:30,590.0,590.5,589.15,589.15,217668
2016-02-05 14:15:00+05:30,589.15,590.8,588.23,589.5,268366
2016-02-05 14:45:00+05:30,589.73,589.83,586.0,586.73,399752
2016-02-05 15:15:00+05:30,587.05,588.43,586.53,588.43,386730
2016-02-08 09:15:00+05:30,581.88,582.9,579.5,580.93,582060
2016-02-08 09:45:00+05:30,580.93,581.5,578.53,579.83,215378
2016-02-08 10:15:00+05:30,579.83,581.25,579.25,580.8,187880
2016-02-08 10:45:00+05:30,580.75,581.43,579.0,581.0,201970
2016-02-08 11:15:00+05:30,581.0,581.5,579.5,580.18,135932
2016-02-08 11:45:00+05:30,580.43,581.25,579.68,581.05,119104
2016-02-08 12:15:00+05:30,581.25,586.0,581.25,583.55,352118
2016-02-08 12:45:00+05:30,583.55,584.7,582.83,584.3,135000
2016-02-08 13:15:00+05:30,584.3,584.98,581.05,581.38,187958
2016-02-08 13:45:00+05:30,581.38,583.75,580.15,581.03,355594
2016-02-08 14:15:00+05:30,581.03,581.48,578.5,578.98,553902
2016-02-08 14:45:00+05:30,578.65,578.65,573.5,573.5,906390
2016-02-08 15:15:00+05:30,573.48,574.0,571.9,572.93,283118
2016-02-09 09:15:00+05:30,563.68,563.68,546.75,552.7,1831938
2016-02-09 09:45:00+05:30,552.7,555.08,552.0,552.48,639952
2016-02-09 10:15:00+05:30,552.48,553.5,552.23,552.53,394218
2016-02-09 10:45:00+05:30,552.5,555.0,552.0,554.28,228074
2016-02-09 11:15:00+05:30,554.28,555.25,551.5,551.68,410768
2016-02-09 11:45:00+05:30,551.78,554.2,551.68,553.03,287940
2016-02-09 12:15:00+05:30,553.0,554.75,553.0,554.4,263820
2016-02-09 12:45:00+05:30,554.35,555.23,552.88,553.8,502142
2016-02-09 13:15:00+05:30,554.0,556.43,553.63,554.75,417658
2016-02-09 13:45:00+05:30,555.0,555.0,553.28,554.5,315076
2016-02-09 14:15:00+05:30,554.5,555.98,554.08,554.28,438132
2016-02-09 14:45:00+05:30,554.25,554.98,552.0,553.75,1083298
2016-02-09 15:15:00+05:30,554.0,554.9,552.55,553.75,756672
2016-02-10 09:15:00+05:30,553.45,561.23,553.05,561.05,796146
2016-02-10 09:45:00+05:30,561.2,562.38,559.6,560.93,412424
2016-02-10 10:15:00+05:30,560.93,560.93,555.5,556.93,299014
2016-02-10 10:45:00+05:30,556.85,560.23,556.13,559.63,174798
2016-02-10 11:15:00+05:30,559.33,562.25,559.1,560.08,333548
2016-02-10 11:45:00+05:30,560.03,563.75,560.03,562.15,352178
2016-02-10 12:15:00+05:30,562.1,562.98,559.05,559.68,291658
2016-02-10 12:45:00+05:30,559.6,561.5,559.13,559.93,169800
2016-02-10 13:15:00+05:30,559.95,560.23,557.55,559.5,244986
2016-02-10 13:45:00+05:30,559.5,559.58,554.8,557.08,373316
2016-02-10 14:15:00+05:30,557.43,558.85,555.9,557.35,596578
2016-02-10 14:45:00+05:30,557.35,557.55,552.5,553.58,996570
2016-02-10 15:15:00+05:30,553.58,555.33,553.05,553.05,812224
2016-02-11 09:15:00+05:30,555.48,556.0,551.5,552.78,470304
2016-02-11 09:45:00+05:30,552.83,552.83,549.03,549.53,298340
2016-02-11 10:15:00+05:30,549.53,552.38,549.43,552.2,168676
2016-02-11 10:45:00+05:30,552.25,552.25,550.65,551.7,94886
2016-02-11 11:15:00+05:30,551.7,553.63,551.43,553.0,151512
2016-02-11 11:45:00+05:30,553.0,553.25,550.5,551.38,151524
2016-02-11 12:15:00+05:30,551.38,551.53,550.6,551.35,205580
2016-02-11 12:45:00+05:30,551.35,551.38,546.25,547.73,404638
2016-02-11 13:15:00+05:30,547.73,548.25,543.05,543.48,376290
2016-02-11 13:45:00+05:30,543.25,544.5,535.58,541.0,793824
2016-02-11 14:15:00+05:30,540.78,541.33,537.75,538.33,410682
2016-02-11 14:45:00+05:30,538.33,542.73,537.9,539.93,726470
2016-02-11 15:15:00+05:30,540.0,540.73,537.38,539.03,924010
2016-02-12 09:15:00+05:30,548.15,552.0,540.0,540.15,1583854
2016-02-12 09:45:00+05:30,540.28,542.2,539.55,540.78,641420
2016-02-12 10:15:00+05:30,540.78,544.25,538.85,543.08,509032
2016-02-12 10:45:00+05:30,543.08,543.38,538.55,539.88,298738
2016-02-12 11:15:00+05:30,539.88,540.93,535.25,535.75,324468
2016-02-12 11:45:00+05:30,535.75,536.55,533.53,535.5,252774
2016-02-12 12:15:00+05:30,535.5,539.23,533.5,538.75,275952
2016-02-12 12:45:00+05:30,538.75,540.75,537.53,538.9,331130
2016-02-12 13:15:00+05:30,538.75,542.5,537.53,542.5,421340
2016-02-12 13:45:00+05:30,542.2,542.5,538.78,540.05,529700
2016-02-12 14:15:00+05:30,540.05,542.5,539.18,541.98,616914
2016-02-12 14:45:00+05:30,541.98,543.95,540.15,542.48,864016
2016-02-12 15:15:00+05:30,542.48,544.18,541.78,542.38,758148
2016-02-15 09:15:00+05:30,548.08,548.43,543.68,546.58,544778
2016-02-15 09:45:00+05:30,546.58,550.03,544.5,544.73,407790
2016-02-15 10:15:00+05:30,544.5,546.0,543.33,544.63,407030
2016-02-15 10:45:00+05:30,544.63,547.45,543.5,546.65,192010
2016-02-15 11:15:00+05:30,546.6,547.0,545.0,545.5,417038
2016-02-15 11:45:00+05:30,545.53,546.5,544.25,544.78,291664
2016-02-15 12:15:00+05:30,544.95,545.25,543.95,544.05,313274
2016-02-15 12:45:00+05:30,544.05,545.9,544.05,544.98,263354
2016-02-15 13:15:00+05:30,545.0,547.08,544.58,544.8,305210
2016-02-15 13:45:00+05:30,545.0,545.5,544.5,545.25,276256
2016-02-15 14:15:00+05:30,545.48,546.85,544.5,546.63,396910
2016-02-15 14:45:00+05:30,546.63,548.2,544.88,545.65,802514
2016-02-15 15:15:00+05:30,545.4,545.98,544.5,544.9,491542
2016-02-16 09:15:00+05:30,543.53,546.25,539.6,540.15,837990
2016-02-16 09:45:00+05:30,540.0,541.25,539.38,539.9,237068
2016-02-16 10:15:00+05:30,539.9,543.25,539.9,543.05,179144
2016-02-16 10:45:00+05:30,543.05,544.65,541.53,542.1,292102
2016-02-16 11:15:00+05:30,542.1,542.25,539.53,541.0,263580
2016-02-16 11:45:00+05:30,541.0,542.43,540.5,540.7,200030
2016-02-16 12:15:00+05:30,540.7,541.53,539.75,540.25,350868
2016-02-16 12:45:00+05:30,540.25,540.43,539.5,539.9,542424
2016-02-16 13:15:00+05:30,539.9,541.5,539.9,540.3,366068
2016-02-16 13:45:00+05:30,540.05,540.95,536.93,537.55,448834
2016-02-16 14:15:00+05:30,537.55,540.9,536.93,537.93,577378
2016-02-16 14:45:00+05:30,538.0,540.68,537.43,539.95,448556
2016-02-16 15:15:00+05:30,539.98,541.13,539.0,540.9,368506
2016-02-17 09:15:00+05:30,541.73,547.15,541.73,543.93,755014
2016-02-17 09:45:00+05:30,543.93,544.5,538.75,540.53,279690
2016-02-17 10:15:00+05:30,540.53,541.58,539.55,540.08,179438
2016-02-17 10:45:00+05:30,540.08,541.53,538.8,541.5,207214
2016-02-17 11:15:00+05:30,541.48,542.8,541.13,542.58,253456
2016-02-17 11:45:00+05:30,542.48,542.58,540.53,541.85,178062
2016-02-17 12:15:00+05:30,541.85,542.8,540.45,541.8,203710
2016-02-17 12:45:00+05:30,541.98,542.0,540.75,541.9,210590
2016-02-17 13:15:00+05:30,541.9,542.28,541.13,542.03,194686
2016-02-17 13:45:00+05:30,542.03,546.0,541.53,545.5,368540
2016-02-17 14:15:00+05:30,545.45,549.0,544.08,548.68,336530
2016-02-17 14:45:00+05:30,548.73,551.5,548.0,549.95,549294
2016-02-17 15:15:00+05:30,549.88,549.98,546.0,547.08,440380
2016-02-18 09:15:00+05:30,551.0,556.7,550.5,555.73,579218
2016-02-18 09:45:00+05:30,555.73,557.4,555.23,556.73,255702
2016-02-18 10:15:00+05:30,556.73,557.3,554.2,555.6,251360
2016-02-18 10:45:00+05:30,555.6,557.23,554.43,556.7,214508
2016-02-18 11:15:00+05:30,556.65,556.75,553.55,555.8,328598
2016-02-18 11:45:00+05:30,555.53,555.95,554.25,555.15,176022
2016-02-18 12:15:00+05:30,555.15,556.0,554.4,555.33,247142
2016-02-18 12:45:00+05:30,555.33,559.2,555.33,557.13,264970
2016-02-18 13:15:00+05:30,557.15,559.05,557.03,558.63,174888
2016-02-18 13:45:00+05:30,558.63,559.05,557.0,557.5,205694
2016-02-18 14:15:00+05:30,557.5,560.0,555.83,559.6,223518
2016-02-18 14:45:00+05:30,559.6,563.28,559.08,562.5,703018
2016-02-18 15:15:00+05:30,562.53,563.5,560.53,560.65,558392
2016-02-19 09:15:00+05:30,557.75,562.7,557.05,561.33,644764
2016-02-19 09:45:00+05:30,561.33,564.15,561.3,563.9,400740
2016-02-19 10:15:00+05:30,563.88,563.95,561.55,562.28,175364
2016-02-19 10:45:00+05:30,562.25,562.95,561.63,562.18,104150
2016-02-19 11:15:00+05:30,562.18,563.2,561.63,563.1,119912
2016-02-19 11:45:00+05:30,563.1,563.15,561.7,562.73,145672
2016-02-19 12:15:00+05:30,562.73,562.8,561.98,562.38,116122
2016-02-19 12:45:00+05:30,562.38,562.85,561.73,562.6,237220
2016-02-19 13:15:00+05:30,562.6,562.75,560.85,562.53,264522
2016-02-19 13:45:00+05:30,562.58,562.95,561.05,562.23,166930
2016-02-19 14:15:00+05:30,562.45,566.35,561.75,565.3,515380
2016-02-19 14:45:00+05:30,565.28,567.1,562.95,562.98,583264
2016-02-19 15:15:00+05:30,562.95,563.75,561.13,561.73,493700
2016-02-22 09:15:00+05:30,564.73,566.3,560.55,564.1,474338
2016-02-22 09:45:00+05:30,564.0,565.2,563.18,563.9,272860
2016-02-22 10:15:00+05:30,563.9,564.5,562.2,562.58,284234
2016-02-22 10:45:00+05:30,562.58,563.3,560.5,561.3,177072
2016-02-22 11:15:00+05:30,561.3,562.38,560.75,561.6,104840
2016-02-22 11:45:00+05:30,561.6,562.3,557.28,557.28,221926
2016-02-22 12:15:00+05:30,557.25,561.5,557.03,560.38,164476
2016-02-22 12:45:00+05:30,560.38,560.73,559.33,560.23,131930
2016-02-22 13:15:00+05:30,560.23,564.23,560.23,563.93,250798
2016-02-22 13:45:00+05:30,564.0,565.2,563.33,565.2,390934
2016-02-22 14:15:00+05:30,565.25,566.83,564.5,565.3,593388
2016-02-22 14:45:00+05:30,565.48,565.5,562.63,562.63,495838
2016-02-22 15:15:00+05:30,562.63,563.9,561.1,562.33,290818
2016-02-23 09:15:00+05:30,565.73,566.1,559.5,562.38,309234
2016-02-23 09:45:00+05:30,562.38,563.5,561.5,562.63,156902
2016-02-23 10:15:00+05:30,562.63,564.5,562.0,563.58,130888
2016-02-23 10:45:00+05:30,563.58,563.93,561.0,562.73,187184
2016-02-23 11:15:00+05:30,562.73,564.43,562.1,562.73,118364
2016-02-23 11:45:00+05:30,562.73,565.78,562.13,563.5,147894
2016-02-23 12:15:00+05:30,563.5,563.68,561.4,561.9,106922
2016-02-23 12:45:00+05:30,561.9,562.2,558.1,558.58,150202
2016-02-23 13:15:00+05:30,558.58,561.0,558.58,560.25,114646
2016-02-23 13:45:00+05:30,560.43,563.25,558.5,562.93,247894
2016-02-23 14:15:00+05:30,562.9,564.05,561.05,562.93,236084
2016-02-23 14:45:00+05:30,562.93,564.75,562.0,562.8,336030
2016-02-23 15:15:00+05:30,562.8,562.88,560.03,561.5,253264
2016-02-24 09:15:00+05:30,559.5,566.88,559.5,565.55,547120
2016-02-24 09:45:00+05:30,565.6,568.8,564.18,568.23,396142
2016-02-24 10:15:00+05:30,568.23,570.4,567.8,569.93,335514
2016-02-24 10:45:00+05:30,569.93,570.05,566.78,567.95,226802
2016-02-24 11:15:00+05:30,567.78,569.93,565.95,569.1,292620
2016-02-24 11:45:00+05:30,569.35,569.5,568.13,568.23,143582
2016-02-24 12:15:00+05:30,568.23,570.83,567.93,570.6,219880
2016-02-24 12:45:00+05:30,570.7,571.85,569.28,569.5,326350
2016-02-24 13:15:00+05:30,569.48,569.83,567.55,568.75,304418
2016-02-24 13:45:00+05:30,568.75,568.75,565.95,567.9,317352
2016-02-24 14:15:00+05:30,567.9,568.73,563.5,564.15,394194
2016-02-24 14:45:00+05:30,564.15,564.5,562.05,562.05,892846
2016-02-24 15:15:00+05:30,562.05,562.55,561.33,562.0,549212
2016-02-25 09:15:00+05:30,562.88,565.28,558.73,562.13,486332
2016-02-25 09:45:00+05:30,562.13,562.15,558.93,559.98,175278
2016-02-25 10:15:00+05:30,560.0,560.0,556.95,557.5,200672
2016-02-25 10:45:00+05:30,557.48,558.55,557.4,558.28,125232
2016-02-25 11:15:00+05:30,558.28,558.98,557.05,557.38,128852
2016-02-25 11:45:00+05:30,557.38,557.55,555.75,556.18,209564
2016-02-25 12:15:00+05:30,556.28,556.95,554.25,555.25,335386
2016-02-25 12:45:00+05:30,555.25,555.25,551.5,552.43,272450
2016-02-25 13:15:00+05:30,552.43,554.95,551.6,554.13,232578
2016-02-25 13:45:00+05:30,554.13,555.3,551.9,554.93,345560
2016-02-25 14:15:00+05:30,554.93,555.0,552.6,554.23,338666
2016-02-25 14:45:00+05:30,554.23,555.5,550.55,554.83,907940
2016-02-25 15:15:00+05:30,554.9,558.78,554.8,557.95,710968
2016-02-26 09:15:00+05:30,560.13,563.15,560.08,561.43,508786
2016-02-26 09:45:00+05:30,561.45,565.98,560.88,562.05,443696
2016-02-26 10:15:00+05:30,562.05,564.35,560.2,561.75,324616
2016-02-26 10:45:00+05:30,561.75,562.5,558.0,559.75,278328
2016-02-26 11:15:00+05:30,559.9,561.5,558.75,559.73,178144
2016-02-26 11:45:00+05:30,559.73,560.5,558.7,558.78,174934
2016-02-26 12:15:00+05:30,558.75,561.3,558.53,560.63,217960
2016-02-26 12:45:00+05:30,560.65,562.03,559.63,560.68,238454
2016-02-26 13:15:00+05:30,560.7,561.25,559.35,561.13,388394
2016-02-26 13:45:00+05:30,561.18,561.43,559.5,559.53,204408
2016-02-26 14:15:00+05:30,559.53,561.05,559.1,560.03,259606
2016-02-26 14:45:00+05:30,560.03,561.5,559.5,560.13,634298
2016-02-26 15:15:00+05:30,560.08,562.48,559.5,561.05,375846
2016-02-29 09:15:00+05:30,564.75,565.2,560.25,561.5,186872
2016-02-29 09:45:00+05:30,561.48,561.7,554.63,557.7,331336
2016-02-29 10:15:00+05:30,557.53,557.95,553.08,553.18,403722
2016-02-29 10:45:00+05:30,553.15,556.15,551.55,551.8,399016
2016-02-29 11:15:00+05:30,551.8,554.4,547.75,547.78,346902
2016-02-29 11:45:00+05:30,547.5,552.28,546.0,547.7,533216
2016-02-29 12:15:00+05:30,547.53,550.48,534.15,546.78,786350
2016-02-29 12:45:00+05:30,546.78,553.93,546.78,552.0,489600
2016-02-29 13:15:00+05:30,552.25,558.0,550.0,553.28,765390
2016-02-29 13:45:00+05:30,553.25,553.25,547.08,550.65,502076
2016-02-29 14:15:00+05:30,550.65,551.25,546.75,547.03,441910
2016-02-29 14:45:00+05:30,547.03,547.4,539.33,540.95,1858120
2016-02-29 15:15:00+05:30,540.93,543.75,540.93,542.78,1117790
2016-03-01 09:15:00+05:30,547.55,559.4,547.55,557.48,788060
2016-03-01 09:45:00+05:30,557.48,559.28,556.0,557.75,251208
2016-03-01 10:15:00+05:30,557.75,558.75,555.25,556.25,272586
2016-03-01 10:45:00+05:30,556.25,557.15,554.55,556.48,145982
2016-03-01 11:15:00+05:30,556.48,558.95,556.08,557.63,194440
2016-03-01 11:45:00+05:30,557.63,560.5,557.5,560.0,315740
2016-03-01 12:15:00+05:30,560.0,560.5,557.8,558.43,283888
2016-03-01 12:45:00+05:30,558.43,559.5,556.95,557.48,217698
2016-03-01 13:15:00+05:30,557.48,559.68,557.0,558.68,654138
2016-03-01 13:45:00+05:30,558.68,560.0,558.15,559.18,258332
2016-03-01 14:15:00+05:30,559.2,561.35,559.05,560.83,544594
2016-03-01 14:45:00+05:30,560.98,563.63,559.53,563.25,1379240
2016-03-01 15:15:00+05:30,563.48,565.15,563.0,564.38,1067862
2016-03-02 09:15:00+05:30,568.65,571.08,564.1,564.43,724430
2016-03-02 09:45:00+05:30,564.45,565.38,562.5,563.15,773466
2016-03-02 10:15:00+05:30,563.15,567.6,562.5,565.73,516258
2016-03-02 10:45:00+05:30,565.75,566.95,563.33,564.93,348770
2016-03-02 11:15:00+05:30,564.6,566.45,564.43,565.93,342894
2016-03-02 11:45:00+05:30,565.93,566.2,564.0,566.2,250500
2016-03-02 12:15:00+05:30,565.68,568.5,564.5,568.18,259484
2016-03-02 12:45:00+05:30,568.1,572.98,568.0,572.3,492338
2016-03-02 13:15:00+05:30,572.3,581.73,571.83,575.9,1437848
2016-03-02 13:45:00+05:30,575.6,579.35,575.0,578.08,384332
2016-03-02 14:15:00+05:30,578.08,579.25,575.7,576.83,368690
2016-03-02 14:45:00+05:30,576.95,580.0,576.18,578.03,735180
2016-03-02 15:15:00+05:30,578.03,579.95,577.5,579.25,564294
2016-03-03 09:15:00+05:30,583.85,596.13,583.5,587.55,1612508
2016-03-03 09:45:00+05:30,587.55,587.58,584.45,586.73,604890
2016-03-03 10:15:00+05:30,586.73,587.5,584.4,586.68,324656
2016-03-03 10:45:00+05:30,586.53,587.5,585.75,586.5,275944
2016-03-03 11:15:00+05:30,586.5,587.25,585.15,586.5,271240
2016-03-03 11:45:00+05:30,586.48,587.5,585.3,586.7,191598
2016-03-03 12:15:00+05:30,586.7,587.3,586.3,586.98,233946
2016-03-03 12:45:00+05:30,586.95,589.5,585.78,589.4,378110
2016-03-03 13:15:00+05:30,589.4,589.5,586.08,586.55,192236
2016-03-03 13:45:00+05:30,586.5,589.0,586.33,586.98,138410
2016-03-03 14:15:00+05:30,586.98,587.45,586.0,586.5,171748
2016-03-03 14:45:00+05:30,586.5,586.55,577.25,585.0,776402
2016-03-03 15:15:00+05:30,585.0,586.0,582.53,586.0,635634
2016-03-04 09:15:00+05:30,587.48,590.93,586.68,588.8,701732
2016-03-04 09:45:00+05:30,588.7,589.6,587.13,587.53,385386
2016-03-04 10:15:00+05:30,587.6,588.95,587.25,587.25,307842
2016-03-04 10:45:00+05:30,587.35,589.6,586.93,589.45,279696
2016-03-04 11:15:00+05:30,589.35,590.83,588.73,590.75,232612
2016-03-04 11:45:00+05:30,590.75,592.5,587.48,587.93,427294
2016-03-04 12:15:00+05:30,587.93,588.28,585.18,586.93,162132
2016-03-04 12:45:00+05:30,586.93,586.95,581.5,582.13,267266
2016-03-04 13:15:00+05:30,582.13,584.1,581.0,583.28,194968
2016-03-04 13:45:00+05:30,583.28,583.93,580.55,583.73,134244
2016-03-04 14:15:00+05:30,583.73,585.25,582.45,582.45,218022
2016-03-04 14:45:00+05:30,582.45,587.45,579.98,586.88,528898
2016-03-04 15:15:00+05:30,586.63,587.65,584.95,587.65,434528
2016-03-08 09:15:00+05:30,583.28,595.0,580.78,581.13,1037596
2016-03-08 09:45:00+05:30,581.13,582.2,579.5,579.88,511258
2016-03-08 10:15:00+05:30,579.88,580.3,579.5,580.0,575484
2016-03-08 10:45:00+05:30,580.0,581.15,579.0,580.1,675562
2016-03-08 11:15:00+05:30,580.03,581.25,579.28,580.38,400490
2016-03-08 11:45:00+05:30,580.4,582.38,579.8,580.28,415868
2016-03-08 12:15:00+05:30,580.28,580.7,577.55,578.45,355654
2016-03-08 12:45:00+05:30,578.45,578.98,576.5,577.33,485836
2016-03-08 13:15:00+05:30,577.33,577.75,573.75,574.75,627672
2016-03-08 13:45:00+05:30,574.53,576.4,574.15,575.48,460494
2016-03-08 14:15:00+05:30,575.48,577.9,573.7,577.03,539426
2016-03-08 14:45:00+05:30,576.95,581.95,576.88,581.55,939326
2016-03-08 15:15:00+05:30,581.55,584.9,580.43,580.43,578478
2016-03-09 09:15:00+05:30,572.05,580.75,571.75,578.83,686772
2016-03-09 09:45:00+05:30,578.83,581.5,577.75,581.43,334006
2016-03-09 10:15:00+05:30,581.48,584.0,580.0,583.5,480812
2016-03-09 10:45:00+05:30,583.28,584.98,582.8,583.25,284842
2016-03-09 11:15:00+05:30,583.83,587.5,583.5,585.88,361622
2016-03-09 11:45:00+05:30,585.83,588.43,584.9,586.08,311732
2016-03-09 12:15:00+05:30,586.08,588.4,585.25,585.63,611712
2016-03-09 12:45:00+05:30,585.63,586.0,584.0,584.2,270770
2016-03-09 13:15:00+05:30,584.18,584.95,582.7,583.65,325906
2016-03-09 13:45:00+05:30,583.65,584.5,583.03,583.43,733088
2016-03-09 14:15:00+05:30,583.43,583.75,581.43,581.88,444712
2016-03-09 14:45:00+05:30,581.88,591.13,581.65,590.78,923008
2016-03-09 15:15:00+05:30,590.83,591.88,588.5,588.5,525550
2016-03-10 09:15:00+05:30,581.25,581.25,573.25,576.23,19214858
2016-03-10 09:45:00+05:30,576.23,576.25,570.18,571.9,992908
2016-03-10 10:15:00+05:30,571.9,573.2,571.28,571.3,287956
2016-03-10 10:45:00+05:30,571.5,572.5,570.98,571.98,265574
2016-03-10 11:15:00+05:30,572.0,572.5,570.03,571.6,353692
2016-03-10 11:45:00+05:30,571.6,572.88,571.03,572.5,277822
2016-03-10 12:15:00+05:30,572.5,572.68,570.88,571.78,348570
2016-03-10 12:45:00+05:30,571.78,571.85,570.3,571.33,192230
2016-03-10 13:15:00+05:30,571.33,572.5,571.05,571.8,182956
2016-03-10 13:45:00+05:30,571.83,573.4,571.3,572.75,324012
2016-03-10 14:15:00+05:30,572.75,573.2,570.65,572.98,365376
2016-03-10 14:45:00+05:30,572.95,573.0,570.6,571.23,644224
2016-03-10 15:15:00+05:30,571.25,572.0,569.75,571.28,880436
2016-03-11 09:15:00+05:30,573.98,577.38,573.03,576.1,809126
2016-03-11 09:45:00+05:30,576.13,577.4,574.0,575.08,333354
2016-03-11 10:15:00+05:30,575.08,577.0,574.98,577.0,232848
2016-03-11 10:45:00+05:30,577.0,577.98,575.73,576.5,322176
2016-03-11 11:15:00+05:30,576.28,577.5,574.2,575.0,199188
2016-03-11 11:45:00+05:30,574.75,575.93,571.98,574.5,310058
2016-03-11 12:15:00+05:30,574.5,574.85,572.78,573.3,129778
2016-03-11 12:45:00+05:30,573.3,575.05,573.0,575.0,131480
2016-03-11 13:15:00+05:30,575.0,575.75,574.0,575.2,200096
2016-03-11 13:45:00+05:30,575.2,575.43,572.5,573.53,184086
2016-03-11 14:15:00+05:30,573.53,575.75,573.0,573.78,191258
2016-03-11 14:45:00+05:30,573.78,575.75,570.65,571.18,533628
2016-03-11 15:15:00+05:30,571.13,571.6,569.18,570.5,474874
2016-03-14 09:15:00+05:30,573.0,577.0,573.0,575.5,288966
2016-03-14 09:45:00+05:30,575.5,575.5,571.6,573.75,222162
2016-03-14 10:15:00+05:30,573.75,573.9,570.78,573.35,196482
2016-03-14 10:45:00+05:30,573.35,573.85,572.38,573.85,127384
2016-03-14 11:15:00+05:30,573.73,574.03,572.75,573.7,122556
2016-03-14 11:45:00+05:30,573.7,573.83,572.0,572.5,141076
2016-03-14 12:15:00+05:30,572.73,573.48,570.5,571.45,160252
2016-03-14 12:45:00+05:30,571.45,573.25,570.65,572.0,210842
2016-03-14 13:15:00+05:30,572.0,572.5,570.5,572.0,439120
2016-03-14 13:45:00+05:30,572.0,572.75,570.85,572.35,370844
2016-03-14 14:15:00+05:30,572.35,572.35,570.5,570.95,369906
2016-03-14 14:45:00+05:30,570.93,572.1,569.88,570.63,861830
2016-03-14 15:15:00+05:30,570.65,571.45,569.25,570.45,657272
2016-03-15 09:15:00+05:30,571.5,577.25,571.5,575.43,1066954
2016-03-15 09:45:00+05:30,575.55,575.88,570.48,571.55,570174
2016-03-15 10:15:00+05:30,571.55,571.75,567.1,569.53,777698
2016-03-15 10:45:00+05:30,569.5,570.85,568.43,570.5,190474
2016-03-15 11:15:00+05:30,570.5,571.25,569.3,570.48,305858
2016-03-15 11:45:00+05:30,570.48,570.68,568.7,568.95,177232
2016-03-15 12:15:00+05:30,569.0,569.03,567.55,568.2,193224
2016-03-15 12:45:00+05:30,568.2,569.43,567.5,568.3,263076
2016-03-15 13:15:00+05:30,568.3,569.5,567.78,568.25,300668
2016-03-15 13:45:00+05:30,568.25,568.4,564.5,565.0,583048
2016-03-15 14:15:00+05:30,565.0,568.7,564.75,568.15,454396
2016-03-15 14:45:00+05:30,568.15,568.5,566.43,567.2,899276
2016-03-15 15:15:00+05:30,567.4,567.9,565.73,567.3,930666
2016-03-16 09:15:00+05:30,570.0,570.0,565.78,568.5,477252
2016-03-16 09:45:00+05:30,568.5,571.55,567.8,570.93,309306
2016-03-16 10:15:00+05:30,570.93,572.5,569.85,570.05,335468
2016-03-16 10:45:00+05:30,570.05,572.25,569.35,572.25,256172
2016-03-16 11:15:00+05:30,572.25,572.95,570.0,570.5,347900
2016-03-16 11:45:00+05:30,570.5,572.2,569.6,571.83,386194
2016-03-16 12:15:00+05:30,571.83,572.5,570.25,570.93,335572
2016-03-16 12:45:00+05:30,570.93,572.9,570.6,572.48,256724
2016-03-16 13:15:00+05:30,572.48,573.65,571.88,572.9,330790
2016-03-16 13:45:00+05:30,572.95,574.9,571.7,573.9,589798
2016-03-16 14:15:00+05:30,573.9,576.83,573.4,576.48,535942
2016-03-16 14:45:00+05:30,576.48,577.5,574.55,577.18,806092
2016-03-16 15:15:00+05:30,577.1,577.45,574.88,575.55,614232
2016-03-17 09:15:00+05:30,578.45,580.85,577.5,579.7,1002196
2016-03-17 09:45:00+05:30,579.63,581.78,578.75,580.95,674418
2016-03-17 10:15:00+05:30,581.0,581.0,579.35,579.78,296554
2016-03-17 10:45:00+05:30,579.78,580.83,579.28,580.15,263382
2016-03-17 11:15:00+05:30,580.15,581.45,578.9,581.05,250556
2016-03-17 11:45:00+05:30,581.08,582.0,580.0,581.5,186478
2016-03-17 12:15:00+05:30,581.58,582.9,581.3,582.63,243564
2016-03-17 12:45:00+05:30,582.63,584.7,582.33,583.38,329340
2016-03-17 13:15:00+05:30,583.38,584.88,581.98,584.28,241028
2016-03-17 13:45:00+05:30,584.28,584.45,582.9,583.5,241170
2016-03-17 14:15:00+05:30,583.18,583.3,579.05,579.25,608644
2016-03-17 14:45:00+05:30,579.4,582.95,579.08,581.55,1279320
2016-03-17 15:15:00+05:30,581.68,581.95,577.03,578.03,851570
2016-03-18 09:15:00+05:30,581.38,586.0,581.05,585.4,757226
2016-03-18 09:45:00+05:30,585.38,588.0,585.08,587.8,456434
2016-03-18 10:15:00+05:30,587.83,588.7,587.18,587.45,507538
2016-03-18 10:45:00+05:30,587.45,588.6,587.25,588.48,263210
2016-03-18 11:15:00+05:30,588.45,588.48,586.38,586.65,304194
2016-03-18 11:45:00+05:30,586.65,587.38,585.25,586.23,293442
2016-03-18 12:15:00+05:30,586.23,587.68,586.08,587.43,432280
2016-03-18 12:45:00+05:30,587.43,587.75,586.0,587.15,216976
2016-03-18 13:15:00+05:30,587.15,587.75,585.75,586.03,253542
2016-03-18 13:45:00+05:30,586.03,588.45,585.83,587.85,284342
2016-03-18 14:15:00+05:30,587.85,590.5,587.5,590.15,551596
2016-03-18 14:45:00+05:30,590.15,599.5,590.0,598.78,2863820
2016-03-18 15:15:00+05:30,598.78,599.25,593.5,595.5,1285496
2016-03-21 09:15:00+05:30,593.5,599.18,591.0,595.33,943134
2016-03-21 09:45:00+05:30,595.33,596.75,592.78,593.95,477382
2016-03-21 10:15:00+05:30,593.9,594.0,592.78,593.25,205576
2016-03-21 10:45:00+05:30,593.25,593.4,591.8,592.75,223156
2016-03-21 11:15:00+05:30,592.75,593.1,590.03,592.43,228886
2016-03-21 11:45:00+05:30,592.43,592.5,590.75,592.5,166832
2016-03-21 12:15:00+05:30,592.5,594.85,591.75,593.75,177924
2016-03-21 12:45:00+05:30,593.75,594.5,592.53,593.63,150236
2016-03-21 13:15:00+05:30,593.63,594.23,590.95,592.83,186916
2016-03-21 13:45:00+05:30,593.1,594.65,593.03,593.53,227458
2016-03-21 14:15:00+05:30,593.43,594.5,592.53,594.5,393798
2016-03-21 14:45:00+05:30,594.45,598.93,594.05,598.55,1066826
2016-03-21 15:15:00+05:30,598.5,599.5,595.93,596.35,680614
2016-03-22 09:15:00+05:30,596.03,597.0,589.5,591.15,665054
2016-03-22 09:45:00+05:30,591.15,592.15,589.75,590.03,253982
2016-03-22 10:15:00+05:30,590.03,593.5,590.03,591.75,648554
2016-03-22 10:45:00+05:30,591.75,592.03,589.9,590.3,293198
2016-03-22 11:15:00+05:30,590.45,591.5,589.63,590.6,342080
2016-03-22 11:45:00+05:30,590.65,591.1,590.0,590.03,292100
2016-03-22 12:15:00+05:30,590.03,590.73,589.5,589.75,364688
2016-03-22 12:45:00+05:30,589.75,590.35,587.33,587.8,459020
2016-03-22 13:15:00+05:30,587.93,588.8,586.0,588.0,499370
2016-03-22 13:45:00+05:30,588.0,589.75,586.78,589.48,369294
2016-03-22 14:15:00+05:30,589.55,591.5,589.05,590.03,621342
2016-03-22 14:45:00+05:30,590.05,596.1,589.65,595.7,1451710
2016-03-22 15:15:00+05:30,595.68,597.0,595.23,596.55,833054
2016-03-23 09:15:00+05:30,593.35,596.73,591.2,594.58,401790
2016-03-23 09:45:00+05:30,594.75,595.05,594.0,594.73,158428
2016-03-23 10:15:00+05:30,594.73,595.1,593.5,594.15,125446
2016-03-23 10:45:00+05:30,594.15,594.5,593.43,593.55,106718
2016-03-23 11:15:00+05:30,593.58,593.75,592.5,592.5,174750
2016-03-23 11:45:00+05:30,592.5,594.0,592.5,593.4,170842
2016-03-23 12:15:00+05:30,593.4,594.5,592.05,592.05,357228
2016-03-23 12:45:00+05:30,592.03,595.0,592.03,594.4,355440
2016-03-23 13:15:00+05:30,594.4,595.18,592.78,594.8,600424
2016-03-23 13:45:00+05:30,594.8,595.25,594.25,594.7,483094
2016-03-23 14:15:00+05:30,594.8,598.0,594.0,598.0,684670
2016-03-23 14:45:00+05:30,598.33,604.5,598.0,604.18,1790296
2016-03-23 15:15:00+05:30,604.2,605.35,603.45,604.4,917366
2016-03-28 09:15:00+05:30,616.18,616.53,610.8,611.35,1354080
2016-03-28 09:45:00+05:30,611.28,611.5,606.5,606.7,704500
2016-03-28 10:15:00+05:30,606.7,609.2,605.75,608.13,648622
2016-03-28 10:45:00+05:30,608.35,608.5,606.5,608.28,300932
2016-03-28 11:15:00+05:30,608.25,609.0,606.83,606.98,372044
2016-03-28 11:45:00+05:30,606.98,608.98,606.98,607.38,355394
2016-03-28 12:15:00+05:30,607.4,608.43,603.88,603.98,577164
2016-03-28 12:45:00+05:30,604.08,606.25,603.85,604.8,894542
2016-03-28 13:15:00+05:30,604.8,607.5,604.43,607.38,730074
2016-03-28 13:45:00+05:30,607.45,608.55,605.55,606.28,782674
2016-03-28 14:15:00+05:30,606.5,606.5,601.33,601.5,1052632
2016-03-28 14:45:00+05:30,601.5,602.98,598.13,602.25,1697454
2016-03-28 15:15:00+05:30,602.25,604.93,601.25,604.28,1232640
2016-03-29 09:15:00+05:30,599.45,603.98,597.85,599.75,367070
2016-03-29 09:45:00+05:30,599.75,605.75,599.5,604.1,392332
2016-03-29 10:15:00+05:30,604.1,607.5,601.8,602.28,333598
2016-03-29 10:45:00+05:30,602.43,603.08,599.93,599.93,236474
2016-03-29 11:15:00+05:30,599.93,605.0,599.55,603.25,232646
2016-03-29 11:45:00+05:30,603.25,605.0,600.5,602.05,231332
2016-03-29 12:15:00+05:30,602.05,605.0,601.53,603.15,256490
2016-03-29 12:45:00+05:30,603.15,606.43,602.85,603.85,349582
2016-03-29 13:15:00+05:30,604.18,607.38,603.6,604.25,496394
2016-03-29 13:45:00+05:30,604.25,609.45,604.18,607.28,888152
2016-03-29 14:15:00+05:30,607.28,609.35,603.5,604.43,819912
2016-03-29 14:45:00+05:30,604.43,605.85,598.75,598.78,1222384
2016-03-29 15:15:00+05:30,598.83,599.18,595.8,597.5,1150536
2016-03-30 09:15:00+05:30,599.25,603.68,598.85,603.08,639336
2016-03-30 09:45:00+05:30,603.08,603.98,602.03,602.85,384000
2016-03-30 10:15:00+05:30,602.9,603.13,597.83,598.88,444928
2016-03-30 10:45:00+05:30,598.88,602.0,598.8,601.8,351584
2016-03-30 11:15:00+05:30,601.85,602.53,600.0,602.28,342488
2016-03-30 11:45:00+05:30,602.28,603.93,601.6,602.58,242554
2016-03-30 12:15:00+05:30,602.58,603.98,602.08,602.6,253134
2016-03-30 12:45:00+05:30,602.6,605.0,602.08,604.25,350384
2016-03-30 13:15:00+05:30,604.28,604.6,602.05,602.8,286528
2016-03-30 13:45:00+05:30,602.85,604.9,602.5,603.78,389792
2016-03-30 14:15:00+05:30,604.0,605.0,602.75,603.03,485378
2016-03-30 14:45:00+05:30,603.68,604.25,601.2,602.35,972908
2016-03-30 15:15:00+05:30,602.35,604.75,602.0,603.3,601902
2016-03-31 09:15:00+05:30,606.1,612.5,606.05,612.33,700936
2016-03-31 09:45:00+05:30,612.5,614.4,611.25,613.93,577982
2016-03-31 10:15:00+05:30,613.7,614.75,612.75,613.9,435048
2016-03-31 10:45:00+05:30,613.9,614.13,610.7,611.68,682640
2016-03-31 11:15:00+05:30,611.6,611.68,607.13,607.38,638818
2016-03-31 11:45:00+05:30,607.38,609.25,606.5,606.53,946698
2016-03-31 12:15:00+05:30,606.55,607.48,604.05,604.88,857450
2016-03-31 12:45:00+05:30,604.88,605.35,602.0,602.95,845006
2016-03-31 13:15:00+05:30,602.95,605.0,602.35,605.0,886208
2016-03-31 13:45:00+05:30,604.95,606.5,604.08,605.93,827770
2016-03-31 14:15:00+05:30,605.93,606.98,604.0,606.13,1541876
2016-03-31 14:45:00+05:30,606.05,610.5,600.25,610.35,5539088
2016-03-31 15:15:00+05:30,610.38,614.9,608.48,610.5,3495524
2016-04-01 09:15:00+05:30,608.0,611.0,607.5,609.45,628278
2016-04-01 09:45:00+05:30,609.33,610.5,607.93,609.43,269202
2016-04-01 10:15:00+05:30,609.7,610.0,606.25,606.98,299210
2016-04-01 10:45:00+05:30,607.0,609.33,606.05,606.38,255026
2016-04-01 11:15:00+05:30,606.38,606.93,604.53,606.48,241308
2016-04-01 11:45:00+05:30,606.48,609.78,606.13,609.35,242646
2016-04-01 12:15:00+05:30,609.25,609.5,602.23,603.33,434922
2016-04-01 12:45:00+05:30,603.38,603.7,599.48,601.23,580024
2016-04-01 13:15:00+05:30,601.23,601.68,598.48,598.6,377412
2016-04-01 13:45:00+05:30,598.73,603.3,597.6,600.78,420602
2016-04-01 14:15:00+05:30,600.78,601.75,599.0,600.35,328968
2016-04-01 14:45:00+05:30,600.35,602.93,599.0,602.85,720156
2016-04-01 15:15:00+05:30,602.78,605.05,601.28,603.8,708404
2016-04-04 09:15:00+05:30,606.78,614.75,606.78,612.5,524304
2016-04-04 09:45:00+05:30,612.5,614.5,612.2,613.95,182846
2016-04-04 10:15:00+05:30,613.95,614.0,611.75,612.3,148080
2016-04-04 10:45:00+05:30,612.3,614.0,611.83,613.5,111452
2016-04-04 11:15:00+05:30,613.5,614.0,612.8,613.15,101082
2016-04-04 11:45:00+05:30,613.15,615.85,613.0,613.65,425480
2016-04-04 12:15:00+05:30,613.65,616.35,613.58,615.23,328666
2016-04-04 12:45:00+05:30,615.23,616.88,614.53,616.53,202132
2016-04-04 13:15:00+05:30,616.65,618.45,616.5,618.0,319154
2016-04-04 13:45:00+05:30,618.0,618.58,615.78,617.53,322122
2016-04-04 14:15:00+05:30,617.63,618.5,616.45,618.05,256384
2016-04-04 14:45:00+05:30,618.1,621.75,618.03,621.75,856618
2016-04-04 15:15:00+05:30,621.7,624.0,621.0,622.65,779296
2016-04-05 09:15:00+05:30,618.83,618.83,615.05,617.85,587770
2016-04-05 09:45:00+05:30,617.85,621.13,617.35,618.75,263740
2016-04-05 10:15:00+05:30,618.75,619.63,616.6,618.53,197038
2016-04-05 10:45:00+05:30,618.53,620.53,616.25,616.38,376566
2016-04-05 11:15:00+05:30,616.38,617.95,612.7,615.58,300252
2016-04-05 11:45:00+05:30,615.58,617.35,611.5,611.95,339056
2016-04-05 12:15:00+05:30,611.85,614.7,610.55,613.5,328262
2016-04-05 12:45:00+05:30,613.53,614.45,612.1,612.88,263168
2016-04-05 13:15:00+05:30,612.88,613.58,611.0,612.83,166834
2016-04-05 13:45:00+05:30,612.85,613.5,608.35,611.23,363986
2016-04-05 14:15:00+05:30,611.0,614.0,610.75,612.3,296246
2016-04-05 14:45:00+05:30,612.3,613.5,609.03,610.33,735332
2016-04-05 15:15:00+05:30,610.15,610.38,607.08,609.05,560356
2016-04-06 09:15:00+05:30,608.4,612.7,606.2,606.9,392874
2016-04-06 09:45:00+05:30,607.0,610.0,606.9,608.33,159502
2016-04-06 10:15:00+05:30,608.3,608.6,606.95,607.5,141866
2016-04-06 10:45:00+05:30,607.5,608.58,606.53,607.45,233050
2016-04-06 11:15:00+05:30,607.5,612.5,606.9,611.98,404212
2016-04-06 11:45:00+05:30,612.25,612.5,610.25,611.93,274992
2016-04-06 12:15:00+05:30,611.93,611.93,609.13,609.58,138304
2016-04-06 12:45:00+05:30,609.58,609.9,608.05,608.88,141808
2016-04-06 13:15:00+05:30,609.18,609.5,602.35,603.68,381344
2016-04-06 13:45:00+05:30,603.43,603.68,599.23,600.4,501996
2016-04-06 14:15:00+05:30,600.4,602.2,598.03,600.3,597946
2016-04-06 14:45:00+05:30,600.3,602.35,598.78,598.78,980946
2016-04-06 15:15:00+05:30,598.88,602.2,598.05,600.83,579014
2016-04-07 09:15:00+05:30,604.0,604.0,595.63,596.8,451982
2016-04-07 09:45:00+05:30,596.8,597.0,588.28,591.48,801632
2016-04-07 10:15:00+05:30,591.5,591.53,590.85,591.48,362086
2016-04-07 10:45:00+05:30,591.48,592.9,591.1,591.28,288076
2016-04-07 11:15:00+05:30,591.4,591.75,589.55,591.25,274336
2016-04-07 11:45:00+05:30,591.25,591.5,590.25,590.95,330050
2016-04-07 12:15:00+05:30,590.95,591.0,588.35,588.5,224302
2016-04-07 12:45:00+05:30,588.5,590.95,588.15,590.53,338688
2016-04-07 13:15:00+05:30,590.53,590.75,589.4,590.08,359580
2016-04-07 13:45:00+05:30,590.08,590.73,589.2,589.98,383038
2016-04-07 14:15:00+05:30,590.0,590.73,589.5,590.3,309514
2016-04-07 14:45:00+05:30,590.33,591.5,589.95,590.55,862696
2016-04-07 15:15:00+05:30,590.55,591.83,590.0,590.5,665662
2016-04-08 09:15:00+05:30,587.5,587.5,581.03,584.35,548576
2016-04-08 09:45:00+05:30,584.35,584.5,582.6,583.3,195310
2016-04-08 10:15:00+05:30,583.3,584.95,583.15,583.53,183550
2016-04-08 10:45:00+05:30,583.73,587.4,583.53,585.78,218848
2016-04-08 11:15:00+05:30,585.78,588.75,584.48,587.53,379486
2016-04-08 11:45:00+05:30,587.53,588.18,585.6,587.43,212606
2016-04-08 12:15:00+05:30,587.43,588.23,586.28,587.28,165234
2016-04-08 12:45:00+05:30,587.28,587.75,586.15,587.7,149048
2016-04-08 13:15:00+05:30,587.58,588.35,585.5,585.85,202710
2016-04-08 13:45:00+05:30,585.85,585.88,583.15,583.73,311530
2016-04-08 14:15:00+05:30,583.73,585.9,582.93,585.05,263278
2016-04-08 14:45:00+05:30,585.05,585.08,582.4,582.65,775736
2016-04-08 15:15:00+05:30,582.25,584.0,581.95,583.53,583050
2016-04-11 09:15:00+05:30,582.88,583.5,576.5,578.65,614730
2016-04-11 09:45:00+05:30,578.65,579.3,575.55,577.0,297672
2016-04-11 10:15:00+05:30,577.0,579.75,576.8,579.55,146796
2016-04-11 10:45:00+05:30,579.53,581.23,579.03,580.75,561098
2016-04-11 11:15:00+05:30,580.75,580.88,579.1,580.03,245150
2016-04-11 11:45:00+05:30,580.0,582.28,579.53,581.93,296226
2016-04-11 12:15:00+05:30,581.95,585.78,581.53,582.18,418256
2016-04-11 12:45:00+05:30,582.18,582.5,579.5,580.93,220996
2016-04-11 13:15:00+05:30,580.93,587.5,580.83,587.1,465612
2016-04-11 13:45:00+05:30,586.93,588.58,585.18,586.13,369456
2016-04-11 14:15:00+05:30,586.1,590.0,585.75,590.0,274944
2016-04-11 14:45:00+05:30,589.98,593.25,589.25,592.45,1197596
2016-04-11 15:15:00+05:30,592.38,592.9,590.7,592.05,643806
2016-04-12 09:15:00+05:30,590.28,597.45,590.28,593.3,721938
2016-04-12 09:45:00+05:30,593.28,594.0,593.0,593.5,207100
2016-04-12 10:15:00+05:30,593.7,594.95,592.5,594.53,425470
2016-04-12 10:45:00+05:30,594.53,596.1,594.5,595.48,428554
2016-04-12 11:15:00+05:30,595.48,595.63,593.3,594.2,521946
2016-04-12 11:45:00+05:30,594.48,594.48,592.6,592.85,435104
2016-04-12 12:15:00+05:30,592.78,594.18,592.78,593.95,259872
2016-04-12 12:45:00+05:30,593.98,594.1,593.0,593.33,331564
2016-04-12 13:15:00+05:30,593.35,593.68,590.75,591.9,296526
2016-04-12 13:45:00+05:30,591.93,592.5,590.5,592.4,313974
2016-04-12 14:15:00+05:30,592.43,593.3,592.0,592.45,344518
2016-04-12 14:45:00+05:30,592.48,592.5,589.33,591.05,904402
2016-04-12 15:15:00+05:30,591.08,592.45,590.08,591.5,631974
2016-04-13 09:15:00+05:30,597.25,597.33,592.5,592.75,674494
2016-04-13 09:45:00+05:30,592.75,593.25,591.13,591.45,582162
2016-04-13 10:15:00+05:30,591.65,592.18,589.75,591.28,1203946
2016-04-13 10:45:00+05:30,591.28,592.33,591.0,591.8,362850
2016-04-13 11:15:00+05:30,591.75,592.6,591.05,591.4,458884
2016-04-13 11:45:00+05:30,591.4,592.3,590.0,590.18,445168
2016-04-13 12:15:00+05:30,590.28,590.95,587.9,589.18,618864
2016-04-13 12:45:00+05:30,589.18,589.5,586.25,586.48,1020756
2016-04-13 13:15:00+05:30,586.5,586.83,583.18,583.45,988666
2016-04-13 13:45:00+05:30,583.45,587.75,583.33,586.85,1020272
2016-04-13 14:15:00+05:30,586.85,587.5,585.25,586.48,1554602
2016-04-13 14:45:00+05:30,586.48,587.4,584.78,585.98,2190904
2016-04-13 15:15:00+05:30,586.0,588.5,585.03,588.0,1372960
2016-04-18 09:15:00+05:30,624.0,633.75,619.85,624.23,6643856
2016-04-18 09:45:00+05:30,624.05,624.95,620.5,621.6,1593102
2016-04-18 10:15:00+05:30,621.83,624.0,621.63,622.5,1015946
2016-04-18 10:45:00+05:30,622.5,624.95,621.75,624.05,1300774
2016-04-18 11:15:00+05:30,624.05,626.0,623.43,624.43,1099008
2016-04-18 11:45:00+05:30,624.43,624.75,623.55,623.58,714344
2016-04-18 12:15:00+05:30,623.58,624.5,623.03,624.18,754882
2016-04-18 12:45:00+05:30,624.2,625.0,623.63,624.9,815532
2016-04-18 13:15:00+05:30,624.9,628.25,624.53,626.28,2015958
2016-04-18 13:45:00+05:30,626.25,626.5,622.3,623.05,1596750
2016-04-18 14:15:00+05:30,623.25,623.5,618.95,619.55,2399804
2016-04-18 14:45:00+05:30,619.55,620.88,616.88,619.68,2446460
2016-04-18 15:15:00+05:30,619.68,620.68,616.78,619.0,2090840
2016-04-20 09:15:00+05:30,621.93,621.93,612.95,618.08,1410802
2016-04-20 09:45:00+05:30,618.08,620.5,618.08,620.5,594070
2016-04-20 10:15:00+05:30,620.33,621.0,614.5,614.63,864872
2016-04-20 10:45:00+05:30,614.63,616.9,613.35,615.38,555270
2016-04-20 11:15:00+05:30,615.35,617.5,614.38,616.93,285880
2016-04-20 11:45:00+05:30,616.88,617.85,615.25,617.5,341488
2016-04-20 12:15:00+05:30,617.53,619.0,617.0,617.55,301498
2016-04-20 12:45:00+05:30,617.6,619.25,616.0,618.68,455450
2016-04-20 13:15:00+05:30,618.7,621.0,618.0,620.1,527946
2016-04-20 13:45:00+05:30,620.1,620.85,618.5,619.83,353778
2016-04-20 14:15:00+05:30,619.8,620.0,618.0,619.68,429774
2016-04-20 14:45:00+05:30,619.5,622.15,619.05,621.43,1045852
2016-04-20 15:15:00+05:30,621.3,623.2,620.93,622.0,858704
2016-04-21 09:15:00+05:30,624.9,624.95,617.28,618.13,767618
2016-04-21 09:45:00+05:30,618.15,620.0,618.0,619.38,345214
2016-04-21 10:15:00+05:30,619.38,619.55,616.75,618.35,361818
2016-04-21 10:45:00+05:30,618.33,618.98,617.08,618.15,367616
2016-04-21 11:15:00+05:30,618.13,618.6,617.25,617.5,243750
2016-04-21 11:45:00+05:30,617.45,618.7,616.53,617.55,315028
2016-04-21 12:15:00+05:30,617.55,617.6,614.53,615.0,442572
2016-04-21 12:45:00+05:30,615.0,615.23,614.4,614.88,226646
2016-04-21 13:15:00+05:30,614.88,614.9,612.35,612.6,343218
2016-04-21 13:45:00+05:30,612.8,612.98,612.4,612.53,256958
2016-04-21 14:15:00+05:30,612.53,612.73,610.0,610.15,320826
2016-04-21 14:45:00+05:30,610.08,614.7,609.1,613.8,871810
2016-04-21 15:15:00+05:30,613.8,614.9,612.28,613.4,558362
2016-04-22 09:15:00+05:30,613.0,613.0,607.13,608.0,448206
2016-04-22 09:45:00+05:30,608.0,609.0,605.18,608.95,367530
2016-04-22 10:15:00+05:30,608.83,609.25,607.0,608.23,372174
2016-04-22 10:45:00+05:30,608.18,609.08,607.5,608.25,289174
2016-04-22 11:15:00+05:30,608.2,609.08,607.68,608.55,289932
2016-04-22 11:45:00+05:30,608.53,614.25,608.48,612.25,817138
2016-04-22 12:15:00+05:30,612.25,612.53,610.1,610.63,221026
2016-04-22 12:45:00+05:30,610.63,611.75,608.33,608.88,198480
2016-04-22 13:15:00+05:30,608.85,608.9,606.5,608.03,367034
2016-04-22 13:45:00+05:30,608.03,608.25,606.63,607.5,219394
2016-04-22 14:15:00+05:30,607.48,607.48,605.75,606.0,360232
2016-04-22 14:45:00+05:30,605.95,607.0,603.65,605.75,644164
2016-04-22 15:15:00+05:30,605.75,606.5,604.75,606.38,541724
2016-04-25 09:15:00+05:30,606.53,611.83,606.53,610.0,515964
2016-04-25 09:45:00+05:30,610.0,612.38,609.18,610.5,196672
2016-04-25 10:15:00+05:30,610.28,610.68,606.23,608.0,274244
2016-04-25 10:45:00+05:30,608.03,608.45,600.55,603.53,748596
2016-04-25 11:15:00+05:30,603.63,605.25,602.25,603.6,332330
2016-04-25 11:45:00+05:30,603.6,606.95,603.5,605.5,361002
2016-04-25 12:15:00+05:30,605.5,605.9,603.0,603.5,305490
2016-04-25 12:45:00+05:30,603.38,605.25,603.05,604.7,826658
2016-04-25 13:15:00+05:30,604.5,604.5,602.0,603.75,527718
2016-04-25 13:45:00+05:30,603.68,605.0,603.0,605.0,134164
2016-04-25 14:15:00+05:30,604.98,605.48,603.53,603.63,132754
2016-04-25 14:45:00+05:30,603.63,607.95,603.6,607.65,444494
2016-04-25 15:15:00+05:30,607.65,611.08,606.75,609.7,556886
2016-04-26 09:15:00+05:30,608.3,610.0,604.5,604.53,503872
2016-04-26 09:45:00+05:30,604.53,607.68,604.53,607.35,246688
2016-04-26 10:15:00+05:30,607.53,609.93,607.03,608.9,304456
2016-04-26 10:45:00+05:30,608.93,609.0,607.63,607.9,214470
2016-04-26 11:15:00+05:30,607.93,608.98,606.58,607.85,190766
2016-04-26 11:45:00+05:30,607.93,608.73,607.3,608.63,217888
2016-04-26 12:15:00+05:30,608.63,614.98,608.55,613.35,656820
2016-04-26 12:45:00+05:30,613.28,617.0,612.63,614.45,536718
2016-04-26 13:15:00+05:30,614.48,617.5,614.03,616.75,506772
2016-04-26 13:45:00+05:30,616.68,619.75,616.25,619.0,565466
2016-04-26 14:15:00+05:30,619.0,619.5,615.38,618.53,512982
2016-04-26 14:45:00+05:30,618.53,619.43,615.73,616.33,812396
2016-04-26 15:15:00+05:30,616.3,616.53,613.65,615.05,568580
2016-04-27 09:15:00+05:30,614.5,619.98,614.43,617.45,548470
2016-04-27 09:45:00+05:30,617.5,619.45,615.95,618.73,402054
2016-04-27 10:15:00+05:30,618.65,619.0,617.15,618.23,200330
2016-04-27 10:45:00+05:30,618.2,618.2,616.05,616.88,262890
2016-04-27 11:15:00+05:30,616.88,617.8,615.15,616.93,257920
2016-04-27 11:45:00+05:30,616.93,618.95,616.48,616.9,258454
2016-04-27 12:15:00+05:30,616.9,618.0,616.3,616.75,215416
2016-04-27 12:45:00+05:30,616.75,617.95,616.53,617.45,174378
2016-04-27 13:15:00+05:30,617.45,618.95,616.8,618.38,308030
2016-04-27 13:45:00+05:30,618.38,619.68,617.25,619.63,274698
2016-04-27 14:15:00+05:30,619.65,619.7,617.88,618.5,353150
2016-04-27 14:45:00+05:30,618.5,620.95,617.93,620.2,637232
2016-04-27 15:15:00+05:30,620.2,621.0,618.93,619.58,586982
2016-04-28 09:15:00+05:30,617.15,619.78,616.0,616.4,359066
2016-04-28 09:45:00+05:30,616.38,616.9,614.75,616.8,207578
2016-04-28 10:15:00+05:30,616.8,616.8,613.35,613.75,263456
2016-04-28 10:45:00+05:30,613.8,614.95,611.58,612.1,387430
2016-04-28 11:15:00+05:30,612.5,612.75,607.63,609.98,344132
2016-04-28 11:45:00+05:30,610.0,612.0,609.5,611.18,237896
2016-04-28 12:15:00+05:30,611.18,611.18,608.55,609.6,274480
2016-04-28 12:45:00+05:30,609.58,610.38,608.63,608.93,486570
2016-04-28 13:15:00+05:30,608.9,609.83,608.9,609.1,289480
2016-04-28 13:45:00+05:30,609.1,610.4,608.0,608.05,453116
2016-04-28 14:15:00+05:30,608.05,608.45,606.13,607.1,701942
2016-04-28 14:45:00+05:30,607.1,608.95,603.5,604.05,4119942
2016-04-28 15:15:00+05:30,604.05,605.08,603.5,604.83,4014520
2016-04-29 09:15:00+05:30,605.73,609.85,605.13,609.85,411742
2016-04-29 09:45:00+05:30,610.25,611.75,608.03,608.45,348130
2016-04-29 10:15:00+05:30,608.33,609.95,604.63,606.25,254872
2016-04-29 10:45:00+05:30,606.28,608.0,606.03,606.65,184082
2016-04-29 11:15:00+05:30,606.65,608.65,605.53,607.88,145708
2016-04-29 11:45:00+05:30,607.8,608.73,607.0,607.03,268990
2016-04-29 12:15:00+05:30,607.08,609.25,607.0,607.0,290228
2016-04-29 12:45:00+05:30,607.0,607.08,602.5,605.28,320068
2016-04-29 13:15:00+05:30,605.28,607.75,604.03,606.0,334952
2016-04-29 13:45:00+05:30,606.13,607.45,603.63,603.63,325884
2016-04-29 14:15:00+05:30,603.58,606.0,602.9,605.68,425738
2016-04-29 14:45:00+05:30,605.68,606.0,603.93,603.95,822788
2016-04-29 15:15:00+05:30,603.93,604.18,603.0,603.1,894378
2016-05-02 09:15:00+05:30,605.03,605.03,598.08,600.88,927142
2016-05-02 09:45:00+05:30,601.0,601.75,600.0,600.7,238020
2016-05-02 10:15:00+05:30,600.7,601.0,599.18,600.5,253524
2016-05-02 10:45:00+05:30,600.5,602.5,600.0,600.63,697374
2016-05-02 11:15:00+05:30,600.63,601.33,599.0,600.03,142616
2016-05-02 11:45:00+05:30,600.15,602.98,600.03,601.7,109568
2016-05-02 12:15:00+05:30,601.7,603.05,600.3,601.33,81366
2016-05-02 12:45:00+05:30,601.5,601.85,599.25,601.0,161446
2016-05-02 13:15:00+05:30,601.03,601.98,600.53,600.58,141756
2016-05-02 13:45:00+05:30,600.58,601.98,600.3,600.55,164862
2016-05-02 14:15:00+05:30,600.55,600.75,599.5,600.15,115094
2016-05-02 14:45:00+05:30,600.25,601.48,598.78,600.68,303326
2016-05-02 15:15:00+05:30,600.75,601.23,599.58,599.78,249978
2016-05-03 09:15:00+05:30,602.5,606.0,600.0,604.63,818366
2016-05-03 09:45:00+05:30,604.58,605.63,602.5,603.03,413640
2016-05-03 10:15:00+05:30,603.03,603.3,600.0,600.4,436734
2016-05-03 10:45:00+05:30,600.4,600.63,598.75,599.45,372958
2016-05-03 11:15:00+05:30,599.2,600.08,597.55,598.38,425548
2016-05-03 11:45:00+05:30,598.38,599.0,597.73,598.55,300168
2016-05-03 12:15:00+05:30,598.75,599.4,593.25,594.53,539704
2016-05-03 12:45:00+05:30,594.53,595.15,592.6,593.1,410224
2016-05-03 13:15:00+05:30,593.15,593.15,585.93,589.85,807002
2016-05-03 13:45:00+05:30,589.75,591.5,588.55,589.75,599598
2016-05-03 14:15:00+05:30,589.75,590.75,587.5,588.65,352648
2016-05-03 14:45:00+05:30,588.65,589.95,587.58,588.2,728798
2016-05-03 15:15:00+05:30,588.2,589.7,587.5,588.98,607392
2016-05-04 09:15:00+05:30,589.95,592.98,586.68,586.98,544472
2016-05-04 09:45:00+05:30,586.98,588.68,585.4,587.53,656788
2016-05-04 10:15:00+05:30,587.5,588.25,586.63,587.08,268254
2016-05-04 10:45:00+05:30,587.08,588.45,586.53,587.35,234728
2016-05-04 11:15:00+05:30,587.35,589.85,586.55,589.3,250014
2016-05-04 11:45:00+05:30,589.3,592.75,589.0,592.4,376312
2016-05-04 12:15:00+05:30,592.43,592.75,589.95,592.0,276220
2016-05-04 12:45:00+05:30,591.8,593.73,591.28,592.95,344196
2016-05-04 13:15:00+05:30,592.95,594.45,592.7,593.33,313208
2016-05-04 13:45:00+05:30,593.33,593.38,591.38,592.93,263550
2016-05-04 14:15:00+05:30,592.9,593.85,590.4,590.88,355420
2016-05-04 14:45:00+05:30,590.88,596.5,590.5,593.33,1156030
2016-05-04 15:15:00+05:30,593.35,595.38,592.1,595.0,766062
2016-05-05 09:15:00+05:30,597.5,597.5,593.1,594.2,824530
2016-05-05 09:45:00+05:30,594.15,594.45,591.0,592.25,301722
2016-05-05 10:15:00+05:30,592.35,593.13,591.13,591.68,273710
2016-05-05 10:45:00+05:30,591.68,591.73,591.03,591.5,128522
2016-05-05 11:15:00+05:30,591.48,592.93,591.0,591.95,225838
2016-05-05 11:45:00+05:30,591.95,594.2,591.5,594.05,267442
2016-05-05 12:15:00+05:30,594.05,595.38,593.35,593.68,433236
2016-05-05 12:45:00+05:30,593.68,594.68,592.5,593.15,337954
2016-05-05 13:15:00+05:30,593.15,594.1,592.0,592.68,310702
2016-05-05 13:45:00+05:30,592.65,596.68,590.73,596.53,533972
2016-05-05 14:15:00+05:30,596.53,597.75,595.15,597.33,495556
2016-05-05 14:45:00+05:30,597.4,599.5,594.65,596.7,1247468
2016-05-05 15:15:00+05:30,596.75,598.2,595.25,597.73,912514
2016-05-06 09:15:00+05:30,594.43,594.85,590.5,591.6,462750
2016-05-06 09:45:00+05:30,591.5,591.8,589.0,590.48,274952
2016-05-06 10:15:00+05:30,590.48,590.98,589.5,590.4,101886
2016-05-06 10:45:00+05:30,590.4,591.65,590.35,590.88,131192
2016-05-06 11:15:00+05:30,591.08,592.38,590.55,591.2,124850
2016-05-06 11:45:00+05:30,591.15,591.9,590.78,590.78,127524
2016-05-06 12:15:00+05:30,590.78,591.25,588.53,589.35,252680
2016-05-06 12:45:00+05:30,589.35,591.38,589.35,591.0,204974
2016-05-06 13:15:00+05:30,591.0,591.78,590.05,591.55,104322
2016-05-06 13:45:00+05:30,591.8,592.23,590.83,592.0,114052
2016-05-06 14:15:00+05:30,592.0,592.0,590.25,590.88,91832
2016-05-06 14:45:00+05:30,590.88,591.68,589.13,591.38,305008
2016-05-06 15:15:00+05:30,591.35,591.48,589.63,590.0,291980
2016-05-09 09:15:00+05:30,591.0,595.85,590.3,592.58,605506
2016-05-09 09:45:00+05:30,592.58,594.0,591.48,592.23,496312
2016-05-09 10:15:00+05:30,592.28,594.88,592.08,594.6,262602
2016-05-09 10:45:00+05:30,594.6,598.48,594.38,596.75,269756
2016-05-09 11:15:00+05:30,596.75,597.05,594.28,596.63,215228
2016-05-09 11:45:00+05:30,596.63,597.35,594.48,595.18,134702
2016-05-09 12:15:00+05:30,595.18,595.53,594.58,594.93,124036
2016-05-09 12:45:00+05:30,594.93,596.9,594.38,596.53,296364
2016-05-09 13:15:00+05:30,596.55,596.75,595.25,596.5,344146
2016-05-09 13:45:00+05:30,596.48,597.45,595.3,597.1,295790
2016-05-09 14:15:00+05:30,597.1,599.25,597.1,598.25,478856
2016-05-09 14:45:00+05:30,598.2,600.35,597.63,599.5,1035864
2016-05-09 15:15:00+05:30,599.48,600.58,598.75,600.0,556708
2016-05-10 09:15:00+05:30,600.5,604.38,599.25,602.93,479570
2016-05-10 09:45:00+05:30,602.95,602.98,601.03,601.2,160062
2016-05-10 10:15:00+05:30,601.23,601.23,598.35,599.93,221500
2016-05-10 10:45:00+05:30,599.93,600.85,598.68,599.33,183548
2016-05-10 11:15:00+05:30,599.33,600.03,599.18,599.63,216518
2016-05-10 11:45:00+05:30,599.63,600.03,598.53,599.13,196486
2016-05-10 12:15:00+05:30,599.13,600.13,599.13,599.98,122194
2016-05-10 12:45:00+05:30,599.98,604.85,599.33,604.85,269804
2016-05-10 13:15:00+05:30,604.78,604.88,602.28,603.25,143462
2016-05-10 13:45:00+05:30,603.23,604.8,603.23,604.78,151068
2016-05-10 14:15:00+05:30,604.78,607.5,604.5,606.3,403398
2016-05-10 14:45:00+05:30,606.3,608.33,605.98,606.3,479952
2016-05-10 15:15:00+05:30,606.28,607.1,605.45,605.98,354102
2016-05-11 09:15:00+05:30,599.4,607.35,598.8,606.9,843044
2016-05-11 09:45:00+05:30,606.8,607.28,603.03,604.23,247644
2016-05-11 10:15:00+05:30,604.0,604.75,602.5,603.0,203128
2016-05-11 10:45:00+05:30,603.0,605.45,603.0,604.75,190102
2016-05-11 11:15:00+05:30,604.75,605.43,603.8,605.1,131254
2016-05-11 11:45:00+05:30,605.1,605.6,604.4,604.8,138150
2016-05-11 12:15:00+05:30,604.75,605.0,599.33,600.75,266028
2016-05-11 12:45:00+05:30,600.6,600.75,596.25,598.48,300458
2016-05-11 13:15:00+05:30,598.48,598.65,596.83,597.5,180298
2016-05-11 13:45:00+05:30,597.5,599.1,597.13,598.9,192636
2016-05-11 14:15:00+05:30,598.9,599.48,597.78,598.55,129146
2016-05-11 14:45:00+05:30,598.55,601.25,597.55,600.7,493918
2016-05-11 15:15:00+05:30,600.7,602.8,600.7,601.33,387170
2016-05-12 09:15:00+05:30,601.5,606.2,598.4,604.68,420210
2016-05-12 09:45:00+05:30,604.63,604.9,602.5,602.6,270890
2016-05-12 10:15:00+05:30,602.65,603.03,600.3,601.53,239102
2016-05-12 10:45:00+05:30,601.5,602.25,601.25,601.5,177200
2016-05-12 11:15:00+05:30,601.5,602.25,601.25,601.53,221194
2016-05-12 11:45:00+05:30,601.53,601.93,601.35,601.5,131152
2016-05-12 12:15:00+05:30,601.5,601.85,600.75,601.5,233798
2016-05-12 12:45:00+05:30,601.5,601.83,599.5,600.13,318486
2016-05-12 13:15:00+05:30,600.13,603.58,600.0,601.93,191812
2016-05-12 13:45:00+05:30,601.78,604.5,601.25,604.0,187806
2016-05-12 14:15:00+05:30,604.0,606.4,604.0,604.13,294480
2016-05-12 14:45:00+05:30,604.15,605.68,604.0,605.3,315872
2016-05-12 15:15:00+05:30,605.3,605.58,604.58,605.0,400672
2016-05-13 09:15:00+05:30,602.53,603.0,596.25,599.73,835086
2016-05-13 09:45:00+05:30,599.75,600.0,598.25,598.95,516348
2016-05-13 10:15:00+05:30,598.95,601.0,598.18,600.73,293122
2016-05-13 10:45:00+05:30,600.73,601.7,599.75,600.73,342662
2016-05-13 11:15:00+05:30,600.73,602.75,600.0,602.0,367990
2016-05-13 11:45:00+05:30,602.25,602.43,600.5,601.68,241546
2016-05-13 12:15:00+05:30,601.35,601.63,598.5,599.43,528898
2016-05-13 12:45:00+05:30,599.38,601.05,598.98,601.05,284838
2016-05-13 13:15:00+05:30,601.05,601.9,600.2,600.63,258848
2016-05-13 13:45:00+05:30,600.65,601.98,600.1,601.7,224408
2016-05-13 14:15:00+05:30,601.95,603.68,601.58,602.6,467044
2016-05-13 14:45:00+05:30,602.6,604.75,601.88,604.4,805132
2016-05-13 15:15:00+05:30,604.38,604.7,603.68,604.0,483734
2016-05-16 09:15:00+05:30,604.0,608.8,603.73,606.43,524568
2016-05-16 09:45:00+05:30,606.43,606.43,605.0,605.03,277242
2016-05-16 10:15:00+05:30,605.03,606.48,604.88,606.45,229936
2016-05-16 10:45:00+05:30,606.45,608.7,606.0,606.73,417768
2016-05-16 11:15:00+05:30,606.73,608.25,606.0,606.03,256048
2016-05-16 11:45:00+05:30,606.05,607.0,605.08,606.38,213956
2016-05-16 12:15:00+05:30,606.35,607.78,605.15,606.7,230304
2016-05-16 12:45:00+05:30,606.7,607.18,604.8,606.5,246908
2016-05-16 13:15:00+05:30,606.5,608.38,606.25,608.35,194304
2016-05-16 13:45:00+05:30,608.38,609.98,607.5,609.38,324274
2016-05-16 14:15:00+05:30,609.28,611.6,609.2,610.35,374374
2016-05-16 14:45:00+05:30,610.33,611.83,606.18,607.1,714592
2016-05-16 15:15:00+05:30,607.1,607.45,605.0,606.4,525642
2016-05-17 09:15:00+05:30,609.5,612.85,609.05,611.95,562176
2016-05-17 09:45:00+05:30,611.95,612.25,607.8,609.5,360882
2016-05-17 10:15:00+05:30,609.5,611.73,609.4,611.13,245508
2016-05-17 10:45:00+05:30,611.1,611.5,609.6,610.2,184604
2016-05-17 11:15:00+05:30,610.2,610.95,608.8,610.18,200508
2016-05-17 11:45:00+05:30,610.18,611.75,610.0,611.2,157254
2016-05-17 12:15:00+05:30,611.2,611.75,610.03,611.15,143908
2016-05-17 12:45:00+05:30,611.23,611.48,609.9,610.15,133056
2016-05-17 13:15:00+05:30,610.15,610.95,609.7,610.05,169916
2016-05-17 13:45:00+05:30,610.05,612.0,609.75,611.53,249810
2016-05-17 14:15:00+05:30,611.53,612.0,607.65,608.35,267006
2016-05-17 14:45:00+05:30,608.18,610.1,606.0,607.3,672974
2016-05-17 15:15:00+05:30,607.23,607.5,604.8,605.63,438786
2016-05-18 09:15:00+05:30,600.73,601.45,599.6,600.53,702722
2016-05-18 09:45:00+05:30,600.53,601.73,599.25,599.63,378464
2016-05-18 10:15:00+05:30,599.63,600.48,599.05,600.35,186644
2016-05-18 10:45:00+05:30,600.35,600.8,599.7,600.35,143600
2016-05-18 11:15:00+05:30,600.35,600.88,599.55,600.03,194060
2016-05-18 11:45:00+05:30,600.03,600.5,599.5,600.03,188978
2016-05-18 12:15:00+05:30,600.03,601.73,600.03,601.43,214180
2016-05-18 12:45:00+05:30,601.43,604.0,600.73,602.6,265666
2016-05-18 13:15:00+05:30,602.6,603.45,601.55,602.88,187214
2016-05-18 13:45:00+05:30,602.93,603.85,601.28,602.63,258754
2016-05-18 14:15:00+05:30,602.63,603.0,601.38,601.88,114526
2016-05-18 14:45:00+05:30,601.88,604.9,601.85,604.9,679504
2016-05-18 15:15:00+05:30,604.93,607.0,604.38,605.13,720088
2016-05-19 09:15:00+05:30,603.6,605.83,601.5,603.4,365538
2016-05-19 09:45:00+05:30,603.4,604.23,603.05,603.95,161286
2016-05-19 10:15:00+05:30,603.95,605.55,603.53,605.0,175508
2016-05-19 10:45:00+05:30,605.0,606.33,604.55,606.0,194540
2016-05-19 11:15:00+05:30,605.98,608.08,605.88,607.35,268730
2016-05-19 11:45:00+05:30,607.35,607.85,606.63,607.38,250022
2016-05-19 12:15:00+05:30,607.38,607.38,603.68,604.6,194308
2016-05-19 12:45:00+05:30,604.6,605.73,602.25,603.9,265746
2016-05-19 13:15:00+05:30,603.9,606.0,603.55,606.0,254334
2016-05-19 13:45:00+05:30,606.0,606.5,603.58,603.83,282206
2016-05-19 14:15:00+05:30,603.83,604.08,601.95,602.33,282046
2016-05-19 14:45:00+05:30,602.33,604.78,600.73,602.5,795834
2016-05-19 15:15:00+05:30,602.5,603.25,600.5,600.58,460930
2016-05-20 09:15:00+05:30,602.88,609.73,602.88,608.75,441590
2016-05-20 09:45:00+05:30,608.73,609.0,606.38,606.78,243240
2016-05-20 10:15:00+05:30,606.78,606.85,604.28,604.55,251400
2016-05-20 10:45:00+05:30,604.55,605.95,604.0,604.58,196574
2016-05-20 11:15:00+05:30,604.8,606.1,604.5,606.05,128616
2016-05-20 11:45:00+05:30,606.03,608.25,605.75,608.1,117204
2016-05-20 12:15:00+05:30,608.1,608.3,606.25,607.5,159332
2016-05-20 12:45:00+05:30,607.45,608.53,607.05,607.9,173252
2016-05-20 13:15:00+05:30,607.78,608.25,606.0,606.9,283312
2016-05-20 13:45:00+05:30,606.9,607.25,604.0,605.13,296630
2016-05-20 14:15:00+05:30,605.1,605.75,603.28,603.55,401234
2016-05-20 14:45:00+05:30,603.53,603.75,600.0,601.58,778400
2016-05-20 15:15:00+05:30,601.78,601.78,600.0,600.45,520612
2016-05-23 09:15:00+05:30,602.38,602.38,594.1,594.58,615996
2016-05-23 09:45:00+05:30,594.58,595.48,592.53,593.93,321554
2016-05-23 10:15:00+05:30,593.88,594.33,593.0,593.55,187702
2016-05-23 10:45:00+05:30,593.55,596.9,593.3,594.73,337118
2016-05-23 11:15:00+05:30,594.7,596.5,594.05,595.05,172454
2016-05-23 11:45:00+05:30,595.05,595.7,594.18,595.0,206134
2016-05-23 12:15:00+05:30,595.0,596.0,594.0,594.13,216798
2016-05-23 12:45:00+05:30,594.13,596.75,594.0,596.35,184302
2016-05-23 13:15:00+05:30,596.33,597.98,595.5,597.75,239606
2016-05-23 13:45:00+05:30,597.58,599.5,597.5,599.5,248378
2016-05-23 14:15:00+05:30,599.5,601.75,596.53,597.15,403582
2016-05-23 14:45:00+05:30,597.15,597.15,593.43,594.25,903916
2016-05-23 15:15:00+05:30,594.25,594.68,592.58,593.93,545036
2016-05-24 09:15:00+05:30,595.55,595.55,588.8,589.53,537388
2016-05-24 09:45:00+05:30,589.58,591.2,589.45,591.1,168742
2016-05-24 10:15:00+05:30,591.1,592.48,589.65,592.38,208724
2016-05-24 10:45:00+05:30,592.4,592.48,590.53,590.55,169776
2016-05-24 11:15:00+05:30,590.5,591.98,589.73,589.95,196234
2016-05-24 11:45:00+05:30,589.88,592.03,589.55,591.8,119108
2016-05-24 12:15:00+05:30,591.83,592.48,591.0,591.93,149172
2016-05-24 12:45:00+05:30,591.9,593.98,591.9,592.55,255578
2016-05-24 13:15:00+05:30,592.43,594.0,591.53,593.7,509810
2016-05-24 13:45:00+05:30,593.53,594.88,592.25,593.18,270854
2016-05-24 14:15:00+05:30,593.18,593.73,592.53,593.5,226044
2016-05-24 14:45:00+05:30,593.5,594.43,592.25,594.13,371042
2016-05-24 15:15:00+05:30,594.15,595.88,593.7,595.0,299080
2016-05-25 09:15:00+05:30,598.0,606.53,597.53,606.23,614728
2016-05-25 09:45:00+05:30,606.23,606.45,604.5,604.85,333428
2016-05-25 10:15:00+05:30,604.85,605.98,604.6,605.23,189534
2016-05-25 10:45:00+05:30,605.23,605.3,604.25,604.38,163878
2016-05-25 11:15:00+05:30,604.23,604.93,601.53,604.1,207314
2016-05-25 11:45:00+05:30,604.2,605.0,603.13,603.75,215646
2016-05-25 12:15:00+05:30,603.83,604.08,602.53,603.98,150820
2016-05-25 12:45:00+05:30,603.98,604.5,603.15,604.1,147584
2016-05-25 13:15:00+05:30,604.38,604.75,602.95,604.5,168688
2016-05-25 13:45:00+05:30,604.63,605.73,604.0,605.1,430504
2016-05-25 14:15:00+05:30,605.4,606.15,603.55,604.55,326810
2016-05-25 14:45:00+05:30,604.3,605.95,603.5,604.1,478546
2016-05-25 15:15:00+05:30,604.45,605.0,603.78,605.0,420728
2016-05-26 09:15:00+05:30,607.0,609.48,605.53,608.35,496388
2016-05-26 09:45:00+05:30,608.35,611.55,607.48,609.5,515220
2016-05-26 10:15:00+05:30,609.5,611.25,609.38,610.25,128948
2016-05-26 10:45:00+05:30,610.25,611.0,608.05,608.28,157052
2016-05-26 11:15:00+05:30,608.2,609.83,608.05,609.38,162536
2016-05-26 11:45:00+05:30,609.38,610.6,609.03,609.58,207806
2016-05-26 12:15:00+05:30,609.58,610.63,608.9,610.25,182866
2016-05-26 12:45:00+05:30,610.25,611.15,610.0,610.93,216240
2016-05-26 13:15:00+05:30,610.98,612.83,610.78,612.73,402264
2016-05-26 13:45:00+05:30,612.73,612.83,611.75,612.35,173094
2016-05-26 14:15:00+05:30,612.28,614.25,612.1,614.03,326758
2016-05-26 14:45:00+05:30,614.23,616.93,612.15,616.93,1338830
2016-05-26 15:15:00+05:30,616.78,619.88,615.63,618.95,1815408
2016-05-27 09:15:00+05:30,616.0,622.8,616.0,621.68,713816
2016-05-27 09:45:00+05:30,621.68,622.53,621.03,621.95,331350
2016-05-27 10:15:00+05:30,621.95,625.18,621.55,624.48,421104
2016-05-27 10:45:00+05:30,624.48,625.03,622.88,624.23,428298
2016-05-27 11:15:00+05:30,624.23,625.25,622.53,624.03,360662
2016-05-27 11:45:00+05:30,624.03,626.55,623.53,624.9,339828
2016-05-27 12:15:00+05:30,624.9,626.75,624.75,626.28,329754
2016-05-27 12:45:00+05:30,626.28,629.73,626.03,629.48,476844
2016-05-27 13:15:00+05:30,629.48,629.5,627.38,628.7,449680
2016-05-27 13:45:00+05:30,628.6,628.98,626.55,626.63,540558
2016-05-27 14:15:00+05:30,626.63,626.93,623.5,623.9,490232
2016-05-27 14:45:00+05:30,623.9,625.5,622.65,624.03,728136
2016-05-27 15:15:00+05:30,624.05,624.93,622.5,622.5,566364
2016-05-30 09:15:00+05:30,623.73,629.45,623.05,628.65,301782
2016-05-30 09:45:00+05:30,628.3,631.45,627.5,630.53,219240
2016-05-30 10:15:00+05:30,630.53,633.73,630.0,633.45,334092
2016-05-30 10:45:00+05:30,633.33,635.5,633.3,635.2,362596
2016-05-30 11:15:00+05:30,635.2,635.5,633.03,634.0,322744
2016-05-30 11:45:00+05:30,633.98,634.5,633.43,634.08,497224
2016-05-30 12:15:00+05:30,634.08,634.5,633.03,633.65,524880
2016-05-30 12:45:00+05:30,633.65,635.0,633.65,634.93,291808
2016-05-30 13:15:00+05:30,634.98,636.0,634.0,635.6,527012
2016-05-30 13:45:00+05:30,635.6,636.0,634.88,635.73,438192
2016-05-30 14:15:00+05:30,635.73,635.98,634.03,634.95,480024
2016-05-30 14:45:00+05:30,634.7,634.95,632.1,633.65,554888
2016-05-30 15:15:00+05:30,633.65,634.48,632.53,633.5,425676
2016-05-31 09:15:00+05:30,632.43,632.98,623.85,624.43,429630
2016-05-31 09:45:00+05:30,624.38,624.63,621.5,622.1,555368
2016-05-31 10:15:00+05:30,622.2,623.25,620.75,621.63,342660
2016-05-31 10:45:00+05:30,621.88,622.18,620.35,621.08,216620
2016-05-31 11:15:00+05:30,621.08,621.4,619.5,620.83,259016
2016-05-31 11:45:00+05:30,620.83,622.38,620.05,620.13,286976
2016-05-31 12:15:00+05:30,620.23,622.98,620.0,622.38,282488
2016-05-31 12:45:00+05:30,622.38,625.48,622.08,624.45,352342
2016-05-31 13:15:00+05:30,624.45,625.53,623.08,624.0,442206
2016-05-31 13:45:00+05:30,624.03,627.78,621.28,621.65,2182770
2016-05-31 14:15:00+05:30,621.65,625.65,621.0,625.13,674088
2016-05-31 14:45:00+05:30,625.23,626.53,621.88,623.65,4545414
2016-05-31 15:15:00+05:30,623.73,627.98,623.55,625.43,3202590
2016-06-01 09:15:00+05:30,623.95,628.9,623.03,628.58,573268
2016-06-01 09:45:00+05:30,628.6,630.2,627.13,629.63,399884
2016-06-01 10:15:00+05:30,629.6,633.38,629.6,632.33,290590
2016-06-01 10:45:00+05:30,632.33,633.98,631.53,633.38,342366
2016-06-01 11:15:00+05:30,633.68,634.23,630.38,631.0,287080
2016-06-01 11:45:00+05:30,630.85,631.5,628.7,629.93,401264
2016-06-01 12:15:00+05:30,629.93,630.25,628.25,628.55,180422
2016-06-01 12:45:00+05:30,628.5,630.0,627.58,629.63,170512
2016-06-01 13:15:00+05:30,629.63,630.25,628.78,629.0,172890
2016-06-01 13:45:00+05:30,629.03,630.03,628.2,628.85,318384
2016-06-01 14:15:00+05:30,628.85,630.0,628.05,629.5,328492
2016-06-01 14:45:00+05:30,629.5,630.03,628.35,629.08,753470
2016-06-01 15:15:00+05:30,629.0,630.0,627.78,628.0,605736
2016-06-02 09:15:00+05:30,627.7,637.4,627.5,634.83,803122
2016-06-02 09:45:00+05:30,634.83,636.3,632.68,635.18,453510
2016-06-02 10:15:00+05:30,635.18,635.5,633.05,634.5,432984
2016-06-02 10:45:00+05:30,634.5,634.75,630.65,632.75,340814
2016-06-02 11:15:00+05:30,632.75,633.25,630.9,631.33,245406
2016-06-02 11:45:00+05:30,631.33,631.88,630.6,631.45,245302
2016-06-02 12:15:00+05:30,631.45,631.83,628.53,630.0,277494
2016-06-02 12:45:00+05:30,629.98,630.83,629.28,629.48,345268
2016-06-02 13:15:00+05:30,629.53,630.68,629.48,630.0,271018
2016-06-02 13:45:00+05:30,630.0,631.45,629.5,630.95,366112
2016-06-02 14:15:00+05:30,630.9,631.5,630.18,631.5,393252
2016-06-02 14:45:00+05:30,631.45,632.8,630.43,630.5,575804
2016-06-02 15:15:00+05:30,630.5,630.73,629.0,630.25,296708
2016-06-03 09:15:00+05:30,631.1,636.28,631.1,636.25,422392
2016-06-03 09:45:00+05:30,636.25,639.63,636.18,638.25,453926
2016-06-03 10:15:00+05:30,638.25,638.65,637.13,638.5,172924
2016-06-03 10:45:00+05:30,638.5,638.55,636.0,636.28,170070
2016-06-03 11:15:00+05:30,636.28,636.95,636.28,636.5,173098
2016-06-03 11:45:00+05:30,636.48,636.88,636.45,636.7,156164
2016-06-03 12:15:00+05:30,636.7,637.1,636.2,636.48,146960
2016-06-03 12:45:00+05:30,636.5,638.13,636.28,637.43,245192
2016-06-03 13:15:00+05:30,637.4,637.4,636.08,636.33,251612
2016-06-03 13:45:00+05:30,636.33,636.4,633.58,635.0,359124
2016-06-03 14:15:00+05:30,635.0,635.75,634.55,635.38,279918
2016-06-03 14:45:00+05:30,635.33,635.5,633.25,633.75,664074
2016-06-03 15:15:00+05:30,633.73,633.75,631.83,633.18,498430
2016-06-06 09:15:00+05:30,632.4,636.9,630.55,636.88,357402
2016-06-06 09:45:00+05:30,636.9,638.5,635.53,636.75,1173836
2016-06-06 10:15:00+05:30,636.75,636.75,633.58,634.7,383468
2016-06-06 10:45:00+05:30,634.73,636.98,634.58,636.23,196632
2016-06-06 11:15:00+05:30,636.23,636.5,633.55,634.25,112784
2016-06-06 11:45:00+05:30,634.25,634.4,632.03,632.78,211684
2016-06-06 12:15:00+05:30,632.78,633.0,632.03,632.85,234874
2016-06-06 12:45:00+05:30,632.85,634.95,632.5,634.28,260970
2016-06-06 13:15:00+05:30,634.5,635.0,632.5,633.25,227992
2016-06-06 13:45:00+05:30,633.25,633.95,632.3,632.9,141668
2016-06-06 14:15:00+05:30,632.9,633.93,631.58,632.13,176378
2016-06-06 14:45:00+05:30,632.08,634.5,631.78,632.55,352806
2016-06-06 15:15:00+05:30,632.6,634.5,632.15,633.63,391352
2016-06-07 09:15:00+05:30,633.43,634.85,631.43,632.48,376626
2016-06-07 09:45:00+05:30,632.3,633.08,631.93,632.35,201052
2016-06-07 10:15:00+05:30,632.35,632.98,632.25,632.7,231662
2016-06-07 10:45:00+05:30,632.7,634.98,632.65,634.95,234304
2016-06-07 11:15:00+05:30,634.95,636.25,633.0,633.85,407892
2016-06-07 11:45:00+05:30,633.85,634.0,632.53,633.1,225222
2016-06-07 12:15:00+05:30,633.1,635.73,632.93,634.7,432122
2016-06-07 12:45:00+05:30,634.7,635.28,633.63,634.35,668008
2016-06-07 13:15:00+05:30,634.43,634.5,633.7,634.33,358866
2016-06-07 13:45:00+05:30,634.33,634.35,631.95,633.05,338470
2016-06-07 14:15:00+05:30,633.05,633.5,627.83,628.33,438628
2016-06-07 14:45:00+05:30,628.33,631.28,627.93,628.95,814866
2016-06-07 15:15:00+05:30,628.95,629.38,627.75,628.0,959300
2016-06-08 09:15:00+05:30,631.78,631.78,623.65,624.88,1023854
2016-06-08 09:45:00+05:30,624.88,625.53,619.6,620.28,887190
2016-06-08 10:15:00+05:30,620.28,624.35,619.73,622.28,597344
2016-06-08 10:45:00+05:30,622.28,624.0,621.95,622.78,414788
2016-06-08 11:15:00+05:30,622.8,623.43,622.13,622.95,331724
2016-06-08 11:45:00+05:30,622.93,623.18,621.03,621.43,440620
2016-06-08 12:15:00+05:30,621.48,621.5,621.0,621.25,388642
2016-06-08 12:45:00+05:30,621.25,621.5,620.6,620.98,323740
2016-06-08 13:15:00+05:30,620.95,621.0,620.03,620.73,452416
2016-06-08 13:45:00+05:30,620.73,621.0,620.15,620.48,429144
2016-06-08 14:15:00+05:30,620.48,620.5,619.5,620.1,827598
2016-06-08 14:45:00+05:30,620.13,620.13,617.68,619.5,1448598
2016-06-08 15:15:00+05:30,619.5,619.5,617.88,618.5,1171036
2016-06-09 09:15:00+05:30,612.45,612.45,600.55,601.5,2250678
2016-06-09 09:45:00+05:30,601.5,601.5,596.05,597.48,1489506
2016-06-09 10:15:00+05:30,597.5,600.0,596.38,598.85,623922
2016-06-09 10:45:00+05:30,598.85,599.4,597.53,597.6,535576
2016-06-09 11:15:00+05:30,597.65,598.15,595.08,596.8,1010114
2016-06-09 11:45:00+05:30,596.78,597.43,595.75,595.8,436152
2016-06-09 12:15:00+05:30,595.78,596.1,593.73,593.93,659762
2016-06-09 12:45:00+05:30,594.0,595.13,592.78,593.05,661448
2016-06-09 13:15:00+05:30,593.05,594.4,591.63,592.35,905778
2016-06-09 13:45:00+05:30,592.35,593.88,590.78,591.38,781430
2016-06-09 14:15:00+05:30,591.4,592.23,590.5,591.5,924330
2016-06-09 14:45:00+05:30,591.5,593.95,590.03,593.0,1567596
2016-06-09 15:15:00+05:30,592.8,593.95,591.5,593.5,870704
2016-06-10 09:15:00+05:30,587.0,588.65,585.08,588.1,1350422
2016-06-10 09:45:00+05:30,588.03,590.4,587.05,589.95,674396
2016-06-10 10:15:00+05:30,590.0,591.48,589.33,590.88,455328
2016-06-10 10:45:00+05:30,590.78,594.88,589.95,594.53,472516
2016-06-10 11:15:00+05:30,594.53,594.85,591.03,593.5,443884
2016-06-10 11:45:00+05:30,593.55,594.85,593.55,594.38,230370
2016-06-10 12:15:00+05:30,594.38,594.5,592.53,593.75,271544
2016-06-10 12:45:00+05:30,593.7,593.7,590.0,590.75,442730
2016-06-10 13:15:00+05:30,590.78,591.5,589.88,590.63,523348
2016-06-10 13:45:00+05:30,590.63,591.73,590.18,590.6,254960
2016-06-10 14:15:00+05:30,590.6,591.48,590.05,590.1,306854
2016-06-10 14:45:00+05:30,590.1,590.68,589.95,590.38,491116
2016-06-10 15:15:00+05:30,590.43,591.25,590.0,591.0,422686
2016-06-13 09:15:00+05:30,587.03,589.93,585.6,589.08,437812
2016-06-13 09:45:00+05:30,589.08,589.43,586.78,587.05,606020
2016-06-13 10:15:00+05:30,587.03,587.8,586.5,587.2,323684
2016-06-13 10:45:00+05:30,587.15,588.45,586.55,586.95,292122
2016-06-13 11:15:00+05:30,586.95,587.2,586.0,586.1,224754
2016-06-13 11:45:00+05:30,586.1,586.33,583.0,583.05,593784
2016-06-13 12:15:00+05:30,583.05,587.0,583.0,586.55,265018
2016-06-13 12:45:00+05:30,586.58,588.48,586.15,587.68,221102
2016-06-13 13:15:00+05:30,587.68,590.4,587.5,589.95,300546
2016-06-13 13:45:00+05:30,589.95,590.83,589.1,590.0,440306
2016-06-13 14:15:00+05:30,590.0,592.43,588.7,590.03,579562
2016-06-13 14:45:00+05:30,590.03,591.48,588.3,591.18,570286
2016-06-13 15:15:00+05:30,591.13,591.5,590.0,590.0,424512
2016-06-14 09:15:00+05:30,591.0,591.0,586.68,588.15,381938
2016-06-14 09:45:00+05:30,588.15,588.73,586.88,587.58,197752
2016-06-14 10:15:00+05:30,587.58,587.58,586.05,586.33,132026
2016-06-14 10:45:00+05:30,586.33,586.4,585.05,585.58,169232
2016-06-14 11:15:00+05:30,585.6,586.2,585.05,585.55,165546
2016-06-14 11:45:00+05:30,585.55,586.1,585.03,585.35,133190
2016-06-14 12:15:00+05:30,585.38,586.48,585.13,585.75,116866
2016-06-14 12:45:00+05:30,585.75,586.3,585.13,585.75,174810
2016-06-14 13:15:00+05:30,585.55,586.03,585.13,585.4,150964
2016-06-14 13:45:00+05:30,585.4,585.9,583.63,585.2,289386
2016-06-14 14:15:00+05:30,585.2,587.43,584.6,586.63,303556
2016-06-14 14:45:00+05:30,586.63,587.93,586.35,587.43,384946
2016-06-14 15:15:00+05:30,587.43,588.13,586.53,588.0,335184
2016-06-15 09:15:00+05:30,591.0,592.7,589.75,590.05,647984
2016-06-15 09:45:00+05:30,590.05,590.85,590.03,590.75,490248
2016-06-15 10:15:00+05:30,590.75,591.75,590.5,591.45,490882
2016-06-15 10:45:00+05:30,591.2,591.45,589.75,590.28,307972
2016-06-15 11:15:00+05:30,590.28,590.5,589.95,590.18,541114
2016-06-15 11:45:00+05:30,590.2,590.58,590.13,590.5,238682
2016-06-15 12:15:00+05:30,590.5,591.55,590.45,591.08,226184
2016-06-15 12:45:00+05:30,591.08,591.5,590.4,590.9,198988
2016-06-15 13:15:00+05:30,590.9,590.98,590.0,590.03,556080
2016-06-15 13:45:00+05:30,590.2,592.45,590.0,591.98,471552
2016-06-15 14:15:00+05:30,592.2,593.75,591.5,593.65,400508
2016-06-15 14:45:00+05:30,593.68,596.33,593.45,594.08,1230936
2016-06-15 15:15:00+05:30,594.13,595.5,594.0,594.5,901396
2016-06-16 09:15:00+05:30,594.1,594.1,587.5,588.58,545220
2016-06-16 09:45:00+05:30,588.58,589.28,585.25,585.83,486092
2016-06-16 10:15:00+05:30,585.83,587.75,585.5,586.8,334650
2016-06-16 10:45:00+05:30,587.0,588.45,586.4,587.8,230146
2016-06-16 11:15:00+05:30,587.8,589.0,586.78,587.73,283688
2016-06-16 11:45:00+05:30,587.73,588.95,587.15,588.7,217070
2016-06-16 12:15:00+05:30,588.5,589.95,588.05,588.98,490056
2016-06-16 12:45:00+05:30,588.98,589.45,588.25,588.98,292566
2016-06-16 13:15:00+05:30,588.98,589.85,588.5,588.98,369520
2016-06-16 13:45:00+05:30,588.98,591.28,588.88,590.43,323758
2016-06-16 14:15:00+05:30,590.45,591.63,589.0,591.25,351560
2016-06-16 14:45:00+05:30,591.25,593.95,589.78,592.68,768182
2016-06-16 15:15:00+05:30,592.85,594.5,592.53,593.0,598466
2016-06-17 09:15:00+05:30,594.13,596.23,590.18,590.35,763392
2016-06-17 09:45:00+05:30,590.23,591.25,588.08,588.7,666604
2016-06-17 10:15:00+05:30,588.7,590.0,588.58,589.9,287526
2016-06-17 10:45:00+05:30,589.8,590.4,589.08,589.75,789576
2016-06-17 11:15:00+05:30,589.75,590.5,589.38,589.9,295408
2016-06-17 11:45:00+05:30,589.9,590.4,589.4,590.0,234980
2016-06-17 12:15:00+05:30,589.8,590.15,588.63,589.75,408926
2016-06-17 12:45:00+05:30,589.75,590.65,589.0,590.18,809070
2016-06-17 13:15:00+05:30,590.18,590.75,588.28,588.5,471044
2016-06-17 13:45:00+05:30,588.5,589.38,588.43,589.05,659136
2016-06-17 14:15:00+05:30,589.03,589.1,587.75,588.3,335858
2016-06-17 14:45:00+05:30,588.3,590.75,587.55,589.58,1772032
2016-06-17 15:15:00+05:30,589.58,590.5,588.63,589.73,1016972
2016-06-20 09:15:00+05:30,590.8,595.95,590.0,593.1,941938
2016-06-20 09:45:00+05:30,593.08,597.5,593.03,596.93,525030
2016-06-20 10:15:00+05:30,596.93,597.5,596.0,597.13,253938
2016-06-20 10:45:00+05:30,597.15,599.5,596.78,599.1,481776
2016-06-20 11:15:00+05:30,599.08,599.8,597.73,599.15,282690
2016-06-20 11:45:00+05:30,599.15,599.55,598.2,599.48,246246
2016-06-20 12:15:00+05:30,599.5,601.4,599.23,601.0,353022
2016-06-20 12:45:00+05:30,601.1,601.1,599.53,599.78,253926
2016-06-20 13:15:00+05:30,599.78,600.45,598.78,600.25,286608
2016-06-20 13:45:00+05:30,600.25,602.48,600.03,602.25,518870
2016-06-20 14:15:00+05:30,602.2,603.0,601.53,602.5,517588
2016-06-20 14:45:00+05:30,602.18,605.33,601.6,605.08,996796
2016-06-20 15:15:00+05:30,604.9,605.8,603.08,603.5,563854
2016-06-21 09:15:00+05:30,605.75,605.98,600.5,605.5,453544
2016-06-21 09:45:00+05:30,605.5,607.38,603.03,603.1,328592
2016-06-21 10:15:00+05:30,603.3,605.25,603.28,604.3,144188
2016-06-21 10:45:00+05:30,604.3,604.95,602.25,602.98,218940
2016-06-21 11:15:00+05:30,602.98,603.8,602.6,602.9,174706
2016-06-21 11:45:00+05:30,602.9,603.3,600.63,601.65,349002
2016-06-21 12:15:00+05:30,601.6,601.95,599.28,600.53,195628
2016-06-21 12:45:00+05:30,600.53,601.0,599.58,599.68,199260
2016-06-21 13:15:00+05:30,599.68,600.4,597.83,599.48,382222
2016-06-21 13:45:00+05:30,599.48,600.95,598.18,600.83,298518
2016-06-21 14:15:00+05:30,600.83,601.35,599.98,600.9,272402
2016-06-21 14:45:00+05:30,600.93,603.48,599.9,603.0,984502
2016-06-21 15:15:00+05:30,603.15,605.1,602.6,603.25,755402
2016-06-22 09:15:00+05:30,602.25,605.98,601.0,602.58,211142
2016-06-22 09:45:00+05:30,602.58,603.68,601.25,601.4,135794
2016-06-22 10:15:00+05:30,601.4,602.4,600.7,601.5,109954
2016-06-22 10:45:00+05:30,601.5,601.53,599.03,600.55,153726
2016-06-22 11:15:00+05:30,600.55,600.6,598.93,600.0,116378
2016-06-22 11:45:00+05:30,600.0,600.78,599.85,600.25,104916
2016-06-22 12:15:00+05:30,600.25,600.45,599.0,599.0,135274
2016-06-22 12:45:00+05:30,599.0,599.08,597.08,597.95,146520
2016-06-22 13:15:00+05:30,597.93,597.93,595.83,595.95,143604
2016-06-22 13:45:00+05:30,595.98,597.83,594.88,596.98,165620
2016-06-22 14:15:00+05:30,596.98,600.0,596.53,599.0,190948
2016-06-22 14:45:00+05:30,599.0,601.05,598.0,599.75,801468
2016-06-22 15:15:00+05:30,599.2,600.23,598.28,598.5,613646
2016-06-23 09:15:00+05:30,599.5,602.6,599.03,600.8,570250
2016-06-23 09:45:00+05:30,600.85,601.95,600.23,601.43,233840
2016-06-23 10:15:00+05:30,601.43,601.48,598.75,599.45,191558
2016-06-23 10:45:00+05:30,599.45,599.75,598.1,599.08,168768
2016-06-23 11:15:00+05:30,599.08,599.4,598.38,598.7,124908
2016-06-23 11:45:00+05:30,598.7,598.9,596.75,597.38,170704
2016-06-23 12:15:00+05:30,597.38,600.0,596.68,599.55,245832
2016-06-23 12:45:00+05:30,599.5,599.98,598.53,599.55,143334
2016-06-23 13:15:00+05:30,599.55,599.68,597.78,598.88,181206
2016-06-23 13:45:00+05:30,598.88,600.93,598.88,600.85,218216
2016-06-23 14:15:00+05:30,600.7,605.48,600.28,605.2,598028
2016-06-23 14:45:00+05:30,605.2,607.4,604.4,605.98,637832
2016-06-23 15:15:00+05:30,606.0,606.0,604.55,605.25,340952
2016-06-24 09:15:00+05:30,591.55,599.45,580.05,595.28,2131894
2016-06-24 09:45:00+05:30,595.0,595.23,590.5,592.0,420814
2016-06-24 10:15:00+05:30,592.0,594.5,591.0,594.38,306536
2016-06-24 10:45:00+05:30,594.25,594.63,593.03,593.73,426214
2016-06-24 11:15:00+05:30,593.73,594.38,592.18,594.38,298796
2016-06-24 11:45:00+05:30,594.25,594.68,590.0,590.93,375324
2016-06-24 12:15:00+05:30,590.93,592.48,587.55,591.0,518124
2016-06-24 12:45:00+05:30,591.23,593.23,589.5,593.03,274700
2016-06-24 13:15:00+05:30,593.03,593.5,590.0,590.7,325148
2016-06-24 13:45:00+05:30,590.65,593.38,590.05,593.15,354690
2016-06-24 14:15:00+05:30,593.15,594.5,590.08,594.43,452118
2016-06-24 14:45:00+05:30,594.43,598.75,593.8,596.8,1131004
2016-06-24 15:15:00+05:30,596.68,598.45,595.33,595.6,774376
2016-06-27 09:15:00+05:30,589.0,589.43,586.25,588.0,625996
2016-06-27 09:45:00+05:30,587.98,588.5,587.5,587.85,301456
2016-06-27 10:15:00+05:30,587.88,588.2,587.5,587.93,202634
2016-06-27 10:45:00+05:30,588.0,589.4,587.28,588.8,276262
2016-06-27 11:15:00+05:30,588.8,589.23,587.95,588.1,184190
2016-06-27 11:45:00+05:30,588.5,589.75,586.9,587.35,377126
2016-06-27 12:15:00+05:30,587.08,588.5,586.88,587.88,369646
2016-06-27 12:45:00+05:30,587.88,588.23,585.65,585.75,375642
2016-06-27 13:15:00+05:30,585.8,586.0,583.0,583.0,669550
2016-06-27 13:45:00+05:30,583.0,583.0,580.0,581.6,715712
2016-06-27 14:15:00+05:30,581.5,584.48,581.5,582.78,406504
2016-06-27 14:45:00+05:30,582.78,583.43,582.28,583.13,578848
2016-06-27 15:15:00+05:30,583.13,583.93,582.5,582.58,473618
2016-06-28 09:15:00+05:30,581.03,586.25,577.8,585.0,928888
2016-06-28 09:45:00+05:30,585.0,585.48,581.93,583.05,375792
2016-06-28 10:15:00+05:30,583.05,583.48,580.75,581.13,241482
2016-06-28 10:45:00+05:30,581.13,581.13,579.53,580.15,470812
2016-06-28 11:15:00+05:30,580.15,580.43,579.45,579.68,382788
2016-06-28 11:45:00+05:30,579.75,581.15,579.0,579.0,736268
2016-06-28 12:15:00+05:30,579.0,580.93,578.83,580.58,1091126
2016-06-28 12:45:00+05:30,580.5,583.0,580.05,581.28,890048
2016-06-28 13:15:00+05:30,581.3,582.88,580.53,580.58,457568
2016-06-28 13:45:00+05:30,580.85,581.28,579.88,580.0,527148
2016-06-28 14:15:00+05:30,580.03,581.0,579.55,580.83,390010
2016-06-28 14:45:00+05:30,580.58,580.88,579.28,579.98,663488
2016-06-28 15:15:00+05:30,579.98,579.98,578.98,579.48,491106
2016-06-29 09:15:00+05:30,583.08,583.48,581.83,582.35,561200
2016-06-29 09:45:00+05:30,582.35,583.9,582.05,583.05,211286
2016-06-29 10:15:00+05:30,583.05,584.4,583.0,584.13,197030
2016-06-29 10:45:00+05:30,584.18,584.23,580.65,581.2,223002
2016-06-29 11:15:00+05:30,581.2,581.95,581.0,581.73,223946
2016-06-29 11:45:00+05:30,581.73,581.93,580.5,581.9,253448
2016-06-29 12:15:00+05:30,581.9,582.75,581.1,582.45,191638
2016-06-29 12:45:00+05:30,582.48,582.48,580.1,580.28,220058
2016-06-29 13:15:00+05:30,580.28,582.3,580.23,581.53,306156
2016-06-29 13:45:00+05:30,581.53,584.0,581.23,582.98,300038
2016-06-29 14:15:00+05:30,582.95,587.45,582.85,585.8,705832
2016-06-29 14:45:00+05:30,585.98,589.9,585.53,588.2,1310538
2016-06-29 15:15:00+05:30,588.2,589.55,587.5,588.5,746036
2016-06-30 09:15:00+05:30,590.5,592.23,588.53,590.28,396386
2016-06-30 09:45:00+05:30,590.05,590.35,588.55,588.7,260546
2016-06-30 10:15:00+05:30,588.7,588.75,585.63,587.5,328086
2016-06-30 10:45:00+05:30,587.5,590.48,586.33,589.8,535880
2016-06-30 11:15:00+05:30,589.68,590.33,587.53,587.9,350504
2016-06-30 11:45:00+05:30,587.95,588.6,586.15,587.28,302786
2016-06-30 12:15:00+05:30,587.28,587.53,586.0,586.03,179590
2016-06-30 12:45:00+05:30,586.08,587.4,585.83,586.43,335748
2016-06-30 13:15:00+05:30,586.4,589.0,586.0,588.98,338616
2016-06-30 13:45:00+05:30,588.98,591.0,588.5,590.9,424076
2016-06-30 14:15:00+05:30,590.95,591.0,588.3,589.95,386420
2016-06-30 14:45:00+05:30,589.98,590.78,584.7,585.48,2922118
2016-06-30 15:15:00+05:30,585.45,586.48,584.0,585.95,2565522
2016-07-01 09:15:00+05:30,589.73,589.73,586.5,587.35,409714
2016-07-01 09:45:00+05:30,587.35,589.0,586.5,588.4,225732
2016-07-01 10:15:00+05:30,588.5,588.95,587.4,587.58,281126
2016-07-01 10:45:00+05:30,587.53,588.23,586.88,587.28,239946
2016-07-01 11:15:00+05:30,587.35,588.2,586.53,587.65,220842
2016-07-01 11:45:00+05:30,587.88,588.7,587.2,588.0,232782
2016-07-01 12:15:00+05:30,588.0,588.78,587.45,587.65,246084
2016-07-01 12:45:00+05:30,587.93,588.23,586.75,586.75,222998
2016-07-01 13:15:00+05:30,586.95,587.25,585.43,586.18,325898
2016-07-01 13:45:00+05:30,586.35,587.83,585.95,586.63,280066
2016-07-01 14:15:00+05:30,586.95,587.43,585.53,587.0,359828
2016-07-01 14:45:00+05:30,587.0,587.35,585.5,587.0,582498
2016-07-01 15:15:00+05:30,586.93,586.98,585.05,585.85,354632
2016-07-04 09:15:00+05:30,588.18,592.38,588.15,591.48,750594
2016-07-04 09:45:00+05:30,591.4,593.5,591.03,593.0,321794
2016-07-04 10:15:00+05:30,593.0,595.83,592.93,595.18,548624
2016-07-04 10:45:00+05:30,595.25,596.48,595.05,595.98,301342
2016-07-04 11:15:00+05:30,595.98,596.75,594.0,596.6,415816
2016-07-04 11:45:00+05:30,596.48,597.25,594.28,595.43,462976
2016-07-04 12:15:00+05:30,595.53,595.53,594.33,594.75,359880
2016-07-04 12:45:00+05:30,595.0,595.1,591.5,592.08,417508
2016-07-04 13:15:00+05:30,592.13,592.7,590.98,591.38,209986
2016-07-04 13:45:00+05:30,591.38,591.95,590.98,591.2,239062
2016-07-04 14:15:00+05:30,591.23,592.23,590.5,591.38,334860
2016-07-04 14:45:00+05:30,591.35,592.25,591.05,591.95,390390
2016-07-04 15:15:00+05:30,591.83,593.0,591.05,592.5,622584
2016-07-05 09:15:00+05:30,593.18,593.75,588.5,591.23,357064
2016-07-05 09:45:00+05:30,591.23,591.23,589.0,590.33,197692
2016-07-05 10:15:00+05:30,590.35,590.75,589.0,589.95,223100
2016-07-05 10:45:00+05:30,589.95,591.45,589.63,591.1,152336
2016-07-05 11:15:00+05:30,591.08,591.1,589.38,589.4,116224
2016-07-05 11:45:00+05:30,589.4,590.0,588.55,588.65,146146
2016-07-05 12:15:00+05:30,588.65,589.48,587.5,588.0,180612
2016-07-05 12:45:00+05:30,588.0,588.95,587.0,588.45,147414
2016-07-05 13:15:00+05:30,588.45,588.98,588.0,588.33,101030
2016-07-05 13:45:00+05:30,588.33,588.45,585.53,586.73,245386
2016-07-05 14:15:00+05:30,586.7,587.45,586.0,586.68,449062
2016-07-05 14:45:00+05:30,586.38,589.0,586.0,588.15,703318
2016-07-05 15:15:00+05:30,588.15,588.15,586.58,587.0,570674
2016-07-07 09:15:00+05:30,584.35,585.5,580.6,580.78,957928
2016-07-07 09:45:00+05:30,580.75,580.98,579.78,580.53,548212
2016-07-07 10:15:00+05:30,580.5,581.38,580.08,581.18,336174
2016-07-07 10:45:00+05:30,581.15,581.48,579.68,580.18,473012
2016-07-07 11:15:00+05:30,580.2,580.73,579.6,580.08,321360
2016-07-07 11:45:00+05:30,580.1,580.18,579.0,579.23,199602
2016-07-07 12:15:00+05:30,579.1,581.1,579.05,580.05,236256
2016-07-07 12:45:00+05:30,580.05,580.45,579.3,579.53,209966
2016-07-07 13:15:00+05:30,579.53,579.63,578.1,578.4,267114
2016-07-07 13:45:00+05:30,578.4,580.23,577.58,579.75,421302
2016-07-07 14:15:00+05:30,579.78,579.88,578.5,579.13,543330
2016-07-07 14:45:00+05:30,579.08,579.7,578.33,578.38,626816
2016-07-07 15:15:00+05:30,578.45,580.33,577.5,580.0,796382
2016-07-08 09:15:00+05:30,581.6,583.5,576.75,578.13,1193474
2016-07-08 09:45:00+05:30,578.18,579.88,578.13,579.88,400048
2016-07-08 10:15:00+05:30,579.88,582.63,579.0,582.58,590340
2016-07-08 10:45:00+05:30,582.58,582.58,581.53,582.08,363208
2016-07-08 11:15:00+05:30,582.08,582.75,581.03,581.13,315766
2016-07-08 11:45:00+05:30,581.13,582.2,580.05,580.38,212556
2016-07-08 12:15:00+05:30,580.38,581.88,580.28,580.85,241698
2016-07-08 12:45:00+05:30,580.85,581.85,579.13,580.95,267570
2016-07-08 13:15:00+05:30,580.95,581.7,580.58,581.28,249530
2016-07-08 13:45:00+05:30,581.28,582.5,580.25,580.5,297424
2016-07-08 14:15:00+05:30,580.38,581.0,577.95,579.0,470040
2016-07-08 14:45:00+05:30,579.03,579.95,578.5,579.3,452804
2016-07-08 15:15:00+05:30,579.05,581.5,577.5,580.98,493410
2016-07-11 09:15:00+05:30,582.9,586.95,580.5,585.25,1123202
2016-07-11 09:45:00+05:30,585.25,586.45,584.0,584.98,515468
2016-07-11 10:15:00+05:30,584.98,585.5,583.5,583.55,229176
2016-07-11 10:45:00+05:30,583.58,583.58,580.0,581.38,615468
2016-07-11 11:15:00+05:30,581.15,582.95,580.75,582.63,322996
2016-07-11 11:45:00+05:30,582.63,584.7,582.1,584.53,350420
2016-07-11 12:15:00+05:30,584.53,586.5,584.33,585.5,1005572
2016-07-11 12:45:00+05:30,585.45,585.8,584.65,585.65,320954
2016-07-11 13:15:00+05:30,585.65,585.8,584.95,585.45,205652
2016-07-11 13:45:00+05:30,585.45,586.75,585.38,586.45,345674
2016-07-11 14:15:00+05:30,586.45,586.88,585.55,586.18,333666
2016-07-11 14:45:00+05:30,586.18,587.53,585.43,587.5,774736
2016-07-11 15:15:00+05:30,587.5,589.25,586.88,586.88,513750
2016-07-12 09:15:00+05:30,590.0,590.18,584.0,584.85,698448
2016-07-12 09:45:00+05:30,584.85,586.98,584.73,585.9,382370
2016-07-12 10:15:00+05:30,585.9,586.88,585.48,585.53,348034
2016-07-12 10:45:00+05:30,585.53,585.68,584.73,585.08,508110
2016-07-12 11:15:00+05:30,585.08,587.88,584.88,587.38,422098
2016-07-12 11:45:00+05:30,587.45,589.35,587.13,588.75,598604
2016-07-12 12:15:00+05:30,588.75,589.5,587.75,588.98,365282
2016-07-12 12:45:00+05:30,589.08,589.15,586.38,587.0,304130
2016-07-12 13:15:00+05:30,587.0,587.5,585.3,587.38,399734
2016-07-12 13:45:00+05:30,587.43,588.48,586.63,587.1,266198
2016-07-12 14:15:00+05:30,587.1,588.0,586.75,586.95,351802
2016-07-12 14:45:00+05:30,586.95,588.73,586.03,587.88,744718
2016-07-12 15:15:00+05:30,587.88,589.83,587.85,588.0,799898
2016-07-13 09:15:00+05:30,590.1,592.25,587.6,592.08,618060
2016-07-13 09:45:00+05:30,592.08,592.5,590.0,591.25,359904
2016-07-13 10:15:00+05:30,591.43,592.35,590.93,591.3,273858
2016-07-13 10:45:00+05:30,591.3,591.73,588.28,590.38,316976
2016-07-13 11:15:00+05:30,590.5,591.5,589.13,591.48,251282
2016-07-13 11:45:00+05:30,591.5,591.75,589.55,591.43,288918
2016-07-13 12:15:00+05:30,591.43,591.43,590.0,591.0,207482
2016-07-13 12:45:00+05:30,591.0,592.5,590.6,592.35,236528
2016-07-13 13:15:00+05:30,592.35,594.8,592.05,593.33,542686
2016-07-13 13:45:00+05:30,593.53,594.75,593.1,594.1,280816
2016-07-13 14:15:00+05:30,594.48,594.98,593.18,594.4,321780
2016-07-13 14:45:00+05:30,594.5,597.88,594.0,597.45,996420
2016-07-13 15:15:00+05:30,597.4,597.73,596.0,596.0,572254
2016-07-14 09:15:00+05:30,597.4,597.43,591.03,594.78,576162
2016-07-14 09:45:00+05:30,594.78,596.7,591.8,593.6,376480
2016-07-14 10:15:00+05:30,593.6,593.85,589.75,591.9,468368
2016-07-14 10:45:00+05:30,592.0,593.25,592.0,592.68,336928
2016-07-14 11:15:00+05:30,592.68,593.75,591.0,591.08,297430
2016-07-14 11:45:00+05:30,591.08,593.5,591.0,593.08,228368
2016-07-14 12:15:00+05:30,593.1,594.43,592.53,593.08,160932
2016-07-14 12:45:00+05:30,593.15,593.43,589.75,589.95,315366
2016-07-14 13:15:00+05:30,589.95,590.9,589.8,590.0,1405832
2016-07-14 13:45:00+05:30,589.98,591.23,588.05,588.45,421076
2016-07-14 14:15:00+05:30,588.43,588.75,582.03,585.98,1179812
2016-07-14 14:45:00+05:30,585.9,589.0,585.48,588.95,833402
2016-07-14 15:15:00+05:30,588.55,589.3,586.7,588.83,803020
2016-07-15 09:15:00+05:30,592.28,593.98,585.78,588.88,2181288
2016-07-15 09:45:00+05:30,588.88,590.98,549.23,554.48,8804130
2016-07-15 10:15:00+05:30,554.45,554.5,530.7,536.83,16192916
2016-07-15 10:45:00+05:30,536.93,539.03,528.35,532.0,11052582
2016-07-15 11:15:00+05:30,531.95,536.28,530.5,535.43,3199872
2016-07-15 11:45:00+05:30,535.4,536.65,534.05,536.0,1882616
2016-07-15 12:15:00+05:30,536.15,536.2,535.0,535.25,1103324
2016-07-15 12:45:00+05:30,535.3,537.93,534.45,537.65,2420286
2016-07-15 13:15:00+05:30,537.65,542.88,537.5,539.38,4071788
2016-07-15 13:45:00+05:30,539.35,540.0,537.25,538.18,1732862
2016-07-15 14:15:00+05:30,538.13,540.4,537.23,537.68,2119892
2016-07-15 14:45:00+05:30,537.63,537.98,535.0,535.53,3905986
2016-07-15 15:15:00+05:30,535.5,536.88,534.98,535.45,2755520
2016-07-18 09:15:00+05:30,538.93,539.0,527.63,534.0,4427394
2016-07-18 09:45:00+05:30,534.0,539.23,533.03,536.23,1817246
2016-07-18 10:15:00+05:30,536.08,536.63,534.63,535.58,492602
2016-07-18 10:45:00+05:30,535.58,535.8,534.25,534.95,764022
2016-07-18 11:15:00+05:30,534.98,535.38,534.4,534.6,372146
2016-07-18 11:45:00+05:30,534.55,535.95,534.5,535.5,460352
2016-07-18 12:15:00+05:30,535.5,537.0,535.05,536.5,555260
2016-07-18 12:45:00+05:30,536.5,537.45,535.75,535.85,475686
2016-07-18 13:15:00+05:30,535.98,539.15,535.55,537.5,1011660
2016-07-18 13:45:00+05:30,537.5,541.85,536.68,539.98,1290156
2016-07-18 14:15:00+05:30,539.9,540.5,538.75,539.75,611732
2016-07-18 14:45:00+05:30,539.8,542.43,538.55,541.75,1235408
2016-07-18 15:15:00+05:30,541.73,542.0,540.1,540.5,800538
2016-07-19 09:15:00+05:30,543.0,544.0,539.53,541.43,1744816
2016-07-19 09:45:00+05:30,541.48,542.5,540.15,541.9,875736
2016-07-19 10:15:00+05:30,541.9,542.45,541.43,542.03,652764
2016-07-19 10:45:00+05:30,542.03,542.2,541.13,541.35,858028
2016-07-19 11:15:00+05:30,541.35,541.53,540.0,540.75,557296
2016-07-19 11:45:00+05:30,540.75,540.9,537.08,538.83,683078
2016-07-19 12:15:00+05:30,538.58,539.5,538.05,539.0,457204
2016-07-19 12:45:00+05:30,539.03,541.48,538.85,540.4,643374
2016-07-19 13:15:00+05:30,540.4,540.75,539.8,540.3,473956
2016-07-19 13:45:00+05:30,540.3,541.5,539.7,540.2,706932
2016-07-19 14:15:00+05:30,540.15,540.75,539.78,540.38,511784
2016-07-19 14:45:00+05:30,540.38,544.0,540.38,543.88,1308902
2016-07-19 15:15:00+05:30,543.9,545.0,543.05,544.0,916476
2016-07-20 09:15:00+05:30,536.5,540.95,535.85,540.03,944926
2016-07-20 09:45:00+05:30,540.0,541.0,539.78,540.1,445198
2016-07-20 10:15:00+05:30,540.1,544.95,540.0,543.8,768282
2016-07-20 10:45:00+05:30,543.8,543.8,539.85,540.28,586092
2016-07-20 11:15:00+05:30,540.35,541.2,539.75,540.93,929072
2016-07-20 11:45:00+05:30,540.93,541.23,540.7,540.9,436524
2016-07-20 12:15:00+05:30,540.9,541.08,540.05,540.18,743196
2016-07-20 12:45:00+05:30,540.18,540.88,539.6,540.03,789188
2016-07-20 13:15:00+05:30,540.03,541.13,539.55,541.03,533512
2016-07-20 13:45:00+05:30,541.03,541.13,540.25,541.03,459080
2016-07-20 14:15:00+05:30,541.03,541.73,540.93,541.5,653118
2016-07-20 14:45:00+05:30,541.53,542.15,540.33,541.78,1256032
2016-07-20 15:15:00+05:30,541.8,542.0,541.08,541.75,1239580
2016-07-21 09:15:00+05:30,540.15,543.6,540.05,540.1,731004
2016-07-21 09:45:00+05:30,540.13,541.25,539.63,540.08,648700
2016-07-21 10:15:00+05:30,540.05,540.75,539.93,539.95,514874
2016-07-21 10:45:00+05:30,539.93,540.3,537.8,538.25,427230
2016-07-21 11:15:00+05:30,538.25,539.55,537.83,539.5,393474
2016-07-21 11:45:00+05:30,539.45,539.7,538.78,539.0,615398
2016-07-21 12:15:00+05:30,539.0,540.3,538.6,539.05,533788
2016-07-21 12:45:00+05:30,539.08,539.68,538.58,539.5,531224
2016-07-21 13:15:00+05:30,539.5,539.63,538.9,539.4,495558
2016-07-21 13:45:00+05:30,539.4,540.18,539.2,539.68,686954
2016-07-21 14:15:00+05:30,539.68,540.15,539.1,540.03,724192
2016-07-21 14:45:00+05:30,540.03,540.1,539.18,539.98,1296502
2016-07-21 15:15:00+05:30,539.95,540.35,539.55,540.05,1034698
2016-07-22 09:15:00+05:30,537.0,538.48,533.55,534.13,951048
2016-07-22 09:45:00+05:30,534.15,535.45,534.05,534.6,1317034
2016-07-22 10:15:00+05:30,534.58,534.88,533.45,533.83,474304
2016-07-22 10:45:00+05:30,533.83,534.73,533.63,534.5,328156
2016-07-22 11:15:00+05:30,534.5,535.0,534.25,534.9,897216
2016-07-22 11:45:00+05:30,534.9,535.68,534.15,535.5,451594
2016-07-22 12:15:00+05:30,535.5,535.7,534.43,534.53,550734
2016-07-22 12:45:00+05:30,534.53,535.23,534.03,535.0,780936
2016-07-22 13:15:00+05:30,535.0,535.6,534.9,535.45,411180
2016-07-22 13:45:00+05:30,535.45,536.48,534.5,536.48,536654
2016-07-22 14:15:00+05:30,536.5,536.75,535.15,536.2,595732
2016-07-22 14:45:00+05:30,536.2,536.4,534.8,536.3,943908
2016-07-22 15:15:00+05:30,536.25,537.33,535.75,537.0,1094852
2016-07-25 09:15:00+05:30,532.5,535.0,532.3,533.53,1009694
2016-07-25 09:45:00+05:30,533.53,534.75,533.13,534.43,443302
2016-07-25 10:15:00+05:30,534.43,535.8,534.0,534.8,496616
2016-07-25 10:45:00+05:30,534.8,535.48,533.98,534.48,504302
2016-07-25 11:15:00+05:30,534.5,539.4,534.48,538.43,676482
2016-07-25 11:45:00+05:30,538.48,539.0,537.55,538.9,403848
2016-07-25 12:15:00+05:30,538.9,539.78,538.25,539.45,482802
2016-07-25 12:45:00+05:30,539.45,539.75,538.6,539.53,438792
2016-07-25 13:15:00+05:30,539.53,540.98,539.43,540.75,605954
2016-07-25 13:45:00+05:30,540.75,541.63,539.33,539.6,564964
2016-07-25 14:15:00+05:30,539.6,540.05,538.58,539.33,721068
2016-07-25 14:45:00+05:30,539.33,541.15,538.55,541.15,1233896
2016-07-25 15:15:00+05:30,541.15,541.25,539.5,539.7,829588
2016-07-26 09:15:00+05:30,539.1,541.48,537.0,540.65,831806
2016-07-26 09:45:00+05:30,540.68,543.35,540.48,542.3,580252
2016-07-26 10:15:00+05:30,542.3,543.03,542.08,542.4,344446
2016-07-26 10:45:00+05:30,542.4,542.75,541.28,542.53,341716
2016-07-26 11:15:00+05:30,542.53,543.0,542.48,542.53,324748
2016-07-26 11:45:00+05:30,542.53,542.8,541.5,542.55,596322
2016-07-26 12:15:00+05:30,542.53,543.25,542.5,543.0,370378
2016-07-26 12:45:00+05:30,543.0,544.28,542.53,543.5,484354
2016-07-26 13:15:00+05:30,543.45,543.73,543.0,543.5,384946
2016-07-26 13:45:00+05:30,543.5,543.95,542.5,543.93,492836
2016-07-26 14:15:00+05:30,543.93,544.85,543.28,544.53,611936
2016-07-26 14:45:00+05:30,544.5,544.95,543.5,544.4,1135186
2016-07-26 15:15:00+05:30,544.43,544.5,542.53,543.03,632794
2016-07-27 09:15:00+05:30,542.35,548.25,542.35,544.4,972960
2016-07-27 09:45:00+05:30,544.4,545.5,543.73,544.03,437988
2016-07-27 10:15:00+05:30,544.03,545.0,543.5,544.25,510454
2016-07-27 10:45:00+05:30,544.33,544.75,543.98,544.05,287098
2016-07-27 11:15:00+05:30,544.05,544.13,540.28,542.0,435028
2016-07-27 11:45:00+05:30,541.95,542.03,539.35,541.03,546050
2016-07-27 12:15:00+05:30,541.03,542.38,540.13,541.28,369680
2016-07-27 12:45:00+05:30,541.28,542.15,540.4,540.58,627916
2016-07-27 13:15:00+05:30,540.58,541.0,539.58,540.43,364456
2016-07-27 13:45:00+05:30,540.43,541.7,539.98,540.53,443488
2016-07-27 14:15:00+05:30,540.63,541.75,540.5,541.13,489064
2016-07-27 14:45:00+05:30,541.25,543.45,540.25,542.93,946132
2016-07-27 15:15:00+05:30,542.95,543.5,542.0,542.0,964040
2016-07-28 09:15:00+05:30,542.7,542.7,538.83,539.03,886706
2016-07-28 09:45:00+05:30,539.03,540.0,537.78,538.65,617402
2016-07-28 10:15:00+05:30,538.85,539.0,538.13,538.48,377526
2016-07-28 10:45:00+05:30,538.48,540.68,538.48,539.5,376700
2016-07-28 11:15:00+05:30,539.33,539.75,538.73,539.53,363556
2016-07-28 11:45:00+05:30,539.53,540.25,539.5,540.13,454820
2016-07-28 12:15:00+05:30,540.13,540.4,538.9,539.3,591128
2016-07-28 12:45:00+05:30,539.28,540.25,539.0,539.95,583308
2016-07-28 13:15:00+05:30,539.95,540.03,539.0,539.75,891414
2016-07-28 13:45:00+05:30,539.78,540.08,539.5,540.0,666342
2016-07-28 14:15:00+05:30,540.03,540.03,539.0,539.75,864028
2016-07-28 14:45:00+05:30,539.78,540.05,538.2,538.9,2656746
2016-07-28 15:15:00+05:30,538.93,539.0,537.18,538.5,1888372
2016-07-29 09:15:00+05:30,537.48,537.5,533.25,536.2,778540
2016-07-29 09:45:00+05:30,536.2,536.2,534.53,535.53,399314
2016-07-29 10:15:00+05:30,535.53,536.43,534.98,535.45,289060
2016-07-29 10:45:00+05:30,535.43,536.9,535.0,536.73,394858
2016-07-29 11:15:00+05:30,536.75,537.33,536.4,536.55,350806
2016-07-29 11:45:00+05:30,536.55,537.2,535.88,537.03,520776
2016-07-29 12:15:00+05:30,537.03,537.5,536.05,536.13,431420
2016-07-29 12:45:00+05:30,536.08,537.15,535.88,536.58,432718
2016-07-29 13:15:00+05:30,536.58,537.1,536.25,536.88,554964
2016-07-29 13:45:00+05:30,536.9,538.0,536.25,536.78,438912
2016-07-29 14:15:00+05:30,536.78,537.85,536.65,537.3,633808
2016-07-29 14:45:00+05:30,537.28,537.6,535.48,536.93,1565158
2016-07-29 15:15:00+05:30,536.9,537.65,536.85,537.5,1324028
2016-08-01 09:15:00+05:30,535.73,536.2,534.18,536.18,888700
2016-08-01 09:45:00+05:30,536.18,538.95,535.5,538.23,602918
2016-08-01 10:15:00+05:30,538.15,541.4,537.58,540.85,726104
2016-08-01 10:45:00+05:30,540.85,540.85,538.53,539.63,633028
2016-08-01 11:15:00+05:30,539.63,540.23,538.58,539.03,589586
2016-08-01 11:45:00+05:30,539.05,539.38,537.28,537.85,472982
2016-08-01 12:15:00+05:30,537.8,539.25,537.53,538.0,578344
2016-08-01 12:45:00+05:30,538.05,538.83,537.03,537.3,542322
2016-08-01 13:15:00+05:30,537.05,538.7,535.88,538.28,609242
2016-08-01 13:45:00+05:30,538.28,540.95,538.25,540.58,1188126
2016-08-01 14:15:00+05:30,540.63,542.78,539.63,542.05,885522
2016-08-01 14:45:00+05:30,542.23,543.93,542.0,542.8,868456
2016-08-01 15:15:00+05:30,542.85,543.0,542.5,543.0,480356
2016-08-02 09:15:00+05:30,540.0,541.88,538.0,540.8,1211756
2016-08-02 09:45:00+05:30,540.85,541.35,537.5,538.5,794438
2016-08-02 10:15:00+05:30,538.5,539.98,538.15,538.53,381866
2016-08-02 10:45:00+05:30,538.53,539.78,537.78,539.78,312114
2016-08-02 11:15:00+05:30,539.73,540.53,539.55,540.1,574954
2016-08-02 11:45:00+05:30,540.1,540.3,538.25,538.65,275612
2016-08-02 12:15:00+05:30,538.63,540.13,538.53,539.5,272330
2016-08-02 12:45:00+05:30,539.55,540.6,539.0,539.0,357358
2016-08-02 13:15:00+05:30,539.0,539.75,538.7,539.4,293720
2016-08-02 13:45:00+05:30,539.4,539.75,538.25,538.25,475072
2016-08-02 14:15:00+05:30,538.25,540.05,538.25,539.9,549370
2016-08-02 14:45:00+05:30,539.9,542.25,539.75,542.03,724096
2016-08-02 15:15:00+05:30,542.0,542.5,541.03,542.5,564162
2016-08-03 09:15:00+05:30,542.0,542.0,535.55,536.48,733004
2016-08-03 09:45:00+05:30,536.43,537.6,535.15,537.18,558666
2016-08-03 10:15:00+05:30,537.23,538.43,536.25,536.63,456240
2016-08-03 10:45:00+05:30,536.63,538.0,536.1,536.98,749366
2016-08-03 11:15:00+05:30,537.35,538.0,536.88,537.9,792812
2016-08-03 11:45:00+05:30,538.0,539.0,537.55,538.75,397886
2016-08-03 12:15:00+05:30,538.75,541.0,538.75,540.55,295918
2016-08-03 12:45:00+05:30,540.55,540.73,539.5,539.73,277502
2016-08-03 13:15:00+05:30,539.73,541.75,539.63,541.63,394402
2016-08-03 13:45:00+05:30,541.6,542.38,541.28,541.65,683338
2016-08-03 14:15:00+05:30,541.5,542.45,540.55,542.05,394798
2016-08-03 14:45:00+05:30,542.05,543.25,542.0,542.3,766246
2016-08-03 15:15:00+05:30,542.3,542.75,542.0,542.5,679630
2016-08-04 09:15:00+05:30,543.08,543.08,537.58,538.23,444870
2016-08-04 09:45:00+05:30,538.23,539.73,538.23,539.13,214764
2016-08-04 10:15:00+05:30,539.13,539.68,538.58,538.85,181970
2016-08-04 10:45:00+05:30,538.85,539.55,538.5,539.33,194924
2016-08-04 11:15:00+05:30,539.33,539.33,538.75,539.0,136510
2016-08-04 11:45:00+05:30,538.9,539.15,538.5,538.85,107378
2016-08-04 12:15:00+05:30,538.58,539.13,538.25,538.8,140036
2016-08-04 12:45:00+05:30,538.75,539.0,538.28,538.5,208378
2016-08-04 13:15:00+05:30,538.5,538.73,537.5,538.03,239456
2016-08-04 13:45:00+05:30,537.8,538.5,537.0,537.3,504500
2016-08-04 14:15:00+05:30,537.25,537.3,535.03,535.5,765910
2016-08-04 14:45:00+05:30,535.63,536.45,535.25,535.55,556572
2016-08-04 15:15:00+05:30,535.58,536.73,535.15,535.73,531826
2016-08-05 09:15:00+05:30,534.78,536.73,533.08,533.75,746194
2016-08-05 09:45:00+05:30,533.75,534.65,533.55,534.08,287980
2016-08-05 10:15:00+05:30,534.08,536.0,533.8,535.53,241016
2016-08-05 10:45:00+05:30,535.53,535.68,533.98,534.08,218572
2016-08-05 11:15:00+05:30,533.85,535.25,533.58,535.0,184288
2016-08-05 11:45:00+05:30,535.0,535.5,534.55,535.38,187708
2016-08-05 12:15:00+05:30,535.38,535.48,534.1,534.35,203502
2016-08-05 12:45:00+05:30,534.35,534.85,531.2,532.03,588838
2016-08-05 13:15:00+05:30,532.05,532.45,531.28,531.38,294774
2016-08-05 13:45:00+05:30,531.48,533.05,531.28,531.63,494418
2016-08-05 14:15:00+05:30,531.7,531.95,530.0,531.38,625646
2016-08-05 14:45:00+05:30,531.38,535.2,531.35,533.65,980658
2016-08-05 15:15:00+05:30,533.65,534.15,532.5,532.9,527174
2016-08-08 09:15:00+05:30,534.5,536.23,531.45,533.33,642960
2016-08-08 09:45:00+05:30,533.58,537.18,533.35,536.5,235616
2016-08-08 10:15:00+05:30,536.5,536.5,535.18,535.8,141536
2016-08-08 10:45:00+05:30,535.8,536.5,535.5,536.5,136414
2016-08-08 11:15:00+05:30,536.5,537.0,536.2,536.93,162238
2016-08-08 11:45:00+05:30,536.93,538.23,536.28,538.13,256410
2016-08-08 12:15:00+05:30,538.03,538.95,537.53,537.95,285632
2016-08-08 12:45:00+05:30,537.95,539.55,537.85,537.85,403576
2016-08-08 13:15:00+05:30,537.85,538.23,537.0,538.0,287804
2016-08-08 13:45:00+05:30,538.0,538.13,537.03,537.8,507908
2016-08-08 14:15:00+05:30,537.98,538.13,537.0,537.5,273486
2016-08-08 14:45:00+05:30,537.5,540.48,537.5,539.4,808906
2016-08-08 15:15:00+05:30,539.25,539.4,537.1,537.2,484046
2016-08-09 09:15:00+05:30,538.5,541.23,535.78,539.28,1216340
2016-08-09 09:45:00+05:30,539.45,540.98,539.0,539.35,245314
2016-08-09 10:15:00+05:30,539.35,539.63,537.38,537.7,179888
2016-08-09 10:45:00+05:30,537.7,541.15,537.25,541.15,706008
2016-08-09 11:15:00+05:30,541.15,542.25,540.05,540.13,459928
2016-08-09 11:45:00+05:30,540.2,540.68,538.25,539.38,280708
2016-08-09 12:15:00+05:30,539.3,540.3,538.3,539.93,637966
2016-08-09 12:45:00+05:30,539.93,539.98,538.88,539.15,330264
2016-08-09 13:15:00+05:30,539.05,540.25,538.0,540.08,512660
2016-08-09 13:45:00+05:30,540.08,541.63,539.58,541.03,373808
2016-08-09 14:15:00+05:30,541.08,542.05,540.58,541.23,677018
2016-08-09 14:45:00+05:30,541.23,542.13,540.6,541.88,911242
2016-08-09 15:15:00+05:30,541.85,542.18,540.0,540.2,656980
2016-08-10 09:15:00+05:30,538.9,541.93,538.78,539.75,352110
2016-08-10 09:45:00+05:30,539.75,540.2,538.55,539.58,299368
2016-08-10 10:15:00+05:30,539.58,540.23,538.98,539.83,310674
2016-08-10 10:45:00+05:30,539.85,541.6,539.08,541.13,481482
2016-08-10 11:15:00+05:30,541.15,543.75,540.05,541.83,464690
2016-08-10 11:45:00+05:30,541.83,541.83,539.7,540.75,173330
2016-08-10 12:15:00+05:30,540.75,540.78,539.58,540.0,124218
2016-08-10 12:45:00+05:30,539.98,540.5,539.93,540.03,909850
2016-08-10 13:15:00+05:30,540.0,540.98,539.73,540.35,646968
2016-08-10 13:45:00+05:30,540.35,541.35,539.7,540.33,128292
2016-08-10 14:15:00+05:30,540.28,540.95,539.5,540.08,153910
2016-08-10 14:45:00+05:30,540.05,542.5,537.6,540.63,878918
2016-08-10 15:15:00+05:30,540.65,541.23,539.5,540.58,629586
2016-08-11 09:15:00+05:30,540.85,546.88,540.85,543.38,819182
2016-08-11 09:45:00+05:30,543.38,544.5,543.05,544.1,197514
2016-08-11 10:15:00+05:30,544.1,544.68,541.85,541.98,225728
2016-08-11 10:45:00+05:30,541.93,542.5,541.15,541.4,228582
2016-08-11 11:15:00+05:30,541.4,542.63,539.53,541.93,299784
2016-08-11 11:45:00+05:30,541.93,542.2,540.85,541.05,205704
2016-08-11 12:15:00+05:30,541.05,541.63,541.0,541.3,172162
2016-08-11 12:45:00+05:30,541.3,541.5,540.0,541.5,294618
2016-08-11 13:15:00+05:30,541.45,541.98,539.03,539.65,281668
2016-08-11 13:45:00+05:30,539.65,540.13,537.63,538.28,393238
2016-08-11 14:15:00+05:30,538.43,540.55,537.93,540.2,250048
2016-08-11 14:45:00+05:30,540.2,540.35,538.5,538.5,914732
2016-08-11 15:15:00+05:30,538.5,539.45,537.88,539.03,747324
2016-08-12 09:15:00+05:30,538.43,539.4,534.65,538.63,870418
2016-08-12 09:45:00+05:30,538.63,539.13,537.68,538.4,403768
2016-08-12 10:15:00+05:30,538.4,538.9,537.03,537.9,443822
2016-08-12 10:45:00+05:30,537.9,537.98,535.28,535.63,1003086
2016-08-12 11:15:00+05:30,535.63,535.75,535.03,535.18,698762
2016-08-12 11:45:00+05:30,535.15,535.5,534.65,535.1,331576
2016-08-12 12:15:00+05:30,535.1,535.3,534.75,535.13,298502
2016-08-12 12:45:00+05:30,535.13,535.25,534.8,534.88,212860
2016-08-12 13:15:00+05:30,534.88,535.08,534.3,534.6,402108
2016-08-12 13:45:00+05:30,534.6,534.98,534.08,534.33,187572
2016-08-12 14:15:00+05:30,534.33,534.45,533.25,533.48,442322
2016-08-12 14:45:00+05:30,533.4,533.65,530.55,530.68,1048070
2016-08-12 15:15:00+05:30,530.68,531.45,530.0,531.0,1087536
2016-08-16 09:15:00+05:30,520.78,524.98,514.03,521.33,4965540
2016-08-16 09:45:00+05:30,521.38,523.23,521.38,523.08,1007388
2016-08-16 10:15:00+05:30,523.08,524.35,522.15,524.23,1060882
2016-08-16 10:45:00+05:30,524.23,526.8,524.13,526.8,1002716
2016-08-16 11:15:00+05:30,526.8,528.98,523.55,524.3,1036008
2016-08-16 11:45:00+05:30,524.23,525.75,522.5,523.83,996290
2016-08-16 12:15:00+05:30,523.83,526.98,523.55,526.03,419674
2016-08-16 12:45:00+05:30,526.05,528.18,525.53,527.43,579164
2016-08-16 13:15:00+05:30,527.43,528.45,525.15,526.45,568558
2016-08-16 13:45:00+05:30,526.5,527.25,524.75,524.98,561800
2016-08-16 14:15:00+05:30,524.95,527.38,524.7,526.55,939966
2016-08-16 14:45:00+05:30,526.55,526.58,524.55,525.85,1860234
2016-08-16 15:15:00+05:30,525.88,527.5,525.55,526.5,1304962
2016-08-17 09:15:00+05:30,524.5,524.98,518.45,520.5,1042428
2016-08-17 09:45:00+05:30,520.5,520.55,517.53,520.18,534900
2016-08-17 10:15:00+05:30,520.18,520.7,519.75,519.98,444350
2016-08-17 10:45:00+05:30,520.0,520.2,519.55,519.98,217162
2016-08-17 11:15:00+05:30,519.98,520.28,519.75,519.95,250818
2016-08-17 11:45:00+05:30,520.0,520.5,519.85,520.45,300820
2016-08-17 12:15:00+05:30,520.45,522.48,520.13,520.73,368676
2016-08-17 12:45:00+05:30,520.73,520.88,519.5,520.08,328962
2016-08-17 13:15:00+05:30,520.13,520.43,518.03,519.3,354940
2016-08-17 13:45:00+05:30,519.3,519.63,517.75,517.78,361148
2016-08-17 14:15:00+05:30,517.78,518.45,516.45,516.85,573884
2016-08-17 14:45:00+05:30,516.85,517.4,515.25,517.03,1099854
2016-08-17 15:15:00+05:30,517.15,517.63,516.6,517.2,713206
2016-08-18 09:15:00+05:30,519.18,519.55,516.35,517.68,801204
2016-08-18 09:45:00+05:30,517.68,517.98,516.63,517.03,346818
2016-08-18 10:15:00+05:30,517.03,518.48,516.75,518.1,626492
2016-08-18 10:45:00+05:30,518.1,518.25,516.5,516.75,777186
2016-08-18 11:15:00+05:30,516.8,516.8,514.98,515.03,616572
2016-08-18 11:45:00+05:30,515.05,515.25,514.5,514.53,502250
2016-08-18 12:15:00+05:30,514.53,515.3,514.18,514.53,404656
2016-08-18 12:45:00+05:30,514.5,515.23,513.38,513.65,434770
2016-08-18 13:15:00+05:30,513.78,514.48,513.5,513.85,318894
2016-08-18 13:45:00+05:30,513.73,514.0,512.5,512.73,433298
2016-08-18 14:15:00+05:30,512.73,513.03,511.33,511.53,516976
2016-08-18 14:45:00+05:30,511.55,512.23,511.13,511.13,790860
2016-08-18 15:15:00+05:30,511.13,512.25,510.75,511.55,1857802
2016-08-19 09:15:00+05:30,515.0,519.5,514.5,515.7,1393548
2016-08-19 09:45:00+05:30,515.7,516.7,514.3,515.0,407136
2016-08-19 10:15:00+05:30,514.95,515.35,513.05,513.7,271936
2016-08-19 10:45:00+05:30,513.73,514.05,512.48,512.63,392896
2016-08-19 11:15:00+05:30,512.63,513.63,512.48,512.5,284178
2016-08-19 11:45:00+05:30,512.53,512.98,512.48,512.55,283926
2016-08-19 12:15:00+05:30,512.55,513.45,512.48,512.83,228746
2016-08-19 12:45:00+05:30,512.83,513.0,509.43,511.68,711250
2016-08-19 13:15:00+05:30,511.68,512.9,511.3,512.25,252928
2016-08-19 13:45:00+05:30,512.28,512.5,511.5,511.5,205190
2016-08-19 14:15:00+05:30,511.48,511.8,509.95,511.15,391886
2016-08-19 14:45:00+05:30,511.15,511.63,510.03,510.3,400816
2016-08-19 15:15:00+05:30,510.33,512.03,510.0,511.08,451672
2016-08-22 09:15:00+05:30,513.5,514.23,507.5,509.7,1392132
2016-08-22 09:45:00+05:30,509.88,510.5,507.1,508.63,867882
2016-08-22 10:15:00+05:30,508.63,509.5,506.65,507.9,697494
2016-08-22 10:45:00+05:30,507.9,508.0,507.05,507.88,435456
2016-08-22 11:15:00+05:30,507.88,508.0,507.2,507.38,358860
2016-08-22 11:45:00+05:30,507.38,507.75,506.95,507.15,338720
2016-08-22 12:15:00+05:30,507.13,507.5,505.2,505.68,796296
2016-08-22 12:45:00+05:30,505.7,506.6,505.05,505.45,1078614
2016-08-22 13:15:00+05:30,505.45,506.3,504.6,505.78,1174258
2016-08-22 13:45:00+05:30,505.78,507.0,505.45,506.78,636762
2016-08-22 14:15:00+05:30,506.83,506.98,506.0,506.55,663016
2016-08-22 14:45:00+05:30,506.55,508.0,506.0,507.6,1012178
2016-08-22 15:15:00+05:30,507.73,508.75,507.5,507.95,779888
2016-08-23 09:15:00+05:30,511.95,515.5,510.63,514.0,1197770
2016-08-23 09:45:00+05:30,514.0,518.75,514.0,515.98,1269346
2016-08-23 10:15:00+05:30,515.98,517.5,515.0,516.48,373360
2016-08-23 10:45:00+05:30,516.45,518.35,516.45,518.23,400158
2016-08-23 11:15:00+05:30,518.23,519.0,517.63,518.35,215222
2016-08-23 11:45:00+05:30,518.3,519.0,518.05,518.98,190508
2016-08-23 12:15:00+05:30,519.0,519.98,518.98,519.45,281846
2016-08-23 12:45:00+05:30,519.48,519.55,516.63,516.63,281942
2016-08-23 13:15:00+05:30,516.6,516.75,514.5,515.83,696366
2016-08-23 13:45:00+05:30,515.83,516.05,514.3,514.93,496940
2016-08-23 14:15:00+05:30,514.93,518.0,514.9,517.45,492570
2016-08-23 14:45:00+05:30,517.45,520.98,517.18,520.43,944576
2016-08-23 15:15:00+05:30,520.45,520.5,519.0,519.98,556770
2016-08-24 09:15:00+05:30,523.8,529.13,523.8,527.18,1217024
2016-08-24 09:45:00+05:30,527.48,530.0,527.23,528.05,708186
2016-08-24 10:15:00+05:30,528.23,528.4,526.25,527.1,315412
2016-08-24 10:45:00+05:30,527.1,527.5,526.75,527.38,196122
2016-08-24 11:15:00+05:30,527.38,528.15,526.9,527.58,209568
2016-08-24 11:45:00+05:30,527.58,528.0,527.25,527.28,141888
2016-08-24 12:15:00+05:30,527.28,527.4,525.9,526.58,223878
2016-08-24 12:45:00+05:30,526.58,529.08,526.45,528.18,292476
2016-08-24 13:15:00+05:30,528.15,528.2,526.6,527.63,465400
2016-08-24 13:45:00+05:30,527.53,528.3,526.73,528.25,396904
2016-08-24 14:15:00+05:30,528.28,529.85,527.78,529.48,553666
2016-08-24 14:45:00+05:30,529.48,531.03,528.25,528.53,818404
2016-08-24 15:15:00+05:30,528.53,528.55,527.03,527.88,563618
2016-08-25 09:15:00+05:30,527.03,528.78,524.25,524.73,342022
2016-08-25 09:45:00+05:30,524.73,525.65,523.05,523.63,234164
2016-08-25 10:15:00+05:30,523.58,524.23,521.7,522.25,200486
2016-08-25 10:45:00+05:30,522.0,523.8,521.95,522.43,125314
2016-08-25 11:15:00+05:30,522.43,523.48,522.35,523.1,76128
2016-08-25 11:45:00+05:30,523.3,523.88,522.5,523.0,97268
2016-08-25 12:15:00+05:30,523.0,523.9,522.65,523.23,78852
2016-08-25 12:45:00+05:30,523.23,523.7,522.58,523.08,105536
2016-08-25 13:15:00+05:30,523.08,523.98,521.0,522.1,223610
2016-08-25 13:45:00+05:30,522.13,522.75,521.03,521.8,386926
2016-08-25 14:15:00+05:30,521.73,522.25,519.23,519.7,880196
2016-08-25 14:45:00+05:30,519.7,520.75,518.03,518.65,882252
2016-08-25 15:15:00+05:30,518.9,519.0,516.28,518.28,1153384
2016-08-26 09:15:00+05:30,517.95,523.0,517.13,519.5,735202
2016-08-26 09:45:00+05:30,519.5,519.5,516.0,518.55,400890
2016-08-26 10:15:00+05:30,518.9,521.25,517.25,520.25,438340
2016-08-26 10:45:00+05:30,520.25,520.8,517.03,517.75,294786
2016-08-26 11:15:00+05:30,517.75,518.4,517.05,517.08,274698
2016-08-26 11:45:00+05:30,517.08,518.9,516.75,516.98,236274
2016-08-26 12:15:00+05:30,516.95,516.95,513.18,513.58,422706
2016-08-26 12:45:00+05:30,513.2,513.7,512.15,512.28,389438
2016-08-26 13:15:00+05:30,512.25,513.95,511.38,512.43,610542
2016-08-26 13:45:00+05:30,512.4,512.5,510.0,510.9,657984
2016-08-26 14:15:00+05:30,511.0,511.6,509.18,509.3,686234
2016-08-26 14:45:00+05:30,509.3,511.23,508.55,511.23,1164798
2016-08-26 15:15:00+05:30,511.18,511.35,509.35,509.7,558518
2016-08-29 09:15:00+05:30,509.0,510.6,505.5,506.65,1004284
2016-08-29 09:45:00+05:30,506.43,508.03,505.5,508.03,386258
2016-08-29 10:15:00+05:30,508.0,509.23,508.0,508.5,447006
2016-08-29 10:45:00+05:30,508.5,510.1,508.5,509.03,306114
2016-08-29 11:15:00+05:30,509.03,509.25,508.5,508.6,212468
2016-08-29 11:45:00+05:30,508.6,509.1,508.5,508.65,516414
2016-08-29 12:15:00+05:30,508.63,509.0,508.55,508.78,177594
2016-08-29 12:45:00+05:30,508.78,509.3,508.58,509.0,129566
2016-08-29 13:15:00+05:30,509.0,509.4,508.88,509.35,145012
2016-08-29 13:45:00+05:30,509.38,510.45,509.0,510.15,311792
2016-08-29 14:15:00+05:30,510.15,512.0,509.9,510.58,430774
2016-08-29 14:45:00+05:30,510.83,511.13,510.0,510.93,561906
2016-08-29 15:15:00+05:30,510.93,515.0,510.8,514.5,579362
2016-08-30 09:15:00+05:30,515.65,515.98,512.5,514.38,466654
2016-08-30 09:45:00+05:30,514.38,515.0,513.63,513.7,202632
2016-08-30 10:15:00+05:30,513.68,514.28,513.5,513.88,289336
2016-08-30 10:45:00+05:30,513.88,514.28,513.88,514.05,142766
2016-08-30 11:15:00+05:30,514.05,514.55,513.95,514.05,171350
2016-08-30 11:45:00+05:30,514.05,515.0,514.0,514.95,210080
2016-08-30 12:15:00+05:30,514.95,518.95,514.8,518.1,480160
2016-08-30 12:45:00+05:30,518.1,518.9,517.5,518.4,223060
2016-08-30 13:15:00+05:30,518.43,519.25,516.78,519.25,410656
2016-08-30 13:45:00+05:30,519.28,520.45,518.75,520.28,447456
2016-08-30 14:15:00+05:30,520.25,522.5,520.1,520.9,394056
2016-08-30 14:45:00+05:30,521.0,521.3,519.7,520.18,509318
2016-08-30 15:15:00+05:30,520.18,520.93,519.65,520.13,419546
2016-08-31 09:15:00+05:30,518.55,520.38,515.93,518.4,691766
2016-08-31 09:45:00+05:30,518.4,518.98,516.05,517.88,681056
2016-08-31 10:15:00+05:30,518.15,518.2,517.13,517.5,658174
2016-08-31 10:45:00+05:30,517.5,517.75,517.48,517.55,331178
2016-08-31 11:15:00+05:30,517.55,518.43,517.5,517.7,302406
2016-08-31 11:45:00+05:30,517.73,518.23,517.33,517.53,409646
2016-08-31 12:15:00+05:30,517.53,520.15,517.5,519.98,468526
2016-08-31 12:45:00+05:30,519.98,522.0,519.03,521.18,471592
2016-08-31 13:15:00+05:30,521.25,522.5,520.88,522.0,413322
2016-08-31 13:45:00+05:30,522.0,522.88,520.9,521.55,530688
2016-08-31 14:15:00+05:30,521.6,522.78,521.38,521.7,554382
2016-08-31 14:45:00+05:30,521.7,522.53,516.68,516.68,3039068
2016-08-31 15:15:00+05:30,516.7,517.35,513.98,516.93,2568854
2016-09-01 09:15:00+05:30,518.5,519.78,516.63,518.0,240562
2016-09-01 09:45:00+05:30,518.0,518.1,516.78,517.18,105964
2016-09-01 10:15:00+05:30,517.18,517.93,516.3,517.33,171318
2016-09-01 10:45:00+05:30,517.33,517.55,516.53,517.0,145760
2016-09-01 11:15:00+05:30,517.0,517.23,516.0,516.93,175412
2016-09-01 11:45:00+05:30,516.93,518.0,516.05,517.8,113300
2016-09-01 12:15:00+05:30,517.8,518.7,517.4,518.25,139492
2016-09-01 12:45:00+05:30,518.4,519.18,517.5,517.63,191486
2016-09-01 13:15:00+05:30,517.63,518.48,517.05,518.25,326494
2016-09-01 13:45:00+05:30,518.63,520.0,517.5,519.5,352630
2016-09-01 14:15:00+05:30,519.83,520.18,518.8,519.75,265984
2016-09-01 14:45:00+05:30,519.55,519.7,517.5,518.7,379890
2016-09-01 15:15:00+05:30,518.6,519.35,518.2,518.5,264172
2016-09-02 09:15:00+05:30,519.63,520.0,515.18,517.33,435284
2016-09-02 09:45:00+05:30,517.5,517.5,516.08,516.5,128044
2016-09-02 10:15:00+05:30,516.5,516.63,515.25,515.53,121504
2016-09-02 10:45:00+05:30,515.48,516.43,515.25,515.78,106630
2016-09-02 11:15:00+05:30,515.78,517.45,515.78,516.98,103274
2016-09-02 11:45:00+05:30,517.0,517.13,516.0,516.03,83566
2016-09-02 12:15:00+05:30,516.03,516.38,513.1,514.15,234396
2016-09-02 12:45:00+05:30,514.28,514.85,513.75,514.68,140620
2016-09-02 13:15:00+05:30,514.75,515.4,514.4,515.25,124216
2016-09-02 13:45:00+05:30,515.25,517.0,515.0,516.0,201246
2016-09-02 14:15:00+05:30,516.4,517.75,515.55,517.3,694426
2016-09-02 14:45:00+05:30,517.3,517.93,516.1,516.38,603870
2016-09-02 15:15:00+05:30,516.38,516.5,514.53,515.0,349290
2016-09-06 09:15:00+05:30,519.55,524.45,519.55,523.2,1011788
2016-09-06 09:45:00+05:30,523.13,523.2,522.0,522.45,495534
2016-09-06 10:15:00+05:30,522.43,522.98,522.0,522.25,336868
2016-09-06 10:45:00+05:30,522.25,522.33,520.65,521.2,449328
2016-09-06 11:15:00+05:30,521.2,523.03,520.88,522.33,565186
2016-09-06 11:45:00+05:30,522.28,522.95,522.25,522.8,347894
2016-09-06 12:15:00+05:30,522.75,523.48,522.25,523.38,464148
2016-09-06 12:45:00+05:30,523.13,524.35,522.53,522.85,569864
2016-09-06 13:15:00+05:30,522.78,524.08,522.75,523.98,393656
2016-09-06 13:45:00+05:30,523.9,524.13,522.45,522.75,510806
2016-09-06 14:15:00+05:30,522.75,523.0,522.2,522.28,1026466
2016-09-06 14:45:00+05:30,522.28,522.95,518.05,522.68,1306072
2016-09-06 15:15:00+05:30,522.65,523.5,522.5,523.0,717994
2016-09-07 09:15:00+05:30,524.05,524.5,522.0,522.75,1200088
2016-09-07 09:45:00+05:30,522.75,528.38,522.7,526.88,604434
2016-09-07 10:15:00+05:30,526.95,527.73,526.5,526.8,229106
2016-09-07 10:45:00+05:30,526.8,526.9,525.35,525.35,217026
2016-09-07 11:15:00+05:30,525.35,526.65,525.05,526.6,513770
2016-09-07 11:45:00+05:30,526.63,527.25,526.43,527.13,214998
2016-09-07 12:15:00+05:30,527.13,528.03,526.38,527.65,560256
2016-09-07 12:45:00+05:30,527.58,528.25,527.05,527.78,379446
2016-09-07 13:15:00+05:30,527.78,527.98,527.0,527.48,543614
2016-09-07 13:45:00+05:30,527.48,528.13,527.28,528.05,466750
2016-09-07 14:15:00+05:30,528.0,528.13,527.7,528.0,523696
2016-09-07 14:45:00+05:30,528.1,529.5,528.0,528.35,1088010
2016-09-07 15:15:00+05:30,528.35,528.45,523.5,524.6,877298
2016-09-08 09:15:00+05:30,520.0,520.0,512.05,512.58,1307062
2016-09-08 09:45:00+05:30,512.53,514.15,512.38,513.48,703278
2016-09-08 10:15:00+05:30,513.5,515.5,512.78,515.15,408866
2016-09-08 10:45:00+05:30,515.15,515.95,514.0,514.98,661112
2016-09-08 11:15:00+05:30,514.98,515.85,514.5,515.43,229586
2016-09-08 11:45:00+05:30,515.43,516.23,515.28,515.95,228508
2016-09-08 12:15:00+05:30,515.95,517.55,515.35,517.45,476682
2016-09-08 12:45:00+05:30,517.45,517.75,517.0,517.53,635366
2016-09-08 13:15:00+05:30,517.53,518.0,517.18,517.18,469876
2016-09-08 13:45:00+05:30,517.18,517.75,517.0,517.53,828372
2016-09-08 14:15:00+05:30,517.5,519.08,517.28,518.95,323088
2016-09-08 14:45:00+05:30,518.95,520.2,518.35,519.05,1068592
2016-09-08 15:15:00+05:30,519.1,519.38,517.53,519.38,1745672
2016-09-09 09:15:00+05:30,517.5,517.88,513.38,514.2,566772
2016-09-09 09:45:00+05:30,514.2,515.75,514.15,514.95,446402
2016-09-09 10:15:00+05:30,514.95,516.98,514.5,516.98,293090
2016-09-09 10:45:00+05:30,516.9,517.0,515.63,516.85,329164
2016-09-09 11:15:00+05:30,516.88,517.13,515.53,516.38,194748
2016-09-09 11:45:00+05:30,516.35,516.9,516.2,516.25,226780
2016-09-09 12:15:00+05:30,516.28,517.73,516.2,517.1,396030
2016-09-09 12:45:00+05:30,517.08,517.85,516.5,517.8,242768
2016-09-09 13:15:00+05:30,517.78,517.8,516.5,517.13,227516
2016-09-09 13:45:00+05:30,517.1,519.3,516.3,518.85,444380
2016-09-09 14:15:00+05:30,519.0,520.5,518.18,518.63,368668
2016-09-09 14:45:00+05:30,518.6,519.45,517.03,517.8,748778
2016-09-09 15:15:00+05:30,517.78,518.98,516.4,518.0,560590
2016-09-12 09:15:00+05:30,513.48,526.35,513.48,524.0,920320
2016-09-12 09:45:00+05:30,524.2,524.4,523.03,523.6,297262
2016-09-12 10:15:00+05:30,523.6,526.73,523.33,526.65,511888
2016-09-12 10:45:00+05:30,526.58,528.23,526.35,527.43,491908
2016-09-12 11:15:00+05:30,527.43,527.7,526.8,527.28,269368
2016-09-12 11:45:00+05:30,527.28,527.7,527.0,527.45,247158
2016-09-12 12:15:00+05:30,527.45,528.28,527.0,528.08,452744
2016-09-12 12:45:00+05:30,528.08,528.4,527.48,528.25,256574
2016-09-12 13:15:00+05:30,528.25,528.88,527.38,527.53,425376
2016-09-12 13:45:00+05:30,527.53,528.45,527.5,527.88,334522
2016-09-12 14:15:00+05:30,527.88,528.13,527.48,527.98,556902
2016-09-12 14:45:00+05:30,527.65,528.0,526.03,527.03,801120
2016-09-12 15:15:00+05:30,527.08,527.5,526.5,527.5,626960
2016-09-14 09:15:00+05:30,526.5,528.88,524.88,526.25,832146
2016-09-14 09:45:00+05:30,526.25,528.23,525.13,527.15,182236
2016-09-14 10:15:00+05:30,527.15,527.98,526.03,526.53,114080
2016-09-14 10:45:00+05:30,526.53,527.0,526.1,526.85,160438
2016-09-14 11:15:00+05:30,526.73,527.5,526.03,526.73,530522
2016-09-14 11:45:00+05:30,526.85,527.75,526.45,526.95,277850
2016-09-14 12:15:00+05:30,526.83,526.98,526.05,526.63,430094
2016-09-14 12:45:00+05:30,526.63,526.75,525.38,525.9,284060
2016-09-14 13:15:00+05:30,525.7,526.75,525.53,526.2,137662
2016-09-14 13:45:00+05:30,526.3,527.5,526.23,526.98,369532
2016-09-14 14:15:00+05:30,526.88,527.33,525.8,526.23,544196
2016-09-14 14:45:00+05:30,526.23,526.25,521.3,522.38,873372
2016-09-14 15:15:00+05:30,522.5,523.4,520.33,522.48,404916
2016-09-15 09:15:00+05:30,522.98,523.35,518.0,518.23,803500
2016-09-15 09:45:00+05:30,518.25,521.05,517.83,519.55,701972
2016-09-15 10:15:00+05:30,519.68,520.1,519.25,519.4,200970
2016-09-15 10:45:00+05:30,519.25,519.63,519.0,519.2,388564
2016-09-15 11:15:00+05:30,519.23,519.7,519.0,519.08,114154
2016-09-15 11:45:00+05:30,519.08,519.5,518.9,519.0,186484
2016-09-15 12:15:00+05:30,519.0,519.3,518.5,518.93,350884
2016-09-15 12:45:00+05:30,518.93,518.95,518.1,518.2,312246
2016-09-15 13:15:00+05:30,518.2,519.35,517.68,518.8,435178
2016-09-15 13:45:00+05:30,518.8,520.28,517.75,520.28,292760
2016-09-15 14:15:00+05:30,520.4,522.68,519.05,520.73,405226
2016-09-15 14:45:00+05:30,520.73,521.73,519.75,521.03,307420
2016-09-15 15:15:00+05:30,521.08,522.45,520.63,522.45,198428
2016-09-16 09:15:00+05:30,524.5,524.5,521.25,522.43,591982
2016-09-16 09:45:00+05:30,522.43,522.45,521.03,521.1,227622
2016-09-16 10:15:00+05:30,521.1,523.0,521.05,522.93,190534
2016-09-16 10:45:00+05:30,522.95,522.98,521.5,522.33,156600
2016-09-16 11:15:00+05:30,522.33,522.5,521.53,521.63,174722
2016-09-16 11:45:00+05:30,521.65,522.15,519.05,520.45,289022
2016-09-16 12:15:00+05:30,520.43,521.5,520.43,521.45,170830
2016-09-16 12:45:00+05:30,521.43,522.75,521.43,522.73,202878
2016-09-16 13:15:00+05:30,522.75,525.68,522.6,524.88,490190
2016-09-16 13:45:00+05:30,524.93,525.0,522.93,523.0,626630
2016-09-16 14:15:00+05:30,523.05,526.75,522.98,526.5,382032
2016-09-16 14:45:00+05:30,526.5,531.45,525.8,530.78,3318254
2016-09-16 15:15:00+05:30,530.9,532.25,527.5,527.83,3113268
2016-09-19 09:15:00+05:30,523.03,526.8,520.68,526.65,511650
2016-09-19 09:45:00+05:30,526.28,529.43,526.25,528.35,622098
2016-09-19 10:15:00+05:30,528.35,530.9,528.0,530.5,475090
2016-09-19 10:45:00+05:30,530.48,534.0,530.0,532.5,488160
2016-09-19 11:15:00+05:30,532.5,533.25,530.03,532.88,406494
2016-09-19 11:45:00+05:30,532.75,533.5,532.5,533.38,450838
2016-09-19 12:15:00+05:30,533.5,533.88,532.5,533.05,302052
2016-09-19 12:45:00+05:30,533.05,534.4,532.75,534.0,270040
2016-09-19 13:15:00+05:30,534.0,534.45,530.78,531.48,567884
2016-09-19 13:45:00+05:30,531.48,532.45,530.15,531.78,334168
2016-09-19 14:15:00+05:30,531.78,533.5,531.75,532.38,199694
2016-09-19 14:45:00+05:30,532.38,532.85,529.83,529.98,616952
2016-09-19 15:15:00+05:30,530.13,531.0,529.6,530.3,547484
2016-09-20 09:15:00+05:30,526.4,528.58,525.0,526.0,338090
2016-09-20 09:45:00+05:30,526.0,526.75,525.03,525.08,128106
2016-09-20 10:15:00+05:30,525.08,526.48,523.5,523.98,213080
2016-09-20 10:45:00+05:30,523.98,525.03,523.6,524.58,112020
2016-09-20 11:15:00+05:30,524.58,525.23,524.53,525.03,129886
2016-09-20 11:45:00+05:30,525.03,525.4,524.55,525.0,133448
2016-09-20 12:15:00+05:30,525.0,525.15,524.28,524.4,189774
2016-09-20 12:45:00+05:30,524.4,524.45,523.63,524.38,306904
2016-09-20 13:15:00+05:30,524.4,524.4,523.2,523.75,424162
2016-09-20 13:45:00+05:30,523.78,524.2,522.9,524.03,571880
2016-09-20 14:15:00+05:30,523.93,524.35,523.25,523.5,570060
2016-09-20 14:45:00+05:30,523.65,525.5,523.53,524.68,638934
2016-09-20 15:15:00+05:30,524.68,526.0,524.68,526.0,448956
2016-09-21 09:15:00+05:30,526.1,528.23,525.53,527.53,297570
2016-09-21 09:45:00+05:30,527.53,528.95,527.5,527.53,222694
2016-09-21 10:15:00+05:30,527.5,528.25,527.5,528.08,185188
2016-09-21 10:45:00+05:30,528.08,529.0,527.9,528.98,274864
2016-09-21 11:15:00+05:30,528.98,529.7,528.95,529.38,189820
2016-09-21 11:45:00+05:30,529.38,530.5,529.38,529.8,301094
2016-09-21 12:15:00+05:30,529.78,530.18,529.75,529.95,231774
2016-09-21 12:45:00+05:30,529.95,530.0,528.05,528.5,291032
2016-09-21 13:15:00+05:30,528.5,529.0,527.5,527.65,411558
2016-09-21 13:45:00+05:30,527.6,529.18,527.3,527.73,479972
2016-09-21 14:15:00+05:30,528.0,528.15,525.6,527.8,618830
2016-09-21 14:45:00+05:30,527.8,528.18,526.93,527.85,400702
2016-09-21 15:15:00+05:30,527.85,528.75,527.53,528.5,319172
2016-09-22 09:15:00+05:30,529.5,529.5,526.5,526.75,203926
2016-09-22 09:45:00+05:30,526.75,527.08,526.0,526.48,195702
2016-09-22 10:15:00+05:30,526.48,527.25,526.38,526.63,151480
2016-09-22 10:45:00+05:30,526.63,527.5,526.6,526.88,171390
2016-09-22 11:15:00+05:30,526.88,528.2,526.7,527.08,143408
2016-09-22 11:45:00+05:30,527.05,528.7,526.68,528.25,167526
2016-09-22 12:15:00+05:30,528.3,530.5,528.25,529.9,334854
2016-09-22 12:45:00+05:30,529.9,529.9,527.83,529.03,218298
2016-09-22 13:15:00+05:30,529.0,529.75,528.8,529.13,157638
2016-09-22 13:45:00+05:30,529.13,529.58,527.83,528.98,318934
2016-09-22 14:15:00+05:30,528.95,529.55,528.45,529.5,254690
2016-09-22 14:45:00+05:30,529.48,530.0,528.5,529.05,518876
2016-09-22 15:15:00+05:30,529.03,530.5,528.4,530.5,776538
2016-09-23 09:15:00+05:30,528.2,528.2,524.13,525.55,468772
2016-09-23 09:45:00+05:30,525.55,526.33,525.03,526.0,225486
2016-09-23 10:15:00+05:30,526.0,526.05,525.53,525.98,172742
2016-09-23 10:45:00+05:30,525.98,527.5,525.75,527.38,135176
2016-09-23 11:15:00+05:30,527.43,527.93,526.45,527.88,118176
2016-09-23 11:45:00+05:30,527.9,529.38,527.53,528.45,221478
2016-09-23 12:15:00+05:30,528.5,528.98,526.78,527.13,327868
2016-09-23 12:45:00+05:30,527.13,527.5,525.5,527.3,266080
2016-09-23 13:15:00+05:30,527.3,528.3,526.85,527.03,278528
2016-09-23 13:45:00+05:30,527.03,527.5,525.9,526.25,319606
2016-09-23 14:15:00+05:30,526.25,526.75,524.1,524.1,397386
2016-09-23 14:45:00+05:30,524.25,524.78,520.55,521.7,1066538
2016-09-23 15:15:00+05:30,521.53,521.75,520.0,520.5,1199238
2016-09-26 09:15:00+05:30,521.28,521.28,515.5,517.85,763258
2016-09-26 09:45:00+05:30,517.85,519.85,517.68,518.88,331180
2016-09-26 10:15:00+05:30,519.0,519.9,518.5,518.58,213232
2016-09-26 10:45:00+05:30,518.5,519.2,518.0,518.5,215846
2016-09-26 11:15:00+05:30,518.5,519.2,517.5,518.03,200684
2016-09-26 11:45:00+05:30,518.0,519.0,517.5,518.8,252936
2016-09-26 12:15:00+05:30,518.8,519.5,518.33,519.13,320586
2016-09-26 12:45:00+05:30,519.0,519.23,518.0,518.08,272042
2016-09-26 13:15:00+05:30,518.08,518.68,517.1,517.8,528358
2016-09-26 13:45:00+05:30,517.8,518.48,516.55,517.4,624066
2016-09-26 14:15:00+05:30,517.4,518.0,516.5,517.58,451656
2016-09-26 14:45:00+05:30,517.58,518.25,517.2,517.95,1154600
2016-09-26 15:15:00+05:30,518.0,518.38,516.65,518.03,1040496
2016-09-27 09:15:00+05:30,517.63,523.75,517.63,523.5,630096
2016-09-27 09:45:00+05:30,523.53,523.75,522.03,522.8,435042
2016-09-27 10:15:00+05:30,522.8,523.75,522.45,522.93,335994
2016-09-27 10:45:00+05:30,522.95,523.18,520.85,522.03,186980
2016-09-27 11:15:00+05:30,522.05,523.75,521.88,523.55,262288
2016-09-27 11:45:00+05:30,523.55,524.0,523.03,524.0,203726
2016-09-27 12:15:00+05:30,523.98,524.95,523.63,524.0,251574
2016-09-27 12:45:00+05:30,524.0,524.75,522.78,524.25,276856
2016-09-27 13:15:00+05:30,524.3,524.6,521.68,521.68,641126
2016-09-27 13:45:00+05:30,521.85,522.5,519.3,519.48,889098
2016-09-27 14:15:00+05:30,519.48,520.0,517.75,518.5,625486
2016-09-27 14:45:00+05:30,518.53,521.23,516.7,519.93,918784
2016-09-27 15:15:00+05:30,519.95,521.5,519.45,521.0,851904
2016-09-28 09:15:00+05:30,520.0,521.1,516.9,517.43,310496
2016-09-28 09:45:00+05:30,517.45,517.78,516.63,517.45,236114
2016-09-28 10:15:00+05:30,517.45,517.63,517.05,517.48,182858
2016-09-28 10:45:00+05:30,517.48,518.2,517.08,518.0,294490
2016-09-28 11:15:00+05:30,517.75,518.3,517.0,517.48,448894
2016-09-28 11:45:00+05:30,517.48,518.68,517.18,518.15,192960
2016-09-28 12:15:00+05:30,518.18,519.75,517.63,518.75,321236
2016-09-28 12:45:00+05:30,518.75,519.88,518.5,518.98,599884
2016-09-28 13:15:00+05:30,518.98,519.93,518.83,519.5,236250
2016-09-28 13:45:00+05:30,519.5,520.88,519.43,520.08,356570
2016-09-28 14:15:00+05:30,520.08,521.0,519.5,520.0,280520
2016-09-28 14:45:00+05:30,520.0,520.88,519.0,519.58,1211136
2016-09-28 15:15:00+05:30,519.58,520.0,518.1,518.95,752988
2016-09-29 09:15:00+05:30,522.13,522.23,519.5,521.68,224832
2016-09-29 09:45:00+05:30,521.68,521.8,520.15,520.53,151718
2016-09-29 10:15:00+05:30,520.53,520.75,519.7,520.0,117038
2016-09-29 10:45:00+05:30,520.0,520.0,518.38,518.45,547292
2016-09-29 11:15:00+05:30,518.43,518.8,517.6,517.85,189044
2016-09-29 11:45:00+05:30,517.83,518.33,517.43,517.7,251510
2016-09-29 12:15:00+05:30,517.7,517.9,512.0,515.0,963072
2016-09-29 12:45:00+05:30,514.9,516.18,514.08,514.83,760214
2016-09-29 13:15:00+05:30,515.0,516.5,514.5,516.3,555542
2016-09-29 13:45:00+05:30,516.3,516.9,515.25,515.5,477722
2016-09-29 14:15:00+05:30,515.53,516.68,515.03,515.4,805658
2016-09-29 14:45:00+05:30,515.43,516.45,513.88,514.58,1934092
2016-09-29 15:15:00+05:30,514.58,517.65,512.25,517.6,1917732
2016-09-30 09:15:00+05:30,516.88,521.25,516.75,521.03,1255976
2016-09-30 09:45:00+05:30,521.03,521.3,520.1,520.28,330330
2016-09-30 10:15:00+05:30,520.28,520.4,518.75,518.78,230464
2016-09-30 10:45:00+05:30,518.78,520.2,517.75,520.0,354386
2016-09-30 11:15:00+05:30,520.03,520.25,519.25,520.0,491448
2016-09-30 11:45:00+05:30,520.0,520.25,519.05,520.13,505882
2016-09-30 12:15:00+05:30,520.13,520.3,519.78,520.25,302950
2016-09-30 12:45:00+05:30,520.18,521.83,519.78,521.75,438478
2016-09-30 13:15:00+05:30,521.75,521.95,520.93,521.58,391740
2016-09-30 13:45:00+05:30,521.58,521.75,520.0,520.08,381882
2016-09-30 14:15:00+05:30,520.15,521.0,519.95,520.65,527180
2016-09-30 14:45:00+05:30,520.65,521.0,517.38,517.4,812274
2016-09-30 15:15:00+05:30,517.15,517.53,516.0,516.9,470186
2016-10-03 09:15:00+05:30,517.75,518.03,513.05,515.25,343040
2016-10-03 09:45:00+05:30,515.25,515.88,514.25,514.98,183360
2016-10-03 10:15:00+05:30,515.18,516.0,514.95,515.63,127386
2016-10-03 10:45:00+05:30,515.45,515.95,515.03,515.6,129586
2016-10-03 11:15:00+05:30,515.55,516.35,515.5,515.8,326766
2016-10-03 11:45:00+05:30,515.88,516.4,515.38,515.98,229854
2016-10-03 12:15:00+05:30,516.0,516.45,515.68,516.4,210590
2016-10-03 12:45:00+05:30,516.38,517.5,516.38,517.13,256954
2016-10-03 13:15:00+05:30,517.1,517.68,517.0,517.68,165814
2016-10-03 13:45:00+05:30,517.55,518.1,517.23,518.1,269564
2016-10-03 14:15:00+05:30,518.3,519.8,517.88,519.35,398368
2016-10-03 14:45:00+05:30,519.35,519.5,518.0,518.85,545852
2016-10-03 15:15:00+05:30,518.85,520.0,518.75,520.0,462356
2016-10-04 09:15:00+05:30,519.95,522.25,519.15,521.5,311670
2016-10-04 09:45:00+05:30,521.5,522.13,520.53,521.75,268480
2016-10-04 10:15:00+05:30,521.75,522.5,521.33,522.1,148662
2016-10-04 10:45:00+05:30,522.1,522.1,520.25,520.25,201214
2016-10-04 11:15:00+05:30,520.25,520.5,519.25,520.4,82168
2016-10-04 11:45:00+05:30,520.4,521.3,520.1,521.03,128660
2016-10-04 12:15:00+05:30,521.0,521.33,519.18,520.25,524620
2016-10-04 12:45:00+05:30,520.23,521.0,519.5,520.85,662628
2016-10-04 13:15:00+05:30,520.85,521.75,520.65,521.68,167238
2016-10-04 13:45:00+05:30,521.68,522.9,521.5,522.43,492320
2016-10-04 14:15:00+05:30,522.43,524.53,521.95,524.28,643842
2016-10-04 14:45:00+05:30,524.25,525.68,523.5,525.35,904384
2016-10-04 15:15:00+05:30,525.35,525.5,524.0,524.5,525532
2016-10-05 09:15:00+05:30,524.93,524.93,520.5,521.78,294156
2016-10-05 09:45:00+05:30,521.78,522.3,521.15,521.75,270388
2016-10-05 10:15:00+05:30,521.53,521.58,518.5,520.1,247490
2016-10-05 10:45:00+05:30,519.98,520.6,519.0,520.08,95150
2016-10-05 11:15:00+05:30,520.0,520.4,519.25,520.03,95118
2016-10-05 11:45:00+05:30,520.03,520.4,519.75,520.0,91116
2016-10-05 12:15:00+05:30,520.0,520.28,519.0,519.3,117020
2016-10-05 12:45:00+05:30,519.33,521.0,519.0,520.33,107380
2016-10-05 13:15:00+05:30,520.33,520.8,519.25,520.75,95828
2016-10-05 13:45:00+05:30,520.53,520.75,519.55,520.05,88214
2016-10-05 14:15:00+05:30,520.05,520.45,520.0,520.3,178180
2016-10-05 14:45:00+05:30,520.3,521.45,520.05,521.25,363306
2016-10-05 15:15:00+05:30,521.23,521.25,519.5,520.35,258728
2016-10-06 09:15:00+05:30,521.33,521.33,515.75,516.2,236356
2016-10-06 09:45:00+05:30,516.2,517.9,516.2,516.93,101164
2016-10-06 10:15:00+05:30,516.93,517.05,516.5,516.7,89750
2016-10-06 10:45:00+05:30,516.7,517.1,516.05,516.65,113566
2016-10-06 11:15:00+05:30,516.65,516.75,516.03,516.18,64728
2016-10-06 11:45:00+05:30,516.18,516.2,514.0,514.3,365190
2016-10-06 12:15:00+05:30,514.3,514.5,513.5,514.33,238932
2016-10-06 12:45:00+05:30,514.33,515.45,514.2,515.2,148104
2016-10-06 13:15:00+05:30,515.1,515.3,514.5,515.0,209262
2016-10-06 13:45:00+05:30,515.03,515.45,513.68,515.25,326166
2016-10-06 14:15:00+05:30,515.3,515.5,514.98,515.0,334340
2016-10-06 14:45:00+05:30,515.0,515.0,513.13,514.0,877596
2016-10-06 15:15:00+05:30,513.98,514.0,513.0,513.5,614122
2016-10-07 09:15:00+05:30,514.45,516.9,510.0,514.3,838304
2016-10-07 09:45:00+05:30,514.33,514.33,511.08,511.95,532596
2016-10-07 10:15:00+05:30,511.93,511.95,510.0,510.48,348002
2016-10-07 10:45:00+05:30,510.5,510.88,508.48,508.48,384282
2016-10-07 11:15:00+05:30,508.48,509.63,507.53,508.65,266988
2016-10-07 11:45:00+05:30,508.65,509.25,508.0,508.25,193010
2016-10-07 12:15:00+05:30,508.35,509.38,507.1,507.45,336938
2016-10-07 12:45:00+05:30,507.45,507.73,506.75,506.9,261524
2016-10-07 13:15:00+05:30,506.9,508.23,506.5,508.1,286022
2016-10-07 13:45:00+05:30,508.1,508.5,506.0,506.75,461084
2016-10-07 14:15:00+05:30,506.7,507.3,505.28,505.48,671970
2016-10-07 14:45:00+05:30,505.43,506.95,505.05,506.1,952968
2016-10-07 15:15:00+05:30,506.1,506.5,505.5,505.5,746752
2016-10-10 09:15:00+05:30,508.5,508.5,505.0,506.0,513234
2016-10-10 09:45:00+05:30,506.0,506.75,506.0,506.65,311556
2016-10-10 10:15:00+05:30,506.68,510.8,506.55,509.75,646332
2016-10-10 10:45:00+05:30,509.73,510.25,508.9,510.2,235346
2016-10-10 11:15:00+05:30,510.2,512.3,510.0,512.2,521282
2016-10-10 11:45:00+05:30,512.18,514.53,511.08,514.0,429480
2016-10-10 12:15:00+05:30,514.05,514.38,512.63,513.85,219840
2016-10-10 12:45:00+05:30,514.0,515.0,513.85,514.93,759820
2016-10-10 13:15:00+05:30,514.95,515.0,513.33,513.33,300138
2016-10-10 13:45:00+05:30,513.48,514.0,511.75,513.5,383498
2016-10-10 14:15:00+05:30,513.5,515.48,513.5,514.98,346832
2016-10-10 14:45:00+05:30,514.75,515.23,514.5,514.7,322634
2016-10-10 15:15:00+05:30,514.7,515.88,514.55,515.5,415318
2016-10-13 09:15:00+05:30,513.48,520.7,512.75,519.8,1096704
2016-10-13 09:45:00+05:30,519.8,528.95,519.75,525.88,1437328
2016-10-13 10:15:00+05:30,525.75,526.5,524.15,524.98,538598
2016-10-13 10:45:00+05:30,524.95,526.9,522.15,526.5,1271640
2016-10-13 11:15:00+05:30,526.5,526.9,523.05,523.18,409388
2016-10-13 11:45:00+05:30,523.08,525.28,523.08,523.58,321686
2016-10-13 12:15:00+05:30,523.8,525.0,522.58,525.0,424646
2016-10-13 12:45:00+05:30,524.9,525.0,522.58,522.68,447134
2016-10-13 13:15:00+05:30,522.65,522.95,519.65,522.4,578142
2016-10-13 13:45:00+05:30,522.45,525.48,521.83,525.03,521536
2016-10-13 14:15:00+05:30,525.35,527.7,524.65,527.5,912018
2016-10-13 14:45:00+05:30,527.45,527.85,525.88,527.1,823748
2016-10-13 15:15:00+05:30,527.1,527.2,523.98,525.0,972604
2016-10-14 09:15:00+05:30,528.0,540.78,513.53,535.45,5689996
2016-10-14 09:45:00+05:30,535.0,539.0,499.0,512.15,11241878
2016-10-14 10:15:00+05:30,512.15,515.0,511.0,514.83,2195830
2016-10-14 10:45:00+05:30,514.63,519.85,514.6,518.8,2061944
2016-10-14 11:15:00+05:30,518.75,524.25,518.0,520.68,1680904
2016-10-14 11:45:00+05:30,520.58,522.4,518.0,521.05,1447716
2016-10-14 12:15:00+05:30,521.05,521.48,519.58,520.75,626220
2016-10-14 12:45:00+05:30,520.58,522.0,518.9,519.28,1025152
2016-10-14 13:15:00+05:30,519.28,521.13,516.5,520.3,1218068
2016-10-14 13:45:00+05:30,520.3,520.73,517.38,518.8,1031478
2016-10-14 14:15:00+05:30,518.85,519.0,512.93,514.85,1618918
2016-10-14 14:45:00+05:30,515.0,517.35,513.55,514.25,1824904
2016-10-14 15:15:00+05:30,514.25,514.8,512.05,512.6,1753194
2016-10-17 09:15:00+05:30,517.03,520.68,515.75,517.95,1003574
2016-10-17 09:45:00+05:30,518.0,518.33,514.85,517.0,425744
2016-10-17 10:15:00+05:30,517.0,517.45,515.4,515.68,454238
2016-10-17 10:45:00+05:30,515.68,516.8,515.53,516.5,163584
2016-10-17 11:15:00+05:30,516.5,516.75,515.75,516.0,1862966
2016-10-17 11:45:00+05:30,516.0,516.7,510.73,512.5,584206
2016-10-17 12:15:00+05:30,512.5,513.35,511.85,512.43,236848
2016-10-17 12:45:00+05:30,512.45,512.5,509.0,511.28,509100
2016-10-17 13:15:00+05:30,511.43,511.93,509.53,511.4,355680
2016-10-17 13:45:00+05:30,511.38,513.0,511.2,512.58,588386
2016-10-17 14:15:00+05:30,512.5,512.73,511.7,511.8,432336
2016-10-17 14:45:00+05:30,511.78,512.5,510.5,510.75,738994
2016-10-17 15:15:00+05:30,510.78,512.75,510.38,512.58,649892
2016-10-18 09:15:00+05:30,515.73,517.5,514.6,515.23,373226
2016-10-18 09:45:00+05:30,515.23,516.0,514.35,514.9,173784
2016-10-18 10:15:00+05:30,514.98,515.4,513.78,514.53,289440
2016-10-18 10:45:00+05:30,514.53,514.83,514.25,514.55,158358
2016-10-18 11:15:00+05:30,514.55,514.75,514.45,514.6,1708212
2016-10-18 11:45:00+05:30,514.75,515.5,514.58,515.0,543816
2016-10-18 12:15:00+05:30,515.0,516.75,515.0,516.48,243350
2016-10-18 12:45:00+05:30,516.48,518.88,515.93,517.5,261300
2016-10-18 13:15:00+05:30,517.5,518.0,517.03,517.85,181094
2016-10-18 13:45:00+05:30,517.85,519.0,517.25,518.93,296530
2016-10-18 14:15:00+05:30,518.93,519.0,517.8,518.55,362484
2016-10-18 14:45:00+05:30,518.53,520.2,518.53,519.48,999788
2016-10-18 15:15:00+05:30,519.4,520.25,518.3,519.5,792128
2016-10-19 09:15:00+05:30,520.95,522.8,518.0,520.8,397786
2016-10-19 09:45:00+05:30,520.8,520.9,519.4,520.25,186958
2016-10-19 10:15:00+05:30,520.25,521.3,519.75,521.2,196466
2016-10-19 10:45:00+05:30,521.2,521.25,520.08,521.13,179636
2016-10-19 11:15:00+05:30,521.15,521.98,520.9,521.68,134454
2016-10-19 11:45:00+05:30,521.68,522.5,521.0,522.45,134732
2016-10-19 12:15:00+05:30,522.43,522.5,521.5,521.58,187390
2016-10-19 12:45:00+05:30,521.58,522.0,520.15,521.45,200794
2016-10-19 13:15:00+05:30,521.45,521.45,520.25,521.1,129442
2016-10-19 13:45:00+05:30,521.38,522.5,520.88,522.25,297490
2016-10-19 14:15:00+05:30,522.25,522.25,520.5,520.78,232718
2016-10-19 14:45:00+05:30,520.73,521.75,519.78,520.83,643098
2016-10-19 15:15:00+05:30,520.88,521.0,520.05,520.7,582714
2016-10-20 09:15:00+05:30,522.33,525.3,521.45,523.95,367686
2016-10-20 09:45:00+05:30,523.78,524.0,522.55,522.75,94792
2016-10-20 10:15:00+05:30,522.75,523.23,521.03,521.98,134202
2016-10-20 10:45:00+05:30,521.98,522.0,521.03,521.9,116642
2016-10-20 11:15:00+05:30,521.9,521.93,520.35,520.78,134858
2016-10-20 11:45:00+05:30,520.83,521.0,519.58,520.63,152916
2016-10-20 12:15:00+05:30,520.6,520.8,519.78,520.08,173694
2016-10-20 12:45:00+05:30,520.08,520.2,518.15,519.98,322986
2016-10-20 13:15:00+05:30,519.98,520.1,518.48,519.23,317016
2016-10-20 13:45:00+05:30,519.18,519.6,518.25,518.55,239400
2016-10-20 14:15:00+05:30,518.38,518.9,516.95,517.88,339678
2016-10-20 14:45:00+05:30,517.83,518.7,517.5,518.03,647272
2016-10-20 15:15:00+05:30,518.2,519.25,517.8,519.0,487730
2016-10-21 09:15:00+05:30,513.0,520.5,512.55,519.35,818712
2016-10-21 09:45:00+05:30,519.35,519.88,517.35,517.65,342586
2016-10-21 10:15:00+05:30,517.65,518.35,517.08,517.58,258342
2016-10-21 10:45:00+05:30,517.58,518.45,517.45,517.6,150280
2016-10-21 11:15:00+05:30,517.6,517.8,516.03,516.1,151588
2016-10-21 11:45:00+05:30,516.1,517.0,516.0,517.0,143590
2016-10-21 12:15:00+05:30,517.0,517.53,516.28,517.48,217630
2016-10-21 12:45:00+05:30,517.48,517.95,516.85,517.68,176692
2016-10-21 13:15:00+05:30,517.75,519.73,517.53,518.88,306914
2016-10-21 13:45:00+05:30,518.88,519.3,518.25,519.0,220204
2016-10-21 14:15:00+05:30,519.0,519.25,517.8,518.7,176186
2016-10-21 14:45:00+05:30,518.68,519.25,518.5,519.1,517808
2016-10-21 15:15:00+05:30,519.08,519.45,518.65,518.75,368926
2016-10-24 09:15:00+05:30,518.1,521.23,515.0,517.0,292698
2016-10-24 09:45:00+05:30,517.15,519.5,517.0,518.38,76902
2016-10-24 10:15:00+05:30,518.38,518.98,517.63,517.63,52816
2016-10-24 10:45:00+05:30,517.63,517.63,516.4,516.5,91856
2016-10-24 11:15:00+05:30,516.5,516.5,514.78,515.0,134536
2016-10-24 11:45:00+05:30,514.85,515.63,514.5,514.95,121858
2016-10-24 12:15:00+05:30,515.0,515.63,514.73,515.15,130144
2016-10-24 12:45:00+05:30,515.15,516.2,514.75,515.03,189776
2016-10-24 13:15:00+05:30,515.1,515.6,514.63,514.88,341650
2016-10-24 13:45:00+05:30,514.88,515.5,514.75,514.98,221398
2016-10-24 14:15:00+05:30,514.98,515.45,514.05,514.35,208624
2016-10-24 14:45:00+05:30,514.25,514.75,512.8,513.5,569600
2016-10-24 15:15:00+05:30,513.5,514.38,513.08,513.8,466962
2016-10-25 09:15:00+05:30,518.25,518.25,513.5,513.93,341470
2016-10-25 09:45:00+05:30,513.85,514.2,512.93,513.38,163164
2016-10-25 10:15:00+05:30,513.4,513.4,512.03,512.4,214818
2016-10-25 10:45:00+05:30,512.4,513.53,512.13,513.43,198234
2016-10-25 11:15:00+05:30,513.38,514.7,512.4,513.75,324880
2016-10-25 11:45:00+05:30,513.75,514.13,512.65,512.73,399774
2016-10-25 12:15:00+05:30,512.93,513.18,512.05,512.33,431976
2016-10-25 12:45:00+05:30,512.4,513.5,510.9,511.0,431862
2016-10-25 13:15:00+05:30,510.98,511.63,510.5,510.53,461816
2016-10-25 13:45:00+05:30,510.53,511.43,510.1,511.38,348748
2016-10-25 14:15:00+05:30,511.38,511.38,510.35,510.73,437830
2016-10-25 14:45:00+05:30,510.53,510.73,508.1,508.7,1081412
2016-10-25 15:15:00+05:30,508.65,509.4,507.63,508.68,788290
2016-10-26 09:15:00+05:30,508.48,508.48,505.0,506.53,377518
2016-10-26 09:45:00+05:30,506.53,509.93,506.3,509.83,174758
2016-10-26 10:15:00+05:30,509.53,509.73,507.68,508.03,111756
2016-10-26 10:45:00+05:30,508.05,508.08,507.0,507.2,73984
2016-10-26 11:15:00+05:30,507.2,507.4,505.75,505.8,155040
2016-10-26 11:45:00+05:30,505.83,506.4,505.5,506.38,67392
2016-10-26 12:15:00+05:30,506.38,506.5,505.18,505.25,83678
2016-10-26 12:45:00+05:30,505.2,506.4,505.18,506.25,101048
2016-10-26 13:15:00+05:30,506.25,506.25,505.0,505.45,134164
2016-10-26 13:45:00+05:30,505.45,506.23,505.0,505.23,135584
2016-10-26 14:15:00+05:30,505.23,506.23,505.03,505.85,104524
2016-10-26 14:45:00+05:30,505.88,508.5,505.5,508.15,729272
2016-10-26 15:15:00+05:30,508.15,508.18,506.05,506.55,518910
2016-10-27 09:15:00+05:30,508.95,508.95,504.28,506.1,727240
2016-10-27 09:45:00+05:30,506.15,506.5,504.5,505.35,371184
2016-10-27 10:15:00+05:30,505.35,505.55,503.13,504.25,388950
2016-10-27 10:45:00+05:30,504.25,504.73,503.43,504.33,214836
2016-10-27 11:15:00+05:30,504.3,504.45,503.5,504.05,729316
2016-10-27 11:45:00+05:30,504.05,504.88,503.95,504.18,216760
2016-10-27 12:15:00+05:30,504.18,505.98,504.08,504.58,364120
2016-10-27 12:45:00+05:30,504.58,504.98,503.33,503.83,229158
2016-10-27 13:15:00+05:30,504.0,505.5,503.83,504.93,317252
2016-10-27 13:45:00+05:30,504.93,505.0,503.9,504.0,290118
2016-10-27 14:15:00+05:30,504.0,504.43,503.0,503.6,285322
2016-10-27 14:45:00+05:30,503.7,504.48,501.48,501.68,1412706
2016-10-27 15:15:00+05:30,501.65,502.4,500.63,502.25,1673586
2016-10-28 09:15:00+05:30,503.0,503.0,496.58,498.4,771440
2016-10-28 09:45:00+05:30,498.4,499.75,498.05,499.6,251448
2016-10-28 10:15:00+05:30,499.6,500.9,499.5,500.18,300858
2016-10-28 10:45:00+05:30,500.18,500.5,499.13,500.5,153096
2016-10-28 11:15:00+05:30,500.65,500.7,499.85,500.1,463700
2016-10-28 11:45:00+05:30,500.1,500.28,499.88,499.98,107080
2016-10-28 12:15:00+05:30,499.98,500.88,499.55,500.45,310932
2016-10-28 12:45:00+05:30,500.45,500.48,499.0,499.43,313246
2016-10-28 13:15:00+05:30,499.43,500.5,499.35,499.78,251314
2016-10-28 13:45:00+05:30,499.75,500.48,499.43,500.2,242368
2016-10-28 14:15:00+05:30,500.15,500.48,499.65,499.93,260482
2016-10-28 14:45:00+05:30,499.93,499.98,498.08,498.1,1386076
2016-10-28 15:15:00+05:30,498.03,500.93,497.5,498.5,1023854
2016-10-30 18:15:00+05:30,501.95,502.98,499.93,501.18,319664
2016-10-30 18:45:00+05:30,501.18,501.5,500.5,501.18,192422
2016-10-30 19:15:00+05:30,501.18,501.43,500.5,501.2,114736
2016-11-01 09:15:00+05:30,501.08,501.23,496.5,497.0,823408
2016-11-01 09:45:00+05:30,497.0,497.55,496.75,497.0,256342
2016-11-01 10:15:00+05:30,496.98,497.05,495.0,495.28,511070
2016-11-01 10:45:00+05:30,495.28,496.43,494.7,496.3,580694
2016-11-01 11:15:00+05:30,496.3,496.88,496.25,496.58,271304
2016-11-01 11:45:00+05:30,496.55,497.0,496.3,496.5,236784
2016-11-01 12:15:00+05:30,496.5,497.23,496.45,496.63,270284
2016-11-01 12:45:00+05:30,496.68,497.23,496.1,497.05,159458
2016-11-01 13:15:00+05:30,497.05,497.2,496.1,496.98,325932
2016-11-01 13:45:00+05:30,496.98,497.15,496.2,496.98,347308
2016-11-01 14:15:00+05:30,497.0,497.0,495.33,496.3,498786
2016-11-01 14:45:00+05:30,496.3,496.5,493.58,493.58,1171548
2016-11-01 15:15:00+05:30,493.5,497.5,493.2,495.0,871526
2016-11-02 09:15:00+05:30,491.5,493.73,490.3,492.08,826446
2016-11-02 09:45:00+05:30,492.08,492.48,491.2,491.2,346848
2016-11-02 10:15:00+05:30,491.2,491.95,490.68,491.85,446182
2016-11-02 10:45:00+05:30,491.85,492.5,491.5,491.83,203318
2016-11-02 11:15:00+05:30,491.8,492.0,491.1,491.5,214880
2016-11-02 11:45:00+05:30,491.5,491.5,490.5,490.98,656550
2016-11-02 12:15:00+05:30,490.98,491.13,490.73,490.9,213784
2016-11-02 12:45:00+05:30,490.9,492.48,490.53,492.4,373144
2016-11-02 13:15:00+05:30,492.43,492.9,491.05,491.45,280228
2016-11-02 13:45:00+05:30,491.45,491.68,490.98,491.38,221924
2016-11-02 14:15:00+05:30,491.6,492.0,491.03,491.05,295388
2016-11-02 14:45:00+05:30,491.08,491.33,490.08,490.08,716376
2016-11-02 15:15:00+05:30,490.08,491.3,490.0,490.25,553828
2016-11-03 09:15:00+05:30,490.75,491.0,486.0,488.58,548850
2016-11-03 09:45:00+05:30,488.58,488.98,486.18,486.55,209730
2016-11-03 10:15:00+05:30,486.65,487.73,486.55,487.38,169408
2016-11-03 10:45:00+05:30,487.38,488.85,487.15,487.5,192464
2016-11-03 11:15:00+05:30,487.5,488.2,486.9,486.93,147280
2016-11-03 11:45:00+05:30,487.0,487.35,486.1,486.33,152326
2016-11-03 12:15:00+05:30,486.33,486.73,485.53,485.75,205676
2016-11-03 12:45:00+05:30,485.8,486.75,485.5,485.8,247242
2016-11-03 13:15:00+05:30,485.8,486.33,484.73,485.38,339910
2016-11-03 13:45:00+05:30,485.38,485.85,484.1,484.63,276640
2016-11-03 14:15:00+05:30,484.58,485.43,484.0,484.75,291032
2016-11-03 14:45:00+05:30,484.75,485.4,482.98,483.43,1340926
2016-11-03 15:15:00+05:30,483.43,484.0,482.58,484.0,1095076
2016-11-04 09:15:00+05:30,483.73,487.48,480.5,487.13,967970
2016-11-04 09:45:00+05:30,487.1,489.43,486.13,487.43,463028
2016-11-04 10:15:00+05:30,487.45,487.6,486.13,486.9,348148
2016-11-04 10:45:00+05:30,486.93,487.73,486.1,487.5,247110
2016-11-04 11:15:00+05:30,487.5,488.3,486.2,487.4,275468
2016-11-04 11:45:00+05:30,487.4,487.65,484.53,485.93,582024
2016-11-04 12:15:00+05:30,486.0,486.48,482.93,483.23,477452
2016-11-04 12:45:00+05:30,483.03,485.7,483.03,485.4,511750
2016-11-04 13:15:00+05:30,485.18,487.98,485.13,485.18,455364
2016-11-04 13:45:00+05:30,485.43,486.0,483.25,483.78,298794
2016-11-04 14:15:00+05:30,483.75,484.08,482.5,483.75,407848
2016-11-04 14:45:00+05:30,483.6,486.48,483.6,484.9,525870
2016-11-04 15:15:00+05:30,484.83,485.9,484.7,485.5,436554
2016-11-07 09:15:00+05:30,492.0,492.88,487.6,491.0,569742
2016-11-07 09:45:00+05:30,491.0,491.4,490.0,491.13,308758
2016-11-07 10:15:00+05:30,491.05,491.28,490.75,491.23,183416
2016-11-07 10:45:00+05:30,491.2,492.83,491.0,492.63,301886
2016-11-07 11:15:00+05:30,492.63,492.63,491.38,491.45,212660
2016-11-07 11:45:00+05:30,491.45,491.73,490.5,490.6,205592
2016-11-07 12:15:00+05:30,490.78,491.58,490.03,491.25,273436
2016-11-07 12:45:00+05:30,491.25,491.68,490.25,490.5,261780
2016-11-07 13:15:00+05:30,490.5,490.93,490.03,490.45,199920
2016-11-07 13:45:00+05:30,490.45,490.7,489.73,490.53,289090
2016-11-07 14:15:00+05:30,490.53,490.53,488.68,488.88,328056
2016-11-07 14:45:00+05:30,488.88,490.23,487.5,490.2,717500
2016-11-07 15:15:00+05:30,490.08,490.08,488.3,489.48,680546
2016-11-08 09:15:00+05:30,492.1,493.83,490.18,492.53,805000
2016-11-08 09:45:00+05:30,492.53,493.0,491.23,492.1,299844
2016-11-08 10:15:00+05:30,492.1,492.7,489.63,490.05,467716
2016-11-08 10:45:00+05:30,490.25,490.25,489.3,489.75,149492
2016-11-08 11:15:00+05:30,489.75,490.3,489.0,489.35,205474
2016-11-08 11:45:00+05:30,489.35,491.0,489.1,489.7,333940
2016-11-08 12:15:00+05:30,489.7,489.9,487.68,488.5,361736
2016-11-08 12:45:00+05:30,488.5,488.58,486.58,486.6,388666
2016-11-08 13:15:00+05:30,486.6,487.03,485.3,486.23,440168
2016-11-08 13:45:00+05:30,485.88,487.83,485.75,487.5,363480
2016-11-08 14:15:00+05:30,487.23,490.38,487.18,487.58,387976
2016-11-08 14:45:00+05:30,487.58,493.45,487.5,492.38,693358
2016-11-08 15:15:00+05:30,492.5,492.75,490.73,491.3,346784
2016-11-09 09:15:00+05:30,465.53,481.28,450.88,473.73,2409872
2016-11-09 09:45:00+05:30,473.95,487.3,473.78,480.85,1508696
2016-11-09 10:15:00+05:30,480.93,481.3,470.13,477.03,967404
2016-11-09 10:45:00+05:30,477.23,483.48,475.0,475.45,1062260
2016-11-09 11:15:00+05:30,475.5,476.5,472.5,476.35,279968
2016-11-09 11:45:00+05:30,476.4,477.08,470.0,471.0,511710
2016-11-09 12:15:00+05:30,471.0,473.5,470.0,471.6,360188
2016-11-09 12:45:00+05:30,471.7,473.1,468.88,471.33,517192
2016-11-09 13:15:00+05:30,471.48,474.98,470.6,472.88,654950
2016-11-09 13:45:00+05:30,472.88,479.63,472.1,479.35,1125014
2016-11-09 14:15:00+05:30,479.48,481.18,477.9,479.7,923084
2016-11-09 14:45:00+05:30,479.75,479.75,473.13,479.03,1309554
2016-11-09 15:15:00+05:30,479.38,484.0,478.93,481.5,1093116
2016-11-10 09:15:00+05:30,481.25,481.25,469.38,476.25,1165820
2016-11-10 09:45:00+05:30,476.2,476.48,474.93,475.73,314304
2016-11-10 10:15:00+05:30,475.93,476.38,472.03,474.03,463688
2016-11-10 10:45:00+05:30,474.2,476.98,474.03,475.48,418630
2016-11-10 11:15:00+05:30,475.4,476.8,475.13,475.5,304002
2016-11-10 11:45:00+05:30,475.5,476.38,473.03,474.65,315542
2016-11-10 12:15:00+05:30,474.63,475.45,473.5,473.58,250168
2016-11-10 12:45:00+05:30,473.55,474.45,472.8,473.03,256276
2016-11-10 13:15:00+05:30,473.03,473.75,470.75,470.93,412862
2016-11-10 13:45:00+05:30,470.9,471.9,470.05,470.13,399068
2016-11-10 14:15:00+05:30,470.13,470.73,468.65,469.08,584130
2016-11-10 14:45:00+05:30,469.1,469.45,467.5,469.35,1105176
2016-11-10 15:15:00+05:30,469.25,474.0,468.5,473.0,1286278
2016-11-11 09:15:00+05:30,470.28,470.9,461.3,463.83,984042
2016-11-11 09:45:00+05:30,463.93,467.48,463.53,465.78,636758
2016-11-11 10:15:00+05:30,465.73,467.45,463.55,467.0,444598
2016-11-11 10:45:00+05:30,466.93,467.1,464.0,464.1,316384
2016-11-11 11:15:00+05:30,464.03,465.48,463.5,463.7,378488
2016-11-11 11:45:00+05:30,463.7,464.03,463.18,463.7,286044
2016-11-11 12:15:00+05:30,463.7,464.95,462.7,464.53,275320
2016-11-11 12:45:00+05:30,464.53,465.15,463.08,464.85,242290
2016-11-11 13:15:00+05:30,464.85,465.25,464.5,464.53,220558
2016-11-11 13:45:00+05:30,464.53,464.68,463.03,463.58,471718
2016-11-11 14:15:00+05:30,463.58,464.78,463.1,463.7,474746
2016-11-11 14:45:00+05:30,463.7,463.75,459.35,461.13,1470488
2016-11-11 15:15:00+05:30,461.13,461.13,460.2,461.0,870220
2016-11-15 09:15:00+05:30,462.18,462.18,454.33,459.23,1566896
2016-11-15 09:45:00+05:30,459.15,465.85,458.73,461.05,1025216
2016-11-15 10:15:00+05:30,461.0,461.05,458.23,458.35,595738
2016-11-15 10:45:00+05:30,458.35,460.5,458.03,460.18,428950
2016-11-15 11:15:00+05:30,460.2,464.5,458.03,464.33,655868
2016-11-15 11:45:00+05:30,464.33,466.9,462.5,464.7,625330
2016-11-15 12:15:00+05:30,464.5,468.1,463.65,466.65,614330
2016-11-15 12:45:00+05:30,466.63,468.13,466.3,467.78,432162
2016-11-15 13:15:00+05:30,467.75,468.25,466.08,466.9,353590
2016-11-15 13:45:00+05:30,466.98,467.5,463.63,467.18,548174
2016-11-15 14:15:00+05:30,467.18,467.48,465.0,466.65,452046
2016-11-15 14:45:00+05:30,466.55,467.85,462.08,462.23,962100
2016-11-15 15:15:00+05:30,462.05,462.45,457.6,458.8,957174
2016-11-16 09:15:00+05:30,465.48,471.1,464.33,470.75,925962
2016-11-16 09:45:00+05:30,470.75,473.78,469.05,473.73,818848
2016-11-16 10:15:00+05:30,473.88,474.98,471.53,473.55,995476
2016-11-16 10:45:00+05:30,473.55,475.0,473.38,474.63,452502
2016-11-16 11:15:00+05:30,474.63,478.35,473.9,477.25,735498
2016-11-16 11:45:00+05:30,477.33,478.38,474.23,475.13,1160704
2016-11-16 12:15:00+05:30,475.0,476.5,474.78,475.0,1320170
2016-11-16 12:45:00+05:30,475.0,475.58,473.45,475.18,638744
2016-11-16 13:15:00+05:30,475.18,475.8,471.53,472.78,800134
2016-11-16 13:45:00+05:30,472.78,474.0,471.28,473.25,780316
2016-11-16 14:15:00+05:30,473.25,475.5,471.58,475.3,820224
2016-11-16 14:45:00+05:30,475.28,475.5,470.5,470.83,1656178
2016-11-16 15:15:00+05:30,470.8,471.08,466.55,467.7,1103492
2016-11-17 09:15:00+05:30,467.7,473.43,467.5,473.25,564280
2016-11-17 09:45:00+05:30,473.05,474.48,471.85,472.55,330762
2016-11-17 10:15:00+05:30,472.6,472.85,471.65,472.05,257796
2016-11-17 10:45:00+05:30,471.98,472.5,470.75,472.05,288594
2016-11-17 11:15:00+05:30,471.58,472.75,469.63,469.73,374502
2016-11-17 11:45:00+05:30,469.68,470.18,467.78,468.78,330408
2016-11-17 12:15:00+05:30,468.78,468.8,465.1,466.78,373648
2016-11-17 12:45:00+05:30,466.78,468.75,466.6,468.25,508310
2016-11-17 13:15:00+05:30,468.25,474.0,465.68,465.68,847024
2016-11-17 13:45:00+05:30,466.0,468.5,465.5,467.98,435590
2016-11-17 14:15:00+05:30,468.0,468.8,467.48,467.7,333002
2016-11-17 14:45:00+05:30,467.7,467.95,463.3,464.23,616846
2016-11-17 15:15:00+05:30,464.25,466.45,463.5,465.0,428526
2016-11-18 09:15:00+05:30,465.0,466.45,462.13,462.78,410102
2016-11-18 09:45:00+05:30,462.8,463.48,460.5,463.25,288788
2016-11-18 10:15:00+05:30,463.25,464.33,462.63,464.08,380198
2016-11-18 10:45:00+05:30,464.08,465.25,464.0,464.75,263910
2016-11-18 11:15:00+05:30,464.75,466.63,463.05,463.55,411650
2016-11-18 11:45:00+05:30,463.55,464.48,462.63,463.6,439404
2016-11-18 12:15:00+05:30,463.6,466.2,463.5,465.78,475700
2016-11-18 12:45:00+05:30,466.0,466.38,465.03,466.05,406860
2016-11-18 13:15:00+05:30,466.05,466.45,464.68,464.95,415140
2016-11-18 13:45:00+05:30,464.95,465.33,462.75,462.75,381088
2016-11-18 14:15:00+05:30,462.75,462.93,460.5,460.53,424860
2016-11-18 14:45:00+05:30,460.53,462.18,459.5,459.93,913470
2016-11-18 15:15:00+05:30,459.93,460.75,458.75,459.0,817114
2016-11-21 09:15:00+05:30,463.18,463.18,456.35,460.6,1349852
2016-11-21 09:45:00+05:30,460.63,462.33,460.05,461.08,510290
2016-11-21 10:15:00+05:30,461.05,462.8,461.0,461.75,539032
2016-11-21 10:45:00+05:30,461.75,461.75,460.05,461.23,423012
2016-11-21 11:15:00+05:30,461.05,462.28,460.75,461.28,299132
2016-11-21 11:45:00+05:30,461.23,462.5,460.88,462.13,439894
2016-11-21 12:15:00+05:30,462.15,462.65,461.4,462.08,654826
2016-11-21 12:45:00+05:30,462.0,462.43,461.2,461.9,223434
2016-11-21 13:15:00+05:30,461.95,462.0,461.0,461.15,365416
2016-11-21 13:45:00+05:30,461.23,461.3,458.08,459.15,513470
2016-11-21 14:15:00+05:30,459.18,460.0,458.43,459.03,552578
2016-11-21 14:45:00+05:30,459.03,459.08,453.5,456.03,1375340
2016-11-21 15:15:00+05:30,456.03,457.05,455.78,457.0,687176
2016-11-22 09:15:00+05:30,459.0,464.25,458.53,460.78,1035420
2016-11-22 09:45:00+05:30,460.78,462.13,460.0,461.98,245376
2016-11-22 10:15:00+05:30,462.0,462.5,460.53,461.73,200092
2016-11-22 10:45:00+05:30,461.73,462.3,460.75,461.58,176688
2016-11-22 11:15:00+05:30,461.55,461.83,460.2,460.25,128674
2016-11-22 11:45:00+05:30,460.23,460.45,459.0,459.08,247414
2016-11-22 12:15:00+05:30,459.0,459.48,458.0,458.55,201470
2016-11-22 12:45:00+05:30,458.7,459.15,458.0,458.85,243858
2016-11-22 13:15:00+05:30,458.88,459.95,458.25,458.95,203242
2016-11-22 13:45:00+05:30,458.5,459.5,458.03,459.2,253644
2016-11-22 14:15:00+05:30,459.2,460.43,458.05,458.25,316244
2016-11-22 14:45:00+05:30,458.18,459.0,456.6,456.78,1247616
2016-11-22 15:15:00+05:30,456.78,457.7,455.83,457.43,977266
2016-11-23 09:15:00+05:30,461.45,461.45,457.68,457.98,596816
2016-11-23 09:45:00+05:30,457.98,459.1,457.7,458.03,311074
2016-11-23 10:15:00+05:30,458.03,458.28,457.5,457.6,324104
2016-11-23 10:45:00+05:30,457.6,458.35,456.5,458.08,375740
2016-11-23 11:15:00+05:30,458.08,460.38,457.88,459.88,451374
2016-11-23 11:45:00+05:30,459.88,460.38,458.78,459.18,584774
2016-11-23 12:15:00+05:30,459.18,460.25,458.3,460.03,1040236
2016-11-23 12:45:00+05:30,460.03,460.2,459.0,459.08,327040
2016-11-23 13:15:00+05:30,459.08,460.25,459.0,460.1,850386
2016-11-23 13:45:00+05:30,460.1,460.5,459.5,459.95,442728
2016-11-23 14:15:00+05:30,459.95,460.95,459.18,460.6,597216
2016-11-23 14:45:00+05:30,460.6,460.73,459.75,460.05,1336246
2016-11-23 15:15:00+05:30,460.05,461.0,459.65,460.5,1009530
2016-11-24 09:15:00+05:30,463.5,463.5,461.65,462.33,404980
2016-11-24 09:45:00+05:30,462.33,464.7,462.2,464.65,282868
2016-11-24 10:15:00+05:30,464.53,464.98,462.8,464.5,934642
2016-11-24 10:45:00+05:30,464.5,465.0,463.9,464.53,487982
2016-11-24 11:15:00+05:30,464.6,466.7,464.28,465.9,454566
2016-11-24 11:45:00+05:30,465.93,467.75,465.9,467.23,354772
2016-11-24 12:15:00+05:30,467.08,468.7,466.75,468.48,803936
2016-11-24 12:45:00+05:30,468.48,468.75,465.63,465.8,1063452
2016-11-24 13:15:00+05:30,465.8,467.45,464.75,466.2,3486274
2016-11-24 13:45:00+05:30,466.2,467.68,465.98,467.5,1324712
2016-11-24 14:15:00+05:30,467.5,469.35,467.0,469.28,460300
2016-11-24 14:45:00+05:30,469.28,469.95,464.55,465.03,4191426
2016-11-24 15:15:00+05:30,465.03,465.43,463.58,464.73,2519304
2016-11-25 09:15:00+05:30,465.83,473.75,465.83,473.28,606204
2016-11-25 09:45:00+05:30,473.35,480.5,473.13,480.48,1486394
2016-11-25 10:15:00+05:30,480.5,485.25,479.73,485.0,1140252
2016-11-25 10:45:00+05:30,485.0,489.4,484.18,489.08,1226038
2016-11-25 11:15:00+05:30,489.08,492.5,488.7,490.0,1196800
2016-11-25 11:45:00+05:30,490.05,490.05,486.7,487.8,529802
2016-11-25 12:15:00+05:30,487.8,488.9,487.1,488.23,462116
2016-11-25 12:45:00+05:30,488.23,488.93,487.35,487.88,363604
2016-11-25 13:15:00+05:30,487.88,488.5,484.75,488.25,627760
2016-11-25 13:45:00+05:30,488.25,489.53,487.55,489.0,804834
2016-11-25 14:15:00+05:30,489.0,489.6,486.53,489.0,1364794
2016-11-25 14:45:00+05:30,489.0,490.58,487.25,489.95,1596804
2016-11-25 15:15:00+05:30,489.9,490.9,486.48,487.33,1214710
2016-11-28 09:15:00+05:30,486.5,491.68,485.43,487.25,1606370
2016-11-28 09:45:00+05:30,487.25,491.0,486.33,489.75,466442
2016-11-28 10:15:00+05:30,489.58,490.4,487.18,489.65,443956
2016-11-28 10:45:00+05:30,489.65,490.0,488.3,489.08,274158
2016-11-28 11:15:00+05:30,489.08,489.5,488.23,489.05,197506
2016-11-28 11:45:00+05:30,489.05,489.33,488.25,489.03,417232
2016-11-28 12:15:00+05:30,489.23,489.9,488.13,489.53,382312
2016-11-28 12:45:00+05:30,489.53,491.0,488.75,490.75,323606
2016-11-28 13:15:00+05:30,490.6,491.25,487.38,488.0,448176
2016-11-28 13:45:00+05:30,487.95,488.75,487.0,488.1,447348
2016-11-28 14:15:00+05:30,488.08,488.63,486.65,488.23,546120
2016-11-28 14:45:00+05:30,488.23,490.7,488.18,489.48,1020862
2016-11-28 15:15:00+05:30,489.48,490.2,489.0,489.03,774676
2016-11-29 09:15:00+05:30,488.98,488.98,483.55,485.93,792738
2016-11-29 09:45:00+05:30,485.93,487.93,485.05,487.18,367904
2016-11-29 10:15:00+05:30,487.18,491.0,487.03,489.2,481666
2016-11-29 10:45:00+05:30,489.2,492.35,489.05,491.18,465134
2016-11-29 11:15:00+05:30,491.18,491.5,490.28,491.15,225176
2016-11-29 11:45:00+05:30,491.15,491.3,490.23,490.45,228132
2016-11-29 12:15:00+05:30,490.45,490.68,489.53,490.63,387250
2016-11-29 12:45:00+05:30,490.63,490.75,489.58,490.45,383442
2016-11-29 13:15:00+05:30,490.45,490.83,488.8,489.88,472664
2016-11-29 13:45:00+05:30,489.88,490.7,488.05,488.2,636522
2016-11-29 14:15:00+05:30,488.28,488.8,484.65,485.15,462278
2016-11-29 14:45:00+05:30,485.3,489.08,484.5,485.7,803654
2016-11-29 15:15:00+05:30,485.58,486.83,485.58,486.73,414584
2016-11-30 09:15:00+05:30,486.0,486.85,483.4,485.88,427764
2016-11-30 09:45:00+05:30,485.85,486.78,485.05,486.28,307424
2016-11-30 10:15:00+05:30,486.28,488.5,486.28,487.75,366546
2016-11-30 10:45:00+05:30,487.75,488.13,486.33,486.55,334938
2016-11-30 11:15:00+05:30,486.55,486.83,484.1,485.63,241866
2016-11-30 11:45:00+05:30,485.65,486.0,484.5,484.8,166292
2016-11-30 12:15:00+05:30,484.8,485.48,484.0,484.38,180660
2016-11-30 12:45:00+05:30,484.38,484.48,480.58,482.45,329576
2016-11-30 13:15:00+05:30,482.45,485.05,482.0,485.03,427270
2016-11-30 13:45:00+05:30,485.03,485.93,484.23,485.63,440626
2016-11-30 14:15:00+05:30,485.75,486.95,485.0,486.93,293860
2016-11-30 14:45:00+05:30,486.95,487.93,485.28,487.9,2544276
2016-11-30 15:15:00+05:30,487.93,488.43,486.03,487.03,2435624
2016-12-01 09:15:00+05:30,487.28,488.0,485.13,485.63,523862
2016-12-01 09:45:00+05:30,485.68,486.05,484.45,485.25,260704
2016-12-01 10:15:00+05:30,485.25,485.73,484.9,485.4,147262
2016-12-01 10:45:00+05:30,485.4,486.5,485.05,486.18,133822
2016-12-01 11:15:00+05:30,486.18,486.5,485.8,486.43,122094
2016-12-01 11:45:00+05:30,486.4,486.98,485.5,485.8,170650
2016-12-01 12:15:00+05:30,485.8,486.73,485.5,486.2,618056
2016-12-01 12:45:00+05:30,486.2,486.5,485.55,486.33,110054
2016-12-01 13:15:00+05:30,486.38,486.75,485.55,486.5,176022
2016-12-01 13:45:00+05:30,486.5,491.1,486.2,490.4,484774
2016-12-01 14:15:00+05:30,490.33,491.78,488.78,490.28,336276
2016-12-01 14:45:00+05:30,490.28,490.3,487.58,488.7,1090454
2016-12-01 15:15:00+05:30,488.75,488.75,485.7,487.48,434964
2016-12-02 09:15:00+05:30,481.5,484.0,481.5,482.98,557436
2016-12-02 09:45:00+05:30,483.0,484.8,483.0,484.38,250352
2016-12-02 10:15:00+05:30,484.35,484.75,481.3,482.0,317428
2016-12-02 10:45:00+05:30,482.05,483.7,482.0,483.28,216996
2016-12-02 11:15:00+05:30,483.28,484.2,483.2,483.78,176916
2016-12-02 11:45:00+05:30,483.78,483.93,482.5,483.65,230280
2016-12-02 12:15:00+05:30,483.75,483.98,483.1,483.95,169288
2016-12-02 12:45:00+05:30,483.75,483.95,483.0,483.5,170206
2016-12-02 13:15:00+05:30,483.85,484.1,483.15,484.0,209844
2016-12-02 13:45:00+05:30,484.2,484.2,483.23,483.78,198778
2016-12-02 14:15:00+05:30,483.78,484.25,482.75,483.75,251966
2016-12-02 14:45:00+05:30,483.75,483.88,480.55,481.68,1073328
2016-12-02 15:15:00+05:30,481.68,483.7,481.5,481.5,618012
2016-12-05 09:15:00+05:30,482.75,482.95,479.0,480.3,499980
2016-12-05 09:45:00+05:30,480.25,480.93,480.18,480.88,114068
2016-12-05 10:15:00+05:30,480.88,481.4,480.25,480.53,126938
2016-12-05 10:45:00+05:30,480.53,480.93,480.08,480.78,185438
2016-12-05 11:15:00+05:30,480.78,480.95,480.0,480.55,103582
2016-12-05 11:45:00+05:30,480.55,480.68,479.5,479.78,131792
2016-12-05 12:15:00+05:30,479.78,480.5,479.3,480.0,601260
2016-12-05 12:45:00+05:30,480.0,480.88,479.63,480.63,67912
2016-12-05 13:15:00+05:30,480.63,481.48,479.5,481.13,156238
2016-12-05 13:45:00+05:30,481.13,483.3,480.75,482.5,462746
2016-12-05 14:15:00+05:30,482.5,484.28,481.9,482.03,277754
2016-12-05 14:45:00+05:30,482.03,482.15,480.0,480.5,546488
2016-12-05 15:15:00+05:30,480.5,482.7,480.35,480.5,380712
2016-12-06 09:15:00+05:30,481.0,485.83,480.83,484.78,302920
2016-12-06 09:45:00+05:30,484.78,489.55,483.75,487.78,407370
2016-12-06 10:15:00+05:30,487.83,487.9,486.75,487.23,233216
2016-12-06 10:45:00+05:30,487.25,487.78,486.7,487.3,211454
2016-12-06 11:15:00+05:30,487.3,487.33,485.8,486.18,126654
2016-12-06 11:45:00+05:30,486.15,486.8,485.63,486.7,126904
2016-12-06 12:15:00+05:30,486.7,486.95,486.38,486.63,131040
2016-12-06 12:45:00+05:30,486.63,486.8,486.13,486.7,100594
2016-12-06 13:15:00+05:30,486.7,486.75,486.0,486.33,282324
2016-12-06 13:45:00+05:30,486.35,487.08,486.18,487.0,112200
2016-12-06 14:15:00+05:30,487.0,487.25,485.3,486.05,349960
2016-12-06 14:45:00+05:30,486.05,486.33,482.08,483.75,637882
2016-12-06 15:15:00+05:30,483.8,484.5,481.7,484.28,535488
2016-12-07 09:15:00+05:30,484.0,485.5,483.0,485.5,283256
2016-12-07 09:45:00+05:30,485.5,485.88,484.5,485.05,155704
2016-12-07 10:15:00+05:30,485.05,485.13,483.75,484.25,71818
2016-12-07 10:45:00+05:30,484.2,484.5,483.75,483.9,57474
2016-12-07 11:15:00+05:30,483.9,484.2,480.13,481.68,416436
2016-12-07 11:45:00+05:30,481.68,482.5,481.25,481.28,115598
2016-12-07 12:15:00+05:30,481.28,482.88,480.63,482.13,117082
2016-12-07 12:45:00+05:30,482.13,483.88,482.03,483.25,144198
2016-12-07 13:15:00+05:30,483.2,484.5,483.0,484.48,127678
2016-12-07 13:45:00+05:30,484.45,486.38,484.45,485.75,250818
2016-12-07 14:15:00+05:30,485.75,486.0,483.58,484.03,478910
2016-12-07 14:45:00+05:30,484.03,484.38,481.75,482.63,867450
2016-12-07 15:15:00+05:30,482.5,483.58,482.05,482.75,294342
2016-12-08 09:15:00+05:30,485.78,492.0,485.78,491.1,527388
2016-12-08 09:45:00+05:30,491.13,491.48,489.45,489.7,590536
2016-12-08 10:15:00+05:30,489.73,491.0,489.73,490.88,193862
2016-12-08 10:45:00+05:30,490.88,491.03,490.38,491.03,675172
2016-12-08 11:15:00+05:30,491.0,491.25,490.55,491.1,147606
2016-12-08 11:45:00+05:30,491.1,491.13,490.93,491.0,183016
2016-12-08 12:15:00+05:30,490.98,491.5,490.98,491.35,285478
2016-12-08 12:45:00+05:30,491.35,492.45,491.0,491.98,362482
2016-12-08 13:15:00+05:30,492.0,492.7,491.98,492.43,491468
2016-12-08 13:45:00+05:30,492.43,492.95,491.93,492.75,349868
2016-12-08 14:15:00+05:30,492.73,493.05,492.5,492.93,349162
2016-12-08 14:45:00+05:30,492.95,493.0,491.75,492.13,1036972
2016-12-08 15:15:00+05:30,492.1,493.0,491.5,492.5,745872
2016-12-09 09:15:00+05:30,492.5,503.98,491.0,501.6,2625858
2016-12-09 09:45:00+05:30,501.6,502.28,498.48,501.65,735104
2016-12-09 10:15:00+05:30,501.5,501.8,499.05,499.85,659584
2016-12-09 10:45:00+05:30,499.93,500.0,497.85,498.5,353602
2016-12-09 11:15:00+05:30,498.5,498.95,497.88,498.58,492708
2016-12-09 11:45:00+05:30,498.58,498.95,496.75,497.5,311532
2016-12-09 12:15:00+05:30,497.5,497.5,497.0,497.03,149196
2016-12-09 12:45:00+05:30,497.03,497.5,496.25,496.25,179424
2016-12-09 13:15:00+05:30,496.28,498.0,496.25,497.2,691972
2016-12-09 13:45:00+05:30,497.2,497.48,493.1,495.75,365374
2016-12-09 14:15:00+05:30,495.75,496.73,495.05,496.25,283608
2016-12-09 14:45:00+05:30,496.25,496.25,493.75,494.63,1207306
2016-12-09 15:15:00+05:30,494.65,494.75,492.55,493.0,580040
2016-12-12 09:15:00+05:30,490.75,491.0,482.6,484.68,945576
2016-12-12 09:45:00+05:30,484.68,485.33,484.1,484.95,361540
2016-12-12 10:15:00+05:30,484.95,486.33,484.68,486.33,415166
2016-12-12 10:45:00+05:30,486.13,486.75,485.8,486.18,260134
2016-12-12 11:15:00+05:30,486.2,486.6,485.48,486.45,177724
2016-12-12 11:45:00+05:30,486.45,486.9,485.83,486.38,184460
2016-12-12 12:15:00+05:30,486.38,486.73,485.8,486.25,248420
2016-12-12 12:45:00+05:30,486.3,487.0,485.38,486.28,314232
2016-12-12 13:15:00+05:30,486.3,486.95,486.0,486.45,177502
2016-12-12 13:45:00+05:30,486.45,487.4,484.05,487.03,487918
2016-12-12 14:15:00+05:30,487.23,488.7,486.6,487.23,541480
2016-12-12 14:45:00+05:30,486.98,489.23,486.75,488.33,732032
2016-12-12 15:15:00+05:30,488.3,489.98,487.98,489.0,493188
2016-12-13 09:15:00+05:30,489.93,489.93,487.03,488.5,221870
2016-12-13 09:45:00+05:30,488.6,489.28,487.95,488.75,161114
2016-12-13 10:15:00+05:30,488.75,489.0,487.53,487.75,140318
2016-12-13 10:45:00+05:30,487.8,489.1,486.33,488.28,185414
2016-12-13 11:15:00+05:30,488.28,488.73,487.43,488.0,90158
2016-12-13 11:45:00+05:30,488.0,488.5,487.3,487.98,184890
2016-12-13 12:15:00+05:30,487.98,488.75,487.48,488.2,225400
2016-12-13 12:45:00+05:30,488.18,489.7,488.18,489.1,407982
2016-12-13 13:15:00+05:30,489.23,489.75,488.98,489.7,118098
2016-12-13 13:45:00+05:30,489.7,492.5,489.2,491.85,433906
2016-12-13 14:15:00+05:30,491.85,494.08,490.78,492.25,591130
2016-12-13 14:45:00+05:30,492.25,496.38,492.05,495.05,974026
2016-12-13 15:15:00+05:30,495.08,495.83,493.7,493.75,1117946
2016-12-14 09:15:00+05:30,495.43,497.68,493.7,495.0,365436
2016-12-14 09:45:00+05:30,495.0,495.28,492.88,493.5,164932
2016-12-14 10:15:00+05:30,493.5,495.85,492.05,494.0,248912
2016-12-14 10:45:00+05:30,494.0,495.5,493.1,495.48,198404
2016-12-14 11:15:00+05:30,495.48,496.5,494.93,496.5,157630
2016-12-14 11:45:00+05:30,496.5,498.35,496.18,497.48,304566
2016-12-14 12:15:00+05:30,497.48,498.3,496.85,497.4,298484
2016-12-14 12:45:00+05:30,497.4,498.0,494.5,495.45,313982
2016-12-14 13:15:00+05:30,495.45,498.25,495.33,498.2,291124
2016-12-14 13:45:00+05:30,498.2,502.4,497.75,499.98,1060918
2016-12-14 14:15:00+05:30,499.95,501.45,499.78,501.1,691248
2016-12-14 14:45:00+05:30,501.18,501.25,498.18,500.35,726430
2016-12-14 15:15:00+05:30,500.35,500.75,499.5,499.5,556168
2016-12-15 09:15:00+05:30,498.33,508.85,498.2,506.93,1464218
2016-12-15 09:45:00+05:30,506.8,509.48,505.5,507.63,1216780
2016-12-15 10:15:00+05:30,507.65,508.58,507.5,507.83,689092
2016-12-15 10:45:00+05:30,507.83,507.93,503.48,503.48,464246
2016-12-15 11:15:00+05:30,503.3,505.15,501.2,503.88,649818
2016-12-15 11:45:00+05:30,503.88,505.8,503.78,504.38,382668
2016-12-15 12:15:00+05:30,504.48,506.5,504.43,505.65,322850
2016-12-15 12:45:00+05:30,505.65,506.0,503.2,504.5,298188
2016-12-15 13:15:00+05:30,504.5,505.5,503.7,504.03,251952
2016-12-15 13:45:00+05:30,504.03,505.03,502.08,502.65,284410
2016-12-15 14:15:00+05:30,502.9,504.08,499.2,501.0,544928
2016-12-15 14:45:00+05:30,500.9,501.15,494.5,495.85,873188
2016-12-15 15:15:00+05:30,495.85,496.8,495.5,496.2,518348
2016-12-16 09:15:00+05:30,500.98,503.75,500.0,502.33,690476
2016-12-16 09:45:00+05:30,502.38,504.85,501.63,503.0,502526
2016-12-16 10:15:00+05:30,503.0,503.0,501.0,501.33,413444
2016-12-16 10:45:00+05:30,501.33,501.75,501.3,501.73,182298
2016-12-16 11:15:00+05:30,501.75,502.2,501.5,501.55,173076
2016-12-16 11:45:00+05:30,501.55,501.8,498.9,501.58,352964
2016-12-16 12:15:00+05:30,501.58,501.78,500.58,501.35,92296
2016-12-16 12:45:00+05:30,501.35,502.3,500.88,501.65,196246
2016-12-16 13:15:00+05:30,501.63,502.2,501.45,501.48,255252
2016-12-16 13:45:00+05:30,501.48,502.7,501.2,502.2,381250
2016-12-16 14:15:00+05:30,502.23,502.7,500.9,501.08,761826
2016-12-16 14:45:00+05:30,501.1,504.0,501.0,502.75,1489192
2016-12-16 15:15:00+05:30,502.55,503.23,500.6,502.5,921236
2016-12-19 09:15:00+05:30,503.05,503.05,497.15,499.7,354560
2016-12-19 09:45:00+05:30,499.7,500.63,498.7,498.75,374494
2016-12-19 10:15:00+05:30,498.75,499.5,497.05,498.95,347026
2016-12-19 10:45:00+05:30,498.95,499.4,498.75,499.0,171698
2016-12-19 11:15:00+05:30,499.0,500.43,497.75,498.15,197080
2016-12-19 11:45:00+05:30,498.15,499.75,498.0,499.35,102240
2016-12-19 12:15:00+05:30,499.35,500.25,499.3,499.95,222690
2016-12-19 12:45:00+05:30,500.0,500.0,499.45,499.93,107004
2016-12-19 13:15:00+05:30,499.95,500.0,499.5,499.83,167952
2016-12-19 13:45:00+05:30,499.85,500.5,499.5,499.98,287590
2016-12-19 14:15:00+05:30,499.98,501.78,499.8,501.6,458772
2016-12-19 14:45:00+05:30,501.75,502.75,501.15,502.4,852100
2016-12-19 15:15:00+05:30,502.38,502.98,501.88,502.5,478580
2016-12-20 09:15:00+05:30,502.0,504.9,500.65,502.03,435292
2016-12-20 09:45:00+05:30,502.03,506.13,502.0,506.13,682852
2016-12-20 10:15:00+05:30,506.1,507.6,505.25,505.6,987212
2016-12-20 10:45:00+05:30,505.6,507.95,505.4,507.5,283066
2016-12-20 11:15:00+05:30,507.5,508.5,506.75,507.93,674560
2016-12-20 11:45:00+05:30,507.93,509.43,507.9,508.95,783662
2016-12-20 12:15:00+05:30,508.95,509.05,506.13,506.88,517802
2016-12-20 12:45:00+05:30,506.88,507.45,506.4,507.03,416680
2016-12-20 13:15:00+05:30,507.03,507.35,505.7,505.8,366574
2016-12-20 13:45:00+05:30,505.83,507.0,504.18,505.63,724642
2016-12-20 14:15:00+05:30,505.6,507.2,505.0,506.38,571902
2016-12-20 14:45:00+05:30,506.4,507.5,505.0,505.93,749996
2016-12-20 15:15:00+05:30,505.93,507.0,505.58,506.75,439812
2016-12-21 09:15:00+05:30,507.5,509.0,505.0,506.1,492344
2016-12-21 09:45:00+05:30,506.1,508.0,505.98,507.53,653822
2016-12-21 10:15:00+05:30,507.53,508.08,507.0,508.05,257608
2016-12-21 10:45:00+05:30,508.05,508.1,506.55,507.0,199970
2016-12-21 11:15:00+05:30,507.0,507.6,506.75,507.18,200086
2016-12-21 11:45:00+05:30,507.3,507.3,503.25,504.13,300030
2016-12-21 12:15:00+05:30,504.2,507.95,504.2,507.53,526182
2016-12-21 12:45:00+05:30,507.53,511.0,507.5,509.35,816672
2016-12-21 13:15:00+05:30,509.35,510.35,508.8,509.63,428228
2016-12-21 13:45:00+05:30,509.48,509.85,508.63,508.75,472754
2016-12-21 14:15:00+05:30,508.98,509.28,507.5,509.1,489820
2016-12-21 14:45:00+05:30,509.1,509.1,499.98,500.05,1585588
2016-12-21 15:15:00+05:30,500.0,501.45,499.13,501.25,914578
2016-12-22 09:15:00+05:30,501.28,503.5,499.85,500.25,457720
2016-12-22 09:45:00+05:30,500.25,500.7,498.35,499.28,405158
2016-12-22 10:15:00+05:30,499.28,499.48,495.68,498.18,564214
2016-12-22 10:45:00+05:30,498.18,498.18,495.05,495.53,639482
2016-12-22 11:15:00+05:30,495.53,495.53,494.1,494.98,465952
2016-12-22 11:45:00+05:30,494.98,495.23,494.65,494.93,342332
2016-12-22 12:15:00+05:30,494.93,495.0,490.0,490.13,387858
2016-12-22 12:45:00+05:30,490.25,490.88,485.0,490.03,824266
2016-12-22 13:15:00+05:30,490.0,491.3,488.75,491.13,304758
2016-12-22 13:45:00+05:30,491.13,492.55,489.3,490.05,403002
2016-12-22 14:15:00+05:30,490.08,494.35,490.08,494.2,587360
2016-12-22 14:45:00+05:30,494.2,495.23,490.75,492.95,895938
2016-12-22 15:15:00+05:30,493.0,494.0,491.38,493.0,772572
2016-12-23 09:15:00+05:30,492.43,496.98,491.25,494.0,390630
2016-12-23 09:45:00+05:30,494.0,494.63,488.58,489.9,454818
2016-12-23 10:15:00+05:30,489.9,491.68,489.35,489.8,198998
2016-12-23 10:45:00+05:30,489.83,490.0,487.0,488.58,247070
2016-12-23 11:15:00+05:30,488.5,490.5,488.13,490.35,194280
2016-12-23 11:45:00+05:30,490.5,492.4,489.53,490.98,559374
2016-12-23 12:15:00+05:30,491.0,492.95,489.6,492.88,357852
2016-12-23 12:45:00+05:30,492.88,496.98,492.38,496.55,1054974
2016-12-23 13:15:00+05:30,496.83,499.9,495.8,498.9,718360
2016-12-23 13:45:00+05:30,498.98,503.3,498.5,498.78,769982
2016-12-23 14:15:00+05:30,498.95,501.78,496.78,496.85,762056
2016-12-23 14:45:00+05:30,496.98,497.55,493.13,494.28,1036730
2016-12-23 15:15:00+05:30,494.28,494.78,492.1,493.75,558004
2016-12-26 09:15:00+05:30,494.0,496.95,491.0,491.58,279972
2016-12-26 09:45:00+05:30,491.58,494.85,491.0,493.68,160874
2016-12-26 10:15:00+05:30,493.68,493.93,492.25,492.75,68780
2016-12-26 10:45:00+05:30,492.75,493.6,489.4,490.05,202722
2016-12-26 11:15:00+05:30,490.2,491.45,487.65,490.3,299714
2016-12-26 11:45:00+05:30,490.3,490.9,489.38,490.75,299172
2016-12-26 12:15:00+05:30,490.75,491.75,490.75,491.28,63666
2016-12-26 12:45:00+05:30,491.28,491.95,491.0,491.6,69740
2016-12-26 13:15:00+05:30,491.6,494.4,491.38,491.55,313430
2016-12-26 13:45:00+05:30,491.95,493.98,491.3,491.5,268854
2016-12-26 14:15:00+05:30,491.5,492.4,490.33,491.08,502584
2016-12-26 14:45:00+05:30,491.08,492.2,490.83,491.65,380402
2016-12-26 15:15:00+05:30,491.58,492.0,491.0,491.68,300030
2016-12-27 09:15:00+05:30,491.5,496.08,490.5,494.33,344384
2016-12-27 09:45:00+05:30,494.33,494.75,492.5,493.48,204014
2016-12-27 10:15:00+05:30,493.5,497.38,493.3,496.5,390768
2016-12-27 10:45:00+05:30,496.5,496.5,494.88,495.93,452488
2016-12-27 11:15:00+05:30,495.93,496.0,493.5,495.43,290480
2016-12-27 11:45:00+05:30,495.6,496.1,493.35,495.38,360950
2016-12-27 12:15:00+05:30,495.48,495.75,494.6,495.03,207038
2016-12-27 12:45:00+05:30,495.28,495.45,494.0,494.53,147956
2016-12-27 13:15:00+05:30,494.63,497.0,494.28,497.0,312112
2016-12-27 13:45:00+05:30,497.0,499.5,496.25,498.5,968232
2016-12-27 14:15:00+05:30,498.78,498.8,496.1,498.0,372528
2016-12-27 14:45:00+05:30,497.98,500.95,497.68,499.75,618092
2016-12-27 15:15:00+05:30,499.75,500.7,498.08,498.45,238388
2016-12-28 09:15:00+05:30,501.08,504.45,500.25,501.33,474924
2016-12-28 09:45:00+05:30,501.4,504.85,501.33,504.0,690682
2016-12-28 10:15:00+05:30,504.03,504.18,502.33,502.63,691818
2016-12-28 10:45:00+05:30,502.63,502.93,502.33,502.5,319958
2016-12-28 11:15:00+05:30,502.68,502.75,501.13,501.98,279720
2016-12-28 11:45:00+05:30,501.98,502.9,501.5,502.35,252558
2016-12-28 12:15:00+05:30,502.25,502.5,501.75,501.78,138112
2016-12-28 12:45:00+05:30,501.78,502.38,501.25,501.55,152864
2016-12-28 13:15:00+05:30,501.55,502.75,501.5,502.63,249844
2016-12-28 13:45:00+05:30,502.65,503.45,501.6,502.3,375934
2016-12-28 14:15:00+05:30,502.25,502.4,499.53,501.23,493028
2016-12-28 14:45:00+05:30,501.3,501.48,498.33,498.5,735898
2016-12-28 15:15:00+05:30,498.78,500.0,497.55,499.5,617458
2016-12-29 09:15:00+05:30,501.65,502.9,499.28,502.43,509014
2016-12-29 09:45:00+05:30,502.45,504.0,502.0,503.0,290344
2016-12-29 10:15:00+05:30,503.0,503.0,499.5,500.0,332230
2016-12-29 10:45:00+05:30,500.0,501.08,499.9,500.5,222014
2016-12-29 11:15:00+05:30,500.5,500.5,500.0,500.1,223750
2016-12-29 11:45:00+05:30,500.1,500.83,500.0,500.8,204768
2016-12-29 12:15:00+05:30,500.83,502.33,500.33,500.7,190438
2016-12-29 12:45:00+05:30,500.98,502.08,500.55,501.73,185474
2016-12-29 13:15:00+05:30,501.78,501.78,500.65,501.0,340938
2016-12-29 13:45:00+05:30,501.0,501.0,500.15,500.5,235308
2016-12-29 14:15:00+05:30,500.5,500.5,499.43,500.08,615344
2016-12-29 14:45:00+05:30,500.08,500.4,495.55,496.25,1607758
2016-12-29 15:15:00+05:30,496.25,496.43,494.13,495.0,1278180
2016-12-30 09:15:00+05:30,498.5,500.58,496.38,499.88,434860
2016-12-30 09:45:00+05:30,499.88,500.0,498.9,499.13,185024
2016-12-30 10:15:00+05:30,499.1,500.73,498.15,500.43,366320
2016-12-30 10:45:00+05:30,500.45,501.33,499.78,500.5,233736
2016-12-30 11:15:00+05:30,500.5,505.4,500.45,504.15,975056
2016-12-30 11:45:00+05:30,504.15,504.75,502.95,504.5,319154
2016-12-30 12:15:00+05:30,504.5,505.0,503.88,504.45,270608
2016-12-30 12:45:00+05:30,504.45,504.68,502.88,503.23,424576
2016-12-30 13:15:00+05:30,503.23,503.5,501.03,502.98,541582
2016-12-30 13:45:00+05:30,503.0,504.25,502.8,503.5,452196
2016-12-30 14:15:00+05:30,503.65,505.73,502.83,505.28,804606
2016-12-30 14:45:00+05:30,505.35,505.85,504.25,504.6,1382680
2016-12-30 15:15:00+05:30,504.6,506.0,504.6,506.0,871526
2017-01-02 09:15:00+05:30,505.73,506.43,502.5,502.58,204198
2017-01-02 09:45:00+05:30,502.58,504.3,502.15,503.33,80964
2017-01-02 10:15:00+05:30,503.5,504.1,503.3,503.8,60578
2017-01-02 10:45:00+05:30,503.8,504.9,503.55,504.5,125042
2017-01-02 11:15:00+05:30,504.3,504.55,503.5,503.9,178598
2017-01-02 11:45:00+05:30,503.9,504.0,501.83,502.5,141706
2017-01-02 12:15:00+05:30,502.5,502.5,501.25,501.5,124604
2017-01-02 12:45:00+05:30,501.5,502.13,500.23,501.25,212142
2017-01-02 13:15:00+05:30,501.25,502.5,501.0,502.5,212692
2017-01-02 13:45:00+05:30,502.38,503.55,501.0,502.5,232090
2017-01-02 14:15:00+05:30,502.5,503.25,502.1,502.48,154372
2017-01-02 14:45:00+05:30,502.48,502.5,499.68,500.43,374982
2017-01-02 15:15:00+05:30,500.43,501.5,500.15,501.45,226788
2017-01-03 09:15:00+05:30,502.45,502.45,492.5,493.8,551808
2017-01-03 09:45:00+05:30,493.8,493.85,491.03,492.1,819852
2017-01-03 10:15:00+05:30,492.08,493.45,491.73,493.13,416808
2017-01-03 10:45:00+05:30,493.08,493.75,492.65,493.33,317904
2017-01-03 11:15:00+05:30,492.93,493.73,492.15,493.25,670712
2017-01-03 11:45:00+05:30,493.25,493.98,493.0,493.78,428682
2017-01-03 12:15:00+05:30,493.83,495.4,493.75,494.93,386598
2017-01-03 12:45:00+05:30,494.93,495.25,494.5,495.0,496416
2017-01-03 13:15:00+05:30,495.03,496.23,494.55,495.75,356666
2017-01-03 13:45:00+05:30,495.95,498.18,495.75,497.23,625460
2017-01-03 14:15:00+05:30,497.23,497.83,497.0,497.6,395658
2017-01-03 14:45:00+05:30,497.75,498.0,495.1,495.1,660546
2017-01-03 15:15:00+05:30,495.08,497.95,495.0,497.53,642586
2017-01-04 09:15:00+05:30,497.53,502.1,497.53,498.93,554650
2017-01-04 09:45:00+05:30,498.9,500.0,498.53,499.2,276734
2017-01-04 10:15:00+05:30,499.2,499.25,498.3,498.65,250144
2017-01-04 10:45:00+05:30,498.68,499.75,498.55,499.7,347590
2017-01-04 11:15:00+05:30,499.7,500.8,499.45,499.63,537944
2017-01-04 11:45:00+05:30,499.63,500.03,498.85,498.85,433420
2017-01-04 12:15:00+05:30,498.85,499.63,498.18,498.98,506468
2017-01-04 12:45:00+05:30,499.0,499.88,498.98,499.7,245570
2017-01-04 13:15:00+05:30,499.73,500.0,499.68,499.95,451852
2017-01-04 13:45:00+05:30,499.93,500.0,499.88,499.98,568986
2017-01-04 14:15:00+05:30,499.98,500.33,498.25,499.7,986164
2017-01-04 14:45:00+05:30,499.7,499.78,498.75,499.33,1114026
2017-01-04 15:15:00+05:30,499.33,499.5,496.15,496.23,798016
2017-01-05 09:15:00+05:30,501.43,503.93,500.18,502.95,1247864
2017-01-05 09:45:00+05:30,502.95,503.73,502.08,502.98,608270
2017-01-05 10:15:00+05:30,502.98,504.75,502.63,503.08,528006
2017-01-05 10:45:00+05:30,503.08,503.65,502.4,502.4,380764
2017-01-05 11:15:00+05:30,502.45,503.25,502.33,502.98,330352
2017-01-05 11:45:00+05:30,502.93,503.5,502.0,502.5,533478
2017-01-05 12:15:00+05:30,502.48,502.58,499.6,500.48,463714
2017-01-05 12:45:00+05:30,500.53,500.53,498.68,499.65,353532
2017-01-05 13:15:00+05:30,499.65,499.83,497.2,497.53,462404
2017-01-05 13:45:00+05:30,497.53,498.45,496.05,496.2,554872
2017-01-05 14:15:00+05:30,496.2,497.25,494.55,496.75,845530
2017-01-05 14:45:00+05:30,496.75,498.25,496.45,497.63,1073042
2017-01-05 15:15:00+05:30,497.63,499.1,497.33,498.1,811330
2017-01-06 09:15:00+05:30,497.3,499.4,488.5,488.95,1761938
2017-01-06 09:45:00+05:30,488.85,488.88,484.5,486.5,2323968
2017-01-06 10:15:00+05:30,486.5,486.68,484.5,485.25,1492882
2017-01-06 10:45:00+05:30,485.25,486.3,484.75,485.08,1178716
2017-01-06 11:15:00+05:30,485.13,486.1,484.75,486.0,685204
2017-01-06 11:45:00+05:30,486.0,487.1,485.25,486.95,547166
2017-01-06 12:15:00+05:30,486.95,487.3,485.58,487.0,772352
2017-01-06 12:45:00+05:30,487.0,487.38,486.0,486.25,527182
2017-01-06 13:15:00+05:30,486.28,487.08,485.7,486.88,577274
2017-01-06 13:45:00+05:30,486.88,487.0,485.55,485.9,625044
2017-01-06 14:15:00+05:30,485.9,486.45,485.58,485.65,619518
2017-01-06 14:45:00+05:30,485.65,486.45,484.08,485.05,1652102
2017-01-06 15:15:00+05:30,485.08,490.15,485.05,488.65,1613434
2017-01-09 09:15:00+05:30,486.5,488.35,483.53,483.68,1256788
2017-01-09 09:45:00+05:30,483.68,484.78,482.5,483.88,809498
2017-01-09 10:15:00+05:30,483.78,486.33,483.03,484.0,957094
2017-01-09 10:45:00+05:30,484.08,485.03,483.63,484.33,690054
2017-01-09 11:15:00+05:30,484.25,485.15,484.0,484.53,880858
2017-01-09 11:45:00+05:30,484.5,484.9,484.08,484.53,445984
2017-01-09 12:15:00+05:30,484.5,484.85,483.75,484.3,568852
2017-01-09 12:45:00+05:30,484.1,484.28,483.0,483.5,1632220
2017-01-09 13:15:00+05:30,483.5,484.35,483.1,484.0,388366
2017-01-09 13:45:00+05:30,484.1,485.45,483.83,485.35,555468
2017-01-09 14:15:00+05:30,485.4,485.73,484.4,485.55,707712
2017-01-09 14:45:00+05:30,485.6,485.75,484.78,485.08,792942
2017-01-09 15:15:00+05:30,485.05,485.6,484.75,485.0,829760
2017-01-10 09:15:00+05:30,489.1,490.48,488.0,488.38,1597636
2017-01-10 09:45:00+05:30,488.38,488.98,487.03,487.4,1592360
2017-01-10 10:15:00+05:30,487.4,487.73,486.6,487.03,623356
2017-01-10 10:45:00+05:30,486.98,487.2,486.68,486.9,700946
2017-01-10 11:15:00+05:30,486.9,487.13,486.85,486.9,347192
2017-01-10 11:45:00+05:30,486.9,487.13,486.75,486.93,339234
2017-01-10 12:15:00+05:30,486.93,487.55,486.83,487.25,803670
2017-01-10 12:45:00+05:30,487.25,487.55,487.0,487.0,1059006
2017-01-10 13:15:00+05:30,487.0,487.08,485.55,486.53,537962
2017-01-10 13:45:00+05:30,486.53,486.55,485.9,486.05,644696
2017-01-10 14:15:00+05:30,486.05,486.15,484.5,484.95,1120552
2017-01-10 14:45:00+05:30,484.95,485.75,483.98,485.08,1415096
2017-01-10 15:15:00+05:30,485.15,485.9,484.93,485.8,1136498
2017-01-11 09:15:00+05:30,487.48,488.5,485.28,485.73,1069342
2017-01-11 09:45:00+05:30,485.73,486.0,484.0,484.7,514928
2017-01-11 10:15:00+05:30,484.68,484.78,482.0,483.0,1087014
2017-01-11 10:45:00+05:30,483.03,484.03,482.63,483.55,506752
2017-01-11 11:15:00+05:30,483.58,483.85,482.55,482.55,583802
2017-01-11 11:45:00+05:30,482.53,482.93,482.2,482.58,781634
2017-01-11 12:15:00+05:30,482.58,482.98,482.38,482.6,665882
2017-01-11 12:45:00+05:30,482.6,482.85,482.25,482.6,674014
2017-01-11 13:15:00+05:30,482.63,484.33,482.5,483.25,1085352
2017-01-11 13:45:00+05:30,483.28,483.75,482.78,483.73,738212
2017-01-11 14:15:00+05:30,483.75,484.0,483.23,483.8,1054536
2017-01-11 14:45:00+05:30,483.85,485.0,483.63,484.55,1467868
2017-01-11 15:15:00+05:30,484.58,484.95,484.28,484.7,2007050
2017-01-12 09:15:00+05:30,489.15,497.45,489.08,495.5,1414406
2017-01-12 09:45:00+05:30,495.5,496.6,494.5,496.3,901976
2017-01-12 10:15:00+05:30,496.33,496.5,494.83,495.5,723658
2017-01-12 10:45:00+05:30,495.5,495.9,494.38,494.68,717992
2017-01-12 11:15:00+05:30,494.8,494.98,493.68,494.18,740968
2017-01-12 11:45:00+05:30,494.0,495.4,493.43,494.15,568942
2017-01-12 12:15:00+05:30,494.13,494.43,493.55,493.98,777054
2017-01-12 12:45:00+05:30,493.98,496.0,493.73,494.9,607786
2017-01-12 13:15:00+05:30,495.03,495.7,494.95,495.2,571710
2017-01-12 13:45:00+05:30,495.2,497.0,495.0,497.0,917918
2017-01-12 14:15:00+05:30,497.0,498.85,496.88,497.98,1243166
2017-01-12 14:45:00+05:30,497.98,500.78,497.4,500.0,1518162
2017-01-12 15:15:00+05:30,500.0,502.2,499.78,501.0,1111842
2017-01-13 09:15:00+05:30,517.08,520.0,494.18,498.98,11320904
2017-01-13 09:45:00+05:30,498.95,502.25,493.6,494.5,3999856
2017-01-13 10:15:00+05:30,494.5,496.75,482.1,489.4,4022152
2017-01-13 10:45:00+05:30,489.43,492.68,487.5,490.7,1588350
2017-01-13 11:15:00+05:30,490.55,492.88,490.15,490.58,696664
2017-01-13 11:45:00+05:30,490.63,490.78,488.55,489.98,708054
2017-01-13 12:15:00+05:30,489.98,490.03,488.55,489.28,647046
2017-01-13 12:45:00+05:30,489.28,489.53,487.03,487.7,1138486
2017-01-13 13:15:00+05:30,487.5,489.5,487.25,488.7,463492
2017-01-13 13:45:00+05:30,488.7,489.5,485.15,485.53,964670
2017-01-13 14:15:00+05:30,485.65,488.38,484.43,485.58,1565408
2017-01-13 14:45:00+05:30,485.58,489.53,485.5,488.23,2268300
2017-01-13 15:15:00+05:30,488.25,488.8,485.8,486.08,1796746
2017-01-16 09:15:00+05:30,481.73,481.73,476.45,479.15,2051022
2017-01-16 09:45:00+05:30,479.33,479.5,477.85,478.85,877804
2017-01-16 10:15:00+05:30,478.9,481.15,478.3,480.6,1079570
2017-01-16 10:45:00+05:30,480.55,480.6,479.55,480.05,610016
2017-01-16 11:15:00+05:30,480.03,480.4,479.53,480.08,593496
2017-01-16 11:45:00+05:30,480.1,480.6,479.93,480.45,473278
2017-01-16 12:15:00+05:30,480.48,482.48,480.35,482.3,788120
2017-01-16 12:45:00+05:30,482.28,482.6,480.6,480.93,910800
2017-01-16 13:15:00+05:30,480.93,481.0,480.13,480.28,952670
2017-01-16 13:45:00+05:30,480.33,480.5,479.73,480.0,928612
2017-01-16 14:15:00+05:30,480.0,480.1,478.78,479.28,654870
2017-01-16 14:45:00+05:30,479.28,479.28,477.2,477.5,1382178
2017-01-16 15:15:00+05:30,477.55,478.8,477.03,478.55,1023210
2017-01-17 09:15:00+05:30,478.93,482.0,478.5,481.38,836574
2017-01-17 09:45:00+05:30,481.4,481.4,478.58,478.9,403060
2017-01-17 10:15:00+05:30,478.88,479.38,478.4,478.78,383270
2017-01-17 10:45:00+05:30,478.78,480.0,478.63,479.35,228566
2017-01-17 11:15:00+05:30,479.35,479.75,479.0,479.55,177666
2017-01-17 11:45:00+05:30,479.55,480.5,479.53,480.13,676250
2017-01-17 12:15:00+05:30,480.15,480.4,479.13,479.65,319726
2017-01-17 12:45:00+05:30,479.63,480.0,479.5,479.75,269728
2017-01-17 13:15:00+05:30,479.78,480.05,478.55,478.7,296258
2017-01-17 13:45:00+05:30,478.65,478.93,476.45,477.53,441368
2017-01-17 14:15:00+05:30,477.53,478.2,477.5,477.55,331242
2017-01-17 14:45:00+05:30,477.55,478.13,477.55,477.63,552852
2017-01-17 15:15:00+05:30,477.68,478.1,477.5,477.78,629558
2017-01-18 09:15:00+05:30,479.13,480.5,478.0,480.05,602820
2017-01-18 09:45:00+05:30,480.05,480.18,478.33,478.88,249082
2017-01-18 10:15:00+05:30,478.88,479.5,477.65,479.18,267176
2017-01-18 10:45:00+05:30,479.15,479.73,478.65,479.03,247268
2017-01-18 11:15:00+05:30,479.05,479.53,478.6,479.35,192970
2017-01-18 11:45:00+05:30,479.35,479.73,479.05,479.5,287832
2017-01-18 12:15:00+05:30,479.5,479.55,479.08,479.43,272166
2017-01-18 12:45:00+05:30,479.43,479.6,478.65,478.95,344292
2017-01-18 13:15:00+05:30,478.95,479.38,478.5,478.55,675198
2017-01-18 13:45:00+05:30,478.53,478.78,478.18,478.4,345824
2017-01-18 14:15:00+05:30,478.4,478.75,477.13,477.2,429206
2017-01-18 14:45:00+05:30,477.0,477.48,474.98,475.48,1068862
2017-01-18 15:15:00+05:30,475.45,475.88,474.98,475.35,959870
2017-01-19 09:15:00+05:30,476.33,477.6,474.08,476.68,1396294
2017-01-19 09:45:00+05:30,476.73,477.08,476.05,476.5,335362
2017-01-19 10:15:00+05:30,476.53,476.58,475.9,476.03,216774
2017-01-19 10:45:00+05:30,476.03,476.55,475.98,476.43,270058
2017-01-19 11:15:00+05:30,476.43,476.68,475.9,476.43,380998
2017-01-19 11:45:00+05:30,476.43,476.55,475.73,475.98,309140
2017-01-19 12:15:00+05:30,475.98,476.0,475.03,475.33,583602
2017-01-19 12:45:00+05:30,475.33,475.45,475.0,475.03,323096
2017-01-19 13:15:00+05:30,475.05,475.3,474.98,475.15,351706
2017-01-19 13:45:00+05:30,475.15,475.15,474.18,474.75,589008
2017-01-19 14:15:00+05:30,474.78,479.5,474.55,478.9,1244946
2017-01-19 14:45:00+05:30,479.0,479.7,477.78,478.63,1729308
2017-01-19 15:15:00+05:30,478.63,479.33,478.35,478.65,1122700
2017-01-20 09:15:00+05:30,476.0,476.38,473.03,474.25,943904
2017-01-20 09:45:00+05:30,474.25,476.5,474.0,474.95,566116
2017-01-20 10:15:00+05:30,474.95,475.8,474.28,474.53,453918
2017-01-20 10:45:00+05:30,474.55,476.4,474.5,476.15,527724
2017-01-20 11:15:00+05:30,476.28,476.5,474.95,475.05,449300
2017-01-20 11:45:00+05:30,475.05,475.65,474.25,475.25,554494
2017-01-20 12:15:00+05:30,475.3,475.78,475.13,475.15,416810
2017-01-20 12:45:00+05:30,475.4,475.4,473.4,473.85,634788
2017-01-20 13:15:00+05:30,473.85,474.0,473.25,473.6,498546
2017-01-20 13:45:00+05:30,473.6,474.15,473.48,473.73,603584
2017-01-20 14:15:00+05:30,473.73,474.9,473.5,474.45,670896
2017-01-20 14:45:00+05:30,474.58,474.98,473.6,474.4,1717672
2017-01-20 15:15:00+05:30,474.38,474.75,473.05,474.0,1073012
2017-01-23 09:15:00+05:30,472.5,476.0,470.0,475.55,963152
2017-01-23 09:45:00+05:30,475.6,478.45,475.33,478.45,1215556
2017-01-23 10:15:00+05:30,478.4,479.0,477.33,477.98,466174
2017-01-23 10:45:00+05:30,477.95,478.4,476.75,478.03,352056
2017-01-23 11:15:00+05:30,478.0,478.5,477.03,478.43,419578
2017-01-23 11:45:00+05:30,478.4,478.75,477.1,477.98,527364
2017-01-23 12:15:00+05:30,477.95,478.3,477.73,477.98,414416
2017-01-23 12:45:00+05:30,477.98,478.25,477.68,477.98,348566
2017-01-23 13:15:00+05:30,477.98,478.25,477.13,477.75,385988
2017-01-23 13:45:00+05:30,477.73,478.4,476.98,478.0,478600
2017-01-23 14:15:00+05:30,478.18,478.18,476.25,477.1,565406
2017-01-23 14:45:00+05:30,477.08,477.85,475.3,476.3,1109490
2017-01-23 15:15:00+05:30,475.95,476.93,475.55,476.48,674702
2017-01-24 09:15:00+05:30,473.9,473.95,471.5,472.05,835646
2017-01-24 09:45:00+05:30,472.05,472.2,470.08,471.0,605482
2017-01-24 10:15:00+05:30,471.18,471.53,470.28,471.03,495962
2017-01-24 10:45:00+05:30,471.05,472.48,471.0,472.15,470660
2017-01-24 11:15:00+05:30,472.18,472.4,471.1,471.33,268932
2017-01-24 11:45:00+05:30,471.35,472.08,471.25,471.43,206416
2017-01-24 12:15:00+05:30,471.43,471.78,471.0,471.0,390402
2017-01-24 12:45:00+05:30,470.95,471.5,470.63,471.5,222748
2017-01-24 13:15:00+05:30,471.5,471.93,471.1,471.75,507708
2017-01-24 13:45:00+05:30,471.78,472.7,471.5,472.43,481666
2017-01-24 14:15:00+05:30,472.43,472.85,472.25,472.5,435122
2017-01-24 14:45:00+05:30,472.65,472.95,472.25,472.5,854690
2017-01-24 15:15:00+05:30,472.58,473.58,472.25,473.5,1036696
2017-01-25 09:15:00+05:30,473.18,473.4,468.85,470.58,1264648
2017-01-25 09:45:00+05:30,470.58,470.58,469.3,469.65,595084
2017-01-25 10:15:00+05:30,469.65,471.25,469.08,471.05,991068
2017-01-25 10:45:00+05:30,471.05,472.23,470.6,471.95,627026
2017-01-25 11:15:00+05:30,471.98,472.5,471.7,472.4,517470
2017-01-25 11:45:00+05:30,472.43,472.55,471.08,471.5,449652
2017-01-25 12:15:00+05:30,471.5,471.63,470.08,470.8,315100
2017-01-25 12:45:00+05:30,470.8,470.98,470.28,470.48,276570
2017-01-25 13:15:00+05:30,470.48,470.95,469.5,470.4,363000
2017-01-25 13:45:00+05:30,470.38,470.8,469.68,469.7,323730
2017-01-25 14:15:00+05:30,469.7,470.5,469.08,470.05,429824
2017-01-25 14:45:00+05:30,470.03,470.3,467.5,467.7,2148796
2017-01-25 15:15:00+05:30,467.73,469.1,467.55,468.0,1659442
2017-01-27 09:15:00+05:30,466.5,467.9,463.0,467.35,2160674
2017-01-27 09:45:00+05:30,467.38,468.98,467.15,467.5,1195672
2017-01-27 10:15:00+05:30,467.48,468.1,467.0,467.85,676840
2017-01-27 10:45:00+05:30,467.85,469.98,467.5,469.98,423686
2017-01-27 11:15:00+05:30,469.98,471.88,469.98,471.2,828640
2017-01-27 11:45:00+05:30,471.25,471.5,470.43,471.48,423242
2017-01-27 12:15:00+05:30,471.48,471.5,469.43,470.95,326102
2017-01-27 12:45:00+05:30,470.95,473.15,470.8,472.83,561136
2017-01-27 13:15:00+05:30,472.8,473.78,472.15,472.5,620592
2017-01-27 13:45:00+05:30,472.55,473.23,472.0,472.3,982522
2017-01-27 14:15:00+05:30,472.3,472.55,470.25,470.48,825912
2017-01-27 14:45:00+05:30,470.5,471.73,470.33,471.5,708532
2017-01-27 15:15:00+05:30,471.5,471.7,470.43,471.33,878300
2017-01-30 09:15:00+05:30,468.68,468.68,464.6,467.25,994072
2017-01-30 09:45:00+05:30,467.25,468.5,466.53,466.88,394970
2017-01-30 10:15:00+05:30,466.85,466.85,465.8,466.33,287388
2017-01-30 10:45:00+05:30,466.33,468.35,466.15,467.9,409016
2017-01-30 11:15:00+05:30,467.98,471.13,467.63,471.0,823448
2017-01-30 11:45:00+05:30,471.0,473.35,470.65,472.98,1681956
2017-01-30 12:15:00+05:30,472.98,473.8,471.88,473.6,530506
2017-01-30 12:45:00+05:30,473.63,474.13,473.2,473.5,755558
2017-01-30 13:15:00+05:30,473.53,474.15,473.18,473.83,799488
2017-01-30 13:45:00+05:30,474.0,474.08,470.8,471.23,736106
2017-01-30 14:15:00+05:30,471.25,473.2,471.0,473.0,703844
2017-01-30 14:45:00+05:30,473.08,475.58,472.58,475.03,1867132
2017-01-30 15:15:00+05:30,475.13,475.75,473.58,474.03,1376174
2017-01-31 09:15:00+05:30,470.05,470.05,466.48,466.6,1387542
2017-01-31 09:45:00+05:30,466.6,468.68,465.93,468.5,665288
2017-01-31 10:15:00+05:30,468.68,468.68,467.75,468.45,550436
2017-01-31 10:45:00+05:30,468.25,468.7,467.8,468.6,807484
2017-01-31 11:15:00+05:30,468.6,468.73,466.98,467.93,875814
2017-01-31 11:45:00+05:30,468.0,468.45,454.55,457.28,3843458
2017-01-31 12:15:00+05:30,457.1,460.7,452.18,457.5,4229686
2017-01-31 12:45:00+05:30,457.5,461.18,457.38,460.05,2234936
2017-01-31 13:15:00+05:30,460.05,465.73,460.0,465.15,2114940
2017-01-31 13:45:00+05:30,465.15,465.2,462.53,462.68,1206796
2017-01-31 14:15:00+05:30,462.7,465.28,462.53,463.15,1688564
2017-01-31 14:45:00+05:30,463.28,465.1,461.88,465.03,2635818
2017-01-31 15:15:00+05:30,465.0,465.45,463.83,464.7,1770900
2017-02-01 09:15:00+05:30,460.55,461.48,452.65,454.9,1813726
2017-02-01 09:45:00+05:30,455.0,455.08,453.35,454.1,1070446
2017-02-01 10:15:00+05:30,454.1,454.88,453.0,454.18,950736
2017-02-01 10:45:00+05:30,454.18,455.25,454.15,455.0,749446
2017-02-01 11:15:00+05:30,455.0,455.85,453.5,454.13,1071646
2017-02-01 11:45:00+05:30,454.08,455.68,454.08,455.63,405250
2017-02-01 12:15:00+05:30,455.6,457.88,455.6,457.3,606000
2017-02-01 12:45:00+05:30,457.33,460.55,457.0,457.3,714808
2017-02-01 13:15:00+05:30,457.33,458.7,457.0,458.0,484092
2017-02-01 13:45:00+05:30,458.0,460.5,457.38,460.2,678746
2017-02-01 14:15:00+05:30,460.15,460.8,459.43,460.0,708674
2017-02-01 14:45:00+05:30,460.0,460.45,457.53,457.7,1404546
2017-02-01 15:15:00+05:30,457.65,458.7,457.55,457.55,855878
2017-02-02 09:15:00+05:30,458.5,458.5,455.33,457.5,1469654
2017-02-02 09:45:00+05:30,457.5,462.55,456.5,461.08,875036
2017-02-02 10:15:00+05:30,461.08,461.75,458.28,461.05,541278
2017-02-02 10:45:00+05:30,461.1,466.43,461.05,465.8,1021834
2017-02-02 11:15:00+05:30,465.83,467.33,463.65,464.38,1009484
2017-02-02 11:45:00+05:30,464.35,466.9,464.25,466.65,430244
2017-02-02 12:15:00+05:30,466.75,471.28,466.4,471.28,1028776
2017-02-02 12:45:00+05:30,471.25,471.25,467.5,469.63,677286
2017-02-02 13:15:00+05:30,469.63,470.75,468.95,469.23,727738
2017-02-02 13:45:00+05:30,469.23,471.25,466.0,471.18,1122902
2017-02-02 14:15:00+05:30,471.25,472.43,470.25,471.8,1105750
2017-02-02 14:45:00+05:30,471.8,472.5,467.0,467.18,1194144
2017-02-02 15:15:00+05:30,467.13,467.53,465.65,467.35,604812
2017-02-03 09:15:00+05:30,466.48,466.63,461.55,462.43,978798
2017-02-03 09:45:00+05:30,462.43,463.9,460.53,460.8,551774
2017-02-03 10:15:00+05:30,460.73,463.95,460.58,462.15,825028
2017-02-03 10:45:00+05:30,462.4,463.5,462.13,462.35,495246
2017-02-03 11:15:00+05:30,462.35,462.78,461.28,462.0,516050
2017-02-03 11:45:00+05:30,461.93,463.1,461.93,462.65,440460
2017-02-03 12:15:00+05:30,462.6,463.48,462.33,463.25,386052
2017-02-03 12:45:00+05:30,463.4,466.5,463.0,465.6,931974
2017-02-03 13:15:00+05:30,465.55,466.5,465.35,466.05,463276
2017-02-03 13:45:00+05:30,466.25,468.4,465.58,468.1,510902
2017-02-03 14:15:00+05:30,468.1,470.43,466.68,467.5,974344
2017-02-03 14:45:00+05:30,467.65,468.78,467.5,468.2,843150
2017-02-03 15:15:00+05:30,468.2,468.75,467.1,467.1,493928
2017-02-06 09:15:00+05:30,470.5,470.73,467.5,469.45,694340
2017-02-06 09:45:00+05:30,469.45,469.68,465.48,465.73,556968
2017-02-06 10:15:00+05:30,465.9,468.23,465.6,466.73,338438
2017-02-06 10:45:00+05:30,466.73,467.45,465.55,466.9,156360
2017-02-06 11:15:00+05:30,466.9,467.93,466.4,467.63,442642
2017-02-06 11:45:00+05:30,467.63,467.8,467.38,467.5,348532
2017-02-06 12:15:00+05:30,467.5,468.0,467.43,467.58,447446
2017-02-06 12:45:00+05:30,467.58,469.0,467.5,468.6,491198
2017-02-06 13:15:00+05:30,468.6,469.25,467.83,468.48,879070
2017-02-06 13:45:00+05:30,468.58,468.6,466.85,467.5,436622
2017-02-06 14:15:00+05:30,467.5,469.13,467.5,467.75,608316
2017-02-06 14:45:00+05:30,467.95,468.9,467.4,467.6,631626
2017-02-06 15:15:00+05:30,467.6,467.85,466.63,467.0,686522
2017-02-07 09:15:00+05:30,467.25,468.3,464.33,466.2,483658
2017-02-07 09:45:00+05:30,466.2,466.93,465.5,466.13,391048
2017-02-07 10:15:00+05:30,466.3,466.5,466.0,466.3,127698
2017-02-07 10:45:00+05:30,466.3,466.6,466.0,466.5,222766
2017-02-07 11:15:00+05:30,466.33,466.5,465.78,466.48,177150
2017-02-07 11:45:00+05:30,466.48,466.63,466.0,466.35,343552
2017-02-07 12:15:00+05:30,466.35,466.58,465.5,465.75,220380
2017-02-07 12:45:00+05:30,465.75,466.28,465.6,465.75,324642
2017-02-07 13:15:00+05:30,465.75,465.95,465.05,465.53,226400
2017-02-07 13:45:00+05:30,465.53,465.98,465.43,465.63,478478
2017-02-07 14:15:00+05:30,465.75,465.75,465.2,465.48,517946
2017-02-07 14:45:00+05:30,465.48,466.53,465.48,466.48,2012996
2017-02-07 15:15:00+05:30,466.48,474.85,466.25,472.6,3735056
2017-02-08 09:15:00+05:30,467.0,471.58,466.5,471.53,1391340
2017-02-08 09:45:00+05:30,471.58,472.05,466.58,466.58,613932
2017-02-08 10:15:00+05:30,466.68,468.6,466.5,467.18,488312
2017-02-08 10:45:00+05:30,467.18,468.2,467.0,467.75,293262
2017-02-08 11:15:00+05:30,467.75,468.13,467.13,467.18,142800
2017-02-08 11:45:00+05:30,467.18,467.78,467.13,467.55,130386
2017-02-08 12:15:00+05:30,467.5,467.78,466.25,466.45,209556
2017-02-08 12:45:00+05:30,466.45,467.98,466.38,467.73,440946
2017-02-08 13:15:00+05:30,467.73,467.98,467.5,467.53,120642
2017-02-08 13:45:00+05:30,467.5,467.83,467.45,467.73,298140
2017-02-08 14:15:00+05:30,467.73,468.25,467.45,467.9,275814
2017-02-08 14:45:00+05:30,467.9,469.35,467.5,469.13,867362
2017-02-08 15:15:00+05:30,469.33,469.33,467.0,467.0,1003174
2017-02-09 09:15:00+05:30,468.5,471.35,468.33,470.93,947856
2017-02-09 09:45:00+05:30,470.93,472.5,470.7,471.48,1786038
2017-02-09 10:15:00+05:30,471.48,471.9,470.73,471.1,532564
2017-02-09 10:45:00+05:30,471.1,471.68,470.58,470.95,722980
2017-02-09 11:15:00+05:30,470.95,471.3,469.63,470.98,495880
2017-02-09 11:45:00+05:30,471.0,471.33,470.28,471.25,503248
2017-02-09 12:15:00+05:30,471.25,473.98,471.25,472.88,1147706
2017-02-09 12:45:00+05:30,472.88,473.1,472.1,472.33,1497254
2017-02-09 13:15:00+05:30,472.3,473.73,472.23,473.58,626246
2017-02-09 13:45:00+05:30,473.58,474.7,473.18,473.98,771220
2017-02-09 14:15:00+05:30,473.85,474.85,473.13,474.53,647068
2017-02-09 14:45:00+05:30,474.55,475.0,473.0,473.73,1144398
2017-02-09 15:15:00+05:30,473.75,473.75,471.78,473.0,1054978
2017-02-10 09:15:00+05:30,473.63,477.33,471.7,474.0,1910652
2017-02-10 09:45:00+05:30,474.0,474.63,473.8,474.58,460828
2017-02-10 10:15:00+05:30,474.58,475.55,474.3,475.5,442420
2017-02-10 10:45:00+05:30,475.5,477.45,475.0,476.1,527992
2017-02-10 11:15:00+05:30,476.1,477.1,474.5,476.88,479892
2017-02-10 11:45:00+05:30,476.88,477.45,476.4,477.15,428684
2017-02-10 12:15:00+05:30,477.15,478.55,477.0,478.55,469224
2017-02-10 12:45:00+05:30,478.55,479.98,478.2,479.48,684842
2017-02-10 13:15:00+05:30,479.4,482.35,478.1,479.4,1111050
2017-02-10 13:45:00+05:30,479.4,482.9,479.3,482.8,1388404
2017-02-10 14:15:00+05:30,482.8,486.0,482.5,484.5,2222100
2017-02-10 14:45:00+05:30,484.58,484.95,482.5,484.23,1186492
2017-02-10 15:15:00+05:30,484.2,484.5,483.5,483.5,844736
2017-02-13 09:15:00+05:30,486.08,488.98,481.5,486.1,1392712
2017-02-13 09:45:00+05:30,486.1,488.03,486.0,487.63,1393010
2017-02-13 10:15:00+05:30,487.6,488.3,487.0,488.25,879856
2017-02-13 10:45:00+05:30,488.25,490.25,486.28,487.55,2046922
2017-02-13 11:15:00+05:30,487.63,488.28,486.75,487.43,809202
2017-02-13 11:45:00+05:30,487.43,490.88,487.1,489.05,1200182
2017-02-13 12:15:00+05:30,489.25,490.68,488.35,490.05,535828
2017-02-13 12:45:00+05:30,490.0,491.0,488.8,490.65,571024
2017-02-13 13:15:00+05:30,490.65,492.0,490.6,491.38,532042
2017-02-13 13:45:00+05:30,491.38,492.73,491.0,492.28,678304
2017-02-13 14:15:00+05:30,492.33,492.58,489.68,490.5,772454
2017-02-13 14:45:00+05:30,490.5,492.13,490.3,492.08,1428868
2017-02-13 15:15:00+05:30,492.08,493.0,491.73,492.0,1441082
2017-02-14 09:15:00+05:30,490.03,491.1,486.18,490.0,1842152
2017-02-14 09:45:00+05:30,490.0,490.35,488.5,489.0,610922
2017-02-14 10:15:00+05:30,489.03,489.03,488.38,488.75,458222
2017-02-14 10:45:00+05:30,488.75,489.73,488.58,489.5,273112
2017-02-14 11:15:00+05:30,489.5,489.7,488.53,488.75,122216
2017-02-14 11:45:00+05:30,488.75,489.73,488.48,489.58,491616
2017-02-14 12:15:00+05:30,489.73,490.0,489.1,489.68,299164
2017-02-14 12:45:00+05:30,489.7,494.25,489.55,493.13,856128
2017-02-14 13:15:00+05:30,493.1,493.78,492.53,493.4,586654
2017-02-14 13:45:00+05:30,493.45,493.48,492.33,493.08,524400
2017-02-14 14:15:00+05:30,493.08,493.73,492.53,493.4,732742
2017-02-14 14:45:00+05:30,493.4,494.5,492.9,493.83,1494286
2017-02-14 15:15:00+05:30,493.75,494.28,492.63,493.5,1025818
2017-02-15 09:15:00+05:30,494.6,499.3,494.25,496.98,1076296
2017-02-15 09:45:00+05:30,496.9,497.75,496.88,497.5,497958
2017-02-15 10:15:00+05:30,497.5,497.73,495.9,496.63,450006
2017-02-15 10:45:00+05:30,496.63,496.85,489.73,490.78,1230640
2017-02-15 11:15:00+05:30,490.78,492.23,488.28,489.3,392916
2017-02-15 11:45:00+05:30,489.3,489.68,486.23,487.83,468600
2017-02-15 12:15:00+05:30,487.7,488.48,484.88,486.7,429690
2017-02-15 12:45:00+05:30,486.7,489.0,486.2,488.9,229762
2017-02-15 13:15:00+05:30,488.9,490.0,487.83,489.48,208682
2017-02-15 13:45:00+05:30,489.48,490.8,486.53,490.5,345110
2017-02-15 14:15:00+05:30,490.63,492.7,489.03,490.2,595940
2017-02-15 14:45:00+05:30,490.13,491.0,490.05,491.0,676378
2017-02-15 15:15:00+05:30,490.88,492.45,490.5,491.2,648782
2017-02-16 09:15:00+05:30,497.78,500.65,497.58,499.23,2071760
2017-02-16 09:45:00+05:30,499.23,499.53,495.95,498.73,1420954
2017-02-16 10:15:00+05:30,498.73,499.9,498.53,499.38,550682
2017-02-16 10:45:00+05:30,499.4,499.5,498.0,498.5,495484
2017-02-16 11:15:00+05:30,498.5,500.5,498.18,500.0,686992
2017-02-16 11:45:00+05:30,500.0,503.38,499.78,503.13,781878
2017-02-16 12:15:00+05:30,503.15,504.98,503.0,504.95,1343780
2017-02-16 12:45:00+05:30,504.95,505.95,503.85,504.98,1011184
2017-02-16 13:15:00+05:30,505.0,506.25,504.55,505.5,810048
2017-02-16 13:45:00+05:30,505.3,506.25,504.3,504.75,645402
2017-02-16 14:15:00+05:30,504.8,505.3,502.65,504.18,1079362
2017-02-16 14:45:00+05:30,504.35,506.95,503.75,505.68,1132130
2017-02-16 15:15:00+05:30,505.68,506.95,505.5,506.0,771900
2017-02-17 09:15:00+05:30,506.83,506.83,499.35,501.78,618130
2017-02-17 09:45:00+05:30,501.53,501.7,496.35,497.65,519516
2017-02-17 10:15:00+05:30,497.65,499.9,497.1,497.98,894136
2017-02-17 10:45:00+05:30,497.98,499.5,497.38,499.3,360596
2017-02-17 11:15:00+05:30,499.3,499.8,498.03,499.1,126390
2017-02-17 11:45:00+05:30,499.0,501.7,498.93,501.48,197450
2017-02-17 12:15:00+05:30,501.48,502.9,500.8,501.33,244434
2017-02-17 12:45:00+05:30,501.5,501.5,499.9,500.18,295936
2017-02-17 13:15:00+05:30,500.0,503.5,499.9,502.55,356236
2017-02-17 13:45:00+05:30,502.55,503.0,501.95,502.65,181364
2017-02-17 14:15:00+05:30,502.63,502.9,500.2,500.88,247740
2017-02-17 14:45:00+05:30,500.88,501.7,500.3,500.45,334214
2017-02-17 15:15:00+05:30,500.4,500.45,498.3,499.5,469368
2017-02-20 09:15:00+05:30,498.2,502.25,496.85,499.45,399232
2017-02-20 09:45:00+05:30,499.28,501.48,499.13,500.93,247546
2017-02-20 10:15:00+05:30,500.93,500.95,497.88,497.88,266742
2017-02-20 10:45:00+05:30,497.88,498.4,497.28,498.0,357938
2017-02-20 11:15:00+05:30,498.0,499.5,497.98,499.18,198614
2017-02-20 11:45:00+05:30,499.18,499.25,497.75,497.75,320360
2017-02-20 12:15:00+05:30,497.85,498.3,497.15,497.5,208346
2017-02-20 12:45:00+05:30,497.5,498.83,497.25,498.43,123858
2017-02-20 13:15:00+05:30,498.43,500.0,498.43,499.93,152066
2017-02-20 13:45:00+05:30,499.93,500.35,499.0,499.35,196166
2017-02-20 14:15:00+05:30,499.35,499.4,497.6,498.2,244722
2017-02-20 14:45:00+05:30,497.98,499.5,497.6,498.88,419336
2017-02-20 15:15:00+05:30,498.9,515.5,497.83,515.5,1504670
2017-02-21 09:15:00+05:30,511.95,512.23,508.6,509.98,2721186
2017-02-21 09:45:00+05:30,509.95,510.03,507.5,509.48,586324
2017-02-21 10:15:00+05:30,509.25,509.43,506.13,506.63,443336
2017-02-21 10:45:00+05:30,506.55,506.78,504.5,505.83,247982
2017-02-21 11:15:00+05:30,505.83,506.0,505.0,505.98,112220
2017-02-21 11:45:00+05:30,506.0,506.2,504.03,504.6,153870
2017-02-21 12:15:00+05:30,504.6,504.6,500.13,503.33,492754
2017-02-21 12:45:00+05:30,503.33,505.05,503.25,504.0,218974
2017-02-21 13:15:00+05:30,504.0,505.0,503.9,504.73,163546
2017-02-21 13:45:00+05:30,504.73,505.48,501.78,504.78,481130
2017-02-21 14:15:00+05:30,504.7,504.88,502.03,503.9,529676
2017-02-21 14:45:00+05:30,503.9,507.43,503.9,507.43,809256
2017-02-21 15:15:00+05:30,507.43,507.43,505.08,505.48,638860
2017-02-22 09:15:00+05:30,507.3,507.5,500.2,501.1,759364
2017-02-22 09:45:00+05:30,501.1,501.93,498.25,499.63,532708
2017-02-22 10:15:00+05:30,499.63,499.93,496.88,497.93,844624
2017-02-22 10:45:00+05:30,497.93,498.0,497.1,497.43,405504
2017-02-22 11:15:00+05:30,497.43,497.75,497.0,497.35,302348
2017-02-22 11:45:00+05:30,497.35,498.73,497.18,497.25,363524
2017-02-22 12:15:00+05:30,497.25,497.5,495.5,495.75,329894
2017-02-22 12:45:00+05:30,495.75,496.68,493.5,495.53,535934
2017-02-22 13:15:00+05:30,495.53,496.7,494.95,495.3,290596
2017-02-22 13:45:00+05:30,495.3,495.6,493.65,494.25,344938
2017-02-22 14:15:00+05:30,494.25,496.33,494.0,494.38,498430
2017-02-22 14:45:00+05:30,494.4,495.55,493.38,495.48,907372
2017-02-22 15:15:00+05:30,495.35,496.0,494.6,495.5,478706
2017-02-23 09:15:00+05:30,499.3,502.25,496.68,501.83,741912
2017-02-23 09:45:00+05:30,501.73,502.5,500.13,501.8,409876
2017-02-23 10:15:00+05:30,501.68,503.95,501.65,503.73,398128
2017-02-23 10:45:00+05:30,503.73,503.85,502.1,503.58,300192
2017-02-23 11:15:00+05:30,503.58,505.43,503.33,504.65,454692
2017-02-23 11:45:00+05:30,504.68,505.0,503.28,503.88,666826
2017-02-23 12:15:00+05:30,503.8,505.0,503.25,504.85,328702
2017-02-23 12:45:00+05:30,504.55,505.28,504.23,505.1,348858
2017-02-23 13:15:00+05:30,505.1,506.18,504.5,505.98,429360
2017-02-23 13:45:00+05:30,505.95,508.98,505.78,506.9,832344
2017-02-23 14:15:00+05:30,506.95,510.0,506.83,510.0,951138
2017-02-23 14:45:00+05:30,510.0,510.0,502.23,502.95,2212146
2017-02-23 15:15:00+05:30,502.98,505.0,502.33,503.3,1446170
2017-02-27 09:15:00+05:30,503.5,509.5,503.5,507.33,718332
2017-02-27 09:45:00+05:30,507.38,509.0,505.65,508.8,414090
2017-02-27 10:15:00+05:30,508.53,510.0,507.55,507.9,407888
2017-02-27 10:45:00+05:30,508.0,509.98,507.8,509.73,246984
2017-02-27 11:15:00+05:30,509.73,510.98,509.28,509.8,386444
2017-02-27 11:45:00+05:30,509.8,511.5,509.63,511.1,329672
2017-02-27 12:15:00+05:30,511.1,511.5,510.0,511.0,215416
2017-02-27 12:45:00+05:30,511.0,511.25,509.78,509.98,451638
2017-02-27 13:15:00+05:30,509.78,510.38,507.83,509.93,350280
2017-02-27 13:45:00+05:30,509.93,510.7,509.33,510.6,332044
2017-02-27 14:15:00+05:30,510.6,510.65,507.45,507.45,545086
2017-02-27 14:45:00+05:30,507.28,508.0,505.6,506.03,560614
2017-02-27 15:15:00+05:30,506.03,507.48,505.78,506.53,357288
2017-02-28 09:15:00+05:30,505.78,509.0,505.3,506.58,343266
2017-02-28 09:45:00+05:30,506.58,509.23,506.55,508.73,188042
2017-02-28 10:15:00+05:30,508.75,509.75,508.35,508.63,213194
2017-02-28 10:45:00+05:30,508.63,511.35,508.6,509.83,362732
2017-02-28 11:15:00+05:30,509.8,509.98,508.6,508.8,170370
2017-02-28 11:45:00+05:30,508.8,509.0,507.75,508.0,204224
2017-02-28 12:15:00+05:30,508.05,508.4,507.75,508.15,184350
2017-02-28 12:45:00+05:30,508.15,509.03,507.08,508.73,308198
2017-02-28 13:15:00+05:30,508.73,508.9,506.68,508.2,408956
2017-02-28 13:45:00+05:30,508.2,509.0,507.63,508.85,341320
2017-02-28 14:15:00+05:30,508.9,509.0,507.53,507.53,366226
2017-02-28 14:45:00+05:30,507.53,508.7,505.18,505.18,1565402
2017-02-28 15:15:00+05:30,505.2,506.85,504.68,506.0,1277802
2017-03-01 09:15:00+05:30,506.13,513.38,505.13,511.33,681236
2017-03-01 09:45:00+05:30,511.33,511.85,509.03,510.3,239730
2017-03-01 10:15:00+05:30,510.28,511.5,510.2,511.18,183274
2017-03-01 10:45:00+05:30,511.18,512.0,510.95,511.5,201130
2017-03-01 11:15:00+05:30,511.5,512.2,510.63,511.48,196712
2017-03-01 11:45:00+05:30,511.48,513.45,511.23,513.3,322214
2017-03-01 12:15:00+05:30,513.3,513.35,512.5,512.75,220406
2017-03-01 12:45:00+05:30,512.73,513.25,511.6,512.75,240864
2017-03-01 13:15:00+05:30,512.75,513.3,512.28,513.0,240826
2017-03-01 13:45:00+05:30,513.0,513.48,512.33,512.98,335232
2017-03-01 14:15:00+05:30,513.18,513.25,512.53,512.7,345924
2017-03-01 14:45:00+05:30,512.7,513.2,512.3,512.48,473502
2017-03-01 15:15:00+05:30,512.43,513.5,512.1,512.63,595740
2017-03-02 09:15:00+05:30,512.2,513.88,510.0,510.75,492786
2017-03-02 09:45:00+05:30,510.75,512.8,510.58,510.68,142558
2017-03-02 10:15:00+05:30,510.68,511.23,509.18,510.0,185846
2017-03-02 10:45:00+05:30,510.0,512.5,509.65,512.25,159794
2017-03-02 11:15:00+05:30,512.25,512.53,511.13,511.75,121106
2017-03-02 11:45:00+05:30,511.75,512.95,511.68,512.9,142454
2017-03-02 12:15:00+05:30,512.83,514.0,512.28,512.5,185258
2017-03-02 12:45:00+05:30,512.5,513.0,510.25,511.5,116550
2017-03-02 13:15:00+05:30,511.5,513.25,510.88,512.85,91162
2017-03-02 13:45:00+05:30,512.8,513.0,511.13,512.9,183732
2017-03-02 14:15:00+05:30,512.9,514.0,510.0,511.8,195642
2017-03-02 14:45:00+05:30,511.8,513.98,510.7,510.98,474606
2017-03-02 15:15:00+05:30,510.98,512.5,508.25,509.45,448388
2017-03-03 09:15:00+05:30,505.05,505.85,500.2,503.9,607626
2017-03-03 09:45:00+05:30,503.93,508.73,502.53,508.45,551436
2017-03-03 10:15:00+05:30,508.45,509.4,506.33,507.95,356114
2017-03-03 10:45:00+05:30,507.85,507.95,505.38,506.0,187246
2017-03-03 11:15:00+05:30,505.88,507.45,505.68,506.98,99220
2017-03-03 11:45:00+05:30,506.98,507.25,506.35,506.65,111376
2017-03-03 12:15:00+05:30,506.68,509.23,506.38,507.88,150898
2017-03-03 12:45:00+05:30,507.78,508.0,506.25,507.2,125488
2017-03-03 13:15:00+05:30,507.43,508.0,506.78,507.83,109388
2017-03-03 13:45:00+05:30,507.83,511.5,507.5,511.15,328032
2017-03-03 14:15:00+05:30,511.15,513.38,511.0,512.23,527624
2017-03-03 14:45:00+05:30,512.15,515.78,511.25,515.53,1240720
2017-03-03 15:15:00+05:30,515.7,517.1,515.25,516.08,991674
2017-03-06 09:15:00+05:30,510.0,513.2,510.0,511.05,574968
2017-03-06 09:45:00+05:30,511.05,512.33,510.6,511.85,125836
2017-03-06 10:15:00+05:30,511.85,512.73,511.13,512.55,141072
2017-03-06 10:45:00+05:30,512.55,517.3,512.5,516.65,950156
2017-03-06 11:15:00+05:30,516.65,516.7,515.65,516.5,207672
2017-03-06 11:45:00+05:30,516.5,516.5,513.5,513.95,244546
2017-03-06 12:15:00+05:30,513.95,515.3,513.0,514.23,272230
2017-03-06 12:45:00+05:30,514.5,514.5,513.0,513.98,299218
2017-03-06 13:15:00+05:30,513.98,516.28,513.45,515.33,282994
2017-03-06 13:45:00+05:30,515.33,516.28,514.0,514.63,266952
2017-03-06 14:15:00+05:30,514.8,515.5,514.33,514.63,170312
2017-03-06 14:45:00+05:30,514.55,517.2,514.5,517.0,737238
2017-03-06 15:15:00+05:30,516.88,517.98,516.0,516.5,996110
2017-03-07 09:15:00+05:30,510.75,511.13,507.4,509.5,818828
2017-03-07 09:45:00+05:30,509.55,509.65,509.0,509.18,192950
2017-03-07 10:15:00+05:30,509.18,509.23,507.68,508.0,298136
2017-03-07 10:45:00+05:30,508.0,509.88,507.75,509.4,170596
2017-03-07 11:15:00+05:30,509.4,509.85,509.33,509.78,95606
2017-03-07 11:45:00+05:30,509.85,512.5,509.55,510.78,272472
2017-03-07 12:15:00+05:30,510.78,511.9,510.48,510.9,209062
2017-03-07 12:45:00+05:30,510.9,511.5,510.0,511.4,145400
2017-03-07 13:15:00+05:30,511.4,511.7,510.1,510.25,113786
2017-03-07 13:45:00+05:30,510.38,512.1,510.13,512.0,303872
2017-03-07 14:15:00+05:30,512.03,512.9,510.3,510.55,330464
2017-03-07 14:45:00+05:30,510.55,511.65,509.58,509.63,889792
2017-03-07 15:15:00+05:30,509.6,510.33,508.35,509.45,791006
2017-03-08 09:15:00+05:30,507.75,507.75,505.0,505.28,895688
2017-03-08 09:45:00+05:30,505.28,506.68,505.1,505.98,579886
2017-03-08 10:15:00+05:30,505.8,506.4,505.55,505.55,150852
2017-03-08 10:45:00+05:30,505.55,505.8,502.5,503.25,502796
2017-03-08 11:15:00+05:30,503.25,504.13,502.85,503.7,1869902
2017-03-08 11:45:00+05:30,503.75,505.0,503.3,504.35,141770
2017-03-08 12:15:00+05:30,504.35,505.28,503.7,505.18,93354
2017-03-08 12:45:00+05:30,505.18,505.8,504.75,505.05,166672
2017-03-08 13:15:00+05:30,505.35,506.5,504.9,506.25,184156
2017-03-08 13:45:00+05:30,506.25,506.53,504.08,505.75,188774
2017-03-08 14:15:00+05:30,505.75,505.95,504.53,504.93,152990
2017-03-08 14:45:00+05:30,504.93,505.48,504.0,504.75,516476
2017-03-08 15:15:00+05:30,504.75,504.75,502.23,504.0,723120
2017-03-09 09:15:00+05:30,502.95,503.35,499.55,500.83,509042
2017-03-09 09:45:00+05:30,500.83,502.45,500.13,501.43,414148
2017-03-09 10:15:00+05:30,501.43,506.0,501.03,505.0,398004
2017-03-09 10:45:00+05:30,505.0,505.88,504.43,505.03,112570
2017-03-09 11:15:00+05:30,505.0,505.65,505.0,505.0,85612
2017-03-09 11:45:00+05:30,505.0,505.43,502.25,502.7,266932
2017-03-09 12:15:00+05:30,502.7,504.38,502.5,503.98,134204
2017-03-09 12:45:00+05:30,503.98,505.13,503.43,504.93,97700
2017-03-09 13:15:00+05:30,504.93,505.78,504.38,504.75,125540
2017-03-09 13:45:00+05:30,504.75,505.65,504.2,505.45,214748
2017-03-09 14:15:00+05:30,505.45,505.98,505.0,505.8,250106
2017-03-09 14:45:00+05:30,505.8,506.5,505.2,506.05,401594
2017-03-09 15:15:00+05:30,505.73,506.28,505.0,505.6,466638
2017-03-10 09:15:00+05:30,507.63,510.7,506.8,509.93,436162
2017-03-10 09:45:00+05:30,509.93,510.73,509.25,510.45,407436
2017-03-10 10:15:00+05:30,510.45,511.38,509.93,510.55,365910
2017-03-10 10:45:00+05:30,510.55,510.65,509.25,510.25,245016
2017-03-10 11:15:00+05:30,510.5,510.83,509.65,510.33,172142
2017-03-10 11:45:00+05:30,510.35,511.13,509.65,511.0,197968
2017-03-10 12:15:00+05:30,511.0,512.8,510.75,512.5,382538
2017-03-10 12:45:00+05:30,512.5,512.7,511.7,512.5,266954
2017-03-10 13:15:00+05:30,512.5,513.78,511.0,512.23,349380
2017-03-10 13:45:00+05:30,512.25,512.25,509.15,510.3,288334
2017-03-10 14:15:00+05:30,510.3,511.55,510.0,511.48,213524
2017-03-10 14:45:00+05:30,511.48,512.75,510.83,511.18,479390
2017-03-10 15:15:00+05:30,511.23,511.75,508.8,510.75,743762
2017-03-14 09:15:00+05:30,511.4,520.85,511.4,515.3,1851464
2017-03-14 09:45:00+05:30,515.0,518.0,514.53,517.53,585736
2017-03-14 10:15:00+05:30,517.53,517.75,516.98,517.18,339450
2017-03-14 10:45:00+05:30,517.18,517.53,515.9,516.53,459830
2017-03-14 11:15:00+05:30,516.53,517.0,515.93,516.25,354032
2017-03-14 11:45:00+05:30,516.25,516.98,515.85,516.93,346466
2017-03-14 12:15:00+05:30,516.93,517.5,516.15,517.03,397084
2017-03-14 12:45:00+05:30,517.03,517.5,516.05,516.58,317524
2017-03-14 13:15:00+05:30,516.58,517.0,515.93,516.33,308696
2017-03-14 13:45:00+05:30,516.35,517.28,516.0,516.6,339020
2017-03-14 14:15:00+05:30,516.6,517.5,516.13,516.75,484310
2017-03-14 14:45:00+05:30,516.55,518.0,515.43,517.98,1153178
2017-03-14 15:15:00+05:30,517.95,518.0,515.4,517.65,931676
2017-03-15 09:15:00+05:30,517.38,517.38,511.53,511.9,458952
2017-03-15 09:45:00+05:30,511.85,512.18,509.53,509.88,313156
2017-03-15 10:15:00+05:30,510.0,510.73,509.83,509.95,257976
2017-03-15 10:45:00+05:30,509.98,510.0,508.4,508.45,371288
2017-03-15 11:15:00+05:30,508.5,508.5,503.75,506.05,1176962
2017-03-15 11:45:00+05:30,506.13,506.13,504.0,505.3,626228
2017-03-15 12:15:00+05:30,505.3,505.88,505.03,505.43,299138
2017-03-15 12:45:00+05:30,505.43,506.18,505.1,505.38,261556
2017-03-15 13:15:00+05:30,505.38,505.75,504.55,505.03,410358
2017-03-15 13:45:00+05:30,504.98,505.43,504.73,504.95,376808
2017-03-15 14:15:00+05:30,504.95,506.7,504.55,505.3,411512
2017-03-15 14:45:00+05:30,505.3,506.4,505.03,506.4,817674
2017-03-15 15:15:00+05:30,506.43,506.45,504.93,505.6,580222
2017-03-16 09:15:00+05:30,506.95,513.0,506.95,512.95,901692
2017-03-16 09:45:00+05:30,513.0,513.0,511.78,512.5,629088
2017-03-16 10:15:00+05:30,512.5,512.5,511.15,511.75,453568
2017-03-16 10:45:00+05:30,511.75,512.48,511.03,511.98,371742
2017-03-16 11:15:00+05:30,511.98,512.5,511.43,512.08,320848
2017-03-16 11:45:00+05:30,512.08,512.45,511.5,512.03,474314
2017-03-16 12:15:00+05:30,512.0,512.15,511.28,512.03,314526
2017-03-16 12:45:00+05:30,512.03,512.08,510.48,510.85,224168
2017-03-16 13:15:00+05:30,510.8,511.65,510.75,511.55,227440
2017-03-16 13:45:00+05:30,511.8,511.8,511.25,511.5,220978
2017-03-16 14:15:00+05:30,511.5,512.0,511.43,511.8,423286
2017-03-16 14:45:00+05:30,511.93,515.85,511.75,514.65,1057062
2017-03-16 15:15:00+05:30,514.63,515.0,514.03,514.5,1076634
2017-03-17 09:15:00+05:30,515.68,515.68,510.28,511.43,974556
2017-03-17 09:45:00+05:30,511.43,512.0,509.83,511.9,490838
2017-03-17 10:15:00+05:30,512.08,512.15,511.03,511.5,447360
2017-03-17 10:45:00+05:30,511.7,511.8,511.25,511.55,326198
2017-03-17 11:15:00+05:30,511.55,513.38,511.2,513.35,294432
2017-03-17 11:45:00+05:30,513.4,513.5,512.75,513.1,229122
2017-03-17 12:15:00+05:30,513.03,513.88,511.55,512.88,391896
2017-03-17 12:45:00+05:30,513.03,515.5,512.8,515.0,255614
2017-03-17 13:15:00+05:30,515.03,517.33,514.7,516.93,369468
2017-03-17 13:45:00+05:30,516.93,518.5,516.5,517.88,431740
2017-03-17 14:15:00+05:30,518.0,519.0,517.55,518.65,299504
2017-03-17 14:45:00+05:30,518.65,521.43,518.48,520.08,2604140
2017-03-17 15:15:00+05:30,520.13,520.9,519.0,519.65,2380254
2017-03-20 09:15:00+05:30,511.95,512.18,507.68,509.75,820448
2017-03-20 09:45:00+05:30,509.75,510.98,509.35,510.55,209578
2017-03-20 10:15:00+05:30,510.55,511.95,509.85,510.25,334066
2017-03-20 10:45:00+05:30,510.25,511.15,510.0,510.5,187632
2017-03-20 11:15:00+05:30,510.5,510.75,509.7,509.93,159300
2017-03-20 11:45:00+05:30,509.93,510.23,509.55,509.8,158502
2017-03-20 12:15:00+05:30,509.8,509.93,507.78,509.73,321772
2017-03-20 12:45:00+05:30,509.55,509.98,508.8,509.43,208342
2017-03-20 13:15:00+05:30,509.43,510.0,509.2,509.75,208002
2017-03-20 13:45:00+05:30,509.68,510.0,508.8,509.18,222872
2017-03-20 14:15:00+05:30,509.2,510.0,508.45,509.55,258226
2017-03-20 14:45:00+05:30,509.55,511.88,509.55,511.63,732228
2017-03-20 15:15:00+05:30,511.73,511.75,509.33,510.15,590574
2017-03-21 09:15:00+05:30,510.4,514.23,509.4,512.9,590526
2017-03-21 09:45:00+05:30,512.9,513.0,511.93,512.65,211242
2017-03-21 10:15:00+05:30,512.65,512.98,511.8,512.43,228590
2017-03-21 10:45:00+05:30,512.43,514.9,511.9,514.13,230716
2017-03-21 11:15:00+05:30,514.13,515.4,514.13,514.85,198690
2017-03-21 11:45:00+05:30,514.83,515.0,513.08,513.5,252774
2017-03-21 12:15:00+05:30,513.5,513.7,512.88,513.5,252608
2017-03-21 12:45:00+05:30,513.5,513.7,513.03,513.45,236732
2017-03-21 13:15:00+05:30,513.5,513.55,513.0,513.5,206956
2017-03-21 13:45:00+05:30,513.5,514.75,513.38,514.73,284004
2017-03-21 14:15:00+05:30,514.73,516.45,514.5,514.75,321126
2017-03-21 14:45:00+05:30,514.75,517.28,513.35,517.2,1001466
2017-03-21 15:15:00+05:30,517.28,517.48,514.0,514.4,845218
2017-03-22 09:15:00+05:30,511.23,519.9,511.23,517.23,557672
2017-03-22 09:45:00+05:30,517.23,517.35,513.9,514.35,172616
2017-03-22 10:15:00+05:30,514.35,515.8,513.53,515.8,165416
2017-03-22 10:45:00+05:30,515.8,516.4,513.95,516.4,228100
2017-03-22 11:15:00+05:30,516.28,516.95,515.8,516.45,171844
2017-03-22 11:45:00+05:30,516.48,516.48,515.5,515.9,237272
2017-03-22 12:15:00+05:30,515.9,516.25,510.33,512.0,502062
2017-03-22 12:45:00+05:30,512.0,513.2,511.88,512.43,226240
2017-03-22 13:15:00+05:30,512.43,512.88,512.0,512.5,102890
2017-03-22 13:45:00+05:30,512.45,512.65,512.03,512.38,142548
2017-03-22 14:15:00+05:30,512.4,512.63,510.8,511.4,157772
2017-03-22 14:45:00+05:30,511.4,515.0,510.93,514.15,724780
2017-03-22 15:15:00+05:30,514.1,515.0,511.88,513.75,591396
2017-03-23 09:15:00+05:30,514.13,516.38,513.38,515.5,263620
2017-03-23 09:45:00+05:30,515.5,516.75,515.08,516.65,102834
2017-03-23 10:15:00+05:30,516.65,517.28,516.53,517.25,111820
2017-03-23 10:45:00+05:30,517.25,517.5,516.0,516.45,139952
2017-03-23 11:15:00+05:30,516.48,518.2,516.45,517.75,155302
2017-03-23 11:45:00+05:30,517.95,518.2,517.48,517.98,199858
2017-03-23 12:15:00+05:30,517.98,519.45,517.73,519.28,181174
2017-03-23 12:45:00+05:30,519.28,520.83,518.98,520.25,380946
2017-03-23 13:15:00+05:30,520.05,520.5,519.3,520.28,214132
2017-03-23 13:45:00+05:30,520.48,520.48,519.75,520.23,250760
2017-03-23 14:15:00+05:30,520.23,520.5,519.58,520.15,320714
2017-03-23 14:45:00+05:30,520.15,520.63,519.23,520.0,1327084
2017-03-23 15:15:00+05:30,519.98,521.5,519.9,520.13,850214
2017-03-24 09:15:00+05:30,518.98,519.0,516.7,517.48,442488
2017-03-24 09:45:00+05:30,517.48,522.0,517.35,520.5,394072
2017-03-24 10:15:00+05:30,520.5,520.55,518.18,519.33,216456
2017-03-24 10:45:00+05:30,519.33,519.43,517.58,518.35,145994
2017-03-24 11:15:00+05:30,518.35,518.98,518.25,518.5,70574
2017-03-24 11:45:00+05:30,518.5,518.65,516.28,516.58,227978
2017-03-24 12:15:00+05:30,516.58,517.0,516.3,516.5,135644
2017-03-24 12:45:00+05:30,516.5,516.55,514.3,514.33,232448
2017-03-24 13:15:00+05:30,514.35,515.25,514.33,514.98,397614
2017-03-24 13:45:00+05:30,515.05,516.5,514.88,516.5,370594
2017-03-24 14:15:00+05:30,516.6,517.1,515.3,516.48,589994
2017-03-24 14:45:00+05:30,516.45,517.38,514.65,516.35,799586
2017-03-24 15:15:00+05:30,516.35,516.85,513.85,514.13,854674
2017-03-27 09:15:00+05:30,514.0,515.55,512.28,514.13,294856
2017-03-27 09:45:00+05:30,514.03,518.83,512.28,518.83,499366
2017-03-27 10:15:00+05:30,518.9,520.93,518.9,519.95,427410
2017-03-27 10:45:00+05:30,519.98,520.38,518.5,519.23,580944
2017-03-27 11:15:00+05:30,519.23,519.43,516.6,516.95,373364
2017-03-27 11:45:00+05:30,516.88,517.28,515.73,515.93,771704
2017-03-27 12:15:00+05:30,515.93,516.0,513.4,514.68,475876
2017-03-27 12:45:00+05:30,514.68,517.18,514.65,516.68,588686
2017-03-27 13:15:00+05:30,516.7,517.28,515.1,516.95,406610
2017-03-27 13:45:00+05:30,516.93,518.25,516.33,517.28,359318
2017-03-27 14:15:00+05:30,517.03,518.4,516.55,516.9,937574
2017-03-27 14:45:00+05:30,517.0,517.3,512.9,514.1,858050
2017-03-27 15:15:00+05:30,514.1,517.75,513.58,517.75,1109240
2017-03-28 09:15:00+05:30,516.5,519.45,515.63,518.48,464084
2017-03-28 09:45:00+05:30,518.38,518.5,516.6,517.0,316554
2017-03-28 10:15:00+05:30,516.98,519.15,516.4,518.88,209526
2017-03-28 10:45:00+05:30,518.88,519.1,516.53,517.28,387102
2017-03-28 11:15:00+05:30,517.35,517.98,516.88,517.3,152528
2017-03-28 11:45:00+05:30,517.38,518.7,516.88,517.45,738404
2017-03-28 12:15:00+05:30,517.5,517.7,517.28,517.53,192360
2017-03-28 12:45:00+05:30,517.55,517.65,517.2,517.48,278512
2017-03-28 13:15:00+05:30,517.5,518.2,516.5,517.33,317074
2017-03-28 13:45:00+05:30,517.5,517.88,516.23,516.5,255390
2017-03-28 14:15:00+05:30,516.5,518.1,516.28,517.23,315256
2017-03-28 14:45:00+05:30,517.23,517.48,516.08,517.23,620436
2017-03-28 15:15:00+05:30,517.23,519.48,517.2,519.48,547728
2017-03-29 09:15:00+05:30,516.98,520.58,516.28,516.48,1127196
2017-03-29 09:45:00+05:30,516.5,517.55,516.4,517.0,348774
2017-03-29 10:15:00+05:30,517.0,517.63,516.53,517.45,346886
2017-03-29 10:45:00+05:30,517.45,517.98,517.05,517.48,408940
2017-03-29 11:15:00+05:30,517.45,518.9,517.45,518.23,305374
2017-03-29 11:45:00+05:30,518.23,518.38,517.5,517.5,127900
2017-03-29 12:15:00+05:30,517.5,517.6,514.78,516.35,486258
2017-03-29 12:45:00+05:30,516.45,516.45,514.25,514.98,484158
2017-03-29 13:15:00+05:30,514.98,515.03,514.0,514.88,317306
2017-03-29 13:45:00+05:30,514.88,515.5,514.4,515.0,519808
2017-03-29 14:15:00+05:30,515.0,515.08,512.93,514.0,672952
2017-03-29 14:45:00+05:30,513.85,515.98,513.05,515.25,1076180
2017-03-29 15:15:00+05:30,515.6,517.95,514.85,516.9,753084
2017-03-30 09:15:00+05:30,517.45,517.95,515.3,516.4,356554
2017-03-30 09:45:00+05:30,516.4,516.5,515.9,516.0,196118
2017-03-30 10:15:00+05:30,516.0,516.35,514.8,514.9,219266
2017-03-30 10:45:00+05:30,514.93,515.48,514.78,515.0,217950
2017-03-30 11:15:00+05:30,514.98,515.03,514.25,515.0,209388
2017-03-30 11:45:00+05:30,515.0,515.0,513.88,514.45,192918
2017-03-30 12:15:00+05:30,514.45,514.5,512.05,512.53,512006
2017-03-30 12:45:00+05:30,512.53,513.15,512.33,512.48,286164
2017-03-30 13:15:00+05:30,512.48,513.2,511.75,511.98,311220
2017-03-30 13:45:00+05:30,511.98,513.98,510.28,513.85,402656
2017-03-30 14:15:00+05:30,513.98,515.45,512.75,512.8,678750
2017-03-30 14:45:00+05:30,512.68,513.73,510.15,513.45,5163556
2017-03-30 15:15:00+05:30,513.48,514.23,510.3,511.5,3405876
2017-03-31 09:15:00+05:30,511.75,513.08,510.78,512.0,485190
2017-03-31 09:45:00+05:30,512.03,514.65,511.55,512.03,414848
2017-03-31 10:15:00+05:30,512.05,512.33,511.03,511.7,190744
2017-03-31 10:45:00+05:30,511.7,511.8,511.0,511.0,185552
2017-03-31 11:15:00+05:30,511.0,511.15,509.28,509.55,236318
2017-03-31 11:45:00+05:30,509.55,509.58,507.33,507.93,322780
2017-03-31 12:15:00+05:30,507.93,508.5,507.48,508.23,237690
2017-03-31 12:45:00+05:30,508.2,509.83,507.33,507.6,776166
2017-03-31 13:15:00+05:30,507.53,507.88,504.05,504.5,2182536
2017-03-31 13:45:00+05:30,504.5,509.85,504.1,509.85,1793328
2017-03-31 14:15:00+05:30,509.93,514.5,509.43,514.15,4346438
2017-03-31 14:45:00+05:30,514.18,514.5,509.43,510.7,1457088
2017-03-31 15:15:00+05:30,510.58,512.5,509.7,511.25,1518386
2017-04-03 09:15:00+05:30,516.0,516.08,508.93,509.0,398576
2017-04-03 09:45:00+05:30,509.0,509.13,506.0,507.38,327094
2017-04-03 10:15:00+05:30,507.1,507.25,505.5,505.85,242690
2017-04-03 10:45:00+05:30,505.9,505.98,504.68,504.9,234692
2017-04-03 11:15:00+05:30,504.63,504.95,503.28,504.05,485578
2017-04-03 11:45:00+05:30,504.05,504.73,503.55,504.28,377296
2017-04-03 12:15:00+05:30,504.33,506.93,503.98,505.18,264746
2017-04-03 12:45:00+05:30,505.3,505.35,504.1,504.5,132366
2017-04-03 13:15:00+05:30,504.5,505.48,504.05,504.1,119518
2017-04-03 13:45:00+05:30,504.1,504.98,504.1,504.5,126648
2017-04-03 14:15:00+05:30,504.5,504.75,503.28,504.15,375652
2017-04-03 14:45:00+05:30,504.15,504.7,503.05,504.08,589160
2017-04-03 15:15:00+05:30,504.1,505.5,503.28,505.15,625356
2017-04-05 09:15:00+05:30,502.0,502.0,498.9,501.33,1243740
2017-04-05 09:45:00+05:30,501.38,502.0,500.75,501.48,438486
2017-04-05 10:15:00+05:30,501.5,501.5,500.6,500.95,283506
2017-04-05 10:45:00+05:30,500.95,501.0,499.58,500.03,326820
2017-04-05 11:15:00+05:30,500.03,500.73,499.75,500.38,247972
2017-04-05 11:45:00+05:30,500.38,500.6,499.75,499.95,281480
2017-04-05 12:15:00+05:30,499.95,500.03,499.83,499.85,394292
2017-04-05 12:45:00+05:30,499.85,499.98,498.0,499.05,578410
2017-04-05 13:15:00+05:30,499.05,499.05,495.5,496.15,700574
2017-04-05 13:45:00+05:30,496.15,497.5,496.0,496.95,594478
2017-04-05 14:15:00+05:30,497.0,497.8,496.53,497.5,623566
2017-04-05 14:45:00+05:30,497.53,498.83,497.5,497.88,895608
2017-04-05 15:15:00+05:30,497.88,498.48,497.5,497.83,711750
2017-04-06 09:15:00+05:30,499.73,502.9,496.0,500.03,1115374
2017-04-06 09:45:00+05:30,500.03,501.45,499.98,500.88,366476
2017-04-06 10:15:00+05:30,500.8,501.23,499.63,500.5,257256
2017-04-06 10:45:00+05:30,500.35,501.0,500.3,500.95,198806
2017-04-06 11:15:00+05:30,500.9,501.38,500.03,500.98,168540
2017-04-06 11:45:00+05:30,501.0,502.4,500.8,501.85,257706
2017-04-06 12:15:00+05:30,501.93,502.3,500.58,500.8,243654
2017-04-06 12:45:00+05:30,500.75,501.0,500.0,500.03,211350
2017-04-06 13:15:00+05:30,500.03,500.08,499.78,500.0,233408
2017-04-06 13:45:00+05:30,500.0,502.0,499.95,500.3,397558
2017-04-06 14:15:00+05:30,500.35,500.8,499.75,500.03,336406
2017-04-06 14:45:00+05:30,500.03,500.45,497.85,499.5,911390
2017-04-06 15:15:00+05:30,499.3,500.75,498.5,498.95,671734
2017-04-07 09:15:00+05:30,499.5,499.53,496.13,497.75,440272
2017-04-07 09:45:00+05:30,497.65,497.85,496.75,497.0,196872
2017-04-07 10:15:00+05:30,497.0,497.88,495.58,495.75,373688
2017-04-07 10:45:00+05:30,495.88,496.73,495.5,496.0,220010
2017-04-07 11:15:00+05:30,496.0,496.5,494.75,494.78,325280
2017-04-07 11:45:00+05:30,494.78,495.2,493.88,494.78,319656
2017-04-07 12:15:00+05:30,494.78,494.95,492.63,493.25,454706
2017-04-07 12:45:00+05:30,493.2,493.5,492.53,493.35,274854
2017-04-07 13:15:00+05:30,493.35,493.75,489.5,489.5,865994
2017-04-07 13:45:00+05:30,489.53,491.13,489.53,490.95,485654
2017-04-07 14:15:00+05:30,490.95,491.53,490.5,490.78,340718
2017-04-07 14:45:00+05:30,490.8,491.55,490.5,490.6,743922
2017-04-07 15:15:00+05:30,490.6,492.0,489.98,491.75,1347804
2017-04-10 09:15:00+05:30,492.5,494.75,489.3,490.08,1021138
2017-04-10 09:45:00+05:30,489.8,492.4,489.8,491.23,241948
2017-04-10 10:15:00+05:30,491.1,491.85,490.13,490.38,131084
2017-04-10 10:45:00+05:30,490.38,491.0,490.0,490.15,148042
2017-04-10 11:15:00+05:30,490.15,490.5,489.55,489.6,131004
2017-04-10 11:45:00+05:30,489.6,489.6,486.6,487.38,353496
2017-04-10 12:15:00+05:30,487.13,488.5,487.0,487.03,180960
2017-04-10 12:45:00+05:30,487.03,487.5,486.0,486.13,262396
2017-04-10 13:15:00+05:30,486.13,486.5,484.78,484.83,447086
2017-04-10 13:45:00+05:30,484.83,485.0,482.2,482.5,1487252
2017-04-10 14:15:00+05:30,482.5,482.5,480.55,481.5,1095176
2017-04-10 14:45:00+05:30,481.8,481.8,475.05,476.63,2670674
2017-04-10 15:15:00+05:30,476.8,477.4,475.05,475.68,1344620
2017-04-11 09:15:00+05:30,479.63,485.73,479.63,482.8,1326318
2017-04-11 09:45:00+05:30,482.8,484.45,482.58,483.35,437488
2017-04-11 10:15:00+05:30,483.33,484.85,482.5,483.68,525620
2017-04-11 10:45:00+05:30,483.85,484.2,480.55,482.4,507468
2017-04-11 11:15:00+05:30,482.43,483.0,481.45,482.5,288226
2017-04-11 11:45:00+05:30,482.43,483.85,482.0,483.53,224432
2017-04-11 12:15:00+05:30,483.53,483.93,482.7,483.7,371116
2017-04-11 12:45:00+05:30,483.58,483.93,482.13,482.73,405746
2017-04-11 13:15:00+05:30,482.75,483.75,482.25,482.98,649172
2017-04-11 13:45:00+05:30,482.98,483.0,482.13,482.45,622312
2017-04-11 14:15:00+05:30,482.45,484.73,482.33,483.75,607978
2017-04-11 14:45:00+05:30,483.75,484.15,482.08,483.6,1625022
2017-04-11 15:15:00+05:30,483.63,484.25,483.15,484.0,1051950
2017-04-12 09:15:00+05:30,485.38,488.35,482.75,485.93,1095060
2017-04-12 09:45:00+05:30,485.93,487.0,484.9,486.0,611460
2017-04-12 10:15:00+05:30,485.98,486.15,485.0,485.25,373308
2017-04-12 10:45:00+05:30,485.25,485.43,484.2,484.98,343630
2017-04-12 11:15:00+05:30,484.98,485.15,484.83,484.85,240526
2017-04-12 11:45:00+05:30,484.83,485.03,484.25,484.25,243454
2017-04-12 12:15:00+05:30,484.25,485.0,483.25,484.65,322704
2017-04-12 12:45:00+05:30,484.75,485.1,484.2,484.63,395900
2017-04-12 13:15:00+05:30,484.85,485.43,484.6,484.8,265796
2017-04-12 13:45:00+05:30,484.88,485.23,483.65,484.8,251878
2017-04-12 14:15:00+05:30,484.9,484.93,480.2,482.3,774022
2017-04-12 14:45:00+05:30,482.3,485.45,481.65,484.5,1051980
2017-04-12 15:15:00+05:30,484.48,485.23,483.05,483.93,712866
2017-04-13 09:15:00+05:30,485.0,495.0,470.53,473.0,9471412
2017-04-13 09:45:00+05:30,473.0,474.75,472.33,473.25,1545740
2017-04-13 10:15:00+05:30,473.43,474.4,472.0,473.03,1035966
2017-04-13 10:45:00+05:30,473.1,473.6,472.68,473.48,587486
2017-04-13 11:15:00+05:30,473.48,475.93,473.1,475.93,1052514
2017-04-13 11:45:00+05:30,475.93,477.5,473.05,473.4,1988460
2017-04-13 12:15:00+05:30,473.35,473.8,465.58,467.33,3706906
2017-04-13 12:45:00+05:30,467.33,469.0,463.48,464.58,2658272
2017-04-13 13:15:00+05:30,464.68,467.5,464.58,466.75,1122134
2017-04-13 13:45:00+05:30,466.7,468.73,464.75,466.4,1570568
2017-04-13 14:15:00+05:30,466.4,466.95,463.5,463.78,1953824
2017-04-13 14:45:00+05:30,463.68,466.0,463.68,465.75,2224164
2017-04-13 15:15:00+05:30,465.8,467.2,464.9,466.3,1974440
2017-04-17 09:15:00+05:30,465.5,465.5,462.15,463.6,1306398
2017-04-17 09:45:00+05:30,463.58,464.7,462.78,463.93,562946
2017-04-17 10:15:00+05:30,463.93,464.5,463.4,464.3,363614
2017-04-17 10:45:00+05:30,464.38,465.13,463.35,463.4,594764
2017-04-17 11:15:00+05:30,463.38,463.5,462.53,463.03,383000
2017-04-17 11:45:00+05:30,463.03,463.25,462.23,462.73,473344
2017-04-17 12:15:00+05:30,462.73,463.18,462.5,462.65,309986
2017-04-17 12:45:00+05:30,462.65,463.05,462.5,462.58,306204
2017-04-17 13:15:00+05:30,462.58,464.3,462.5,463.25,436372
2017-04-17 13:45:00+05:30,463.25,463.8,463.0,463.13,435602
2017-04-17 14:15:00+05:30,463.13,463.48,462.5,462.55,597336
2017-04-17 14:45:00+05:30,462.65,463.13,462.5,462.5,734264
2017-04-17 15:15:00+05:30,462.5,462.73,461.75,462.1,675674
2017-04-18 09:15:00+05:30,462.85,467.0,462.5,466.5,743816
2017-04-18 09:45:00+05:30,466.5,466.53,465.5,466.05,181716
2017-04-18 10:15:00+05:30,466.05,466.5,465.08,465.25,183984
2017-04-18 10:45:00+05:30,465.25,465.5,464.25,464.98,159566
2017-04-18 11:15:00+05:30,464.98,465.5,464.53,465.2,125130
2017-04-18 11:45:00+05:30,465.2,465.25,464.0,464.15,123812
2017-04-18 12:15:00+05:30,464.1,464.25,462.53,463.28,323304
2017-04-18 12:45:00+05:30,463.45,463.48,461.05,462.0,409116
2017-04-18 13:15:00+05:30,461.8,462.7,461.5,462.25,372828
2017-04-18 13:45:00+05:30,462.25,462.5,461.85,461.95,178624
2017-04-18 14:15:00+05:30,462.0,462.33,460.0,460.4,313560
2017-04-18 14:45:00+05:30,460.4,461.85,459.55,461.25,814770
2017-04-18 15:15:00+05:30,461.25,462.4,460.7,461.53,695444
2017-04-19 09:15:00+05:30,461.33,464.98,460.68,463.7,989062
2017-04-19 09:45:00+05:30,463.7,464.18,461.4,461.4,344978
2017-04-19 10:15:00+05:30,461.58,461.58,459.03,459.03,469166
2017-04-19 10:45:00+05:30,459.03,459.78,457.65,458.53,572064
2017-04-19 11:15:00+05:30,458.6,458.73,457.55,458.35,697014
2017-04-19 11:45:00+05:30,458.43,458.63,456.85,457.3,1315362
2017-04-19 12:15:00+05:30,457.33,457.83,456.8,456.93,940062
2017-04-19 12:45:00+05:30,456.98,457.23,456.35,456.58,1178848
2017-04-19 13:15:00+05:30,456.58,457.5,456.4,457.3,511958
2017-04-19 13:45:00+05:30,457.3,457.95,456.8,457.7,654642
2017-04-19 14:15:00+05:30,457.75,457.85,456.95,457.0,551850
2017-04-19 14:45:00+05:30,456.95,460.55,456.8,460.23,1178008
2017-04-19 15:15:00+05:30,460.23,460.33,459.25,459.95,654570
2017-04-20 09:15:00+05:30,460.95,463.0,460.0,460.2,543400
2017-04-20 09:45:00+05:30,460.2,461.83,459.28,460.85,275128
2017-04-20 10:15:00+05:30,460.85,460.88,460.13,460.55,165100
2017-04-20 10:45:00+05:30,460.55,461.93,460.5,460.83,171098
2017-04-20 11:15:00+05:30,460.83,461.98,460.5,461.95,220004
2017-04-20 11:45:00+05:30,461.95,464.4,461.85,463.08,705000
2017-04-20 12:15:00+05:30,463.08,463.55,462.6,463.03,213008
2017-04-20 12:45:00+05:30,463.03,463.4,462.5,462.7,243352
2017-04-20 13:15:00+05:30,462.7,463.5,461.45,461.8,366016
2017-04-20 13:45:00+05:30,461.88,461.88,460.05,460.63,312318
2017-04-20 14:15:00+05:30,460.83,461.43,460.5,460.9,286696
2017-04-20 14:45:00+05:30,461.1,463.88,460.33,463.85,620070
2017-04-20 15:15:00+05:30,463.85,464.85,463.75,464.08,422740
2017-04-21 09:15:00+05:30,466.5,467.4,462.7,463.95,566004
2017-04-21 09:45:00+05:30,463.88,465.0,463.3,464.03,205148
2017-04-21 10:15:00+05:30,464.05,464.23,463.05,463.63,129570
2017-04-21 10:45:00+05:30,463.6,464.58,463.38,464.0,104864
2017-04-21 11:15:00+05:30,464.23,464.5,463.68,463.83,90198
2017-04-21 11:45:00+05:30,463.85,464.5,463.78,464.28,90834
2017-04-21 12:15:00+05:30,464.28,464.33,463.58,463.73,137378
2017-04-21 12:45:00+05:30,463.75,463.78,461.78,462.0,276572
2017-04-21 13:15:00+05:30,462.03,463.15,461.43,462.0,246740
2017-04-21 13:45:00+05:30,462.0,462.5,461.6,462.05,193514
2017-04-21 14:15:00+05:30,462.05,462.33,460.55,460.9,266324
2017-04-21 14:45:00+05:30,460.9,462.55,460.78,462.35,761910
2017-04-21 15:15:00+05:30,462.38,462.48,461.0,461.25,493614
2017-04-24 09:15:00+05:30,458.18,461.4,456.5,459.5,551232
2017-04-24 09:45:00+05:30,459.5,460.0,458.2,459.5,200682
2017-04-24 10:15:00+05:30,459.5,459.73,458.1,458.18,214186
2017-04-24 10:45:00+05:30,458.18,458.25,457.0,457.2,367806
2017-04-24 11:15:00+05:30,457.2,460.23,457.05,459.45,307488
2017-04-24 11:45:00+05:30,459.45,459.75,458.53,459.23,194782
2017-04-24 12:15:00+05:30,459.15,459.7,458.75,459.28,265298
2017-04-24 12:45:00+05:30,459.28,459.5,458.88,459.05,659906
2017-04-24 13:15:00+05:30,459.05,460.0,459.0,459.93,541410
2017-04-24 13:45:00+05:30,459.88,462.48,458.53,459.13,945522
2017-04-24 14:15:00+05:30,459.18,462.8,459.18,461.0,338780
2017-04-24 14:45:00+05:30,461.0,464.13,461.0,463.6,519562
2017-04-24 15:15:00+05:30,463.63,464.23,462.48,463.5,437246
2017-04-25 09:15:00+05:30,462.95,466.45,460.6,464.93,650930
2017-04-25 09:45:00+05:30,464.83,465.45,464.13,464.13,224132
2017-04-25 10:15:00+05:30,464.1,464.23,462.13,463.23,328848
2017-04-25 10:45:00+05:30,463.25,464.48,463.0,463.98,192376
2017-04-25 11:15:00+05:30,464.0,465.95,463.75,465.33,341772
2017-04-25 11:45:00+05:30,465.33,466.48,464.3,464.6,337294
2017-04-25 12:15:00+05:30,464.63,464.65,463.2,463.45,162486
2017-04-25 12:45:00+05:30,463.48,463.85,463.08,463.38,216364
2017-04-25 13:15:00+05:30,463.38,465.75,463.33,465.45,284666
2017-04-25 13:45:00+05:30,465.5,466.25,465.03,465.25,413304
2017-04-25 14:15:00+05:30,465.33,466.0,464.55,465.0,284268
2017-04-25 14:45:00+05:30,465.0,465.88,464.5,464.93,724248
2017-04-25 15:15:00+05:30,464.88,465.13,463.63,465.0,569858
2017-04-26 09:15:00+05:30,465.28,467.78,462.0,462.28,821284
2017-04-26 09:45:00+05:30,462.5,463.28,459.05,459.33,817050
2017-04-26 10:15:00+05:30,459.28,460.8,459.25,459.88,489338
2017-04-26 10:45:00+05:30,459.75,460.0,459.05,459.85,430162
2017-04-26 11:15:00+05:30,459.85,459.93,457.83,458.33,493758
2017-04-26 11:45:00+05:30,458.33,458.98,457.5,458.1,560844
2017-04-26 12:15:00+05:30,458.05,458.63,457.5,457.8,731898
2017-04-26 12:45:00+05:30,457.78,458.3,456.25,456.38,526902
2017-04-26 13:15:00+05:30,456.38,456.75,455.13,455.7,796732
2017-04-26 13:45:00+05:30,455.7,457.3,455.65,456.28,588850
2017-04-26 14:15:00+05:30,456.28,457.5,455.9,457.25,693636
2017-04-26 14:45:00+05:30,457.25,457.98,456.98,457.68,923420
2017-04-26 15:15:00+05:30,457.68,458.0,456.25,457.1,1203718
2017-04-27 09:15:00+05:30,458.73,461.28,458.73,460.65,596930
2017-04-27 09:45:00+05:30,460.65,462.0,460.3,461.63,291008
2017-04-27 10:15:00+05:30,461.5,462.35,461.1,462.1,208128
2017-04-27 10:45:00+05:30,462.1,462.68,461.33,462.0,310010
2017-04-27 11:15:00+05:30,462.0,462.3,461.2,461.2,141950
2017-04-27 11:45:00+05:30,461.2,462.2,460.78,461.0,269148
2017-04-27 12:15:00+05:30,461.0,461.08,459.63,460.95,296546
2017-04-27 12:45:00+05:30,460.95,461.23,460.13,461.18,165516
2017-04-27 13:15:00+05:30,461.18,461.95,460.13,461.75,252326
2017-04-27 13:45:00+05:30,461.75,461.88,460.28,460.68,331568
2017-04-27 14:15:00+05:30,460.65,461.2,460.05,461.1,373648
2017-04-27 14:45:00+05:30,461.13,462.6,461.0,462.5,2473452
2017-04-27 15:15:00+05:30,462.45,464.4,462.45,463.6,2081566
2017-04-28 09:15:00+05:30,463.03,463.5,460.5,461.3,443840
2017-04-28 09:45:00+05:30,461.3,461.6,459.1,459.55,280682
2017-04-28 10:15:00+05:30,459.55,460.98,459.5,460.0,394158
2017-04-28 10:45:00+05:30,460.0,460.5,459.85,460.13,291412
2017-04-28 11:15:00+05:30,460.13,460.73,459.58,459.68,219924
2017-04-28 11:45:00+05:30,459.68,460.15,459.0,459.73,313654
2017-04-28 12:15:00+05:30,459.73,459.98,459.0,459.3,273526
2017-04-28 12:45:00+05:30,459.3,459.75,457.88,458.28,419794
2017-04-28 13:15:00+05:30,458.48,460.68,458.3,459.75,273220
2017-04-28 13:45:00+05:30,459.78,461.2,458.9,460.93,494306
2017-04-28 14:15:00+05:30,460.93,461.4,459.5,460.03,268046
2017-04-28 14:45:00+05:30,460.03,460.5,458.78,459.73,743580
2017-04-28 15:15:00+05:30,459.75,460.5,458.93,460.5,609966
2017-05-02 09:15:00+05:30,462.0,462.75,461.25,461.83,416842
2017-05-02 09:45:00+05:30,461.85,462.0,461.0,461.18,147258
2017-05-02 10:15:00+05:30,461.18,461.18,459.4,459.5,200696
2017-05-02 10:45:00+05:30,459.5,459.5,458.5,458.53,125908
2017-05-02 11:15:00+05:30,458.53,459.25,457.63,459.13,192772
2017-05-02 11:45:00+05:30,459.13,459.5,458.7,459.48,152430
2017-05-02 12:15:00+05:30,459.48,460.28,459.3,459.75,150464
2017-05-02 12:45:00+05:30,459.75,460.85,459.75,460.85,188490
2017-05-02 13:15:00+05:30,460.85,462.0,460.85,461.73,221890
2017-05-02 13:45:00+05:30,461.7,462.0,460.28,461.98,227852
2017-05-02 14:15:00+05:30,461.85,461.98,459.9,461.53,303762
2017-05-02 14:45:00+05:30,461.53,462.8,460.2,461.4,535044
2017-05-02 15:15:00+05:30,461.4,462.0,460.45,461.58,349540
2017-05-03 09:15:00+05:30,463.0,463.0,458.83,459.95,471996
2017-05-03 09:45:00+05:30,459.95,464.95,459.6,463.75,352406
2017-05-03 10:15:00+05:30,463.75,465.13,463.1,465.13,298214
2017-05-03 10:45:00+05:30,465.13,469.53,465.13,468.78,800358
2017-05-03 11:15:00+05:30,468.7,469.4,467.0,467.05,286438
2017-05-03 11:45:00+05:30,467.05,467.95,465.93,467.75,226924
2017-05-03 12:15:00+05:30,467.93,468.48,465.75,467.15,213510
2017-05-03 12:45:00+05:30,467.2,468.53,466.5,468.25,165076
2017-05-03 13:15:00+05:30,468.25,468.25,465.78,467.38,303686
2017-05-03 13:45:00+05:30,467.38,467.9,466.3,467.15,190366
2017-05-03 14:15:00+05:30,467.15,467.25,466.0,466.55,175282
2017-05-03 14:45:00+05:30,466.55,467.5,466.5,467.4,350912
2017-05-03 15:15:00+05:30,467.43,467.6,465.88,467.0,817402
2017-05-04 09:15:00+05:30,468.5,469.58,467.28,468.25,893254
2017-05-04 09:45:00+05:30,468.2,468.2,465.78,467.8,320714
2017-05-04 10:15:00+05:30,467.8,469.68,467.75,468.13,319678
2017-05-04 10:45:00+05:30,468.13,468.55,466.5,467.0,129656
2017-05-04 11:15:00+05:30,467.0,467.45,464.6,464.7,259942
2017-05-04 11:45:00+05:30,464.75,466.93,464.45,466.6,213188
2017-05-04 12:15:00+05:30,466.63,467.5,466.18,467.48,209562
2017-05-04 12:45:00+05:30,467.48,467.7,465.65,466.18,221598
2017-05-04 13:15:00+05:30,466.23,467.9,466.05,467.45,271978
2017-05-04 13:45:00+05:30,467.45,468.5,467.45,468.3,276050
2017-05-04 14:15:00+05:30,468.3,468.45,467.0,467.25,209416
2017-05-04 14:45:00+05:30,467.25,469.25,467.03,468.78,1264692
2017-05-04 15:15:00+05:30,468.95,469.28,468.0,468.0,683448
2017-05-05 09:15:00+05:30,468.33,468.33,461.98,462.55,708308
2017-05-05 09:45:00+05:30,462.55,463.23,460.08,462.4,577466
2017-05-05 10:15:00+05:30,462.38,462.65,461.48,461.88,288228
2017-05-05 10:45:00+05:30,461.88,462.3,460.25,461.78,488826
2017-05-05 11:15:00+05:30,461.78,462.88,461.1,462.13,178684
2017-05-05 11:45:00+05:30,462.13,463.75,461.38,463.33,301876
2017-05-05 12:15:00+05:30,463.33,465.43,463.2,463.7,325070
2017-05-05 12:45:00+05:30,463.55,464.8,463.0,464.2,205064
2017-05-05 13:15:00+05:30,464.2,465.88,463.73,465.05,245718
2017-05-05 13:45:00+05:30,465.05,465.68,463.7,464.7,282320
2017-05-05 14:15:00+05:30,464.73,465.2,463.1,463.18,184772
2017-05-05 14:45:00+05:30,463.18,466.2,463.13,465.85,398032
2017-05-05 15:15:00+05:30,465.85,466.88,464.45,465.0,232192
2017-05-08 09:15:00+05:30,468.9,468.98,466.0,468.3,591242
2017-05-08 09:45:00+05:30,468.33,468.58,467.28,467.78,299380
2017-05-08 10:15:00+05:30,467.78,469.98,467.75,469.88,510290
2017-05-08 10:45:00+05:30,469.88,470.98,469.0,469.73,327530
2017-05-08 11:15:00+05:30,469.73,469.9,468.05,468.4,112216
2017-05-08 11:45:00+05:30,468.4,469.5,468.4,469.3,89540
2017-05-08 12:15:00+05:30,469.3,470.0,468.53,468.88,230378
2017-05-08 12:45:00+05:30,468.88,469.7,468.88,469.18,91836
2017-05-08 13:15:00+05:30,469.18,470.98,469.13,470.88,427074
2017-05-08 13:45:00+05:30,470.88,471.85,470.28,470.98,419888
2017-05-08 14:15:00+05:30,470.98,472.45,470.75,471.98,330796
2017-05-08 14:45:00+05:30,471.83,474.25,471.78,473.5,715554
2017-05-08 15:15:00+05:30,473.48,473.5,471.5,471.55,545452
2017-05-09 09:15:00+05:30,475.38,475.98,473.85,473.85,1213834
2017-05-09 09:45:00+05:30,473.85,474.95,473.2,474.5,263008
2017-05-09 10:15:00+05:30,474.5,474.6,473.5,473.78,157366
2017-05-09 10:45:00+05:30,473.75,473.93,471.85,473.43,339274
2017-05-09 11:15:00+05:30,473.38,474.0,472.9,473.83,202412
2017-05-09 11:45:00+05:30,473.83,473.9,471.63,471.85,578704
2017-05-09 12:15:00+05:30,471.85,472.43,471.05,471.85,353058
2017-05-09 12:45:00+05:30,471.85,473.88,471.68,473.18,325788
2017-05-09 13:15:00+05:30,473.18,473.85,472.8,472.93,335488
2017-05-09 13:45:00+05:30,472.93,473.3,472.8,473.03,231732
2017-05-09 14:15:00+05:30,473.0,473.7,472.98,473.43,361904
2017-05-09 14:45:00+05:30,473.43,473.85,473.08,473.45,645602
2017-05-09 15:15:00+05:30,473.48,473.95,472.83,473.48,614604
2017-05-10 09:15:00+05:30,474.0,475.0,472.55,472.75,266514
2017-05-10 09:45:00+05:30,472.75,474.45,472.7,474.03,277480
2017-05-10 10:15:00+05:30,474.0,474.45,473.55,473.68,198092
2017-05-10 10:45:00+05:30,473.65,474.0,472.55,473.25,148424
2017-05-10 11:15:00+05:30,473.25,473.48,470.28,470.83,254410
2017-05-10 11:45:00+05:30,470.83,471.38,470.23,470.33,120490
2017-05-10 12:15:00+05:30,470.33,470.93,470.13,470.88,159414
2017-05-10 12:45:00+05:30,470.8,470.85,469.15,469.4,385100
2017-05-10 13:15:00+05:30,469.4,470.33,468.58,469.98,231678
2017-05-10 13:45:00+05:30,469.8,470.25,469.38,469.88,173834
2017-05-10 14:15:00+05:30,469.85,470.48,469.6,469.9,163874
2017-05-10 14:45:00+05:30,469.85,472.35,469.68,472.2,575106
2017-05-10 15:15:00+05:30,472.13,473.63,472.05,473.0,406228
2017-05-11 09:15:00+05:30,473.43,473.43,469.0,471.05,239466
2017-05-11 09:45:00+05:30,471.05,474.5,471.0,473.25,255964
2017-05-11 10:15:00+05:30,473.25,473.63,472.2,473.1,120816
2017-05-11 10:45:00+05:30,473.1,473.35,471.88,472.3,86690
2017-05-11 11:15:00+05:30,472.3,472.43,471.48,472.0,106194
2017-05-11 11:45:00+05:30,472.0,472.6,471.85,472.15,81924
2017-05-11 12:15:00+05:30,472.15,472.95,472.05,472.68,68964
2017-05-11 12:45:00+05:30,472.73,473.5,472.63,472.98,108428
2017-05-11 13:15:00+05:30,473.0,473.5,472.48,473.43,153494
2017-05-11 13:45:00+05:30,473.43,474.85,473.4,474.68,571788
2017-05-11 14:15:00+05:30,474.68,474.93,472.95,473.88,191212
2017-05-11 14:45:00+05:30,473.88,474.45,471.33,471.75,726374
2017-05-11 15:15:00+05:30,471.75,473.0,471.43,472.03,510930
2017-05-12 09:15:00+05:30,476.0,481.48,475.8,479.6,4188208
2017-05-12 09:45:00+05:30,479.6,479.75,478.5,479.3,705106
2017-05-12 10:15:00+05:30,479.3,479.5,478.2,479.03,1248588
2017-05-12 10:45:00+05:30,479.03,480.2,478.98,480.0,482802
2017-05-12 11:15:00+05:30,479.93,480.18,479.5,480.03,666358
2017-05-12 11:45:00+05:30,480.05,481.03,479.28,481.0,356082
2017-05-12 12:15:00+05:30,481.03,482.35,480.23,480.58,473652
2017-05-12 12:45:00+05:30,480.55,481.2,479.65,480.75,365406
2017-05-12 13:15:00+05:30,480.75,482.0,480.7,481.65,425882
2017-05-12 13:45:00+05:30,481.68,481.83,481.0,481.45,319190
2017-05-12 14:15:00+05:30,481.45,482.5,480.88,482.0,532514
2017-05-12 14:45:00+05:30,482.0,482.8,481.48,482.4,582178
2017-05-12 15:15:00+05:30,482.5,483.0,480.98,482.95,605242
2017-05-15 09:15:00+05:30,481.73,481.73,476.88,477.13,753770
2017-05-15 09:45:00+05:30,477.1,478.15,476.8,478.0,311398
2017-05-15 10:15:00+05:30,478.0,478.05,475.08,475.23,345480
2017-05-15 10:45:00+05:30,475.05,476.0,474.68,475.0,413292
2017-05-15 11:15:00+05:30,475.0,476.0,474.85,475.5,175494
2017-05-15 11:45:00+05:30,475.5,476.0,475.28,475.7,134082
2017-05-15 12:15:00+05:30,475.7,475.8,475.2,475.65,123616
2017-05-15 12:45:00+05:30,475.65,476.0,474.55,475.53,3451496
2017-05-15 13:15:00+05:30,475.68,476.5,475.3,475.38,231634
2017-05-15 13:45:00+05:30,475.4,476.0,474.75,475.25,182222
2017-05-15 14:15:00+05:30,475.35,476.0,474.93,475.08,249030
2017-05-15 14:45:00+05:30,475.08,475.83,474.93,475.75,455506
2017-05-15 15:15:00+05:30,475.75,476.98,475.0,476.63,466246
2017-05-16 09:15:00+05:30,477.0,478.4,475.83,478.18,1193502
2017-05-16 09:45:00+05:30,478.23,480.08,477.73,478.45,461354
2017-05-16 10:15:00+05:30,478.45,479.6,477.55,477.8,338176
2017-05-16 10:45:00+05:30,477.8,477.8,475.5,476.75,368078
2017-05-16 11:15:00+05:30,476.75,477.35,475.08,475.35,355248
2017-05-16 11:45:00+05:30,475.35,476.78,475.1,475.15,358664
2017-05-16 12:15:00+05:30,475.18,475.45,473.8,474.28,359392
2017-05-16 12:45:00+05:30,474.05,474.35,473.48,473.93,308290
2017-05-16 13:15:00+05:30,473.9,475.1,473.53,474.3,308450
2017-05-16 13:45:00+05:30,474.3,475.5,474.18,475.2,421034
2017-05-16 14:15:00+05:30,475.2,476.8,474.65,476.45,499260
2017-05-16 14:45:00+05:30,476.45,477.13,474.7,476.7,702048
2017-05-16 15:15:00+05:30,476.7,479.18,476.65,477.75,449742
2017-05-17 09:15:00+05:30,476.65,479.2,475.5,476.48,290190
2017-05-17 09:45:00+05:30,476.58,476.85,475.75,475.85,107650
2017-05-17 10:15:00+05:30,475.85,476.15,473.75,473.93,189124
2017-05-17 10:45:00+05:30,473.93,474.75,473.93,474.4,68756
2017-05-17 11:15:00+05:30,474.4,475.0,473.25,473.65,179822
2017-05-17 11:45:00+05:30,473.65,474.1,472.63,473.43,356322
2017-05-17 12:15:00+05:30,473.43,473.5,471.95,472.3,250518
2017-05-17 12:45:00+05:30,472.33,473.9,472.05,473.68,301166
2017-05-17 13:15:00+05:30,473.68,474.4,473.28,474.4,132228
2017-05-17 13:45:00+05:30,474.33,474.83,473.5,474.05,136890
2017-05-17 14:15:00+05:30,474.08,475.48,474.03,474.73,248720
2017-05-17 14:45:00+05:30,474.63,476.5,474.13,476.45,387156
2017-05-17 15:15:00+05:30,476.48,477.25,475.9,476.45,261970
2017-05-18 09:15:00+05:30,471.75,477.45,471.75,476.75,572338
2017-05-18 09:45:00+05:30,476.78,478.75,475.28,475.78,535546
2017-05-18 10:15:00+05:30,475.78,479.75,475.38,479.5,661134
2017-05-18 10:45:00+05:30,479.5,482.05,478.33,481.9,905536
2017-05-18 11:15:00+05:30,481.93,484.7,480.85,483.83,1057090
2017-05-18 11:45:00+05:30,483.78,486.93,483.53,486.5,1184340
2017-05-18 12:15:00+05:30,486.53,486.6,483.35,483.38,809456
2017-05-18 12:45:00+05:30,483.38,483.9,481.2,482.83,358268
2017-05-18 13:15:00+05:30,482.83,482.95,480.75,481.48,263374
2017-05-18 13:45:00+05:30,481.5,482.1,480.05,480.45,262600
2017-05-18 14:15:00+05:30,480.43,482.45,479.75,481.28,298056
2017-05-18 14:45:00+05:30,481.28,482.05,480.0,481.83,673314
2017-05-18 15:15:00+05:30,481.83,481.85,480.0,480.15,447020
2017-05-19 09:15:00+05:30,480.15,481.33,475.5,476.48,309442
2017-05-19 09:45:00+05:30,476.48,477.5,475.0,477.0,170942
2017-05-19 10:15:00+05:30,477.0,477.75,475.73,475.83,154318
2017-05-19 10:45:00+05:30,475.75,476.75,475.43,475.65,252310
2017-05-19 11:15:00+05:30,475.65,475.65,473.93,474.48,430984
2017-05-19 11:45:00+05:30,474.5,476.85,474.25,476.1,224302
2017-05-19 12:15:00+05:30,476.13,476.5,475.0,476.2,265186
2017-05-19 12:45:00+05:30,476.2,476.45,475.25,475.85,214896
2017-05-19 13:15:00+05:30,475.8,477.03,475.68,476.63,198504
2017-05-19 13:45:00+05:30,476.6,477.5,476.23,476.4,299798
2017-05-19 14:15:00+05:30,476.4,478.9,475.63,478.43,355974
2017-05-19 14:45:00+05:30,478.43,479.73,477.68,478.8,721976
2017-05-19 15:15:00+05:30,478.8,479.75,477.78,478.63,652940
2017-05-22 09:15:00+05:30,479.2,482.45,478.28,482.35,649548
2017-05-22 09:45:00+05:30,482.25,482.95,481.18,481.4,616106
2017-05-22 10:15:00+05:30,481.4,481.7,480.13,480.33,288244
2017-05-22 10:45:00+05:30,480.33,480.78,479.68,479.73,305120
2017-05-22 11:15:00+05:30,479.78,480.25,479.5,479.75,201028
2017-05-22 11:45:00+05:30,479.78,482.83,479.55,482.68,584182
2017-05-22 12:15:00+05:30,482.7,483.4,481.18,481.6,479382
2017-05-22 12:45:00+05:30,481.6,481.85,480.0,480.15,213204
2017-05-22 13:15:00+05:30,480.15,481.88,479.6,480.88,254068
2017-05-22 13:45:00+05:30,480.88,481.78,480.85,481.05,200570
2017-05-22 14:15:00+05:30,481.0,481.35,480.43,480.9,547772
2017-05-22 14:45:00+05:30,480.88,481.7,480.5,480.6,754726
2017-05-22 15:15:00+05:30,480.6,481.48,479.8,480.0,400290
2017-05-23 09:15:00+05:30,482.0,483.5,480.55,481.35,386950
2017-05-23 09:45:00+05:30,481.35,482.25,480.4,482.25,416784
2017-05-23 10:15:00+05:30,482.0,482.85,481.0,481.53,367950
2017-05-23 10:45:00+05:30,481.53,482.4,479.15,479.55,280212
2017-05-23 11:15:00+05:30,479.55,481.2,479.5,479.7,179322
2017-05-23 11:45:00+05:30,479.7,480.4,478.0,478.6,180072
2017-05-23 12:15:00+05:30,478.6,478.68,477.05,477.63,215798
2017-05-23 12:45:00+05:30,477.63,480.0,477.15,479.48,296072
2017-05-23 13:15:00+05:30,479.45,481.0,478.8,479.5,267094
2017-05-23 13:45:00+05:30,479.5,481.53,479.13,481.05,287812
2017-05-23 14:15:00+05:30,481.05,481.13,478.58,480.0,278676
2017-05-23 14:45:00+05:30,480.0,480.25,477.73,479.1,540876
2017-05-23 15:15:00+05:30,479.15,479.78,478.3,478.75,337570
2017-05-24 09:15:00+05:30,480.15,481.0,479.1,479.5,400438
2017-05-24 09:45:00+05:30,479.5,481.0,479.35,480.13,286850
2017-05-24 10:15:00+05:30,480.13,481.33,479.4,479.48,271190
2017-05-24 10:45:00+05:30,479.48,480.5,478.93,479.4,177958
2017-05-24 11:15:00+05:30,479.43,482.75,478.65,481.28,808670
2017-05-24 11:45:00+05:30,481.65,481.88,480.35,480.75,408502
2017-05-24 12:15:00+05:30,480.75,480.95,478.65,478.8,344706
2017-05-24 12:45:00+05:30,478.8,479.7,478.53,479.35,393896
2017-05-24 13:15:00+05:30,479.4,480.95,477.8,478.4,500352
2017-05-24 13:45:00+05:30,478.4,479.05,477.58,477.93,461936
2017-05-24 14:15:00+05:30,477.85,478.0,474.8,475.5,506962
2017-05-24 14:45:00+05:30,475.5,477.93,475.2,476.73,624772
2017-05-24 15:15:00+05:30,476.75,479.9,475.98,478.5,442346
2017-05-25 09:15:00+05:30,480.5,482.53,480.5,482.25,513076
2017-05-25 09:45:00+05:30,482.25,484.0,482.08,483.23,412162
2017-05-25 10:15:00+05:30,483.23,485.25,483.23,485.1,345464
2017-05-25 10:45:00+05:30,485.08,486.9,484.65,485.03,375300
2017-05-25 11:15:00+05:30,485.03,485.83,484.85,485.0,118118
2017-05-25 11:45:00+05:30,485.0,486.23,484.78,484.8,142528
2017-05-25 12:15:00+05:30,484.8,486.68,484.8,486.18,222188
2017-05-25 12:45:00+05:30,486.18,486.25,485.55,485.88,147294
2017-05-25 13:15:00+05:30,485.88,487.5,485.25,486.88,618514
2017-05-25 13:45:00+05:30,486.88,487.73,486.0,487.25,359252
2017-05-25 14:15:00+05:30,487.25,488.0,486.75,487.45,697430
2017-05-25 14:45:00+05:30,487.45,493.25,487.0,492.43,4041364
2017-05-25 15:15:00+05:30,492.38,493.0,490.5,490.5,2435216
2017-05-26 09:15:00+05:30,493.5,495.25,490.53,493.45,541768
2017-05-26 09:45:00+05:30,493.45,495.6,493.45,494.53,456906
2017-05-26 10:15:00+05:30,494.53,495.9,494.23,494.98,253800
2017-05-26 10:45:00+05:30,494.98,495.88,494.7,495.5,160678
2017-05-26 11:15:00+05:30,495.5,497.38,494.5,497.35,259020
2017-05-26 11:45:00+05:30,497.25,498.9,495.33,498.9,455534
2017-05-26 12:15:00+05:30,498.9,499.73,497.3,498.03,354304
2017-05-26 12:45:00+05:30,498.03,499.93,496.6,499.93,325276
2017-05-26 13:15:00+05:30,499.95,500.0,497.1,497.4,398246
2017-05-26 13:45:00+05:30,497.5,499.75,497.25,499.68,312784
2017-05-26 14:15:00+05:30,499.63,500.0,498.75,499.43,372500
2017-05-26 14:45:00+05:30,499.5,499.68,497.2,498.45,539024
2017-05-26 15:15:00+05:30,498.45,499.0,495.4,498.0,542974
2017-05-29 09:15:00+05:30,495.0,498.35,490.53,492.28,637364
2017-05-29 09:45:00+05:30,492.28,494.63,491.9,493.1,442358
2017-05-29 10:15:00+05:30,493.08,494.1,491.53,492.4,232180
2017-05-29 10:45:00+05:30,492.4,494.1,491.53,493.25,302182
2017-05-29 11:15:00+05:30,493.25,493.63,492.4,493.03,238606
2017-05-29 11:45:00+05:30,493.03,493.05,490.1,490.9,396372
2017-05-29 12:15:00+05:30,490.85,491.5,490.25,490.68,413078
2017-05-29 12:45:00+05:30,490.68,491.25,488.55,488.83,468362
2017-05-29 13:15:00+05:30,488.63,489.7,487.9,489.2,502112
2017-05-29 13:45:00+05:30,489.2,490.0,488.05,490.0,533266
2017-05-29 14:15:00+05:30,489.63,491.5,489.08,491.03,555350
2017-05-29 14:45:00+05:30,491.05,492.78,490.78,492.28,815498
2017-05-29 15:15:00+05:30,492.28,493.85,492.0,493.0,765062
2017-05-30 09:15:00+05:30,490.58,494.85,489.4,493.5,370184
2017-05-30 09:45:00+05:30,493.5,497.0,493.0,496.38,381128
2017-05-30 10:15:00+05:30,496.68,497.5,496.1,497.45,239346
2017-05-30 10:45:00+05:30,497.45,498.68,497.3,498.23,257756
2017-05-30 11:15:00+05:30,498.25,498.78,496.63,498.73,147082
2017-05-30 11:45:00+05:30,498.73,499.95,498.58,499.5,423662
2017-05-30 12:15:00+05:30,499.5,499.58,498.2,499.2,206374
2017-05-30 12:45:00+05:30,499.18,500.0,498.88,499.83,476432
2017-05-30 13:15:00+05:30,499.83,499.98,499.3,499.6,175320
2017-05-30 13:45:00+05:30,499.6,499.98,496.95,497.88,235116
2017-05-30 14:15:00+05:30,497.88,499.5,497.43,498.88,245336
2017-05-30 14:45:00+05:30,498.88,499.48,497.95,498.48,302740
2017-05-30 15:15:00+05:30,498.5,498.5,496.15,496.5,254306
2017-05-31 09:15:00+05:30,496.7,496.7,492.05,493.8,202032
2017-05-31 09:45:00+05:30,493.8,494.73,493.0,494.2,88060
2017-05-31 10:15:00+05:30,494.13,495.3,493.15,494.6,166724
2017-05-31 10:45:00+05:30,494.5,494.8,494.0,494.35,92912
2017-05-31 11:15:00+05:30,494.35,495.98,494.33,495.7,139240
2017-05-31 11:45:00+05:30,495.7,496.0,495.5,495.83,148538
2017-05-31 12:15:00+05:30,495.83,496.0,495.3,495.48,174298
2017-05-31 12:45:00+05:30,495.48,496.1,493.73,495.5,281744
2017-05-31 13:15:00+05:30,495.58,495.58,493.58,493.73,144054
2017-05-31 13:45:00+05:30,493.93,493.93,492.4,492.9,254288
2017-05-31 14:15:00+05:30,492.9,493.4,492.1,492.65,264408
2017-05-31 14:45:00+05:30,492.65,493.45,487.68,489.35,3168152
2017-05-31 15:15:00+05:30,489.45,489.48,487.48,488.03,2619400
2017-06-01 09:15:00+05:30,483.98,483.98,479.3,481.35,545428
2017-06-01 09:45:00+05:30,481.35,481.35,479.78,480.48,235070
2017-06-01 10:15:00+05:30,480.45,487.98,480.0,486.33,843824
2017-06-01 10:45:00+05:30,486.33,489.85,486.0,486.43,644496
2017-06-01 11:15:00+05:30,486.45,487.75,486.03,486.08,236696
2017-06-01 11:45:00+05:30,486.08,487.1,485.35,486.3,294278
2017-06-01 12:15:00+05:30,486.33,486.53,484.13,484.5,370100
2017-06-01 12:45:00+05:30,484.5,485.28,482.55,483.35,405682
2017-06-01 13:15:00+05:30,483.35,484.05,482.98,483.1,246180
2017-06-01 13:45:00+05:30,483.0,483.48,483.0,483.03,275848
2017-06-01 14:15:00+05:30,483.0,485.95,483.0,484.55,273002
2017-06-01 14:45:00+05:30,484.4,486.4,484.05,485.9,487676
2017-06-01 15:15:00+05:30,485.98,486.73,485.1,485.63,623966
2017-06-02 09:15:00+05:30,486.68,487.58,484.25,486.93,335190
2017-06-02 09:45:00+05:30,486.93,487.3,484.55,484.88,194128
2017-06-02 10:15:00+05:30,484.88,485.0,483.6,484.5,321036
2017-06-02 10:45:00+05:30,484.58,484.98,483.63,484.5,480178
2017-06-02 11:15:00+05:30,484.5,484.85,482.1,482.25,203532
2017-06-02 11:45:00+05:30,482.25,484.18,482.1,484.13,179412
2017-06-02 12:15:00+05:30,484.13,484.75,483.98,484.53,263740
2017-06-02 12:45:00+05:30,484.53,484.53,482.75,483.03,121270
2017-06-02 13:15:00+05:30,483.03,484.5,482.73,484.5,169442
2017-06-02 13:45:00+05:30,484.5,484.8,482.93,483.08,239336
2017-06-02 14:15:00+05:30,483.08,483.7,483.0,483.0,175294
2017-06-02 14:45:00+05:30,483.0,485.0,483.0,484.98,690602
2017-06-02 15:15:00+05:30,484.98,485.48,483.1,483.75,536990
2017-06-05 09:15:00+05:30,485.03,485.2,481.53,482.15,340544
2017-06-05 09:45:00+05:30,482.15,483.0,481.6,482.4,158830
2017-06-05 10:15:00+05:30,482.4,483.1,482.08,482.53,109696
2017-06-05 10:45:00+05:30,482.53,482.85,482.2,482.43,206986
2017-06-05 11:15:00+05:30,482.45,482.58,481.53,482.3,296854
2017-06-05 11:45:00+05:30,482.3,482.5,479.9,480.38,521354
2017-06-05 12:15:00+05:30,480.35,481.2,479.5,479.75,331984
2017-06-05 12:45:00+05:30,479.75,480.18,479.3,479.9,299934
2017-06-05 13:15:00+05:30,479.9,482.35,479.75,481.8,556406
2017-06-05 13:45:00+05:30,481.8,482.9,480.5,481.53,630066
2017-06-05 14:15:00+05:30,481.48,481.75,479.8,480.5,560702
2017-06-05 14:45:00+05:30,480.5,480.78,478.53,479.4,823814
2017-06-05 15:15:00+05:30,479.35,480.25,478.88,479.5,612174
2017-06-06 09:15:00+05:30,482.85,488.93,482.33,487.98,1157836
2017-06-06 09:45:00+05:30,487.95,492.3,487.53,489.8,1018660
2017-06-06 10:15:00+05:30,489.8,491.5,489.23,490.3,292474
2017-06-06 10:45:00+05:30,490.3,491.15,489.18,491.0,247854
2017-06-06 11:15:00+05:30,491.0,493.63,490.98,492.65,793358
2017-06-06 11:45:00+05:30,492.7,493.5,492.5,492.5,411952
2017-06-06 12:15:00+05:30,492.5,492.53,490.08,490.65,336850
2017-06-06 12:45:00+05:30,490.65,491.4,489.28,490.65,468316
2017-06-06 13:15:00+05:30,490.65,491.45,490.2,490.33,252584
2017-06-06 13:45:00+05:30,490.33,490.98,489.63,490.05,259296
2017-06-06 14:15:00+05:30,490.05,491.13,489.28,489.55,300148
2017-06-06 14:45:00+05:30,489.55,490.7,488.5,489.58,911970
2017-06-06 15:15:00+05:30,489.58,490.13,488.58,490.0,546844
2017-06-07 09:15:00+05:30,492.5,494.38,490.25,490.93,2358214
2017-06-07 09:45:00+05:30,490.85,491.98,489.4,491.85,286000
2017-06-07 10:15:00+05:30,491.88,492.0,490.25,490.65,161540
2017-06-07 10:45:00+05:30,490.65,492.28,490.5,492.25,210472
2017-06-07 11:15:00+05:30,492.25,492.5,490.2,490.5,230024
2017-06-07 11:45:00+05:30,490.5,490.98,487.48,488.43,286990
2017-06-07 12:15:00+05:30,488.5,488.8,472.5,473.55,2577646
2017-06-07 12:45:00+05:30,473.85,478.3,473.55,476.33,955420
2017-06-07 13:15:00+05:30,476.38,476.5,474.15,475.8,773478
2017-06-07 13:45:00+05:30,475.98,476.53,472.7,473.88,861880
2017-06-07 14:15:00+05:30,473.95,477.03,473.85,475.38,778400
2017-06-07 14:45:00+05:30,475.4,483.85,475.38,481.03,2235364
2017-06-07 15:15:00+05:30,481.0,481.65,479.13,479.65,729546
2017-06-08 09:15:00+05:30,480.68,481.0,474.5,474.58,1187676
2017-06-08 09:45:00+05:30,474.5,478.88,474.08,476.73,730396
2017-06-08 10:15:00+05:30,476.73,477.0,475.5,475.6,192604
2017-06-08 10:45:00+05:30,475.6,477.38,475.5,475.85,263684
2017-06-08 11:15:00+05:30,475.85,476.25,475.1,475.48,165632
2017-06-08 11:45:00+05:30,475.48,477.5,474.98,476.45,415860
2017-06-08 12:15:00+05:30,476.48,477.23,475.0,475.23,328368
2017-06-08 12:45:00+05:30,475.23,476.68,475.0,476.35,302396
2017-06-08 13:15:00+05:30,476.48,477.0,475.35,476.13,278624
2017-06-08 13:45:00+05:30,476.13,476.13,475.28,475.48,458194
2017-06-08 14:15:00+05:30,475.48,476.0,475.05,475.8,356916
2017-06-08 14:45:00+05:30,475.8,478.65,475.58,478.4,978188
2017-06-08 15:15:00+05:30,478.4,479.35,477.85,478.03,520688
2017-06-09 09:15:00+05:30,469.53,469.98,461.95,464.13,4941596
2017-06-09 09:45:00+05:30,464.15,468.0,463.5,467.5,1001054
2017-06-09 10:15:00+05:30,467.63,471.85,467.0,468.08,2001428
2017-06-09 10:45:00+05:30,468.1,469.25,467.1,468.28,613312
2017-06-09 11:15:00+05:30,468.28,470.35,468.18,469.8,696796
2017-06-09 11:45:00+05:30,469.8,470.5,469.6,470.0,524526
2017-06-09 12:15:00+05:30,470.0,470.88,469.6,470.4,468568
2017-06-09 12:45:00+05:30,470.4,470.48,469.98,470.05,331990
2017-06-09 13:15:00+05:30,469.95,471.95,469.93,470.13,607990
2017-06-09 13:45:00+05:30,470.13,470.55,469.95,470.15,403814
2017-06-09 14:15:00+05:30,470.05,473.95,470.0,472.9,909742
2017-06-09 14:45:00+05:30,472.93,474.88,472.15,474.05,1307506
2017-06-09 15:15:00+05:30,474.05,475.48,473.55,474.5,893712
2017-06-12 09:15:00+05:30,471.45,473.38,470.05,472.0,893668
2017-06-12 09:45:00+05:30,472.0,472.75,471.0,471.53,586572
2017-06-12 10:15:00+05:30,471.58,471.65,470.83,471.0,374836
2017-06-12 10:45:00+05:30,471.0,475.38,470.5,473.75,693478
2017-06-12 11:15:00+05:30,473.78,475.9,473.75,474.48,612304
2017-06-12 11:45:00+05:30,474.48,475.0,474.03,474.93,103390
2017-06-12 12:15:00+05:30,474.93,476.88,474.6,476.65,681256
2017-06-12 12:45:00+05:30,476.65,478.5,475.33,478.45,811800
2017-06-12 13:15:00+05:30,478.48,482.33,478.13,480.58,1247394
2017-06-12 13:45:00+05:30,480.6,481.95,478.93,481.2,441734
2017-06-12 14:15:00+05:30,481.23,482.15,479.28,480.83,447860
2017-06-12 14:45:00+05:30,480.83,482.28,480.5,481.8,735792
2017-06-12 15:15:00+05:30,481.88,482.5,481.28,482.5,945866
2017-06-13 09:15:00+05:30,476.5,481.35,476.13,479.43,904064
2017-06-13 09:45:00+05:30,479.45,480.15,478.35,479.8,242454
2017-06-13 10:15:00+05:30,479.85,479.9,478.5,479.1,276780
2017-06-13 10:45:00+05:30,479.3,479.7,477.75,478.0,121884
2017-06-13 11:15:00+05:30,478.0,478.75,477.5,478.1,143134
2017-06-13 11:45:00+05:30,478.1,480.18,477.53,480.1,356302
2017-06-13 12:15:00+05:30,480.1,481.0,478.58,478.8,303164
2017-06-13 12:45:00+05:30,479.0,480.35,478.8,479.0,140474
2017-06-13 13:15:00+05:30,479.0,479.8,478.78,479.18,339290
2017-06-13 13:45:00+05:30,479.15,479.83,479.0,479.75,172974
2017-06-13 14:15:00+05:30,479.75,480.28,479.0,479.5,371212
2017-06-13 14:45:00+05:30,479.5,480.0,477.25,478.95,917172
2017-06-13 15:15:00+05:30,479.1,480.0,477.98,478.15,631742
2017-06-14 09:15:00+05:30,479.03,480.95,477.23,478.08,966532
2017-06-14 09:45:00+05:30,478.05,479.0,477.5,478.63,177666
2017-06-14 10:15:00+05:30,478.65,479.55,478.03,478.13,435282
2017-06-14 10:45:00+05:30,478.15,478.98,477.9,478.58,292138
2017-06-14 11:15:00+05:30,478.4,478.63,475.63,477.08,627170
2017-06-14 11:45:00+05:30,476.98,477.08,476.0,476.28,225078
2017-06-14 12:15:00+05:30,476.28,477.6,476.25,477.25,181160
2017-06-14 12:45:00+05:30,477.38,478.0,476.5,477.1,304384
2017-06-14 13:15:00+05:30,477.1,477.75,476.7,477.0,162110
2017-06-14 13:45:00+05:30,477.0,479.28,476.75,478.88,436114
2017-06-14 14:15:00+05:30,479.0,479.15,478.03,478.33,619730
2017-06-14 14:45:00+05:30,478.1,480.0,477.55,479.25,1161932
2017-06-14 15:15:00+05:30,479.25,479.48,478.63,479.25,1841982
2017-06-15 09:15:00+05:30,481.38,483.63,477.0,483.1,776716
2017-06-15 09:45:00+05:30,483.45,483.98,478.73,479.93,727542
2017-06-15 10:15:00+05:30,480.03,480.18,478.58,479.45,291040
2017-06-15 10:45:00+05:30,479.45,479.55,479.0,479.0,89888
2017-06-15 11:15:00+05:30,479.25,479.25,478.15,478.28,184656
2017-06-15 11:45:00+05:30,478.28,478.45,477.33,477.75,346744
2017-06-15 12:15:00+05:30,477.75,478.95,477.28,478.08,228612
2017-06-15 12:45:00+05:30,478.08,478.93,477.5,478.3,77450
2017-06-15 13:15:00+05:30,478.3,478.35,476.7,477.6,477558
2017-06-15 13:45:00+05:30,477.6,478.33,477.0,477.35,140492
2017-06-15 14:15:00+05:30,477.33,477.4,474.85,476.05,752986
2017-06-15 14:45:00+05:30,476.35,477.75,475.58,475.83,729084
2017-06-15 15:15:00+05:30,475.85,476.05,475.25,475.68,696664
2017-06-16 09:15:00+05:30,475.03,476.88,470.03,471.2,1321892
2017-06-16 09:45:00+05:30,471.2,474.33,471.05,473.5,683796
2017-06-16 10:15:00+05:30,473.5,473.58,472.5,472.83,299396
2017-06-16 10:45:00+05:30,472.83,473.15,471.5,472.53,348826
2017-06-16 11:15:00+05:30,472.58,472.63,471.0,471.3,244658
2017-06-16 11:45:00+05:30,471.3,472.25,471.15,471.58,402752
2017-06-16 12:15:00+05:30,471.8,473.53,471.5,472.03,278632
2017-06-16 12:45:00+05:30,472.03,472.45,471.05,471.4,337120
2017-06-16 13:15:00+05:30,471.4,472.73,471.38,472.45,267680
2017-06-16 13:45:00+05:30,472.5,473.5,471.33,471.65,1001674
2017-06-16 14:15:00+05:30,471.63,472.0,470.25,470.25,906028
2017-06-16 14:45:00+05:30,470.28,471.8,469.4,471.45,2101342
2017-06-16 15:15:00+05:30,471.45,471.45,468.2,468.3,2740144
2017-06-19 09:15:00+05:30,469.98,470.1,465.0,468.75,753686
2017-06-19 09:45:00+05:30,468.75,469.5,467.15,467.5,299654
2017-06-19 10:15:00+05:30,467.5,467.98,467.35,467.58,276642
2017-06-19 10:45:00+05:30,467.58,467.65,466.25,466.28,717526
2017-06-19 11:15:00+05:30,466.1,466.38,465.05,465.93,370200
2017-06-19 11:45:00+05:30,465.93,465.95,465.05,465.33,271034
2017-06-19 12:15:00+05:30,465.33,465.98,464.05,465.8,483574
2017-06-19 12:45:00+05:30,465.83,465.9,464.6,465.1,205214
2017-06-19 13:15:00+05:30,465.1,465.5,464.0,465.23,290670
2017-06-19 13:45:00+05:30,465.25,466.6,464.3,465.73,798602
2017-06-19 14:15:00+05:30,465.95,466.48,465.58,465.68,462532
2017-06-19 14:45:00+05:30,465.7,466.0,464.1,464.98,1010444
2017-06-19 15:15:00+05:30,465.0,465.4,464.65,465.4,896680
2017-06-20 09:15:00+05:30,467.53,472.5,467.08,471.6,1000770
2017-06-20 09:45:00+05:30,471.6,473.38,471.5,472.98,513128
2017-06-20 10:15:00+05:30,473.0,473.33,471.6,471.78,471070
2017-06-20 10:45:00+05:30,471.78,472.7,471.53,471.88,196418
2017-06-20 11:15:00+05:30,471.88,473.23,470.75,471.58,413730
2017-06-20 11:45:00+05:30,471.58,472.45,471.0,471.5,276700
2017-06-20 12:15:00+05:30,471.5,471.8,469.45,470.5,344546
2017-06-20 12:45:00+05:30,470.5,470.73,469.43,469.93,177360
2017-06-20 13:15:00+05:30,469.95,470.95,469.65,470.6,228420
2017-06-20 13:45:00+05:30,470.6,472.0,470.45,471.13,286180
2017-06-20 14:15:00+05:30,471.13,473.2,471.1,471.93,296374
2017-06-20 14:45:00+05:30,471.98,472.85,471.28,471.7,473906
2017-06-20 15:15:00+05:30,471.7,472.5,471.05,472.13,498594
2017-06-21 09:15:00+05:30,472.03,472.93,469.05,470.4,326482
2017-06-21 09:45:00+05:30,470.4,472.15,470.18,471.4,177602
2017-06-21 10:15:00+05:30,471.4,472.15,470.23,471.28,222714
2017-06-21 10:45:00+05:30,471.28,471.55,470.4,470.6,165266
2017-06-21 11:15:00+05:30,470.5,471.0,470.1,470.5,172252
2017-06-21 11:45:00+05:30,470.5,471.5,470.38,470.5,200718
2017-06-21 12:15:00+05:30,470.5,471.15,470.28,471.0,57700
2017-06-21 12:45:00+05:30,471.0,471.4,470.03,470.05,107074
2017-06-21 13:15:00+05:30,470.1,470.45,468.9,468.93,174964
2017-06-21 13:45:00+05:30,468.9,470.0,468.03,469.55,497606
2017-06-21 14:15:00+05:30,469.55,470.95,469.1,469.35,568794
2017-06-21 14:45:00+05:30,469.23,472.03,469.23,471.33,630532
2017-06-21 15:15:00+05:30,471.33,474.5,471.33,474.48,425010
2017-06-22 09:15:00+05:30,473.98,476.38,473.5,475.13,530692
2017-06-22 09:45:00+05:30,475.1,475.28,473.75,475.05,841284
2017-06-22 10:15:00+05:30,475.05,476.0,474.68,475.98,180244
2017-06-22 10:45:00+05:30,475.98,482.43,475.78,481.68,1602088
2017-06-22 11:15:00+05:30,481.7,484.23,481.05,482.3,1190428
2017-06-22 11:45:00+05:30,482.28,482.6,481.0,482.5,438108
2017-06-22 12:15:00+05:30,482.55,482.55,479.0,479.48,698312
2017-06-22 12:45:00+05:30,479.33,480.0,477.5,479.75,463504
2017-06-22 13:15:00+05:30,479.75,479.98,477.5,477.85,268608
2017-06-22 13:45:00+05:30,477.85,478.25,476.78,477.05,354978
2017-06-22 14:15:00+05:30,477.05,477.73,471.7,473.43,1325080
2017-06-22 14:45:00+05:30,473.23,474.0,467.55,471.7,1001862
2017-06-22 15:15:00+05:30,471.5,471.95,468.7,469.43,552634
2017-06-23 09:15:00+05:30,472.5,474.55,470.5,473.63,1082670
2017-06-23 09:45:00+05:30,473.68,474.15,471.7,472.3,849948
2017-06-23 10:15:00+05:30,472.28,472.65,471.65,472.2,495140
2017-06-23 10:45:00+05:30,472.08,473.68,471.38,473.5,430922
2017-06-23 11:15:00+05:30,473.53,473.53,470.85,470.98,214504
2017-06-23 11:45:00+05:30,470.98,471.73,470.58,471.1,261932
2017-06-23 12:15:00+05:30,471.03,471.33,469.0,470.68,369424
2017-06-23 12:45:00+05:30,470.65,471.7,470.3,471.23,261788
2017-06-23 13:15:00+05:30,471.23,473.45,471.0,472.65,388398
2017-06-23 13:45:00+05:30,472.65,472.98,471.1,472.65,321192
2017-06-23 14:15:00+05:30,472.65,472.65,471.35,471.5,286812
2017-06-23 14:45:00+05:30,471.45,472.6,471.3,471.75,737182
2017-06-23 15:15:00+05:30,471.75,472.13,470.55,472.13,694432
2017-06-27 09:15:00+05:30,473.9,473.9,466.33,467.4,1226756
2017-06-27 09:45:00+05:30,467.33,467.33,462.5,464.13,932724
2017-06-27 10:15:00+05:30,464.13,464.35,462.15,462.75,565722
2017-06-27 10:45:00+05:30,462.78,463.78,462.65,463.4,243098
2017-06-27 11:15:00+05:30,463.43,463.98,462.35,462.65,406048
2017-06-27 11:45:00+05:30,462.65,463.45,462.0,463.28,254606
2017-06-27 12:15:00+05:30,463.28,463.75,462.53,462.8,322106
2017-06-27 12:45:00+05:30,462.8,464.53,462.4,463.0,440736
2017-06-27 13:15:00+05:30,463.58,463.75,462.5,463.03,300084
2017-06-27 13:45:00+05:30,463.05,463.78,462.65,463.73,415990
2017-06-27 14:15:00+05:30,463.75,464.28,463.45,463.9,572082
2017-06-27 14:45:00+05:30,463.93,464.3,463.28,463.45,746458
2017-06-27 15:15:00+05:30,463.45,464.0,463.0,463.0,466408
2017-06-28 09:15:00+05:30,466.2,466.43,463.78,464.05,973292
2017-06-28 09:45:00+05:30,464.05,464.4,460.5,462.68,648596
2017-06-28 10:15:00+05:30,462.58,463.6,462.15,462.5,437198
2017-06-28 10:45:00+05:30,462.5,463.1,461.53,461.7,289736
2017-06-28 11:15:00+05:30,461.6,462.5,461.35,462.15,197428
2017-06-28 11:45:00+05:30,462.15,462.8,462.1,462.75,415844
2017-06-28 12:15:00+05:30,462.63,463.9,462.5,463.1,752118
2017-06-28 12:45:00+05:30,463.08,463.53,462.0,462.5,256318
2017-06-28 13:15:00+05:30,462.5,462.68,461.7,461.98,223538
2017-06-28 13:45:00+05:30,462.0,462.5,461.5,462.05,285982
2017-06-28 14:15:00+05:30,462.0,462.6,461.85,462.18,387228
2017-06-28 14:45:00+05:30,462.18,462.6,461.65,462.43,490824
2017-06-28 15:15:00+05:30,462.4,463.0,461.75,461.85,537262
2017-06-29 09:15:00+05:30,468.13,469.23,466.08,468.25,1264856
2017-06-29 09:45:00+05:30,468.13,470.75,468.13,469.88,530844
2017-06-29 10:15:00+05:30,469.85,471.25,469.03,471.0,423808
2017-06-29 10:45:00+05:30,470.85,473.9,470.8,472.0,893158
2017-06-29 11:15:00+05:30,471.98,472.7,471.28,472.43,295882
2017-06-29 11:45:00+05:30,472.48,473.2,470.1,471.78,1074414
2017-06-29 12:15:00+05:30,471.6,473.65,471.2,471.75,549612
2017-06-29 12:45:00+05:30,471.98,472.7,468.53,468.85,792140
2017-06-29 13:15:00+05:30,469.0,470.35,468.8,469.25,624342
2017-06-29 13:45:00+05:30,469.18,469.98,469.08,469.4,485362
2017-06-29 14:15:00+05:30,469.5,469.6,468.05,468.18,270282
2017-06-29 14:45:00+05:30,468.15,469.25,464.58,465.0,4624358
2017-06-29 15:15:00+05:30,464.98,465.0,463.38,465.0,4073264
2017-06-30 09:15:00+05:30,465.5,468.68,464.7,466.8,675256
2017-06-30 09:45:00+05:30,466.8,467.13,465.65,466.03,238106
2017-06-30 10:15:00+05:30,466.03,467.83,465.8,467.53,227828
2017-06-30 10:45:00+05:30,467.53,468.0,466.63,467.53,231224
2017-06-30 11:15:00+05:30,467.53,467.6,466.83,466.98,232416
2017-06-30 11:45:00+05:30,466.95,467.55,466.7,467.4,91282
2017-06-30 12:15:00+05:30,467.4,469.0,466.8,466.9,203746
2017-06-30 12:45:00+05:30,466.9,467.75,466.9,467.45,81042
2017-06-30 13:15:00+05:30,467.45,467.88,467.03,467.25,93084
2017-06-30 13:45:00+05:30,467.25,467.63,466.6,466.7,308308
2017-06-30 14:15:00+05:30,466.7,467.25,466.33,466.98,408432
2017-06-30 14:45:00+05:30,467.0,468.0,466.38,467.8,752126
2017-06-30 15:15:00+05:30,468.03,469.0,467.05,467.2,666012
2017-07-03 09:15:00+05:30,470.55,471.03,468.08,468.28,402114
2017-07-03 09:45:00+05:30,468.25,468.73,467.43,468.73,177564
2017-07-03 10:15:00+05:30,468.73,468.83,468.05,468.63,326744
2017-07-03 10:45:00+05:30,468.7,470.73,468.58,469.28,431392
2017-07-03 11:15:00+05:30,469.3,473.2,468.6,472.48,574920
2017-07-03 11:45:00+05:30,472.5,475.2,470.53,473.05,446620
2017-07-03 12:15:00+05:30,473.03,475.03,473.03,474.75,359338
2017-07-03 12:45:00+05:30,474.75,475.05,474.33,474.4,317996
2017-07-03 13:15:00+05:30,474.38,474.6,473.1,473.45,235674
2017-07-03 13:45:00+05:30,473.38,473.75,472.3,473.08,157608
2017-07-03 14:15:00+05:30,473.08,474.95,472.53,474.05,325350
2017-07-03 14:45:00+05:30,474.13,476.35,474.08,475.65,751504
2017-07-03 15:15:00+05:30,475.65,477.35,475.33,476.8,568050
2017-07-04 09:15:00+05:30,477.0,478.43,474.75,476.15,374496
2017-07-04 09:45:00+05:30,476.13,476.45,475.03,475.4,133688
2017-07-04 10:15:00+05:30,475.4,478.3,475.4,477.58,176596
2017-07-04 10:45:00+05:30,477.58,480.7,477.1,479.25,401948
2017-07-04 11:15:00+05:30,479.25,479.93,478.98,479.8,102716
2017-07-04 11:45:00+05:30,479.8,480.5,479.08,479.9,161116
2017-07-04 12:15:00+05:30,479.9,481.68,479.35,481.43,268580
2017-07-04 12:45:00+05:30,481.43,483.85,480.68,483.35,587690
2017-07-04 13:15:00+05:30,483.5,484.5,482.9,484.08,584086
2017-07-04 13:45:00+05:30,484.08,484.2,482.0,483.13,335496
2017-07-04 14:15:00+05:30,483.05,483.83,482.28,483.6,299956
2017-07-04 14:45:00+05:30,483.7,483.85,480.0,480.25,1328536
2017-07-04 15:15:00+05:30,480.25,481.0,479.75,480.5,408072
2017-07-05 09:15:00+05:30,479.0,479.38,475.0,476.83,903366
2017-07-05 09:45:00+05:30,476.95,477.1,475.8,475.8,154056
2017-07-05 10:15:00+05:30,475.8,476.95,475.25,476.65,184224
2017-07-05 10:45:00+05:30,476.65,477.2,475.7,475.9,114300
2017-07-05 11:15:00+05:30,475.9,476.08,475.28,475.83,89056
2017-07-05 11:45:00+05:30,475.83,476.05,475.2,475.28,77700
2017-07-05 12:15:00+05:30,475.28,475.8,473.5,474.53,297702
2017-07-05 12:45:00+05:30,474.53,475.0,473.78,474.33,111426
2017-07-05 13:15:00+05:30,474.33,474.75,473.53,473.88,274730
2017-07-05 13:45:00+05:30,473.88,474.08,472.73,473.4,300416
2017-07-05 14:15:00+05:30,473.4,474.95,472.8,474.95,446664
2017-07-05 14:45:00+05:30,474.93,476.35,473.4,476.05,821986
2017-07-05 15:15:00+05:30,476.03,476.13,474.85,476.0,442650
2017-07-06 09:15:00+05:30,473.43,475.6,472.75,475.33,322976
2017-07-06 09:45:00+05:30,475.33,476.93,475.05,475.75,250242
2017-07-06 10:15:00+05:30,475.75,476.93,475.05,476.1,278740
2017-07-06 10:45:00+05:30,476.1,476.3,475.3,475.75,112280
2017-07-06 11:15:00+05:30,475.75,476.0,475.2,475.58,125126
2017-07-06 11:45:00+05:30,475.58,476.0,474.43,474.63,166946
2017-07-06 12:15:00+05:30,474.63,477.5,474.38,476.3,346064
2017-07-06 12:45:00+05:30,476.2,476.75,475.88,476.43,127046
2017-07-06 13:15:00+05:30,476.43,476.75,475.5,476.33,127588
2017-07-06 13:45:00+05:30,476.33,476.98,476.0,476.28,188664
2017-07-06 14:15:00+05:30,476.28,476.98,476.0,476.95,149954
2017-07-06 14:45:00+05:30,476.95,478.5,472.75,473.23,750544
2017-07-06 15:15:00+05:30,473.43,475.25,472.13,473.4,867020
2017-07-07 09:15:00+05:30,472.48,472.65,470.6,471.23,424074
2017-07-07 09:45:00+05:30,471.2,472.33,471.0,472.1,410590
2017-07-07 10:15:00+05:30,472.1,472.1,471.25,471.83,139762
2017-07-07 10:45:00+05:30,471.85,472.1,470.63,471.43,396806
2017-07-07 11:15:00+05:30,471.45,471.8,471.0,471.25,127508
2017-07-07 11:45:00+05:30,471.25,471.75,469.0,469.95,375484
2017-07-07 12:15:00+05:30,469.95,470.28,469.28,469.95,342246
2017-07-07 12:45:00+05:30,469.95,470.8,469.03,469.58,200206
2017-07-07 13:15:00+05:30,469.58,469.65,467.68,468.75,947342
2017-07-07 13:45:00+05:30,468.78,469.05,468.03,468.45,268902
2017-07-07 14:15:00+05:30,468.45,469.2,468.0,468.55,873954
2017-07-07 14:45:00+05:30,468.58,468.7,467.55,467.7,653796
2017-07-07 15:15:00+05:30,467.65,468.05,466.53,467.55,603414
2017-07-10 12:15:00+05:30,473.0,475.0,470.0,472.08,34154
2017-07-10 12:45:00+05:30,472.08,472.08,472.08,472.08,0
2017-07-10 13:15:00+05:30,472.08,472.08,472.08,472.08,0
2017-07-10 13:45:00+05:30,472.08,477.1,472.0,476.9,377138
2017-07-10 14:15:00+05:30,476.85,479.9,476.13,478.75,583602
2017-07-10 14:45:00+05:30,478.75,479.63,477.8,478.48,321284
2017-07-10 15:15:00+05:30,478.48,478.98,477.0,477.03,180580
2017-07-11 09:15:00+05:30,478.33,491.48,478.33,491.38,2421828
2017-07-11 09:45:00+05:30,491.18,494.65,489.63,494.05,1849270
2017-07-11 10:15:00+05:30,494.05,494.2,490.95,490.98,1120256
2017-07-11 10:45:00+05:30,491.18,492.35,490.03,490.03,518796
2017-07-11 11:15:00+05:30,490.03,491.35,490.03,490.95,441516
2017-07-11 11:45:00+05:30,490.95,492.0,490.65,491.45,431896
2017-07-11 12:15:00+05:30,491.35,491.5,490.1,490.48,590042
2017-07-11 12:45:00+05:30,490.48,490.5,488.58,489.2,530624
2017-07-11 13:15:00+05:30,489.1,489.75,486.55,488.78,571996
2017-07-11 13:45:00+05:30,488.78,489.23,487.45,488.48,603254
2017-07-11 14:15:00+05:30,488.48,489.35,487.9,489.05,629384
2017-07-11 14:45:00+05:30,489.08,489.63,485.9,488.18,1265616
2017-07-11 15:15:00+05:30,488.15,489.5,487.1,489.3,560762
2017-07-12 09:15:00+05:30,487.48,490.5,485.85,488.93,761028
2017-07-12 09:45:00+05:30,488.93,489.98,486.73,486.73,547664
2017-07-12 10:15:00+05:30,486.73,488.95,486.25,488.15,410078
2017-07-12 10:45:00+05:30,488.13,488.9,487.18,488.2,225518
2017-07-12 11:15:00+05:30,488.2,488.25,486.8,487.28,171292
2017-07-12 11:45:00+05:30,487.25,488.0,486.9,487.85,238102
2017-07-12 12:15:00+05:30,487.85,488.48,487.13,487.88,373618
2017-07-12 12:45:00+05:30,487.75,488.0,486.28,487.2,669584
2017-07-12 13:15:00+05:30,487.25,487.35,486.3,486.95,451402
2017-07-12 13:45:00+05:30,486.95,488.0,486.03,487.65,962980
2017-07-12 14:15:00+05:30,487.68,487.78,485.0,485.15,373440
2017-07-12 14:45:00+05:30,485.25,486.8,484.38,486.18,637918
2017-07-12 15:15:00+05:30,486.18,487.15,485.5,486.5,427794
2017-07-13 09:15:00+05:30,489.18,490.98,487.8,488.18,1051970
2017-07-13 09:45:00+05:30,488.18,490.75,488.18,489.53,482730
2017-07-13 10:15:00+05:30,489.73,490.63,488.5,489.63,272318
2017-07-13 10:45:00+05:30,489.63,491.68,489.25,489.93,627844
2017-07-13 11:15:00+05:30,489.93,490.5,487.03,488.1,285850
2017-07-13 11:45:00+05:30,488.1,488.43,485.5,485.78,242646
2017-07-13 12:15:00+05:30,485.78,486.9,482.2,486.5,394752
2017-07-13 12:45:00+05:30,486.5,487.83,485.1,487.65,187018
2017-07-13 13:15:00+05:30,487.65,487.75,485.7,485.75,202114
2017-07-13 13:45:00+05:30,485.95,486.68,485.85,486.23,148888
2017-07-13 14:15:00+05:30,486.45,487.68,485.8,487.33,290864
2017-07-13 14:45:00+05:30,487.5,489.43,486.55,488.45,460038
2017-07-13 15:15:00+05:30,488.43,490.0,486.93,490.0,514756
2017-07-14 09:15:00+05:30,500.0,503.18,491.2,494.95,6317158
2017-07-14 09:45:00+05:30,494.85,499.38,493.75,496.25,2294368
2017-07-14 10:15:00+05:30,496.3,496.35,490.53,492.18,1632826
2017-07-14 10:45:00+05:30,492.3,492.45,489.3,490.88,1219668
2017-07-14 11:15:00+05:30,490.83,491.75,489.0,490.4,1277816
2017-07-14 11:45:00+05:30,490.5,492.3,490.18,491.18,759186
2017-07-14 12:15:00+05:30,491.18,494.95,490.53,492.28,1045336
2017-07-14 12:45:00+05:30,492.35,494.5,491.58,493.43,628694
2017-07-14 13:15:00+05:30,493.4,493.58,491.5,491.95,861540
2017-07-14 13:45:00+05:30,491.93,492.0,490.5,491.25,1254992
2017-07-14 14:15:00+05:30,491.23,491.25,484.03,484.03,2108164
2017-07-14 14:45:00+05:30,484.3,487.5,483.03,486.13,1606584
2017-07-14 15:15:00+05:30,486.13,487.13,484.43,485.05,1223584
2017-07-17 09:15:00+05:30,487.93,493.8,487.5,491.3,1728098
2017-07-17 09:45:00+05:30,491.35,496.0,491.2,494.93,1424382
2017-07-17 10:15:00+05:30,494.95,494.98,493.35,494.13,486634
2017-07-17 10:45:00+05:30,494.13,494.2,492.83,493.73,319146
2017-07-17 11:15:00+05:30,493.73,494.0,492.08,492.48,240952
2017-07-17 11:45:00+05:30,492.48,492.93,491.48,492.1,193920
2017-07-17 12:15:00+05:30,492.15,492.53,491.5,492.4,193432
2017-07-17 12:45:00+05:30,492.4,492.4,491.53,491.63,370150
2017-07-17 13:15:00+05:30,491.65,492.4,489.55,491.43,336768
2017-07-17 13:45:00+05:30,491.43,492.0,490.78,491.55,177992
2017-07-17 14:15:00+05:30,491.55,492.15,490.75,491.15,302736
2017-07-17 14:45:00+05:30,491.13,492.55,491.0,492.1,1135258
2017-07-17 15:15:00+05:30,492.25,493.25,491.73,492.78,777708
2017-07-18 09:15:00+05:30,493.03,502.35,493.03,500.15,2421888
2017-07-18 09:45:00+05:30,500.15,500.25,498.0,498.33,425030
2017-07-18 10:15:00+05:30,498.13,499.0,497.58,498.85,245898
2017-07-18 10:45:00+05:30,498.85,499.0,497.5,498.53,341350
2017-07-18 11:15:00+05:30,498.55,498.55,497.68,498.33,240186
2017-07-18 11:45:00+05:30,498.33,498.5,497.5,497.58,210114
2017-07-18 12:15:00+05:30,497.58,498.08,497.05,497.5,220816
2017-07-18 12:45:00+05:30,497.5,497.85,497.25,497.63,341386
2017-07-18 13:15:00+05:30,497.63,498.45,497.15,498.05,239270
2017-07-18 13:45:00+05:30,498.05,501.0,498.05,500.7,1093618
2017-07-18 14:15:00+05:30,500.7,501.55,497.03,497.65,795634
2017-07-18 14:45:00+05:30,497.5,497.68,491.6,492.15,1061482
2017-07-18 15:15:00+05:30,492.18,492.33,490.63,492.0,608924
2017-07-19 09:15:00+05:30,490.75,494.33,487.58,488.05,795284
2017-07-19 09:45:00+05:30,488.25,489.25,486.0,488.25,546302
2017-07-19 10:15:00+05:30,488.25,489.6,488.08,489.6,368990
2017-07-19 10:45:00+05:30,489.6,490.03,486.1,486.48,460934
2017-07-19 11:15:00+05:30,486.48,486.85,485.53,485.83,294262
2017-07-19 11:45:00+05:30,485.83,486.63,484.55,485.6,397236
2017-07-19 12:15:00+05:30,485.6,487.58,485.33,485.85,421118
2017-07-19 12:45:00+05:30,485.85,487.35,485.55,487.0,273754
2017-07-19 13:15:00+05:30,487.0,487.38,485.85,486.6,403350
2017-07-19 13:45:00+05:30,486.6,486.85,485.25,486.53,348674
2017-07-19 14:15:00+05:30,486.53,488.48,486.08,487.8,439024
2017-07-19 14:45:00+05:30,487.8,490.43,487.35,489.85,776440
2017-07-19 15:15:00+05:30,489.85,490.5,489.43,489.8,349814
2017-07-20 09:15:00+05:30,489.88,489.88,485.5,485.55,621240
2017-07-20 09:45:00+05:30,485.5,485.73,484.75,484.85,471408
2017-07-20 10:15:00+05:30,484.85,485.25,484.5,484.73,228608
2017-07-20 10:45:00+05:30,484.73,487.0,484.38,486.08,706996
2017-07-20 11:15:00+05:30,486.08,486.98,484.6,485.75,727356
2017-07-20 11:45:00+05:30,485.75,486.0,485.18,485.48,185962
2017-07-20 12:15:00+05:30,485.45,485.6,483.58,484.73,303020
2017-07-20 12:45:00+05:30,484.73,485.55,484.68,484.98,427174
2017-07-20 13:15:00+05:30,484.98,486.0,484.18,485.0,542716
2017-07-20 13:45:00+05:30,485.0,485.6,484.2,484.85,654576
2017-07-20 14:15:00+05:30,484.85,485.5,484.38,484.8,645780
2017-07-20 14:45:00+05:30,484.8,485.5,484.5,484.5,686528
2017-07-20 15:15:00+05:30,484.6,484.9,483.48,484.25,602060
2017-07-21 09:15:00+05:30,486.83,490.5,486.83,489.88,813566
2017-07-21 09:45:00+05:30,489.93,491.25,489.05,489.38,469164
2017-07-21 10:15:00+05:30,489.35,490.28,487.75,490.25,337104
2017-07-21 10:45:00+05:30,490.45,490.5,488.55,489.75,206276
2017-07-21 11:15:00+05:30,489.65,489.85,488.75,489.38,103384
2017-07-21 11:45:00+05:30,489.38,489.4,489.0,489.1,196578
2017-07-21 12:15:00+05:30,489.08,489.75,489.0,489.55,309140
2017-07-21 12:45:00+05:30,489.6,489.8,485.75,487.18,578596
2017-07-21 13:15:00+05:30,487.18,488.53,486.5,488.18,232570
2017-07-21 13:45:00+05:30,488.18,488.4,486.75,487.18,283616
2017-07-21 14:15:00+05:30,487.18,489.63,487.18,489.38,430642
2017-07-21 14:45:00+05:30,489.33,490.28,487.8,489.6,941622
2017-07-21 15:15:00+05:30,489.75,491.0,489.53,489.95,1073692
2017-07-24 09:15:00+05:30,491.78,494.63,491.3,493.73,393948
2017-07-24 09:45:00+05:30,493.73,495.25,493.33,495.23,388282
2017-07-24 10:15:00+05:30,495.25,496.93,493.9,494.93,1094476
2017-07-24 10:45:00+05:30,494.93,495.95,494.23,495.23,370494
2017-07-24 11:15:00+05:30,495.23,495.48,493.75,494.03,700396
2017-07-24 11:45:00+05:30,494.05,494.55,493.5,493.63,213220
2017-07-24 12:15:00+05:30,493.63,494.5,493.15,493.23,206542
2017-07-24 12:45:00+05:30,493.23,494.45,493.15,493.63,275378
2017-07-24 13:15:00+05:30,493.6,494.35,493.55,494.2,180768
2017-07-24 13:45:00+05:30,494.2,495.0,493.63,494.8,211446
2017-07-24 14:15:00+05:30,494.83,496.18,494.65,494.83,412656
2017-07-24 14:45:00+05:30,494.83,495.63,494.23,495.63,1036128
2017-07-24 15:15:00+05:30,495.68,496.63,495.0,495.25,627002
2017-07-25 09:15:00+05:30,495.0,495.73,493.1,494.35,506096
2017-07-25 09:45:00+05:30,494.35,494.38,493.15,493.95,215136
2017-07-25 10:15:00+05:30,493.95,498.73,493.9,497.63,603046
2017-07-25 10:45:00+05:30,497.55,499.5,497.55,497.95,624458
2017-07-25 11:15:00+05:30,497.95,498.0,495.15,495.4,532152
2017-07-25 11:45:00+05:30,495.4,496.28,495.1,495.45,507858
2017-07-25 12:15:00+05:30,495.45,496.13,494.8,495.25,383184
2017-07-25 12:45:00+05:30,495.28,495.43,493.63,494.33,342580
2017-07-25 13:15:00+05:30,494.28,496.73,494.0,496.38,662240
2017-07-25 13:45:00+05:30,496.38,498.88,495.85,497.1,457826
2017-07-25 14:15:00+05:30,497.1,497.65,496.55,496.93,558854
2017-07-25 14:45:00+05:30,496.83,498.28,496.6,497.13,1028946
2017-07-25 15:15:00+05:30,497.25,497.4,495.88,497.0,711384
2017-07-26 09:15:00+05:30,499.3,499.43,497.4,498.0,487830
2017-07-26 09:45:00+05:30,498.03,498.15,496.28,496.5,305706
2017-07-26 10:15:00+05:30,496.5,496.7,496.05,496.7,482842
2017-07-26 10:45:00+05:30,496.65,497.5,496.13,496.68,284276
2017-07-26 11:15:00+05:30,496.5,496.8,495.25,496.08,215990
2017-07-26 11:45:00+05:30,496.08,496.48,495.48,495.98,371736
2017-07-26 12:15:00+05:30,495.98,497.0,495.9,496.43,407438
2017-07-26 12:45:00+05:30,496.43,496.6,495.98,496.35,426404
2017-07-26 13:15:00+05:30,496.35,498.18,496.3,497.53,476660
2017-07-26 13:45:00+05:30,497.53,498.0,496.83,496.98,626478
2017-07-26 14:15:00+05:30,496.98,497.35,495.85,496.83,786560
2017-07-26 14:45:00+05:30,497.0,497.43,496.63,496.95,906962
2017-07-26 15:15:00+05:30,496.98,497.43,496.38,497.0,1085202
2017-07-27 09:15:00+05:30,498.43,501.7,496.85,499.45,1231322
2017-07-27 09:45:00+05:30,499.45,502.0,498.75,498.98,704040
2017-07-27 10:15:00+05:30,498.98,499.93,498.53,498.8,174050
2017-07-27 10:45:00+05:30,498.85,500.4,498.8,500.0,630930
2017-07-27 11:15:00+05:30,500.0,501.63,499.2,499.93,544528
2017-07-27 11:45:00+05:30,499.93,500.43,498.45,499.05,239218
2017-07-27 12:15:00+05:30,499.05,499.2,491.73,492.75,449632
2017-07-27 12:45:00+05:30,492.73,494.48,491.05,493.58,472846
2017-07-27 13:15:00+05:30,493.58,493.93,489.28,490.55,470650
2017-07-27 13:45:00+05:30,490.55,492.93,490.5,491.28,329244
2017-07-27 14:15:00+05:30,491.3,492.7,491.08,492.43,429398
2017-07-27 14:45:00+05:30,492.43,492.5,483.88,486.2,3759860
2017-07-27 15:15:00+05:30,486.23,486.23,483.4,484.93,3230298
2017-07-28 09:15:00+05:30,488.43,488.95,481.18,483.4,934250
2017-07-28 09:45:00+05:30,483.45,484.78,482.5,483.0,274300
2017-07-28 10:15:00+05:30,483.0,484.35,481.78,484.13,232706
2017-07-28 10:45:00+05:30,484.13,488.5,483.23,487.5,921228
2017-07-28 11:15:00+05:30,487.5,492.28,487.05,491.75,1129842
2017-07-28 11:45:00+05:30,491.75,493.7,490.68,492.53,728524
2017-07-28 12:15:00+05:30,492.53,494.15,491.83,492.68,480182
2017-07-28 12:45:00+05:30,492.7,495.35,492.7,494.58,395290
2017-07-28 13:15:00+05:30,494.95,494.95,492.2,493.6,480078
2017-07-28 13:45:00+05:30,493.53,501.38,492.88,498.58,1608652
2017-07-28 14:15:00+05:30,498.2,500.35,496.4,497.5,937120
2017-07-28 14:45:00+05:30,497.5,499.0,496.05,498.03,1699512
2017-07-28 15:15:00+05:30,498.15,499.55,497.53,497.85,1262460
2017-07-31 09:15:00+05:30,495.9,501.5,493.43,500.0,4684684
2017-07-31 09:45:00+05:30,499.8,501.98,497.23,500.2,1330190
2017-07-31 10:15:00+05:30,500.2,509.5,499.9,508.0,2603502
2017-07-31 10:45:00+05:30,508.1,510.83,507.5,508.5,1584804
2017-07-31 11:15:00+05:30,508.48,508.73,505.5,506.03,638444
2017-07-31 11:45:00+05:30,506.03,507.3,504.2,506.38,378032
2017-07-31 12:15:00+05:30,506.33,507.88,505.75,505.85,410178
2017-07-31 12:45:00+05:30,505.78,506.0,504.03,504.78,364204
2017-07-31 13:15:00+05:30,504.75,505.5,504.25,504.8,378410
2017-07-31 13:45:00+05:30,504.8,505.45,504.5,504.53,320380
2017-07-31 14:15:00+05:30,504.53,505.75,503.8,504.6,1627516
2017-07-31 14:45:00+05:30,504.88,506.38,502.65,504.98,2097894
2017-07-31 15:15:00+05:30,504.95,508.5,504.6,507.5,2726752
2017-08-01 09:15:00+05:30,505.5,508.5,502.3,503.65,789912
2017-08-01 09:45:00+05:30,503.63,504.73,502.78,502.9,448036
2017-08-01 10:15:00+05:30,502.78,505.85,502.5,503.0,365462
2017-08-01 10:45:00+05:30,503.0,503.1,501.28,501.7,371954
2017-08-01 11:15:00+05:30,501.63,501.85,499.18,500.1,548724
2017-08-01 11:45:00+05:30,500.23,501.23,499.25,500.25,383844
2017-08-01 12:15:00+05:30,500.48,503.75,500.25,502.88,365994
2017-08-01 12:45:00+05:30,503.0,503.5,501.83,502.68,242986
2017-08-01 13:15:00+05:30,502.68,502.73,500.75,501.08,189364
2017-08-01 13:45:00+05:30,501.08,502.95,501.05,501.78,296734
2017-08-01 14:15:00+05:30,501.78,503.0,500.33,502.68,455652
2017-08-01 14:45:00+05:30,502.68,504.6,502.25,502.63,1352790
2017-08-01 15:15:00+05:30,502.63,502.75,502.15,502.25,1853648
2017-08-02 09:15:00+05:30,503.38,506.3,502.18,502.5,520846
2017-08-02 09:45:00+05:30,502.5,504.0,502.05,503.83,236698
2017-08-02 10:15:00+05:30,503.93,503.98,502.03,502.48,220016
2017-08-02 10:45:00+05:30,502.48,503.35,500.55,501.35,269946
2017-08-02 11:15:00+05:30,501.35,501.78,500.33,501.4,202502
2017-08-02 11:45:00+05:30,501.4,501.5,499.98,500.1,235316
2017-08-02 12:15:00+05:30,500.1,500.9,499.1,499.38,279758
2017-08-02 12:45:00+05:30,499.45,499.85,497.05,497.75,253260
2017-08-02 13:15:00+05:30,497.75,497.95,495.58,497.68,311458
2017-08-02 13:45:00+05:30,497.6,498.78,497.0,498.25,279918
2017-08-02 14:15:00+05:30,498.25,499.45,497.5,498.15,162150
2017-08-02 14:45:00+05:30,498.15,498.75,496.93,498.38,398694
2017-08-02 15:15:00+05:30,498.38,498.5,493.75,494.58,881906
2017-08-03 09:15:00+05:30,496.08,499.38,493.0,495.6,1222654
2017-08-03 09:45:00+05:30,495.75,496.75,495.25,495.98,392898
2017-08-03 10:15:00+05:30,495.98,496.5,495.4,495.8,256960
2017-08-03 10:45:00+05:30,495.8,496.18,494.28,495.4,453006
2017-08-03 11:15:00+05:30,495.0,495.38,494.33,494.98,152090
2017-08-03 11:45:00+05:30,494.98,495.0,492.28,492.5,209962
2017-08-03 12:15:00+05:30,492.5,492.6,492.2,492.4,199086
2017-08-03 12:45:00+05:30,492.4,493.23,492.18,492.5,176032
2017-08-03 13:15:00+05:30,492.5,492.5,491.33,492.35,166392
2017-08-03 13:45:00+05:30,492.35,492.5,491.58,492.35,178146
2017-08-03 14:15:00+05:30,492.35,493.5,491.63,492.65,307850
2017-08-03 14:45:00+05:30,492.65,492.9,491.25,492.0,508536
2017-08-03 15:15:00+05:30,492.03,492.35,490.15,490.9,408474
2017-08-04 09:15:00+05:30,492.5,494.35,490.0,491.23,465904
2017-08-04 09:45:00+05:30,491.23,491.53,488.7,490.0,236670
2017-08-04 10:15:00+05:30,490.0,490.75,489.75,490.0,236210
2017-08-04 10:45:00+05:30,490.0,490.33,489.4,490.2,185108
2017-08-04 11:15:00+05:30,489.93,491.0,489.85,490.58,433862
2017-08-04 11:45:00+05:30,490.58,491.1,488.9,489.23,470420
2017-08-04 12:15:00+05:30,489.23,491.25,488.95,490.93,120008
2017-08-04 12:45:00+05:30,490.93,491.13,490.03,490.3,74776
2017-08-04 13:15:00+05:30,490.3,491.5,490.1,491.13,788594
2017-08-04 13:45:00+05:30,491.13,491.45,490.38,491.1,148984
2017-08-04 14:15:00+05:30,491.13,491.28,490.0,490.05,968898
2017-08-04 14:45:00+05:30,490.05,492.78,488.08,492.78,825284
2017-08-04 15:15:00+05:30,492.75,492.95,491.05,491.75,382046
2017-08-07 09:15:00+05:30,491.88,491.88,487.5,487.9,345718
2017-08-07 09:45:00+05:30,487.7,488.13,486.78,487.53,716068
2017-08-07 10:15:00+05:30,487.53,488.23,486.25,487.53,222170
2017-08-07 10:45:00+05:30,487.53,487.73,486.03,487.25,251170
2017-08-07 11:15:00+05:30,487.05,487.18,485.78,486.13,188550
2017-08-07 11:45:00+05:30,486.13,486.5,485.9,485.9,2159876
2017-08-07 12:15:00+05:30,485.9,487.03,485.25,486.1,242878
2017-08-07 12:45:00+05:30,486.1,486.5,485.5,486.23,143650
2017-08-07 13:15:00+05:30,486.23,486.4,485.03,485.03,195464
2017-08-07 13:45:00+05:30,485.15,485.5,485.0,485.33,289186
2017-08-07 14:15:00+05:30,485.3,485.55,485.15,485.18,285220
2017-08-07 14:45:00+05:30,485.18,485.5,483.78,484.7,595232
2017-08-07 15:15:00+05:30,484.78,484.8,482.85,483.25,432900
2017-08-08 09:15:00+05:30,484.25,485.05,483.45,484.95,542590
2017-08-08 09:45:00+05:30,484.95,485.03,479.75,479.78,481258
2017-08-08 10:15:00+05:30,479.78,481.48,477.53,480.83,434260
2017-08-08 10:45:00+05:30,480.83,481.5,480.1,480.43,313016
2017-08-08 11:15:00+05:30,480.45,482.0,480.3,481.68,195998
2017-08-08 11:45:00+05:30,481.7,481.73,480.05,480.38,123310
2017-08-08 12:15:00+05:30,480.38,480.95,480.38,480.45,107034
2017-08-08 12:45:00+05:30,480.45,481.05,480.4,481.0,111750
2017-08-08 13:15:00+05:30,481.05,481.38,479.28,479.3,185734
2017-08-08 13:45:00+05:30,479.3,482.78,479.23,482.75,1505726
2017-08-08 14:15:00+05:30,482.78,484.6,482.55,483.0,662366
2017-08-08 14:45:00+05:30,483.0,483.05,481.9,482.68,457332
2017-08-08 15:15:00+05:30,482.73,483.18,481.38,481.75,878528
2017-08-09 09:15:00+05:30,483.53,485.75,483.08,484.38,700472
2017-08-09 09:45:00+05:30,484.38,484.85,482.9,483.3,319882
2017-08-09 10:15:00+05:30,483.3,483.98,482.28,483.38,179272
2017-08-09 10:45:00+05:30,483.38,484.9,483.0,484.63,118002
2017-08-09 11:15:00+05:30,484.63,486.7,484.1,485.18,304636
2017-08-09 11:45:00+05:30,485.18,486.85,484.98,486.75,251524
2017-08-09 12:15:00+05:30,486.75,486.75,485.0,485.7,167678
2017-08-09 12:45:00+05:30,485.7,486.33,484.03,484.3,151936
2017-08-09 13:15:00+05:30,484.3,485.0,484.03,484.38,158774
2017-08-09 13:45:00+05:30,484.35,486.1,484.1,485.98,274538
2017-08-09 14:15:00+05:30,485.98,486.03,484.5,484.9,280176
2017-08-09 14:45:00+05:30,484.93,485.95,483.58,483.58,426370
2017-08-09 15:15:00+05:30,483.58,485.8,483.08,485.35,582002
2017-08-10 09:15:00+05:30,485.0,488.18,484.68,486.83,578174
2017-08-10 09:45:00+05:30,486.83,488.95,486.75,487.85,522270
2017-08-10 10:15:00+05:30,487.85,490.5,487.38,490.03,368406
2017-08-10 10:45:00+05:30,490.03,492.6,489.63,492.53,1224624
2017-08-10 11:15:00+05:30,492.53,493.7,491.6,492.73,682860
2017-08-10 11:45:00+05:30,492.68,493.5,491.73,492.3,273284
2017-08-10 12:15:00+05:30,492.28,492.75,491.75,492.2,367344
2017-08-10 12:45:00+05:30,492.2,492.43,491.6,492.05,415260
2017-08-10 13:15:00+05:30,492.08,493.6,491.7,493.0,747348
2017-08-10 13:45:00+05:30,493.03,493.65,491.78,492.0,532068
2017-08-10 14:15:00+05:30,492.0,492.7,491.55,491.9,902602
2017-08-10 14:45:00+05:30,491.88,493.18,489.1,490.9,1931994
2017-08-10 15:15:00+05:30,491.05,492.75,490.55,492.48,587554
2017-08-11 09:15:00+05:30,486.53,490.28,484.8,488.65,678534
2017-08-11 09:45:00+05:30,488.65,489.88,487.05,489.75,292506
2017-08-11 10:15:00+05:30,489.63,498.43,489.63,497.35,1682174
2017-08-11 10:45:00+05:30,497.3,497.3,493.38,494.25,310500
2017-08-11 11:15:00+05:30,494.25,495.53,493.25,493.35,191486
2017-08-11 11:45:00+05:30,493.35,494.0,492.35,492.68,489934
2017-08-11 12:15:00+05:30,492.68,493.58,492.33,492.55,159066
2017-08-11 12:45:00+05:30,492.55,493.4,492.03,492.55,258424
2017-08-11 13:15:00+05:30,492.55,492.95,491.78,492.63,235888
2017-08-11 13:45:00+05:30,492.63,495.33,492.13,494.4,297752
2017-08-11 14:15:00+05:30,494.13,496.45,493.88,496.08,415180
2017-08-11 14:45:00+05:30,496.08,496.18,493.15,493.8,743086
2017-08-11 15:15:00+05:30,493.8,494.8,492.5,493.25,782680
2017-08-14 09:15:00+05:30,494.5,494.5,488.58,490.5,868126
2017-08-14 09:45:00+05:30,490.5,491.98,489.7,491.5,757620
2017-08-14 10:15:00+05:30,491.5,491.78,491.0,491.03,85392
2017-08-14 10:45:00+05:30,491.0,491.5,490.05,490.13,112928
2017-08-14 11:15:00+05:30,490.1,491.5,490.0,491.5,147472
2017-08-14 11:45:00+05:30,491.48,492.68,490.9,491.08,160078
2017-08-14 12:15:00+05:30,491.1,491.2,490.45,490.78,120380
2017-08-14 12:45:00+05:30,490.75,490.95,490.0,490.95,123468
2017-08-14 13:15:00+05:30,490.93,491.4,490.0,490.25,110378
2017-08-14 13:45:00+05:30,490.25,490.38,490.0,490.05,106310
2017-08-14 14:15:00+05:30,490.1,492.03,489.83,491.15,252674
2017-08-14 14:45:00+05:30,491.15,491.75,490.55,490.9,683628
2017-08-14 15:15:00+05:30,490.75,491.25,489.53,491.0,282058
2017-08-16 09:15:00+05:30,491.0,493.05,489.23,490.03,1067018
2017-08-16 09:45:00+05:30,490.05,490.33,487.1,488.15,713052
2017-08-16 10:15:00+05:30,488.15,488.25,486.25,487.28,202236
2017-08-16 10:45:00+05:30,487.28,487.45,484.58,486.0,204024
2017-08-16 11:15:00+05:30,486.0,486.9,485.0,486.9,115762
2017-08-16 11:45:00+05:30,486.9,488.75,486.83,488.05,424352
2017-08-16 12:15:00+05:30,488.05,488.6,487.53,488.4,173284
2017-08-16 12:45:00+05:30,488.55,488.6,487.2,487.5,353160
2017-08-16 13:15:00+05:30,487.5,488.05,486.83,486.95,243454
2017-08-16 13:45:00+05:30,486.95,487.08,485.05,485.28,335626
2017-08-16 14:15:00+05:30,485.28,487.25,485.0,486.78,861148
2017-08-16 14:45:00+05:30,486.85,487.53,486.45,487.08,838170
2017-08-16 15:15:00+05:30,487.13,490.0,487.08,489.68,639588
2017-08-17 09:15:00+05:30,501.93,506.48,500.25,506.28,6674470
2017-08-17 09:45:00+05:30,506.5,507.3,505.0,505.73,2076810
2017-08-17 10:15:00+05:30,505.7,505.9,504.0,504.03,1067222
2017-08-17 10:45:00+05:30,504.0,504.15,500.58,500.98,1259568
2017-08-17 11:15:00+05:30,500.93,501.75,499.1,500.33,1141626
2017-08-17 11:45:00+05:30,500.33,503.4,500.15,502.8,1080472
2017-08-17 12:15:00+05:30,502.75,505.55,501.95,505.05,2164410
2017-08-17 12:45:00+05:30,505.05,513.5,504.9,512.95,3453928
2017-08-17 13:15:00+05:30,513.2,514.6,509.75,512.25,2196424
2017-08-17 13:45:00+05:30,512.18,512.4,510.0,510.55,946986
2017-08-17 14:15:00+05:30,510.5,511.5,508.33,509.25,1119418
2017-08-17 14:45:00+05:30,509.5,512.43,509.0,510.0,1299044
2017-08-17 15:15:00+05:30,510.03,511.2,509.28,510.53,1017932
2017-08-18 09:15:00+05:30,494.63,494.63,474.15,474.75,27165364
2017-08-18 09:45:00+05:30,474.85,478.03,471.55,474.45,12301496
2017-08-18 10:15:00+05:30,474.5,477.2,473.5,474.88,7574964
2017-08-18 10:45:00+05:30,474.88,475.1,473.63,474.05,6726616
2017-08-18 11:15:00+05:30,474.03,475.0,473.45,474.35,4452772
2017-08-18 11:45:00+05:30,474.35,474.5,465.68,467.5,12611004
2017-08-18 12:15:00+05:30,467.53,467.95,462.53,464.5,11546106
2017-08-18 12:45:00+05:30,464.5,464.53,452.73,452.73,17703070
2017-08-18 13:15:00+05:30,452.98,454.4,442.5,452.35,21801210
2017-08-18 13:45:00+05:30,452.35,462.35,450.6,460.98,15879450
2017-08-18 14:15:00+05:30,460.95,462.4,454.15,462.1,8990860
2017-08-18 14:45:00+05:30,462.1,463.9,458.28,462.85,10729524
2017-08-18 15:15:00+05:30,462.83,463.2,460.63,461.7,6792646
2017-08-21 09:15:00+05:30,462.0,462.0,441.0,450.13,22974984
2017-08-21 09:45:00+05:30,450.0,451.95,447.75,449.9,7750336
2017-08-21 10:15:00+05:30,449.95,450.38,447.1,447.1,4004394
2017-08-21 10:45:00+05:30,447.2,448.8,445.15,448.08,4648272
2017-08-21 11:15:00+05:30,448.1,448.5,445.5,446.5,2372982
2017-08-21 11:45:00+05:30,446.5,446.58,441.75,444.0,7035490
2017-08-21 12:15:00+05:30,444.0,444.9,442.2,443.38,3216490
2017-08-21 12:45:00+05:30,443.38,443.38,437.5,439.35,8551068
2017-08-21 13:15:00+05:30,439.15,440.0,437.55,438.68,4970912
2017-08-21 13:45:00+05:30,438.63,442.75,437.63,439.55,5878226
2017-08-21 14:15:00+05:30,439.5,441.23,437.55,438.25,5323558
2017-08-21 14:45:00+05:30,438.25,438.9,437.45,438.08,6852690
2017-08-21 15:15:00+05:30,438.08,438.25,435.0,435.05,6273008
2017-08-22 09:15:00+05:30,448.0,448.0,438.5,438.7,10298506
2017-08-22 09:45:00+05:30,438.7,440.7,436.75,437.1,4366266
2017-08-22 10:15:00+05:30,437.18,437.5,430.08,434.48,6080666
2017-08-22 10:45:00+05:30,434.38,436.28,433.75,435.15,2772196
2017-08-22 11:15:00+05:30,435.15,439.48,435.08,439.35,3264910
2017-08-22 11:45:00+05:30,439.35,439.38,435.0,436.48,2973960
2017-08-22 12:15:00+05:30,436.48,437.75,435.7,436.65,1579876
2017-08-22 12:45:00+05:30,436.65,438.38,436.5,438.1,1582344
2017-08-22 13:15:00+05:30,438.15,440.7,438.0,438.4,2983430
2017-08-22 13:45:00+05:30,438.4,438.9,435.8,435.95,2357834
2017-08-22 14:15:00+05:30,435.9,438.13,435.05,437.78,2926850
2017-08-22 14:45:00+05:30,437.68,438.03,435.35,437.78,4224026
2017-08-22 15:15:00+05:30,438.0,438.9,437.0,438.2,3448454
2017-08-23 09:15:00+05:30,440.03,442.45,436.98,442.15,7292084
2017-08-23 09:45:00+05:30,442.15,445.2,441.08,442.1,5597376
2017-08-23 10:15:00+05:30,442.1,442.5,438.6,439.85,2369048
2017-08-23 10:45:00+05:30,439.83,441.2,438.68,440.05,1651622
2017-08-23 11:15:00+05:30,440.08,441.98,440.03,441.55,2422038
2017-08-23 11:45:00+05:30,441.65,442.15,440.5,440.75,2159104
2017-08-23 12:15:00+05:30,440.75,451.7,440.28,449.33,17146834
2017-08-23 12:45:00+05:30,449.43,449.6,445.05,446.75,7558722
2017-08-23 13:15:00+05:30,446.8,448.3,445.6,447.35,3031000
2017-08-23 13:45:00+05:30,447.43,447.8,444.05,444.73,2626602
2017-08-23 14:15:00+05:30,444.5,447.23,442.55,446.58,3519256
2017-08-23 14:45:00+05:30,446.6,447.03,445.65,446.73,3250488
2017-08-23 15:15:00+05:30,446.68,446.85,446.0,446.6,2555136
2017-08-24 09:15:00+05:30,453.98,455.13,451.2,453.83,10722752
2017-08-24 09:45:00+05:30,453.88,454.38,452.5,453.0,2503774
2017-08-24 10:15:00+05:30,452.9,456.9,452.0,456.65,5960290
2017-08-24 10:45:00+05:30,456.63,457.2,455.08,456.4,2462704
2017-08-24 11:15:00+05:30,456.35,458.68,456.05,458.68,3304558
2017-08-24 11:45:00+05:30,458.68,459.08,456.5,456.6,2251872
2017-08-24 12:15:00+05:30,456.6,457.85,456.0,457.55,1559244
2017-08-24 12:45:00+05:30,457.55,458.25,456.55,457.05,1259144
2017-08-24 13:15:00+05:30,457.0,457.33,456.55,457.0,1069244
2017-08-24 13:45:00+05:30,457.0,457.28,456.85,456.98,1795022
2017-08-24 14:15:00+05:30,457.0,457.13,454.55,456.3,2840742
2017-08-24 14:45:00+05:30,456.28,457.0,455.85,455.9,3862962
2017-08-24 15:15:00+05:30,455.9,456.25,455.48,456.0,2616196
2017-08-28 09:15:00+05:30,471.43,476.95,469.1,471.9,18904940
2017-08-28 09:45:00+05:30,471.93,472.0,469.1,470.6,2729498
2017-08-28 10:15:00+05:30,470.65,471.4,470.0,471.35,1319642
2017-08-28 10:45:00+05:30,471.3,472.88,471.0,471.85,1802808
2017-08-28 11:15:00+05:30,472.08,474.35,471.8,473.5,1640552
2017-08-28 11:45:00+05:30,473.5,474.23,473.25,474.1,1049278
2017-08-28 12:15:00+05:30,474.03,474.88,473.33,473.53,1430378
2017-08-28 12:45:00+05:30,473.5,473.65,473.25,473.48,859346
2017-08-28 13:15:00+05:30,473.48,473.55,471.5,472.33,1558536
2017-08-28 13:45:00+05:30,472.33,472.45,471.5,471.78,1112558
2017-08-28 14:15:00+05:30,471.9,473.03,471.75,472.63,1613632
2017-08-28 14:45:00+05:30,472.68,473.13,470.05,470.7,3068194
2017-08-28 15:15:00+05:30,470.68,470.95,469.6,470.13,3226788
2017-08-29 09:15:00+05:30,470.65,470.85,467.05,470.25,2520324
2017-08-29 09:45:00+05:30,470.3,470.53,467.6,467.75,1584682
2017-08-29 10:15:00+05:30,467.78,468.0,466.05,467.38,1243124
2017-08-29 10:45:00+05:30,467.43,467.9,466.88,467.25,396542
2017-08-29 11:15:00+05:30,467.18,468.48,467.0,468.28,562892
2017-08-29 11:45:00+05:30,468.28,468.45,467.85,468.05,388616
2017-08-29 12:15:00+05:30,468.05,468.3,467.55,467.88,497126
2017-08-29 12:45:00+05:30,467.83,468.4,467.08,467.35,495616
2017-08-29 13:15:00+05:30,467.38,467.55,466.1,466.2,725434
2017-08-29 13:45:00+05:30,466.2,466.35,463.28,464.4,1549692
2017-08-29 14:15:00+05:30,464.4,464.55,462.8,464.3,1245348
2017-08-29 14:45:00+05:30,464.3,464.4,463.55,463.83,991470
2017-08-29 15:15:00+05:30,463.83,464.0,463.0,463.05,1111028
2017-08-30 09:15:00+05:30,467.98,469.35,465.2,466.0,3487068
2017-08-30 09:45:00+05:30,466.0,466.55,464.53,466.43,1379922
2017-08-30 10:15:00+05:30,466.35,466.5,465.75,466.18,792380
2017-08-30 10:45:00+05:30,466.18,466.35,464.05,464.53,1221548
2017-08-30 11:15:00+05:30,464.53,465.25,463.1,464.95,1044614
2017-08-30 11:45:00+05:30,464.95,465.83,464.85,465.4,669088
2017-08-30 12:15:00+05:30,465.4,467.0,465.2,466.0,1779402
2017-08-30 12:45:00+05:30,465.95,466.0,465.05,465.78,724330
2017-08-30 13:15:00+05:30,465.8,466.1,464.75,465.58,709008
2017-08-30 13:45:00+05:30,465.53,465.68,464.55,464.85,655426
2017-08-30 14:15:00+05:30,464.85,465.43,462.68,463.08,1165390
2017-08-30 14:45:00+05:30,463.08,464.73,462.7,463.18,1268718
2017-08-30 15:15:00+05:30,463.2,464.0,462.08,463.5,1196374
2017-08-31 09:15:00+05:30,464.35,464.45,457.55,457.55,1806240
2017-08-31 09:45:00+05:30,457.45,459.8,457.33,458.63,1456230
2017-08-31 10:15:00+05:30,458.68,459.0,458.08,458.45,472948
2017-08-31 10:45:00+05:30,458.53,458.85,457.88,458.5,495986
2017-08-31 11:15:00+05:30,458.5,458.75,458.03,458.63,421520
2017-08-31 11:45:00+05:30,458.63,459.63,457.73,459.63,712742
2017-08-31 12:15:00+05:30,459.63,460.0,459.0,459.35,582822
2017-08-31 12:45:00+05:30,459.35,459.75,458.0,458.03,530512
2017-08-31 13:15:00+05:30,458.03,458.8,457.5,458.3,667186
2017-08-31 13:45:00+05:30,458.3,459.6,458.08,459.3,468378
2017-08-31 14:15:00+05:30,459.3,459.73,458.68,459.35,528682
2017-08-31 14:45:00+05:30,459.35,459.85,456.7,456.83,3652618
2017-08-31 15:15:00+05:30,456.85,457.5,456.45,457.38,3184210
2017-09-01 09:15:00+05:30,457.7,462.13,455.0,462.03,2116144
2017-09-01 09:45:00+05:30,462.0,462.9,460.8,461.38,1033246
2017-09-01 10:15:00+05:30,461.4,461.78,460.1,460.68,651048
2017-09-01 10:45:00+05:30,460.68,460.88,459.13,459.48,455770
2017-09-01 11:15:00+05:30,459.45,459.9,459.05,459.68,341176
2017-09-01 11:45:00+05:30,459.68,459.7,458.33,459.23,441666
2017-09-01 12:15:00+05:30,459.33,459.7,458.93,459.28,362934
2017-09-01 12:45:00+05:30,459.28,459.45,459.03,459.08,242604
2017-09-01 13:15:00+05:30,459.1,459.75,458.75,459.68,285792
2017-09-01 13:45:00+05:30,459.7,459.75,458.75,458.78,269726
2017-09-01 14:15:00+05:30,458.78,458.98,457.85,458.9,487836
2017-09-01 14:45:00+05:30,458.9,460.5,458.73,459.93,926072
2017-09-01 15:15:00+05:30,459.93,460.18,459.15,459.98,795736
2017-09-04 09:15:00+05:30,460.4,460.5,455.6,456.83,1033538
2017-09-04 09:45:00+05:30,456.83,457.5,456.5,457.2,359618
2017-09-04 10:15:00+05:30,457.2,457.5,456.5,457.03,302882
2017-09-04 10:45:00+05:30,457.0,457.4,456.7,457.38,285352
2017-09-04 11:15:00+05:30,457.38,457.43,456.0,456.13,383118
2017-09-04 11:45:00+05:30,456.15,456.28,449.05,450.0,2179310
2017-09-04 12:15:00+05:30,449.85,450.0,446.78,449.83,1004160
2017-09-04 12:45:00+05:30,449.9,450.83,448.5,450.83,932740
2017-09-04 13:15:00+05:30,450.83,451.7,449.53,450.2,576962
2017-09-04 13:45:00+05:30,450.2,450.25,449.03,450.0,441530
2017-09-04 14:15:00+05:30,450.03,450.78,449.5,450.73,604258
2017-09-04 14:45:00+05:30,450.73,450.8,449.28,450.23,1150010
2017-09-04 15:15:00+05:30,450.15,450.5,449.28,449.98,892568
2017-09-05 09:15:00+05:30,451.5,452.33,449.55,451.13,1890110
2017-09-05 09:45:00+05:30,451.1,451.63,450.55,450.58,650440
2017-09-05 10:15:00+05:30,450.58,451.0,449.55,449.75,755018
2017-09-05 10:45:00+05:30,449.85,450.5,448.63,449.78,638062
2017-09-05 11:15:00+05:30,449.68,450.0,449.25,449.53,208354
2017-09-05 11:45:00+05:30,449.53,450.0,449.25,449.28,415372
2017-09-05 12:15:00+05:30,449.28,449.9,448.7,449.8,419214
2017-09-05 12:45:00+05:30,449.78,449.85,449.25,449.45,429988
2017-09-05 13:15:00+05:30,449.45,449.95,449.25,449.93,383570
2017-09-05 13:45:00+05:30,449.93,450.05,449.25,449.98,685678
2017-09-05 14:15:00+05:30,450.0,451.4,449.8,451.15,1369438
2017-09-05 14:45:00+05:30,451.1,451.35,450.55,450.98,1108580
2017-09-05 15:15:00+05:30,451.0,451.2,450.23,450.5,812796
2017-09-06 09:15:00+05:30,450.0,450.0,445.4,446.63,1488804
2017-09-06 09:45:00+05:30,446.63,447.5,446.0,446.23,1082930
2017-09-06 10:15:00+05:30,446.13,446.75,445.0,445.63,695960
2017-09-06 10:45:00+05:30,445.63,446.95,445.13,446.9,455290
2017-09-06 11:15:00+05:30,446.9,447.43,446.25,447.05,363810
2017-09-06 11:45:00+05:30,447.05,447.48,446.8,447.03,298430
2017-09-06 12:15:00+05:30,447.05,447.45,445.53,446.0,585350
2017-09-06 12:45:00+05:30,445.98,447.48,445.98,447.43,261980
2017-09-06 13:15:00+05:30,447.43,448.28,447.18,447.45,369284
2017-09-06 13:45:00+05:30,447.05,448.0,447.05,447.9,263076
2017-09-06 14:15:00+05:30,447.9,448.85,447.58,448.48,657574
2017-09-06 14:45:00+05:30,448.48,448.75,447.5,447.63,617326
2017-09-06 15:15:00+05:30,447.63,448.5,447.5,448.45,579656
2017-09-07 09:15:00+05:30,449.53,450.25,447.05,449.08,1077246
2017-09-07 09:45:00+05:30,449.0,450.0,448.75,448.95,854324
2017-09-07 10:15:00+05:30,448.95,449.0,447.13,447.2,659000
2017-09-07 10:45:00+05:30,447.2,447.98,447.1,447.43,247426
2017-09-07 11:15:00+05:30,447.33,447.5,447.1,447.5,183620
2017-09-07 11:45:00+05:30,447.5,447.5,446.2,447.0,305604
2017-09-07 12:15:00+05:30,447.0,447.35,446.53,446.65,252602
2017-09-07 12:45:00+05:30,446.65,447.3,446.63,446.98,292594
2017-09-07 13:15:00+05:30,446.98,447.18,446.75,446.98,247066
2017-09-07 13:45:00+05:30,446.98,447.38,446.5,447.18,506080
2017-09-07 14:15:00+05:30,447.0,447.7,447.0,447.3,307444
2017-09-07 14:45:00+05:30,447.3,448.25,447.0,448.1,620924
2017-09-07 15:15:00+05:30,448.1,448.25,447.25,447.5,660574
2017-09-08 09:15:00+05:30,449.03,449.3,445.7,446.23,630398
2017-09-08 09:45:00+05:30,446.2,446.25,444.78,445.55,775040
2017-09-08 10:15:00+05:30,445.55,446.0,445.13,445.9,407382
2017-09-08 10:45:00+05:30,445.9,445.9,444.2,444.98,660650
2017-09-08 11:15:00+05:30,444.98,445.0,444.78,444.93,163410
2017-09-08 11:45:00+05:30,444.93,445.0,444.8,444.93,413748
2017-09-08 12:15:00+05:30,444.93,445.05,444.6,444.88,591690
2017-09-08 12:45:00+05:30,444.88,444.93,442.55,442.95,1013148
2017-09-08 13:15:00+05:30,442.98,443.7,442.63,443.25,1313310
2017-09-08 13:45:00+05:30,443.2,443.5,443.1,443.45,220216
2017-09-08 14:15:00+05:30,443.48,443.5,442.5,442.98,518340
2017-09-08 14:45:00+05:30,442.98,444.0,441.05,442.43,1208124
2017-09-08 15:15:00+05:30,442.4,442.75,441.5,441.5,670212
2017-09-11 09:15:00+05:30,445.18,445.88,442.0,444.0,1536480
2017-09-11 09:45:00+05:30,443.98,444.0,442.05,443.15,606386
2017-09-11 10:15:00+05:30,443.1,443.13,441.75,442.0,644478
2017-09-11 10:45:00+05:30,442.0,442.33,437.0,438.48,2476546
2017-09-11 11:15:00+05:30,438.48,440.4,438.4,439.85,1447534
2017-09-11 11:45:00+05:30,439.93,440.45,439.0,439.35,917930
2017-09-11 12:15:00+05:30,439.3,439.6,438.98,439.5,1097528
2017-09-11 12:45:00+05:30,439.5,440.1,439.5,440.03,448752
2017-09-11 13:15:00+05:30,440.0,440.28,439.78,440.03,491850
2017-09-11 13:45:00+05:30,440.0,441.43,440.0,440.5,979006
2017-09-11 14:15:00+05:30,440.55,441.0,439.6,439.6,638294
2017-09-11 14:45:00+05:30,439.6,439.75,438.95,439.53,1600676
2017-09-11 15:15:00+05:30,439.55,439.98,439.0,439.68,879142
2017-09-12 09:15:00+05:30,441.28,441.5,439.5,440.7,2903272
2017-09-12 09:45:00+05:30,440.73,440.83,439.9,440.5,3126226
2017-09-12 10:15:00+05:30,440.53,441.85,439.85,440.65,2465694
2017-09-12 10:45:00+05:30,440.65,440.75,440.5,440.7,415352
2017-09-12 11:15:00+05:30,440.7,440.78,440.3,440.6,606940
2017-09-12 11:45:00+05:30,440.58,443.18,440.55,443.15,2099426
2017-09-12 12:15:00+05:30,443.18,443.73,441.85,442.25,912248
2017-09-12 12:45:00+05:30,442.25,442.4,440.65,441.43,639926
2017-09-12 13:15:00+05:30,441.4,442.23,441.3,442.13,414440
2017-09-12 13:45:00+05:30,442.05,442.13,441.0,441.5,527158
2017-09-12 14:15:00+05:30,441.5,441.65,440.5,441.15,929048
2017-09-12 14:45:00+05:30,441.13,442.58,440.73,442.38,1404156
2017-09-12 15:15:00+05:30,442.33,442.35,441.45,441.75,778818
2017-09-13 09:15:00+05:30,442.6,443.8,440.5,440.9,1110652
2017-09-13 09:45:00+05:30,440.88,442.3,440.78,442.0,967402
2017-09-13 10:15:00+05:30,442.08,442.98,441.75,441.8,2035350
2017-09-13 10:45:00+05:30,441.8,442.0,441.03,441.25,498082
2017-09-13 11:15:00+05:30,441.25,441.43,441.08,441.28,312960
2017-09-13 11:45:00+05:30,441.28,441.3,440.75,441.03,365768
2017-09-13 12:15:00+05:30,441.18,441.58,440.8,441.48,358794
2017-09-13 12:45:00+05:30,441.48,442.08,441.4,441.93,1130458
2017-09-13 13:15:00+05:30,441.93,443.0,441.63,442.15,696558
2017-09-13 13:45:00+05:30,442.15,442.18,441.03,441.33,989876
2017-09-13 14:15:00+05:30,441.35,442.7,441.35,442.05,857766
2017-09-13 14:45:00+05:30,442.05,442.75,441.65,441.7,1220388
2017-09-13 15:15:00+05:30,441.7,442.8,440.78,442.25,922698
2017-09-14 09:15:00+05:30,442.25,443.18,440.95,441.68,680746
2017-09-14 09:45:00+05:30,441.68,444.85,441.5,444.5,885098
2017-09-14 10:15:00+05:30,444.5,448.13,444.38,445.88,2446032
2017-09-14 10:45:00+05:30,445.98,447.35,444.6,445.55,1173992
2017-09-14 11:15:00+05:30,445.55,446.48,445.2,446.0,532522
2017-09-14 11:45:00+05:30,446.0,447.25,445.33,446.0,1240760
2017-09-14 12:15:00+05:30,445.9,446.25,445.43,446.08,192150
2017-09-14 12:45:00+05:30,446.05,446.45,446.0,446.1,334198
2017-09-14 13:15:00+05:30,446.18,446.65,446.0,446.35,470788
2017-09-14 13:45:00+05:30,446.33,447.33,446.0,446.8,3481412
2017-09-14 14:15:00+05:30,446.95,446.95,445.5,445.98,887156
2017-09-14 14:45:00+05:30,445.98,446.73,445.5,446.1,702428
2017-09-14 15:15:00+05:30,446.13,446.5,445.48,446.15,651224
2017-09-15 09:15:00+05:30,446.3,451.33,446.3,450.5,1312068
2017-09-15 09:45:00+05:30,450.5,452.0,449.75,450.23,845576
2017-09-15 10:15:00+05:30,450.15,451.75,450.15,451.23,435782
2017-09-15 10:45:00+05:30,451.23,451.5,450.55,450.55,339882
2017-09-15 11:15:00+05:30,450.8,451.0,450.15,450.75,290756
2017-09-15 11:45:00+05:30,450.78,451.0,450.73,450.98,223916
2017-09-15 12:15:00+05:30,450.98,450.98,450.53,450.75,173664
2017-09-15 12:45:00+05:30,450.75,450.8,449.4,450.48,717044
2017-09-15 13:15:00+05:30,450.48,450.75,450.08,450.48,354164
2017-09-15 13:45:00+05:30,450.48,451.0,450.15,450.98,432830
2017-09-15 14:15:00+05:30,450.98,452.0,450.7,451.93,1071964
2017-09-15 14:45:00+05:30,451.95,454.15,451.68,454.03,3700110
2017-09-15 15:15:00+05:30,454.0,456.5,453.85,454.28,3340666
2017-09-18 09:15:00+05:30,455.4,458.88,454.15,456.28,1567060
2017-09-18 09:45:00+05:30,456.35,456.7,455.58,456.68,523214
2017-09-18 10:15:00+05:30,456.68,457.5,456.55,457.35,414954
2017-09-18 10:45:00+05:30,457.3,457.45,456.93,456.98,237908
2017-09-18 11:15:00+05:30,457.0,457.45,456.25,457.33,819440
2017-09-18 11:45:00+05:30,457.33,457.73,456.55,456.6,485012
2017-09-18 12:15:00+05:30,456.6,457.35,456.13,456.78,570796
2017-09-18 12:45:00+05:30,456.78,457.25,456.78,457.03,322672
2017-09-18 13:15:00+05:30,457.0,457.08,456.0,456.28,1675666
2017-09-18 13:45:00+05:30,456.28,456.5,455.75,456.4,314036
2017-09-18 14:15:00+05:30,456.4,456.53,455.85,456.03,329358
2017-09-18 14:45:00+05:30,456.03,456.13,454.05,454.25,747710
2017-09-18 15:15:00+05:30,454.23,454.78,453.63,454.5,443098
2017-09-19 09:15:00+05:30,454.45,455.73,451.75,455.5,679588
2017-09-19 09:45:00+05:30,455.83,458.0,455.78,456.53,1645890
2017-09-19 10:15:00+05:30,456.5,456.58,455.0,455.43,296082
2017-09-19 10:45:00+05:30,455.43,455.73,455.18,455.58,108690
2017-09-19 11:15:00+05:30,455.58,455.73,455.13,455.55,114038
2017-09-19 11:45:00+05:30,455.55,455.55,454.05,455.0,223120
2017-09-19 12:15:00+05:30,455.0,455.15,454.4,454.63,238572
2017-09-19 12:45:00+05:30,454.65,454.95,453.05,453.5,174674
2017-09-19 13:15:00+05:30,453.5,454.2,452.88,454.03,228794
2017-09-19 13:45:00+05:30,454.08,455.23,453.35,455.15,311434
2017-09-19 14:15:00+05:30,455.18,456.98,454.6,455.53,628986
2017-09-19 14:45:00+05:30,455.75,456.43,455.03,455.55,769084
2017-09-19 15:15:00+05:30,455.55,457.0,455.5,456.58,595312
2017-09-20 09:15:00+05:30,458.23,458.23,455.0,455.43,721154
2017-09-20 09:45:00+05:30,455.43,455.5,453.98,454.7,614332
2017-09-20 10:15:00+05:30,454.7,454.9,453.73,454.15,390500
2017-09-20 10:45:00+05:30,454.15,455.48,453.88,455.33,294018
2017-09-20 11:15:00+05:30,455.33,455.45,454.88,455.25,216672
2017-09-20 11:45:00+05:30,455.28,455.65,454.0,454.63,926598
2017-09-20 12:15:00+05:30,454.63,454.75,454.03,454.65,90062
2017-09-20 12:45:00+05:30,454.65,455.0,454.3,454.85,127400
2017-09-20 13:15:00+05:30,454.85,455.55,454.5,455.48,152968
2017-09-20 13:45:00+05:30,455.5,455.98,455.1,455.7,183448
2017-09-20 14:15:00+05:30,455.88,456.65,455.7,456.4,322438
2017-09-20 14:45:00+05:30,456.43,457.0,455.93,456.1,1077344
2017-09-20 15:15:00+05:30,456.1,457.0,454.85,456.65,634024
2017-09-21 09:15:00+05:30,457.35,457.48,455.53,455.75,669058
2017-09-21 09:45:00+05:30,455.75,457.0,455.15,455.78,381598
2017-09-21 10:15:00+05:30,455.78,456.88,454.18,456.25,378702
2017-09-21 10:45:00+05:30,456.25,456.85,455.75,456.58,230644
2017-09-21 11:15:00+05:30,456.58,457.0,455.75,455.9,250332
2017-09-21 11:45:00+05:30,455.9,456.55,455.65,456.5,386276
2017-09-21 12:15:00+05:30,456.5,456.63,456.3,456.35,676262
2017-09-21 12:45:00+05:30,456.35,456.58,455.08,455.98,463808
2017-09-21 13:15:00+05:30,455.98,456.08,455.18,455.48,161874
2017-09-21 13:45:00+05:30,455.48,455.48,454.53,454.98,734352
2017-09-21 14:15:00+05:30,454.98,455.48,454.65,455.35,1014878
2017-09-21 14:45:00+05:30,455.35,455.7,454.1,454.93,1512748
2017-09-21 15:15:00+05:30,454.95,455.8,454.25,455.5,1330378
2017-09-22 09:15:00+05:30,455.0,455.13,451.13,451.6,2861106
2017-09-22 09:45:00+05:30,451.53,452.18,449.93,450.23,1057152
2017-09-22 10:15:00+05:30,450.25,450.73,450.0,450.05,375706
2017-09-22 10:45:00+05:30,450.05,450.05,446.28,446.55,1573086
2017-09-22 11:15:00+05:30,446.55,446.9,444.08,446.48,1131862
2017-09-22 11:45:00+05:30,446.45,447.3,446.15,447.3,1818982
2017-09-22 12:15:00+05:30,447.25,448.0,446.53,447.98,699076
2017-09-22 12:45:00+05:30,447.98,448.63,447.2,448.35,466068
2017-09-22 13:15:00+05:30,448.35,449.2,447.93,448.5,845002
2017-09-22 13:45:00+05:30,448.53,448.93,446.4,447.88,3573718
2017-09-22 14:15:00+05:30,447.55,448.0,447.08,447.63,651348
2017-09-22 14:45:00+05:30,447.85,449.2,447.63,449.0,1560222
2017-09-22 15:15:00+05:30,448.98,451.05,448.45,449.5,980646
2017-09-25 09:15:00+05:30,450.4,450.98,448.8,449.65,648940
2017-09-25 09:45:00+05:30,449.73,449.95,446.0,446.0,2212006
2017-09-25 10:15:00+05:30,446.0,446.95,444.83,446.65,530350
2017-09-25 10:45:00+05:30,446.65,447.98,446.1,446.25,313610
2017-09-25 11:15:00+05:30,446.25,448.0,446.13,447.0,263370
2017-09-25 11:45:00+05:30,447.03,447.63,445.7,445.73,493778
2017-09-25 12:15:00+05:30,445.7,446.4,445.5,445.75,276794
2017-09-25 12:45:00+05:30,445.78,445.93,444.9,445.25,438520
2017-09-25 13:15:00+05:30,445.3,445.95,445.0,445.05,273272
2017-09-25 13:45:00+05:30,445.08,445.95,444.98,445.05,350184
2017-09-25 14:15:00+05:30,445.1,446.5,445.05,445.25,717906
2017-09-25 14:45:00+05:30,445.28,447.8,445.25,447.8,1970830
2017-09-25 15:15:00+05:30,447.8,450.6,447.78,450.5,588532
2017-09-26 09:15:00+05:30,448.95,449.73,447.15,449.0,653090
2017-09-26 09:45:00+05:30,449.03,449.5,447.7,448.05,245820
2017-09-26 10:15:00+05:30,448.13,448.5,447.75,448.18,179632
2017-09-26 10:45:00+05:30,448.18,449.0,448.0,448.5,187108
2017-09-26 11:15:00+05:30,448.5,448.73,448.0,448.33,308466
2017-09-26 11:45:00+05:30,448.38,448.55,448.05,448.28,209256
2017-09-26 12:15:00+05:30,448.33,448.83,448.08,448.2,273754
2017-09-26 12:45:00+05:30,448.2,449.55,447.5,449.0,636356
2017-09-26 13:15:00+05:30,448.88,450.48,447.65,449.53,1181224
2017-09-26 13:45:00+05:30,449.53,450.2,448.9,449.95,740726
2017-09-26 14:15:00+05:30,449.78,451.48,449.78,450.85,692220
2017-09-26 14:45:00+05:30,450.75,454.13,450.75,452.73,1226082
2017-09-26 15:15:00+05:30,452.7,452.93,450.5,450.88,821124
2017-09-27 09:15:00+05:30,453.5,453.65,450.5,451.25,550616
2017-09-27 09:45:00+05:30,451.25,451.93,450.95,451.35,269192
2017-09-27 10:15:00+05:30,451.35,451.38,449.65,450.18,395128
2017-09-27 10:45:00+05:30,450.1,450.98,448.43,450.98,285758
2017-09-27 11:15:00+05:30,450.95,451.73,450.0,450.7,225490
2017-09-27 11:45:00+05:30,450.7,451.43,450.28,451.03,207738
2017-09-27 12:15:00+05:30,451.0,451.4,449.73,450.03,255108
2017-09-27 12:45:00+05:30,450.03,450.28,449.5,450.0,196808
2017-09-27 13:15:00+05:30,450.0,451.1,449.98,451.05,223018
2017-09-27 13:45:00+05:30,451.0,451.45,449.85,450.43,357942
2017-09-27 14:15:00+05:30,450.43,450.5,449.0,449.75,571526
2017-09-27 14:45:00+05:30,449.75,451.08,447.78,450.63,1403702
2017-09-27 15:15:00+05:30,450.65,450.68,447.6,447.95,1036700
2017-09-28 09:15:00+05:30,449.5,451.95,447.53,450.0,608648
2017-09-28 09:45:00+05:30,450.0,450.53,448.25,450.0,486528
2017-09-28 10:15:00+05:30,449.95,450.58,449.55,450.28,299236
2017-09-28 10:45:00+05:30,450.28,450.5,449.75,450.2,373146
2017-09-28 11:15:00+05:30,450.2,451.2,450.08,450.7,506592
2017-09-28 11:45:00+05:30,450.7,451.5,450.6,450.78,339128
2017-09-28 12:15:00+05:30,450.78,451.55,449.48,450.3,346554
2017-09-28 12:45:00+05:30,450.3,450.5,449.5,450.05,453994
2017-09-28 13:15:00+05:30,450.05,450.83,449.58,450.55,349496
2017-09-28 13:45:00+05:30,450.55,451.75,450.13,451.08,748148
2017-09-28 14:15:00+05:30,451.05,451.5,450.35,450.38,978232
2017-09-28 14:45:00+05:30,450.38,450.65,447.7,448.05,6220758
2017-09-28 15:15:00+05:30,448.08,448.63,447.2,447.75,5819526
2017-09-29 09:15:00+05:30,449.18,451.2,448.23,450.13,545398
2017-09-29 09:45:00+05:30,450.13,450.98,449.55,450.0,344328
2017-09-29 10:15:00+05:30,450.0,450.28,447.8,447.85,418276
2017-09-29 10:45:00+05:30,447.85,448.2,447.5,447.83,221624
2017-09-29 11:15:00+05:30,447.83,448.6,447.55,448.6,227544
2017-09-29 11:45:00+05:30,448.55,450.5,448.03,449.65,305052
2017-09-29 12:15:00+05:30,449.73,450.3,449.63,450.03,277210
2017-09-29 12:45:00+05:30,450.03,450.03,449.5,449.75,217500
2017-09-29 13:15:00+05:30,449.75,450.25,449.58,449.98,242920
2017-09-29 13:45:00+05:30,450.0,450.05,449.68,449.98,335856
2017-09-29 14:15:00+05:30,450.03,450.2,448.28,449.53,549530
2017-09-29 14:45:00+05:30,449.48,450.18,449.4,449.78,1053142
2017-09-29 15:15:00+05:30,449.88,450.55,449.08,449.5,959970
2017-10-03 09:15:00+05:30,455.05,455.95,452.5,453.13,746604
2017-10-03 09:45:00+05:30,453.13,453.13,451.53,452.08,305304
2017-10-03 10:15:00+05:30,452.08,452.3,451.0,452.0,259614
2017-10-03 10:45:00+05:30,451.95,452.95,451.83,452.9,244042
2017-10-03 11:15:00+05:30,452.9,452.93,452.18,452.8,365062
2017-10-03 11:45:00+05:30,452.8,453.85,452.48,453.25,254278
2017-10-03 12:15:00+05:30,453.25,453.88,452.85,453.85,284310
2017-10-03 12:45:00+05:30,453.85,453.98,452.5,453.23,328422
2017-10-03 13:15:00+05:30,453.23,453.8,452.85,453.5,245322
2017-10-03 13:45:00+05:30,453.45,453.5,452.55,452.9,313652
2017-10-03 14:15:00+05:30,452.9,453.33,452.25,452.3,362868
2017-10-03 14:45:00+05:30,452.3,453.1,451.88,452.05,599062
2017-10-03 15:15:00+05:30,452.05,452.1,450.8,451.53,599308
2017-10-04 09:15:00+05:30,451.5,451.53,448.6,450.5,511436
2017-10-04 09:45:00+05:30,450.5,450.8,449.75,450.38,189260
2017-10-04 10:15:00+05:30,450.3,452.6,450.25,451.83,309176
2017-10-04 10:45:00+05:30,451.83,451.95,450.0,451.38,662046
2017-10-04 11:15:00+05:30,451.38,452.5,451.18,452.03,391378
2017-10-04 11:45:00+05:30,452.03,452.4,451.53,451.73,219800
2017-10-04 12:15:00+05:30,451.73,451.73,450.28,450.5,237982
2017-10-04 12:45:00+05:30,450.48,450.5,449.83,450.08,352256
2017-10-04 13:15:00+05:30,450.08,450.83,450.0,450.6,283510
2017-10-04 13:45:00+05:30,450.63,450.98,450.0,450.45,263836
2017-10-04 14:15:00+05:30,450.48,451.08,450.0,451.05,309472
2017-10-04 14:45:00+05:30,451.0,451.0,448.63,449.65,705882
2017-10-04 15:15:00+05:30,449.65,451.25,449.13,451.25,546660
2017-10-05 09:15:00+05:30,450.0,452.48,450.0,452.08,3355954
2017-10-05 09:45:00+05:30,452.08,452.15,451.23,451.83,218578
2017-10-05 10:15:00+05:30,451.83,451.83,451.25,451.6,346390
2017-10-05 10:45:00+05:30,451.5,451.75,451.45,451.58,140074
2017-10-05 11:15:00+05:30,451.58,451.95,451.53,451.83,368958
2017-10-05 11:45:00+05:30,451.78,452.35,451.5,451.98,290498
2017-10-05 12:15:00+05:30,451.98,452.23,451.5,452.2,89558
2017-10-05 12:45:00+05:30,452.15,452.3,451.05,451.5,262404
2017-10-05 13:15:00+05:30,451.5,451.93,451.1,451.58,1349918
2017-10-05 13:45:00+05:30,451.5,451.98,451.35,451.65,427808
2017-10-05 14:15:00+05:30,451.53,451.98,451.48,451.5,440910
2017-10-05 14:45:00+05:30,451.63,451.95,451.48,451.53,769380
2017-10-05 15:15:00+05:30,451.55,451.78,451.5,451.68,543200
2017-10-06 09:15:00+05:30,452.45,453.45,451.98,453.0,318678
2017-10-06 09:45:00+05:30,453.0,457.73,452.98,457.73,1495142
2017-10-06 10:15:00+05:30,457.75,458.63,456.63,458.33,838504
2017-10-06 10:45:00+05:30,458.33,460.2,458.0,458.48,770774
2017-10-06 11:15:00+05:30,458.48,459.85,458.38,459.2,301550
2017-10-06 11:45:00+05:30,459.18,460.2,457.65,458.1,533426
2017-10-06 12:15:00+05:30,458.0,459.1,457.93,458.68,312734
2017-10-06 12:45:00+05:30,458.68,459.2,458.43,458.88,234780
2017-10-06 13:15:00+05:30,458.88,459.25,458.3,458.5,243642
2017-10-06 13:45:00+05:30,458.5,459.2,458.4,458.45,490954
2017-10-06 14:15:00+05:30,458.5,459.48,458.1,458.63,932842
2017-10-06 14:45:00+05:30,458.63,460.98,458.6,460.45,1560774
2017-10-06 15:15:00+05:30,460.43,460.65,459.5,460.25,526072
2017-10-09 09:15:00+05:30,459.95,464.5,457.08,463.5,995244
2017-10-09 09:45:00+05:30,463.48,463.53,461.5,461.8,355090
2017-10-09 10:15:00+05:30,461.8,462.75,461.2,462.55,317612
2017-10-09 10:45:00+05:30,462.55,462.75,461.5,461.85,107322
2017-10-09 11:15:00+05:30,461.85,462.2,461.25,461.83,96708
2017-10-09 11:45:00+05:30,461.83,462.0,461.25,461.33,79806
2017-10-09 12:15:00+05:30,461.3,462.43,461.13,462.43,122280
2017-10-09 12:45:00+05:30,462.43,462.5,461.68,462.38,189104
2017-10-09 13:15:00+05:30,462.38,462.48,462.0,462.43,104454
2017-10-09 13:45:00+05:30,462.43,462.88,462.0,462.5,170322
2017-10-09 14:15:00+05:30,462.5,462.5,461.4,461.7,253106
2017-10-09 14:45:00+05:30,461.7,462.0,461.05,461.85,331200
2017-10-09 15:15:00+05:30,461.85,462.93,461.55,462.13,363046
2017-10-10 09:15:00+05:30,468.0,469.3,464.78,467.75,2203022
2017-10-10 09:45:00+05:30,467.75,469.7,467.35,468.48,1039182
2017-10-10 10:15:00+05:30,468.48,468.48,467.5,467.5,415908
2017-10-10 10:45:00+05:30,467.55,467.95,467.08,467.73,271212
2017-10-10 11:15:00+05:30,467.73,468.75,467.65,468.23,318634
2017-10-10 11:45:00+05:30,468.18,468.5,467.68,468.35,223572
2017-10-10 12:15:00+05:30,468.25,468.5,467.85,468.5,172796
2017-10-10 12:45:00+05:30,468.5,468.93,468.05,468.9,213948
2017-10-10 13:15:00+05:30,468.93,469.0,468.58,468.83,213434
2017-10-10 13:45:00+05:30,468.8,469.0,467.5,467.88,481464
2017-10-10 14:15:00+05:30,467.88,468.45,467.5,468.25,425992
2017-10-10 14:45:00+05:30,468.28,468.45,467.5,467.75,557630
2017-10-10 15:15:00+05:30,467.75,468.2,467.45,467.58,503512
2017-10-11 09:15:00+05:30,467.73,468.98,465.4,466.6,889486
2017-10-11 09:45:00+05:30,466.6,468.5,466.15,466.95,619590
2017-10-11 10:15:00+05:30,466.95,467.68,466.03,466.23,311720
2017-10-11 10:45:00+05:30,466.2,466.95,465.75,466.0,300746
2017-10-11 11:15:00+05:30,466.0,467.45,465.93,466.95,293326
2017-10-11 11:45:00+05:30,466.93,466.98,466.28,466.75,212366
2017-10-11 12:15:00+05:30,466.75,467.0,465.65,466.28,287958
2017-10-11 12:45:00+05:30,466.28,466.38,465.43,465.73,195464
2017-10-11 13:15:00+05:30,465.73,465.78,464.1,465.23,314988
2017-10-11 13:45:00+05:30,465.15,466.25,464.43,465.6,404072
2017-10-11 14:15:00+05:30,465.45,466.73,464.0,466.6,788800
2017-10-11 14:45:00+05:30,466.73,467.23,464.95,464.95,881508
2017-10-11 15:15:00+05:30,465.0,465.5,464.5,464.8,463664
2017-10-12 09:15:00+05:30,465.0,467.15,464.3,466.6,950566
2017-10-12 09:45:00+05:30,466.7,466.75,464.03,464.43,623876
2017-10-12 10:15:00+05:30,464.43,464.9,460.75,462.68,1003164
2017-10-12 10:45:00+05:30,462.68,464.08,462.0,462.95,303030
2017-10-12 11:15:00+05:30,462.9,464.0,462.9,463.2,264114
2017-10-12 11:45:00+05:30,463.2,463.5,461.6,461.95,399656
2017-10-12 12:15:00+05:30,461.95,462.03,460.8,461.18,875674
2017-10-12 12:45:00+05:30,461.18,461.25,459.83,460.0,1059710
2017-10-12 13:15:00+05:30,460.0,460.8,459.9,460.38,1030244
2017-10-12 13:45:00+05:30,460.08,460.5,459.78,460.48,936630
2017-10-12 14:15:00+05:30,460.48,462.9,459.88,462.13,994432
2017-10-12 14:45:00+05:30,462.23,463.8,461.38,463.75,1102988
2017-10-12 15:15:00+05:30,463.75,464.45,463.55,464.15,696044
2017-10-13 09:15:00+05:30,465.0,466.75,464.23,464.9,986616
2017-10-13 09:45:00+05:30,464.88,465.13,463.93,464.1,530042
2017-10-13 10:15:00+05:30,464.08,466.2,463.95,466.0,818306
2017-10-13 10:45:00+05:30,466.0,466.13,464.0,464.48,658318
2017-10-13 11:15:00+05:30,464.48,464.98,463.95,464.33,367206
2017-10-13 11:45:00+05:30,464.33,465.0,464.23,465.0,306936
2017-10-13 12:15:00+05:30,465.0,465.0,464.0,464.05,403416
2017-10-13 12:45:00+05:30,464.05,464.53,463.9,464.38,295522
2017-10-13 13:15:00+05:30,464.38,464.75,463.9,464.25,365318
2017-10-13 13:45:00+05:30,464.28,465.0,464.15,464.58,428926
2017-10-13 14:15:00+05:30,464.58,464.98,464.15,464.9,445692
2017-10-13 14:45:00+05:30,464.88,465.48,464.65,465.18,1037958
2017-10-13 15:15:00+05:30,465.23,465.28,464.5,464.73,520204
2017-10-16 09:15:00+05:30,467.48,468.73,466.5,468.65,709014
2017-10-16 09:45:00+05:30,468.68,469.0,467.1,467.48,434670
2017-10-16 10:15:00+05:30,467.48,468.25,467.45,467.95,301046
2017-10-16 10:45:00+05:30,467.95,468.55,467.6,468.43,317374
2017-10-16 11:15:00+05:30,468.43,469.45,468.28,469.38,378566
2017-10-16 11:45:00+05:30,469.4,469.45,469.13,469.2,260060
2017-10-16 12:15:00+05:30,469.15,469.25,467.75,468.45,277634
2017-10-16 12:45:00+05:30,468.45,469.0,468.0,468.3,226280
2017-10-16 13:15:00+05:30,468.25,469.1,468.08,469.05,277032
2017-10-16 13:45:00+05:30,469.1,470.0,469.0,469.98,572776
2017-10-16 14:15:00+05:30,469.95,470.75,469.5,470.35,525828
2017-10-16 14:45:00+05:30,470.35,471.0,468.65,469.2,928748
2017-10-16 15:15:00+05:30,469.23,469.85,469.05,469.5,533866
2017-10-17 09:15:00+05:30,468.25,468.25,465.0,465.75,911294
2017-10-17 09:45:00+05:30,465.7,466.48,465.63,466.38,638790
2017-10-17 10:15:00+05:30,466.38,466.63,465.5,466.08,528282
2017-10-17 10:45:00+05:30,466.08,467.45,466.0,466.73,287720
2017-10-17 11:15:00+05:30,466.73,466.75,466.13,466.35,196760
2017-10-17 11:45:00+05:30,466.35,466.83,466.03,466.5,188106
2017-10-17 12:15:00+05:30,466.43,467.43,466.43,466.7,239676
2017-10-17 12:45:00+05:30,466.7,466.75,466.0,466.28,301188
2017-10-17 13:15:00+05:30,466.28,466.68,466.08,466.65,200108
2017-10-17 13:45:00+05:30,466.55,466.83,466.3,466.35,182624
2017-10-17 14:15:00+05:30,466.35,466.35,465.75,465.88,563892
2017-10-17 14:45:00+05:30,465.85,466.0,465.25,465.3,551412
2017-10-17 15:15:00+05:30,465.3,465.75,464.75,465.5,812964
2017-10-18 09:15:00+05:30,464.25,464.95,463.7,464.35,464934
2017-10-18 09:45:00+05:30,464.35,464.93,463.0,463.6,444388
2017-10-18 10:15:00+05:30,463.6,463.93,463.2,463.6,198790
2017-10-18 10:45:00+05:30,463.6,464.05,463.4,463.93,235658
2017-10-18 11:15:00+05:30,463.93,464.25,463.25,463.25,1599148
2017-10-18 11:45:00+05:30,463.25,464.1,463.0,463.38,370772
2017-10-18 12:15:00+05:30,463.33,463.5,461.6,463.48,520800
2017-10-18 12:45:00+05:30,463.48,464.45,463.05,464.4,367604
2017-10-18 13:15:00+05:30,464.4,464.73,463.63,463.95,324886
2017-10-18 13:45:00+05:30,464.03,464.85,463.05,463.83,382440
2017-10-18 14:15:00+05:30,463.73,463.83,461.63,462.95,539572
2017-10-18 14:45:00+05:30,462.95,463.15,461.55,462.35,1097462
2017-10-18 15:15:00+05:30,462.4,462.6,461.48,462.5,665050
2017-10-19 18:15:00+05:30,465.88,465.88,463.18,463.88,422244
2017-10-19 18:45:00+05:30,464.13,464.2,462.6,463.25,453580
2017-10-19 19:15:00+05:30,463.35,464.0,462.88,464.0,198112
2017-10-23 09:15:00+05:30,465.0,467.38,464.3,465.75,1021140
2017-10-23 09:45:00+05:30,465.83,465.83,464.38,465.0,523946
2017-10-23 10:15:00+05:30,464.98,468.35,464.88,466.93,815812
2017-10-23 10:45:00+05:30,466.93,469.5,466.5,469.5,1005716
2017-10-23 11:15:00+05:30,469.55,469.8,468.38,468.5,588922
2017-10-23 11:45:00+05:30,468.5,468.98,467.0,468.25,817496
2017-10-23 12:15:00+05:30,468.23,468.55,466.65,467.4,475350
2017-10-23 12:45:00+05:30,467.4,468.48,466.55,468.3,456574
2017-10-23 13:15:00+05:30,468.3,468.63,468.0,468.4,377852
2017-10-23 13:45:00+05:30,468.45,468.7,468.13,468.68,359206
2017-10-23 14:15:00+05:30,468.68,468.93,468.13,468.55,550788
2017-10-23 14:45:00+05:30,468.55,469.55,468.35,469.55,1073386
2017-10-23 15:15:00+05:30,469.53,471.0,469.53,470.5,1061160
2017-10-24 09:15:00+05:30,472.58,473.25,468.05,470.4,1352040
2017-10-24 09:45:00+05:30,470.4,471.0,469.6,470.88,423640
2017-10-24 10:15:00+05:30,470.88,472.5,470.75,472.43,1001198
2017-10-24 10:45:00+05:30,472.5,472.5,471.18,471.68,443252
2017-10-24 11:15:00+05:30,471.68,472.5,470.48,470.93,617488
2017-10-24 11:45:00+05:30,470.95,472.25,470.5,471.65,350046
2017-10-24 12:15:00+05:30,471.7,471.78,470.25,470.25,407348
2017-10-24 12:45:00+05:30,470.35,470.6,463.78,466.65,1933982
2017-10-24 13:15:00+05:30,466.63,466.83,464.75,466.5,1283762
2017-10-24 13:45:00+05:30,466.5,467.75,464.85,465.15,826500
2017-10-24 14:15:00+05:30,465.15,465.5,464.05,464.63,1758440
2017-10-24 14:45:00+05:30,464.63,465.28,461.78,463.18,2327558
2017-10-24 15:15:00+05:30,463.18,464.55,461.38,462.15,1663880
2017-10-25 09:15:00+05:30,459.88,466.75,457.75,464.95,3767270
2017-10-25 09:45:00+05:30,464.7,472.35,464.63,470.4,2397544
2017-10-25 10:15:00+05:30,470.45,470.8,467.5,469.08,1242650
2017-10-25 10:45:00+05:30,469.08,471.0,468.4,470.7,856444
2017-10-25 11:15:00+05:30,470.7,471.0,470.0,470.85,613628
2017-10-25 11:45:00+05:30,470.8,471.0,468.65,469.85,567170
2017-10-25 12:15:00+05:30,469.85,469.88,468.35,468.53,599786
2017-10-25 12:45:00+05:30,468.53,469.6,468.1,469.05,423594
2017-10-25 13:15:00+05:30,469.08,469.5,467.55,467.75,350854
2017-10-25 13:45:00+05:30,467.85,469.2,467.75,468.43,441752
2017-10-25 14:15:00+05:30,468.5,469.0,466.73,467.25,528412
2017-10-25 14:45:00+05:30,467.3,468.43,466.58,467.53,1141524
2017-10-25 15:15:00+05:30,467.55,467.95,467.05,467.33,925042
2017-10-26 09:15:00+05:30,471.03,473.78,470.48,471.83,1720104
2017-10-26 09:45:00+05:30,471.88,472.0,470.45,471.23,845162
2017-10-26 10:15:00+05:30,471.23,472.13,471.0,472.0,813160
2017-10-26 10:45:00+05:30,472.0,472.2,471.48,471.48,1315870
2017-10-26 11:15:00+05:30,471.58,472.93,471.5,472.83,1043288
2017-10-26 11:45:00+05:30,472.83,473.45,472.35,472.85,1693148
2017-10-26 12:15:00+05:30,472.88,474.28,472.55,473.5,1453866
2017-10-26 12:45:00+05:30,473.5,473.98,472.68,473.18,1545016
2017-10-26 13:15:00+05:30,473.18,473.73,472.73,473.45,1252122
2017-10-26 13:45:00+05:30,473.35,475.45,473.08,473.58,2883126
2017-10-26 14:15:00+05:30,473.55,474.23,471.75,472.73,1825298
2017-10-26 14:45:00+05:30,472.55,475.48,472.15,472.95,9372984
2017-10-26 15:15:00+05:30,472.95,475.4,472.0,474.28,7843294
2017-10-27 09:15:00+05:30,477.5,478.85,474.55,474.95,1063434
2017-10-27 09:45:00+05:30,475.0,475.2,473.75,473.9,449612
2017-10-27 10:15:00+05:30,473.93,474.4,472.5,474.18,501222
2017-10-27 10:45:00+05:30,474.18,475.03,474.03,474.5,429334
2017-10-27 11:15:00+05:30,474.5,475.0,473.7,474.6,337614
2017-10-27 11:45:00+05:30,474.5,474.85,473.85,474.48,430028
2017-10-27 12:15:00+05:30,474.35,475.78,474.15,475.55,706240
2017-10-27 12:45:00+05:30,475.53,475.78,474.75,474.8,852368
2017-10-27 13:15:00+05:30,474.8,475.0,473.95,474.2,450184
2017-10-27 13:45:00+05:30,474.18,474.33,473.43,474.08,426976
2017-10-27 14:15:00+05:30,474.08,474.73,472.88,473.8,819090
2017-10-27 14:45:00+05:30,473.78,474.5,472.28,472.5,1145746
2017-10-27 15:15:00+05:30,472.5,474.03,472.05,473.48,887530
2017-10-30 09:15:00+05:30,476.43,477.0,470.7,470.98,1027820
2017-10-30 09:45:00+05:30,471.0,472.83,470.75,471.5,512176
2017-10-30 10:15:00+05:30,471.5,472.33,470.95,471.65,441976
2017-10-30 10:45:00+05:30,471.7,472.3,471.25,471.43,390202
2017-10-30 11:15:00+05:30,471.43,472.98,470.88,472.95,603506
2017-10-30 11:45:00+05:30,472.95,475.5,472.88,474.48,1884412
2017-10-30 12:15:00+05:30,474.48,474.5,473.6,474.25,709524
2017-10-30 12:45:00+05:30,474.33,475.23,473.88,475.08,955940
2017-10-30 13:15:00+05:30,475.08,476.0,474.05,475.95,958516
2017-10-30 13:45:00+05:30,475.98,476.0,474.25,474.68,804840
2017-10-30 14:15:00+05:30,474.68,476.0,474.43,475.23,886534
2017-10-30 14:45:00+05:30,475.2,475.35,471.95,472.03,1808096
2017-10-30 15:15:00+05:30,472.05,472.2,470.95,471.95,1884988
2017-10-31 09:15:00+05:30,461.5,463.93,460.68,463.6,1539694
2017-10-31 09:45:00+05:30,463.6,465.0,463.0,463.3,976426
2017-10-31 10:15:00+05:30,463.3,464.15,463.18,463.68,601604
2017-10-31 10:45:00+05:30,463.68,464.1,463.2,463.93,422394
2017-10-31 11:15:00+05:30,463.93,464.25,463.83,463.88,224050
2017-10-31 11:45:00+05:30,463.88,463.9,462.53,462.58,294164
2017-10-31 12:15:00+05:30,462.58,463.43,462.28,462.88,498990
2017-10-31 12:45:00+05:30,462.9,462.93,462.5,462.65,269252
2017-10-31 13:15:00+05:30,462.73,462.75,461.5,461.5,852574
2017-10-31 13:45:00+05:30,461.48,462.15,460.3,461.5,746152
2017-10-31 14:15:00+05:30,461.5,462.43,460.5,462.23,1234756
2017-10-31 14:45:00+05:30,462.33,462.5,460.5,460.65,1374442
2017-10-31 15:15:00+05:30,460.63,461.3,460.0,461.0,820240
2017-11-01 09:15:00+05:30,462.5,464.0,461.7,463.45,1117432
2017-11-01 09:45:00+05:30,463.45,464.35,462.78,463.1,345764
2017-11-01 10:15:00+05:30,463.1,463.18,462.35,462.65,352742
2017-11-01 10:45:00+05:30,462.65,463.1,462.4,462.55,313234
2017-11-01 11:15:00+05:30,462.55,462.7,462.5,462.68,318118
2017-11-01 11:45:00+05:30,462.68,463.0,462.63,462.95,268784
2017-11-01 12:15:00+05:30,462.95,462.95,462.5,462.53,273272
2017-11-01 12:45:00+05:30,462.73,462.98,462.5,462.9,256858
2017-11-01 13:15:00+05:30,462.9,463.0,462.05,462.85,396562
2017-11-01 13:45:00+05:30,462.85,463.5,462.5,463.13,635354
2017-11-01 14:15:00+05:30,463.13,464.35,462.8,463.83,262396
2017-11-01 14:45:00+05:30,463.7,464.7,463.3,463.38,521452
2017-11-01 15:15:00+05:30,463.5,464.0,462.85,463.0,542610
2017-11-02 09:15:00+05:30,461.75,462.98,460.78,462.25,637520
2017-11-02 09:45:00+05:30,462.25,462.35,461.03,461.1,225546
2017-11-02 10:15:00+05:30,461.08,461.25,460.0,460.05,370720
2017-11-02 10:45:00+05:30,460.03,460.55,460.0,460.43,324340
2017-11-02 11:15:00+05:30,460.43,461.3,460.0,461.3,243710
2017-11-02 11:45:00+05:30,461.3,461.78,461.03,461.45,303280
2017-11-02 12:15:00+05:30,461.45,461.75,461.25,461.73,187378
2017-11-02 12:45:00+05:30,461.75,462.48,461.55,462.45,236406
2017-11-02 13:15:00+05:30,462.45,462.9,462.13,462.45,432488
2017-11-02 13:45:00+05:30,462.45,462.48,462.03,462.35,104270
2017-11-02 14:15:00+05:30,462.35,463.0,461.4,461.75,375014
2017-11-02 14:45:00+05:30,461.8,461.95,461.0,461.38,728662
2017-11-02 15:15:00+05:30,461.4,462.38,461.05,461.55,500996
2017-11-03 09:15:00+05:30,459.58,461.25,459.58,461.0,464100
2017-11-03 09:45:00+05:30,460.98,462.5,460.85,462.15,293674
2017-11-03 10:15:00+05:30,462.15,463.85,462.0,463.75,390180
2017-11-03 10:45:00+05:30,463.73,463.75,463.25,463.7,193088
2017-11-03 11:15:00+05:30,463.73,464.95,463.58,464.65,261368
2017-11-03 11:45:00+05:30,464.5,464.75,463.88,463.88,343408
2017-11-03 12:15:00+05:30,463.88,464.25,463.78,463.9,299428
2017-11-03 12:45:00+05:30,463.88,464.25,463.13,464.13,286464
2017-11-03 13:15:00+05:30,464.3,464.45,463.68,463.95,287940
2017-11-03 13:45:00+05:30,463.95,464.23,463.25,463.63,153082
2017-11-03 14:15:00+05:30,463.63,464.03,463.5,463.88,170282
2017-11-03 14:45:00+05:30,463.9,464.0,462.95,463.4,303876
2017-11-03 15:15:00+05:30,463.4,463.5,463.13,463.4,236392
2017-11-06 09:15:00+05:30,462.0,463.25,461.65,461.9,543718
2017-11-06 09:45:00+05:30,461.8,462.15,461.5,462.03,132574
2017-11-06 10:15:00+05:30,462.05,462.15,461.6,461.75,127066
2017-11-06 10:45:00+05:30,461.75,462.0,461.53,461.63,740246
2017-11-06 11:15:00+05:30,461.63,462.15,461.45,461.78,172164
2017-11-06 11:45:00+05:30,461.7,462.0,461.65,461.68,103908
2017-11-06 12:15:00+05:30,461.68,461.9,461.6,461.8,131154
2017-11-06 12:45:00+05:30,461.8,467.48,461.8,466.55,774798
2017-11-06 13:15:00+05:30,466.55,466.6,465.25,465.75,438226
2017-11-06 13:45:00+05:30,465.75,466.0,464.95,465.3,196342
2017-11-06 14:15:00+05:30,465.3,465.48,464.18,465.08,351112
2017-11-06 14:45:00+05:30,465.0,465.13,464.0,464.53,728016
2017-11-06 15:15:00+05:30,464.53,464.68,464.0,464.4,620806
2017-11-07 09:15:00+05:30,463.18,471.43,463.18,470.48,1128330
2017-11-07 09:45:00+05:30,470.4,473.75,470.4,473.5,1470180
2017-11-07 10:15:00+05:30,473.5,474.25,472.25,472.98,939632
2017-11-07 10:45:00+05:30,472.98,479.28,472.9,478.2,1936166
2017-11-07 11:15:00+05:30,478.08,480.0,477.03,477.4,1313348
2017-11-07 11:45:00+05:30,477.5,478.98,476.15,477.63,524208
2017-11-07 12:15:00+05:30,477.5,477.8,476.55,476.58,370698
2017-11-07 12:45:00+05:30,476.58,477.6,476.23,476.35,555740
2017-11-07 13:15:00+05:30,476.35,477.7,475.5,475.75,697528
2017-11-07 13:45:00+05:30,475.7,476.43,475.05,475.5,565496
2017-11-07 14:15:00+05:30,475.5,476.5,473.75,476.05,673804
2017-11-07 14:45:00+05:30,476.05,478.73,476.05,477.35,2012836
2017-11-07 15:15:00+05:30,477.35,478.5,476.88,477.68,1240662
2017-11-08 09:15:00+05:30,480.4,480.75,477.6,478.68,926812
2017-11-08 09:45:00+05:30,478.68,479.2,475.58,478.93,549696
2017-11-08 10:15:00+05:30,478.95,480.5,478.45,478.65,490456
2017-11-08 10:45:00+05:30,478.7,479.08,477.48,477.83,373196
2017-11-08 11:15:00+05:30,477.65,478.88,477.48,477.95,255090
2017-11-08 11:45:00+05:30,477.78,478.13,476.2,476.53,228584
2017-11-08 12:15:00+05:30,476.48,477.93,476.13,476.85,186844
2017-11-08 12:45:00+05:30,476.85,477.5,476.5,476.93,155958
2017-11-08 13:15:00+05:30,476.95,478.85,476.78,478.35,308066
2017-11-08 13:45:00+05:30,478.33,478.63,476.1,476.48,371632
2017-11-08 14:15:00+05:30,476.48,477.18,474.25,474.35,336890
2017-11-08 14:45:00+05:30,474.35,476.85,473.75,476.58,840300
2017-11-08 15:15:00+05:30,476.53,477.0,475.5,475.98,318358
2017-11-09 09:15:00+05:30,476.53,479.73,474.13,479.08,657826
2017-11-09 09:45:00+05:30,479.05,481.2,478.25,481.2,558246
2017-11-09 10:15:00+05:30,481.08,481.48,478.23,478.53,308470
2017-11-09 10:45:00+05:30,478.53,478.75,477.55,478.0,228528
2017-11-09 11:15:00+05:30,478.0,478.48,477.15,477.85,153232
2017-11-09 11:45:00+05:30,477.73,477.9,476.55,477.45,173158
2017-11-09 12:15:00+05:30,477.55,478.78,476.5,478.63,247284
2017-11-09 12:45:00+05:30,478.7,479.35,476.05,476.05,203788
2017-11-09 13:15:00+05:30,476.05,476.38,475.8,476.18,194730
2017-11-09 13:45:00+05:30,476.18,476.2,475.08,475.4,194592
2017-11-09 14:15:00+05:30,475.5,476.43,475.28,475.63,356866
2017-11-09 14:45:00+05:30,475.5,477.85,474.78,477.75,783802
2017-11-09 15:15:00+05:30,477.75,478.1,475.63,477.0,653226
2017-11-10 09:15:00+05:30,477.53,478.63,475.13,476.93,607706
2017-11-10 09:45:00+05:30,476.93,477.45,476.23,477.25,538426
2017-11-10 10:15:00+05:30,477.25,477.75,477.23,477.58,248978
2017-11-10 10:45:00+05:30,477.58,478.0,477.5,477.98,170208
2017-11-10 11:15:00+05:30,477.98,478.5,477.95,478.48,179734
2017-11-10 11:45:00+05:30,478.48,480.63,478.38,479.93,467288
2017-11-10 12:15:00+05:30,479.98,480.0,479.8,479.98,162768
2017-11-10 12:45:00+05:30,479.98,481.78,479.95,480.93,401740
2017-11-10 13:15:00+05:30,480.93,481.1,479.65,479.65,215546
2017-11-10 13:45:00+05:30,479.65,480.0,478.53,479.7,412770
2017-11-10 14:15:00+05:30,479.7,480.1,479.3,480.03,277252
2017-11-10 14:45:00+05:30,479.98,481.83,478.78,481.58,1483102
2017-11-10 15:15:00+05:30,481.6,482.15,480.75,481.5,1402086
2017-11-13 09:15:00+05:30,481.0,484.65,480.0,483.4,905128
2017-11-13 09:45:00+05:30,483.4,483.4,480.1,482.38,236108
2017-11-13 10:15:00+05:30,482.33,483.3,480.83,482.4,396768
2017-11-13 10:45:00+05:30,482.4,482.5,480.7,480.78,142782
2017-11-13 11:15:00+05:30,480.78,481.75,480.2,481.63,185528
2017-11-13 11:45:00+05:30,481.63,482.48,478.95,479.55,254224
2017-11-13 12:15:00+05:30,479.55,479.7,477.98,479.38,404514
2017-11-13 12:45:00+05:30,479.38,479.6,478.93,479.0,143036
2017-11-13 13:15:00+05:30,479.0,479.6,478.75,479.18,205676
2017-11-13 13:45:00+05:30,479.18,479.18,475.78,477.08,332550
2017-11-13 14:15:00+05:30,477.08,477.23,475.25,475.85,465268
2017-11-13 14:45:00+05:30,475.85,476.6,474.68,475.98,613988
2017-11-13 15:15:00+05:30,476.18,477.48,475.3,476.25,728812
2017-11-14 09:15:00+05:30,475.93,477.43,472.5,474.1,666024
2017-11-14 09:45:00+05:30,474.18,474.73,471.63,472.95,476708
2017-11-14 10:15:00+05:30,472.98,473.68,472.45,473.15,149080
2017-11-14 10:45:00+05:30,473.18,474.88,472.43,472.85,322292
2017-11-14 11:15:00+05:30,472.85,473.6,472.13,473.05,305556
2017-11-14 11:45:00+05:30,473.05,473.5,472.6,473.18,342764
2017-11-14 12:15:00+05:30,473.18,474.38,473.1,473.88,272456
2017-11-14 12:45:00+05:30,473.83,474.6,473.8,474.33,266538
2017-11-14 13:15:00+05:30,474.33,474.63,473.98,474.18,301064
2017-11-14 13:45:00+05:30,474.18,475.83,473.75,474.93,712124
2017-11-14 14:15:00+05:30,474.9,476.68,474.75,475.38,618194
2017-11-14 14:45:00+05:30,475.38,475.98,473.8,473.85,780234
2017-11-14 15:15:00+05:30,473.85,475.0,473.55,474.55,505620
2017-11-15 09:15:00+05:30,473.95,474.98,472.6,474.35,423298
2017-11-15 09:45:00+05:30,474.38,475.9,472.28,475.38,566514
2017-11-15 10:15:00+05:30,475.35,476.35,474.63,475.18,752800
2017-11-15 10:45:00+05:30,475.18,475.85,474.68,475.3,362280
2017-11-15 11:15:00+05:30,475.33,476.68,475.0,476.4,494466
2017-11-15 11:45:00+05:30,476.4,476.4,475.0,475.48,330466
2017-11-15 12:15:00+05:30,475.48,475.75,475.33,475.65,409152
2017-11-15 12:45:00+05:30,475.65,475.75,475.15,475.63,379798
2017-11-15 13:15:00+05:30,475.53,475.75,475.05,475.48,519528
2017-11-15 13:45:00+05:30,475.48,476.25,475.25,475.53,518016
2017-11-15 14:15:00+05:30,475.53,475.68,475.0,475.6,614080
2017-11-15 14:45:00+05:30,475.55,476.43,475.15,476.03,920136
2017-11-15 15:15:00+05:30,476.05,476.33,475.13,475.38,728134
2017-11-16 09:15:00+05:30,475.9,476.8,474.28,475.1,548876
2017-11-16 09:45:00+05:30,475.1,480.45,475.1,480.33,697026
2017-11-16 10:15:00+05:30,480.3,480.95,478.55,478.73,480992
2017-11-16 10:45:00+05:30,478.73,480.88,478.28,480.85,729176
2017-11-16 11:15:00+05:30,480.75,483.73,480.75,482.8,788644
2017-11-16 11:45:00+05:30,482.83,486.75,482.55,486.73,926274
2017-11-16 12:15:00+05:30,486.63,491.23,486.63,488.98,2085384
2017-11-16 12:45:00+05:30,489.0,489.9,487.03,489.18,846842
2017-11-16 13:15:00+05:30,489.2,490.95,487.75,490.6,867874
2017-11-16 13:45:00+05:30,490.6,494.0,489.55,493.35,1547322
2017-11-16 14:15:00+05:30,493.25,497.8,493.15,495.23,2494370
2017-11-16 14:45:00+05:30,495.23,496.23,492.05,494.95,2473684
2017-11-16 15:15:00+05:30,494.95,496.45,493.85,495.0,1189948
2017-11-17 09:15:00+05:30,492.38,492.38,486.7,488.5,1917890
2017-11-17 09:45:00+05:30,488.38,489.15,486.23,486.5,590174
2017-11-17 10:15:00+05:30,486.5,486.8,486.15,486.48,347888
2017-11-17 10:45:00+05:30,486.48,486.75,485.25,485.75,584554
2017-11-17 11:15:00+05:30,485.75,487.18,485.5,486.0,591628
2017-11-17 11:45:00+05:30,486.0,486.63,485.7,486.45,328440
2017-11-17 12:15:00+05:30,486.45,486.48,486.0,486.25,207548
2017-11-17 12:45:00+05:30,486.25,487.5,486.0,487.45,603772
2017-11-17 13:15:00+05:30,487.45,487.5,486.93,487.38,402924
2017-11-17 13:45:00+05:30,487.45,487.45,487.0,487.0,322198
2017-11-17 14:15:00+05:30,487.03,487.03,486.53,486.88,433692
2017-11-17 14:45:00+05:30,486.88,487.33,486.0,486.13,830626
2017-11-17 15:15:00+05:30,486.13,486.28,482.6,482.75,872552
2017-11-20 09:15:00+05:30,484.95,485.5,478.7,482.55,1304056
2017-11-20 09:45:00+05:30,482.6,483.0,482.0,482.03,274732
2017-11-20 10:15:00+05:30,482.03,482.65,481.5,482.33,247172
2017-11-20 10:45:00+05:30,482.33,482.45,480.6,481.18,231396
2017-11-20 11:15:00+05:30,481.18,481.98,480.73,481.65,175734
2017-11-20 11:45:00+05:30,481.65,481.85,480.5,480.83,180044
2017-11-20 12:15:00+05:30,480.83,481.0,480.6,480.78,242408
2017-11-20 12:45:00+05:30,480.78,480.85,479.5,479.7,371664
2017-11-20 13:15:00+05:30,479.7,480.25,479.15,480.1,266768
2017-11-20 13:45:00+05:30,480.1,480.2,479.5,479.8,353554
2017-11-20 14:15:00+05:30,479.8,480.5,478.98,480.1,565776
2017-11-20 14:45:00+05:30,480.1,481.1,480.0,480.28,874260
2017-11-20 15:15:00+05:30,480.25,481.0,478.78,480.48,531320
2017-11-21 09:15:00+05:30,480.7,484.5,480.03,484.2,693902
2017-11-21 09:45:00+05:30,484.15,485.65,483.0,483.1,508646
2017-11-21 10:15:00+05:30,483.1,484.88,482.55,484.0,328978
2017-11-21 10:45:00+05:30,484.0,484.88,483.5,483.65,262696
2017-11-21 11:15:00+05:30,483.65,484.28,483.55,483.78,267008
2017-11-21 11:45:00+05:30,483.78,483.9,483.25,483.3,255396
2017-11-21 12:15:00+05:30,483.3,485.28,483.1,484.1,411366
2017-11-21 12:45:00+05:30,484.13,484.5,483.03,483.75,301958
2017-11-21 13:15:00+05:30,483.6,484.15,483.2,483.8,537732
2017-11-21 13:45:00+05:30,483.8,484.48,483.43,484.15,374536
2017-11-21 14:15:00+05:30,484.15,484.15,482.5,482.5,352944
2017-11-21 14:45:00+05:30,482.5,483.43,482.3,482.65,677694
2017-11-21 15:15:00+05:30,482.63,483.98,482.28,482.75,387498
2017-11-22 09:15:00+05:30,483.28,485.5,483.2,483.75,919534
2017-11-22 09:45:00+05:30,483.75,484.5,482.93,483.45,789330
2017-11-22 10:15:00+05:30,483.45,483.7,482.13,483.08,592400
2017-11-22 10:45:00+05:30,483.08,483.45,481.7,482.38,661610
2017-11-22 11:15:00+05:30,482.38,482.53,482.33,482.43,117876
2017-11-22 11:45:00+05:30,482.38,483.0,482.25,482.55,149980
2017-11-22 12:15:00+05:30,482.55,483.33,482.43,483.0,189814
2017-11-22 12:45:00+05:30,483.0,483.35,482.38,482.53,434132
2017-11-22 13:15:00+05:30,482.55,483.98,482.48,483.73,292740
2017-11-22 13:45:00+05:30,483.75,484.0,482.98,483.5,448672
2017-11-22 14:15:00+05:30,483.53,483.68,483.0,483.45,264418
2017-11-22 14:45:00+05:30,483.45,484.0,482.98,483.5,541498
2017-11-22 15:15:00+05:30,483.3,483.6,482.25,482.65,679686
2017-11-23 09:15:00+05:30,485.75,488.3,484.75,487.25,1077640
2017-11-23 09:45:00+05:30,487.25,489.58,487.13,489.0,906926
2017-11-23 10:15:00+05:30,489.0,489.93,487.55,488.73,831654
2017-11-23 10:45:00+05:30,488.73,493.3,488.7,492.68,1284322
2017-11-23 11:15:00+05:30,492.68,494.75,492.0,494.15,1372098
2017-11-23 11:45:00+05:30,494.15,497.0,493.85,495.4,1581040
2017-11-23 12:15:00+05:30,495.4,495.45,492.8,493.4,1022696
2017-11-23 12:45:00+05:30,493.4,493.5,491.58,491.75,848150
2017-11-23 13:15:00+05:30,491.73,493.95,491.7,492.38,494388
2017-11-23 13:45:00+05:30,492.53,495.0,492.35,494.7,482530
2017-11-23 14:15:00+05:30,494.68,496.0,493.28,495.85,631466
2017-11-23 14:45:00+05:30,495.85,495.85,493.75,495.45,594640
2017-11-23 15:15:00+05:30,495.48,497.0,495.33,495.73,750864
2017-11-24 09:15:00+05:30,495.18,503.0,495.18,502.65,1868536
2017-11-24 09:45:00+05:30,502.65,502.75,500.3,502.45,1390152
2017-11-24 10:15:00+05:30,502.5,503.68,502.3,502.93,1016904
2017-11-24 10:45:00+05:30,502.93,504.45,502.75,504.03,979080
2017-11-24 11:15:00+05:30,504.03,507.43,504.0,507.0,1931008
2017-11-24 11:45:00+05:30,507.15,509.63,507.0,507.8,1937286
2017-11-24 12:15:00+05:30,507.88,508.18,507.0,507.58,1202458
2017-11-24 12:45:00+05:30,507.5,507.6,505.03,505.78,1258054
2017-11-24 13:15:00+05:30,505.85,508.33,505.3,505.93,1369312
2017-11-24 13:45:00+05:30,506.0,507.85,505.15,506.1,1148810
2017-11-24 14:15:00+05:30,506.08,506.98,505.25,506.48,1064808
2017-11-24 14:45:00+05:30,506.48,506.5,504.25,505.1,1718890
2017-11-24 15:15:00+05:30,505.05,505.55,503.28,504.0,1717662
2017-11-27 09:15:00+05:30,502.75,502.75,497.5,499.63,1178218
2017-11-27 09:45:00+05:30,499.63,499.65,498.18,499.03,282566
2017-11-27 10:15:00+05:30,499.1,499.7,498.98,499.05,325688
2017-11-27 10:45:00+05:30,499.03,499.48,498.63,498.83,229416
2017-11-27 11:15:00+05:30,498.83,500.28,498.83,499.5,488122
2017-11-27 11:45:00+05:30,499.35,499.88,498.85,499.48,347788
2017-11-27 12:15:00+05:30,499.33,499.8,498.68,498.68,371788
2017-11-27 12:45:00+05:30,498.68,499.0,496.65,497.0,625338
2017-11-27 13:15:00+05:30,497.18,498.1,496.9,497.88,319746
2017-11-27 13:45:00+05:30,497.88,499.0,497.83,498.9,300530
2017-11-27 14:15:00+05:30,498.9,499.05,498.28,499.0,317860
2017-11-27 14:45:00+05:30,499.0,500.0,498.93,499.98,595708
2017-11-27 15:15:00+05:30,499.98,500.0,497.5,498.28,608772
2017-11-28 09:15:00+05:30,497.2,499.95,495.23,495.68,706636
2017-11-28 09:45:00+05:30,495.73,495.93,493.6,495.78,321658
2017-11-28 10:15:00+05:30,495.78,497.0,495.15,495.45,230052
2017-11-28 10:45:00+05:30,495.45,495.5,493.73,494.73,280562
2017-11-28 11:15:00+05:30,494.73,495.5,494.1,495.23,204934
2017-11-28 11:45:00+05:30,495.23,496.35,494.63,494.73,217558
2017-11-28 12:15:00+05:30,494.73,495.5,494.5,495.15,139892
2017-11-28 12:45:00+05:30,495.15,495.78,494.75,495.6,131866
2017-11-28 13:15:00+05:30,495.6,495.98,494.28,494.58,294402
2017-11-28 13:45:00+05:30,494.38,495.0,493.13,493.95,386014
2017-11-28 14:15:00+05:30,493.95,494.48,490.65,491.4,434258
2017-11-28 14:45:00+05:30,491.7,492.6,491.2,492.58,659046
2017-11-28 15:15:00+05:30,492.58,492.95,491.08,491.33,592636
2017-11-29 09:15:00+05:30,493.85,495.9,493.05,494.25,381556
2017-11-29 09:45:00+05:30,494.25,495.08,493.93,494.05,135862
2017-11-29 10:15:00+05:30,494.05,494.18,492.5,492.6,150632
2017-11-29 10:45:00+05:30,492.6,492.6,490.68,491.35,277078
2017-11-29 11:15:00+05:30,491.35,492.63,490.5,491.15,381158
2017-11-29 11:45:00+05:30,491.15,491.73,490.28,491.1,240534
2017-11-29 12:15:00+05:30,491.0,492.35,490.6,492.13,428788
2017-11-29 12:45:00+05:30,492.13,492.7,491.75,492.5,209876
2017-11-29 13:15:00+05:30,492.5,494.05,492.13,492.85,307114
2017-11-29 13:45:00+05:30,492.65,493.35,491.28,492.23,292892
2017-11-29 14:15:00+05:30,492.13,493.0,491.05,491.4,166084
2017-11-29 14:45:00+05:30,491.4,491.8,490.45,491.48,400046
2017-11-29 15:15:00+05:30,491.48,492.48,490.95,491.75,460578
2017-11-30 09:15:00+05:30,494.03,494.5,491.5,493.2,743212
2017-11-30 09:45:00+05:30,493.2,493.3,491.83,492.75,216046
2017-11-30 10:15:00+05:30,492.88,493.0,492.0,492.88,185538
2017-11-30 10:45:00+05:30,492.9,493.65,492.7,493.2,237134
2017-11-30 11:15:00+05:30,493.2,493.35,492.53,492.68,192574
2017-11-30 11:45:00+05:30,492.68,492.75,491.75,492.2,212532
2017-11-30 12:15:00+05:30,492.2,492.2,490.35,491.98,315016
2017-11-30 12:45:00+05:30,491.98,493.25,491.9,492.15,317372
2017-11-30 13:15:00+05:30,492.13,492.5,491.15,491.35,236240
2017-11-30 13:45:00+05:30,491.48,493.5,491.0,493.43,386532
2017-11-30 14:15:00+05:30,493.5,493.9,491.53,492.1,614002
2017-11-30 14:45:00+05:30,492.15,493.23,486.2,486.5,7635982
2017-11-30 15:15:00+05:30,486.48,487.33,484.53,486.5,5956052
2017-12-01 09:15:00+05:30,489.6,491.58,486.8,487.25,500588
2017-12-01 09:45:00+05:30,487.25,487.75,485.18,485.88,308724
2017-12-01 10:15:00+05:30,485.88,486.5,485.25,486.48,190898
2017-12-01 10:45:00+05:30,486.48,486.75,482.9,483.48,345500
2017-12-01 11:15:00+05:30,483.43,484.45,482.5,483.63,222444
2017-12-01 11:45:00+05:30,483.63,484.25,482.15,483.0,279134
2017-12-01 12:15:00+05:30,483.0,483.88,480.6,481.25,316730
2017-12-01 12:45:00+05:30,481.25,483.2,481.25,481.93,182538
2017-12-01 13:15:00+05:30,481.88,482.5,481.35,481.85,212284
2017-12-01 13:45:00+05:30,481.8,482.95,481.28,481.8,229280
2017-12-01 14:15:00+05:30,481.58,482.38,480.3,481.23,215502
2017-12-01 14:45:00+05:30,481.0,481.48,478.53,479.13,682190
2017-12-01 15:15:00+05:30,479.1,480.5,478.95,480.0,392172
2017-12-04 09:15:00+05:30,490.4,493.0,484.65,488.75,4775954
2017-12-04 09:45:00+05:30,489.03,492.5,488.78,490.88,1737024
2017-12-04 10:15:00+05:30,490.88,494.9,490.43,493.98,1492000
2017-12-04 10:45:00+05:30,493.98,497.0,493.25,496.55,1699054
2017-12-04 11:15:00+05:30,496.5,498.35,495.5,497.25,1412172
2017-12-04 11:45:00+05:30,497.2,497.9,496.13,496.5,844628
2017-12-04 12:15:00+05:30,496.5,497.38,493.8,495.48,788776
2017-12-04 12:45:00+05:30,495.28,497.0,494.75,495.58,609924
2017-12-04 13:15:00+05:30,495.7,496.5,494.75,495.0,426170
2017-12-04 13:45:00+05:30,495.0,495.38,493.15,494.35,674684
2017-12-04 14:15:00+05:30,494.33,495.95,492.65,493.65,770150
2017-12-04 14:45:00+05:30,493.75,493.98,492.0,492.48,1428514
2017-12-04 15:15:00+05:30,492.48,493.5,491.75,492.5,1059800
2017-12-05 09:15:00+05:30,492.68,497.5,489.5,497.0,1460752
2017-12-05 09:45:00+05:30,497.0,501.5,496.63,498.48,2265586
2017-12-05 10:15:00+05:30,498.45,499.45,496.63,496.73,798926
2017-12-05 10:45:00+05:30,496.65,496.88,496.0,496.25,560266
2017-12-05 11:15:00+05:30,496.3,496.45,493.75,493.75,715634
2017-12-05 11:45:00+05:30,493.75,494.85,493.53,493.85,438142
2017-12-05 12:15:00+05:30,493.88,494.15,492.55,492.55,402150
2017-12-05 12:45:00+05:30,492.6,493.95,490.83,493.7,960394
2017-12-05 13:15:00+05:30,493.7,494.35,492.9,494.28,428770
2017-12-05 13:45:00+05:30,494.28,494.78,493.3,493.7,367134
2017-12-05 14:15:00+05:30,493.7,494.4,492.78,493.5,342864
2017-12-05 14:45:00+05:30,493.5,493.63,491.7,492.2,671624
2017-12-05 15:15:00+05:30,492.4,492.53,491.43,492.15,552336
2017-12-06 09:15:00+05:30,492.58,497.0,492.5,495.45,1468494
2017-12-06 09:45:00+05:30,495.48,496.4,493.68,494.98,811076
2017-12-06 10:15:00+05:30,495.0,495.2,494.6,495.0,446926
2017-12-06 10:45:00+05:30,495.0,495.23,494.5,495.05,370184
2017-12-06 11:15:00+05:30,495.0,495.15,492.5,492.85,413516
2017-12-06 11:45:00+05:30,492.85,494.4,492.15,493.98,505818
2017-12-06 12:15:00+05:30,493.98,494.65,493.2,494.15,253390
2017-12-06 12:45:00+05:30,494.15,495.5,493.83,494.8,376254
2017-12-06 13:15:00+05:30,494.78,495.25,494.0,494.65,371726
2017-12-06 13:45:00+05:30,494.53,495.13,494.03,494.93,363608
2017-12-06 14:15:00+05:30,494.93,495.0,493.03,494.13,475842
2017-12-06 14:45:00+05:30,494.15,495.95,493.78,495.95,811024
2017-12-06 15:15:00+05:30,495.9,496.6,493.88,493.9,789412
2017-12-07 09:15:00+05:30,493.53,498.93,492.95,495.68,1329232
2017-12-07 09:45:00+05:30,495.75,497.45,495.65,497.03,486306
2017-12-07 10:15:00+05:30,497.03,497.5,496.13,497.48,314216
2017-12-07 10:45:00+05:30,497.48,497.5,496.48,497.35,372008
2017-12-07 11:15:00+05:30,497.33,497.65,496.8,496.98,288948
2017-12-07 11:45:00+05:30,496.98,497.6,496.6,497.1,396382
2017-12-07 12:15:00+05:30,497.23,497.5,496.6,497.18,357116
2017-12-07 12:45:00+05:30,497.18,498.45,496.83,498.28,624486
2017-12-07 13:15:00+05:30,498.33,500.0,498.0,498.88,868814
2017-12-07 13:45:00+05:30,498.8,499.13,497.75,498.25,468600
2017-12-07 14:15:00+05:30,498.03,499.75,497.9,498.5,599176
2017-12-07 14:45:00+05:30,498.5,500.43,498.4,500.43,924206
2017-12-07 15:15:00+05:30,500.45,501.45,499.03,499.93,501992
2017-12-08 09:15:00+05:30,500.55,502.98,500.0,501.93,621068
2017-12-08 09:45:00+05:30,501.98,503.5,501.5,502.1,442968
2017-12-08 10:15:00+05:30,502.2,502.78,501.05,501.88,488166
2017-12-08 10:45:00+05:30,501.68,502.48,501.0,501.68,498506
2017-12-08 11:15:00+05:30,501.68,501.95,501.03,501.5,196980
2017-12-08 11:45:00+05:30,501.48,501.75,501.05,501.45,269818
2017-12-08 12:15:00+05:30,501.45,501.5,498.03,500.25,476732
2017-12-08 12:45:00+05:30,500.28,500.85,499.6,500.65,364284
2017-12-08 13:15:00+05:30,500.5,500.73,500.03,500.45,243950
2017-12-08 13:45:00+05:30,500.38,501.5,500.05,500.75,366624
2017-12-08 14:15:00+05:30,500.65,501.28,500.03,500.68,423418
2017-12-08 14:45:00+05:30,500.68,501.15,500.05,500.9,835688
2017-12-08 15:15:00+05:30,500.93,501.5,499.55,499.7,743904
2017-12-11 09:15:00+05:30,497.43,501.88,496.98,498.25,766762
2017-12-11 09:45:00+05:30,498.25,500.35,498.08,499.68,518014
2017-12-11 10:15:00+05:30,499.7,500.18,499.25,499.58,265378
2017-12-11 10:45:00+05:30,499.58,499.8,498.8,499.75,328950
2017-12-11 11:15:00+05:30,499.75,500.15,499.05,499.55,215718
2017-12-11 11:45:00+05:30,499.6,499.78,499.0,499.33,167930
2017-12-11 12:15:00+05:30,499.33,499.75,498.95,499.55,142628
2017-12-11 12:45:00+05:30,499.55,499.65,498.4,498.65,297136
2017-12-11 13:15:00+05:30,498.65,499.5,498.0,499.28,279516
2017-12-11 13:45:00+05:30,499.35,499.5,498.7,499.35,300840
2017-12-11 14:15:00+05:30,499.48,502.7,499.0,502.03,496600
2017-12-11 14:45:00+05:30,502.28,503.35,501.38,502.75,764848
2017-12-11 15:15:00+05:30,502.73,503.18,502.08,502.5,570834
2017-12-12 09:15:00+05:30,501.45,505.3,501.45,504.43,769222
2017-12-12 09:45:00+05:30,504.43,504.73,502.83,503.08,405004
2017-12-12 10:15:00+05:30,503.08,504.8,502.93,504.78,307056
2017-12-12 10:45:00+05:30,504.78,507.0,504.25,504.45,574184
2017-12-12 11:15:00+05:30,504.45,505.15,502.53,503.28,1266044
2017-12-12 11:45:00+05:30,503.28,504.75,503.13,503.78,261524
2017-12-12 12:15:00+05:30,503.78,504.0,503.28,503.83,160506
2017-12-12 12:45:00+05:30,503.88,504.28,503.38,504.2,199366
2017-12-12 13:15:00+05:30,504.2,504.48,503.55,504.48,774950
2017-12-12 13:45:00+05:30,504.45,505.6,504.13,505.48,625526
2017-12-12 14:15:00+05:30,505.65,506.33,504.5,505.0,581006
2017-12-12 14:45:00+05:30,505.03,506.93,503.83,505.25,2268138
2017-12-12 15:15:00+05:30,505.25,506.95,504.5,505.25,1121272
2017-12-13 09:15:00+05:30,505.45,508.15,504.18,507.73,617508
2017-12-13 09:45:00+05:30,507.75,509.48,507.75,508.65,395750
2017-12-13 10:15:00+05:30,508.65,508.95,506.75,507.1,263886
2017-12-13 10:45:00+05:30,507.1,507.95,507.0,507.5,558576
2017-12-13 11:15:00+05:30,507.58,507.6,505.48,506.35,329438
2017-12-13 11:45:00+05:30,506.38,507.25,505.63,506.7,205458
2017-12-13 12:15:00+05:30,506.68,507.25,506.0,506.03,295404
2017-12-13 12:45:00+05:30,506.03,507.25,505.85,507.0,336846
2017-12-13 13:15:00+05:30,507.25,507.35,506.63,507.05,259206
2017-12-13 13:45:00+05:30,507.2,507.25,501.75,501.75,510868
2017-12-13 14:15:00+05:30,501.55,502.78,500.25,501.88,508744
2017-12-13 14:45:00+05:30,501.88,502.6,499.35,502.5,743934
2017-12-13 15:15:00+05:30,502.5,503.43,501.78,502.5,326322
2017-12-14 09:15:00+05:30,502.7,506.45,502.7,505.25,1005432
2017-12-14 09:45:00+05:30,505.25,506.88,505.2,505.83,353404
2017-12-14 10:15:00+05:30,505.83,506.63,504.95,506.25,346814
2017-12-14 10:45:00+05:30,506.25,506.25,503.35,503.6,298344
2017-12-14 11:15:00+05:30,503.55,504.25,503.0,504.03,176036
2017-12-14 11:45:00+05:30,504.0,504.88,503.5,504.28,169076
2017-12-14 12:15:00+05:30,504.25,505.0,503.9,504.75,209532
2017-12-14 12:45:00+05:30,504.58,505.95,504.5,505.13,224212
2017-12-14 13:15:00+05:30,505.08,505.78,504.15,504.4,277700
2017-12-14 13:45:00+05:30,504.4,504.73,499.65,503.2,476178
2017-12-14 14:15:00+05:30,503.48,504.93,502.63,502.83,370232
2017-12-14 14:45:00+05:30,502.8,507.25,502.5,506.9,930434
2017-12-14 15:15:00+05:30,506.9,507.5,506.0,506.0,1181474
2017-12-15 09:15:00+05:30,506.5,507.83,506.0,506.9,572646
2017-12-15 09:45:00+05:30,507.1,508.23,506.5,508.18,508070
2017-12-15 10:15:00+05:30,508.18,508.58,506.0,507.0,398590
2017-12-15 10:45:00+05:30,507.0,508.3,506.83,507.93,689444
2017-12-15 11:15:00+05:30,507.93,508.15,507.38,507.55,769318
2017-12-15 11:45:00+05:30,507.55,508.1,506.8,507.2,272786
2017-12-15 12:15:00+05:30,507.2,508.65,507.13,508.33,304788
2017-12-15 12:45:00+05:30,508.33,510.75,508.2,510.0,973480
2017-12-15 13:15:00+05:30,509.98,510.35,508.03,510.15,397950
2017-12-15 13:45:00+05:30,510.05,510.48,508.5,510.2,877148
2017-12-15 14:15:00+05:30,510.15,510.5,508.85,509.2,375360
2017-12-15 14:45:00+05:30,509.2,512.53,508.95,511.53,2110090
2017-12-15 15:15:00+05:30,511.85,513.08,507.55,509.5,2119024
2017-12-18 09:15:00+05:30,505.05,509.5,502.9,508.3,876338
2017-12-18 09:45:00+05:30,508.3,512.5,507.23,512.13,398076
2017-12-18 10:15:00+05:30,512.13,515.35,511.78,514.28,391006
2017-12-18 10:45:00+05:30,514.28,514.48,512.95,513.1,146672
2017-12-18 11:15:00+05:30,513.1,513.8,510.63,511.65,136810
2017-12-18 11:45:00+05:30,511.65,512.93,510.95,511.5,168738
2017-12-18 12:15:00+05:30,511.5,512.25,510.93,512.08,107222
2017-12-18 12:45:00+05:30,512.0,513.0,510.9,510.9,208216
2017-12-18 13:15:00+05:30,510.9,512.03,510.23,511.43,166912
2017-12-18 13:45:00+05:30,511.43,512.43,510.0,510.2,265870
2017-12-18 14:15:00+05:30,510.2,511.0,509.05,509.08,271660
2017-12-18 14:45:00+05:30,509.08,510.7,507.35,507.35,507724
2017-12-18 15:15:00+05:30,507.33,507.9,506.75,507.0,383244
2017-12-19 09:15:00+05:30,508.3,508.98,505.28,506.38,660078
2017-12-19 09:45:00+05:30,506.38,507.4,505.0,506.63,413124
2017-12-19 10:15:00+05:30,506.65,506.95,505.1,505.85,585602
2017-12-19 10:45:00+05:30,505.88,506.1,504.5,504.98,244732
2017-12-19 11:15:00+05:30,504.98,505.53,504.05,504.75,350372
2017-12-19 11:45:00+05:30,504.75,505.33,504.0,504.13,451448
2017-12-19 12:15:00+05:30,504.15,504.45,502.15,502.55,273530
2017-12-19 12:45:00+05:30,502.5,503.0,502.25,502.5,190796
2017-12-19 13:15:00+05:30,502.35,503.43,502.0,502.55,496262
2017-12-19 13:45:00+05:30,502.5,504.95,501.38,501.5,510760
2017-12-19 14:15:00+05:30,501.4,502.88,501.0,502.73,728030
2017-12-19 14:45:00+05:30,502.68,504.33,502.3,504.0,724838
2017-12-19 15:15:00+05:30,504.0,504.38,499.88,502.5,1479684
2017-12-20 09:15:00+05:30,503.08,505.63,500.5,503.53,715164
2017-12-20 09:45:00+05:30,503.5,504.3,502.25,503.73,218396
2017-12-20 10:15:00+05:30,503.75,503.75,502.95,503.1,243392
2017-12-20 10:45:00+05:30,503.1,505.9,503.08,504.95,337262
2017-12-20 11:15:00+05:30,504.95,505.5,504.3,505.13,278022
2017-12-20 11:45:00+05:30,505.13,505.75,504.68,505.75,210878
2017-12-20 12:15:00+05:30,505.75,507.0,505.65,506.83,250164
2017-12-20 12:45:00+05:30,506.83,506.95,506.25,506.28,150864
2017-12-20 13:15:00+05:30,506.28,506.88,504.83,505.28,252086
2017-12-20 13:45:00+05:30,505.28,507.48,505.05,506.45,232090
2017-12-20 14:15:00+05:30,506.45,507.25,506.0,506.35,179308
2017-12-20 14:45:00+05:30,506.35,508.0,505.98,507.83,635368
2017-12-20 15:15:00+05:30,507.83,509.18,507.4,508.18,475904
2017-12-21 09:15:00+05:30,506.98,506.98,501.6,501.83,926864
2017-12-21 09:45:00+05:30,501.75,503.75,501.33,502.8,381704
2017-12-21 10:15:00+05:30,502.95,502.98,502.18,502.73,196084
2017-12-21 10:45:00+05:30,502.65,503.3,502.38,503.2,236404
2017-12-21 11:15:00+05:30,503.2,504.48,502.83,503.75,280034
2017-12-21 11:45:00+05:30,503.78,504.18,502.28,502.5,318948
2017-12-21 12:15:00+05:30,502.5,503.45,499.2,502.83,1188340
2017-12-21 12:45:00+05:30,502.9,514.45,502.7,509.48,2358804
2017-12-21 13:15:00+05:30,509.43,509.98,506.0,507.2,844058
2017-12-21 13:45:00+05:30,507.2,508.73,507.0,507.38,631924
2017-12-21 14:15:00+05:30,507.4,513.65,506.65,510.2,1742830
2017-12-21 14:45:00+05:30,510.2,512.48,509.03,510.78,1341138
2017-12-21 15:15:00+05:30,510.78,512.0,510.53,510.75,600428
2017-12-22 09:15:00+05:30,508.43,511.0,508.08,509.43,696796
2017-12-22 09:45:00+05:30,509.43,513.9,509.35,513.25,883234
2017-12-22 10:15:00+05:30,513.23,514.93,512.65,514.63,791728
2017-12-22 10:45:00+05:30,514.63,517.2,514.58,516.05,1242720
2017-12-22 11:15:00+05:30,516.08,519.55,516.0,519.48,1194088
2017-12-22 11:45:00+05:30,519.45,522.4,517.75,520.0,1633804
2017-12-22 12:15:00+05:30,520.0,520.5,517.33,518.1,930438
2017-12-22 12:45:00+05:30,518.18,519.55,516.73,518.95,901262
2017-12-22 13:15:00+05:30,518.95,520.55,517.68,519.38,921460
2017-12-22 13:45:00+05:30,519.4,520.5,519.0,520.28,580222
2017-12-22 14:15:00+05:30,520.33,521.18,518.5,520.2,1132652
2017-12-22 14:45:00+05:30,520.18,520.98,518.75,519.33,1176268
2017-12-22 15:15:00+05:30,519.25,520.73,518.6,518.93,794970
2017-12-26 09:15:00+05:30,514.48,517.5,511.5,516.13,1184544
2017-12-26 09:45:00+05:30,516.13,517.0,515.03,515.5,636084
2017-12-26 10:15:00+05:30,515.5,515.88,514.05,515.0,989158
2017-12-26 10:45:00+05:30,515.0,516.73,515.0,516.35,554914
2017-12-26 11:15:00+05:30,516.35,520.25,516.3,519.95,1137150
2017-12-26 11:45:00+05:30,519.95,520.75,518.4,519.8,714850
2017-12-26 12:15:00+05:30,519.95,520.0,518.78,519.1,621566
2017-12-26 12:45:00+05:30,519.1,520.35,518.93,519.75,717488
2017-12-26 13:15:00+05:30,519.75,520.25,519.03,519.45,469534
2017-12-26 13:45:00+05:30,519.45,519.5,517.28,517.43,613998
2017-12-26 14:15:00+05:30,517.48,518.75,516.2,517.78,654456
2017-12-26 14:45:00+05:30,517.98,518.35,515.78,517.63,1356912
2017-12-26 15:15:00+05:30,517.63,519.03,516.63,517.5,1134998
2017-12-27 09:15:00+05:30,514.15,518.93,514.15,518.63,665946
2017-12-27 09:45:00+05:30,518.68,519.5,517.55,518.55,600894
2017-12-27 10:15:00+05:30,518.65,519.2,518.2,518.93,447460
2017-12-27 10:45:00+05:30,519.0,519.4,518.0,518.05,501546
2017-12-27 11:15:00+05:30,518.05,518.25,515.58,515.9,445992
2017-12-27 11:45:00+05:30,515.88,515.9,514.03,514.4,448280
2017-12-27 12:15:00+05:30,514.4,516.73,513.7,515.78,424000
2017-12-27 12:45:00+05:30,515.78,516.5,514.58,516.2,427628
2017-12-27 13:15:00+05:30,516.25,517.25,515.58,516.73,573098
2017-12-27 13:45:00+05:30,516.65,517.58,516.2,517.05,484290
2017-12-27 14:15:00+05:30,517.05,517.5,515.9,516.95,611480
2017-12-27 14:45:00+05:30,516.95,517.5,515.25,517.3,784524
2017-12-27 15:15:00+05:30,517.3,517.83,516.7,517.0,539524
2017-12-28 09:15:00+05:30,516.35,519.8,515.53,517.05,681508
2017-12-28 09:45:00+05:30,517.28,517.5,516.28,516.4,236740
2017-12-28 10:15:00+05:30,516.4,517.25,515.58,515.95,178460
2017-12-28 10:45:00+05:30,515.95,516.9,515.65,516.33,196770
2017-12-28 11:15:00+05:30,516.5,518.0,516.2,518.0,246068
2017-12-28 11:45:00+05:30,518.0,518.25,517.18,517.58,209338
2017-12-28 12:15:00+05:30,517.5,518.23,517.35,517.88,232068
2017-12-28 12:45:00+05:30,517.88,518.35,517.3,518.1,207000
2017-12-28 13:15:00+05:30,518.1,518.75,518.0,518.18,182098
2017-12-28 13:45:00+05:30,518.18,518.98,518.15,518.6,279728
2017-12-28 14:15:00+05:30,518.63,519.5,518.38,519.38,476362
2017-12-28 14:45:00+05:30,519.38,520.0,516.08,516.65,2796806
2017-12-28 15:15:00+05:30,516.5,517.0,512.0,515.23,2503366
2017-12-29 09:15:00+05:30,515.0,519.25,515.0,517.88,642108
2017-12-29 09:45:00+05:30,517.93,519.5,517.4,519.38,335842
2017-12-29 10:15:00+05:30,519.4,520.5,518.7,519.23,408284
2017-12-29 10:45:00+05:30,519.23,520.38,518.7,520.15,230008
2017-12-29 11:15:00+05:30,520.05,520.45,519.5,520.08,257080
2017-12-29 11:45:00+05:30,520.08,522.35,519.28,521.25,568204
2017-12-29 12:15:00+05:30,521.15,521.5,520.0,520.05,270910
2017-12-29 12:45:00+05:30,520.0,521.4,520.0,520.73,176500
2017-12-29 13:15:00+05:30,520.8,521.7,520.03,521.15,248604
2017-12-29 13:45:00+05:30,521.25,522.03,520.0,522.0,294488
2017-12-29 14:15:00+05:30,522.0,524.38,522.0,523.95,728782
2017-12-29 14:45:00+05:30,523.95,523.98,520.3,520.7,1182472
2017-12-29 15:15:00+05:30,520.65,522.0,520.45,520.63,1247412
2018-01-01 09:15:00+05:30,518.7,522.25,518.08,520.68,498368
2018-01-01 09:45:00+05:30,520.68,520.75,518.75,519.83,163700
2018-01-01 10:15:00+05:30,519.83,520.9,519.4,520.08,147896
2018-01-01 10:45:00+05:30,520.2,520.5,519.35,520.0,117048
2018-01-01 11:15:00+05:30,520.0,522.0,519.55,521.08,246046
2018-01-01 11:45:00+05:30,521.08,521.1,519.5,520.0,74588
2018-01-01 12:15:00+05:30,520.0,520.1,519.5,519.98,61798
2018-01-01 12:45:00+05:30,519.98,520.13,518.68,519.5,475234
2018-01-01 13:15:00+05:30,519.38,519.5,518.68,519.3,123566
2018-01-01 13:45:00+05:30,519.23,519.5,518.33,518.7,170010
2018-01-01 14:15:00+05:30,518.7,519.25,518.3,518.98,255660
2018-01-01 14:45:00+05:30,518.98,519.1,515.85,517.6,1755978
2018-01-01 15:15:00+05:30,517.6,518.08,515.0,516.08,1332922
2018-01-02 09:15:00+05:30,518.63,520.95,515.9,518.0,1140890
2018-01-02 09:45:00+05:30,518.0,518.25,515.85,516.48,582804
2018-01-02 10:15:00+05:30,516.48,517.5,516.05,516.78,347844
2018-01-02 10:45:00+05:30,516.75,517.33,516.38,516.6,228544
2018-01-02 11:15:00+05:30,516.6,516.73,515.25,515.48,294366
2018-01-02 11:45:00+05:30,515.48,516.0,514.28,515.05,313664
2018-01-02 12:15:00+05:30,515.05,516.45,514.88,515.98,207212
2018-01-02 12:45:00+05:30,515.88,515.95,514.15,514.4,270018
2018-01-02 13:15:00+05:30,514.4,515.25,513.7,515.0,462868
2018-01-02 13:45:00+05:30,515.0,515.0,512.0,512.5,499034
2018-01-02 14:15:00+05:30,512.5,514.4,511.5,514.18,422322
2018-01-02 14:45:00+05:30,513.95,515.3,513.18,515.3,488428
2018-01-02 15:15:00+05:30,515.3,515.43,513.9,514.13,844932
2018-01-03 09:15:00+05:30,514.85,515.8,511.15,512.5,928358
2018-01-03 09:45:00+05:30,512.5,514.0,510.78,513.1,630918
2018-01-03 10:15:00+05:30,512.95,513.35,512.25,512.55,186232
2018-01-03 10:45:00+05:30,512.5,513.08,510.08,510.7,454992
2018-01-03 11:15:00+05:30,510.68,512.0,510.53,510.88,291694
2018-01-03 11:45:00+05:30,510.88,511.8,510.75,511.58,323886
2018-01-03 12:15:00+05:30,511.53,512.25,510.53,511.0,342406
2018-01-03 12:45:00+05:30,511.13,511.18,510.43,510.8,284994
2018-01-03 13:15:00+05:30,510.75,511.45,510.55,510.98,665032
2018-01-03 13:45:00+05:30,510.8,511.58,510.1,511.0,465042
2018-01-03 14:15:00+05:30,511.0,511.4,509.3,509.73,588890
2018-01-03 14:45:00+05:30,509.73,510.98,509.38,510.1,773382
2018-01-03 15:15:00+05:30,510.1,511.5,510.1,511.25,901672
2018-01-04 09:15:00+05:30,510.13,510.25,507.63,509.23,774658
2018-01-04 09:45:00+05:30,509.23,510.5,509.23,509.48,299648
2018-01-04 10:15:00+05:30,509.48,510.18,507.0,507.5,498974
2018-01-04 10:45:00+05:30,507.5,507.5,505.78,506.88,202542
2018-01-04 11:15:00+05:30,506.88,508.98,506.83,508.88,173384
2018-01-04 11:45:00+05:30,508.88,508.98,506.98,508.08,212138
2018-01-04 12:15:00+05:30,508.08,508.78,507.0,507.95,222380
2018-01-04 12:45:00+05:30,507.95,507.95,506.43,506.8,652134
2018-01-04 13:15:00+05:30,506.8,507.0,504.9,506.03,1671140
2018-01-04 13:45:00+05:30,506.25,508.0,506.03,507.93,411460
2018-01-04 14:15:00+05:30,507.93,508.0,504.95,505.0,970892
2018-01-04 14:45:00+05:30,505.0,508.25,504.98,507.9,1674064
2018-01-04 15:15:00+05:30,507.9,509.05,507.4,507.5,1175024
2018-01-05 09:15:00+05:30,507.5,510.78,505.15,508.0,1466594
2018-01-05 09:45:00+05:30,508.0,513.03,506.7,511.18,762970
2018-01-05 10:15:00+05:30,511.2,511.7,509.48,510.25,777160
2018-01-05 10:45:00+05:30,510.3,510.38,507.23,507.25,640564
2018-01-05 11:15:00+05:30,507.25,507.5,503.18,503.38,2361658
2018-01-05 11:45:00+05:30,503.4,505.23,503.0,505.05,999826
2018-01-05 12:15:00+05:30,505.1,506.2,504.5,506.05,472216
2018-01-05 12:45:00+05:30,506.05,506.15,505.18,506.0,424566
2018-01-05 13:15:00+05:30,506.0,506.53,505.33,505.8,454122
2018-01-05 13:45:00+05:30,505.8,506.78,505.58,506.0,593822
2018-01-05 14:15:00+05:30,506.0,506.45,505.63,505.9,462512
2018-01-05 14:45:00+05:30,505.9,506.2,505.15,506.03,798076
2018-01-05 15:15:00+05:30,506.03,507.5,505.55,507.48,802628
2018-01-08 09:15:00+05:30,510.78,512.5,510.15,511.3,645848
2018-01-08 09:45:00+05:30,511.48,514.73,511.3,513.3,442678
2018-01-08 10:15:00+05:30,513.4,514.25,512.75,513.5,303576
2018-01-08 10:45:00+05:30,513.5,515.48,513.2,515.0,465630
2018-01-08 11:15:00+05:30,515.0,515.08,513.05,513.83,333410
2018-01-08 11:45:00+05:30,513.83,514.05,512.13,512.25,278826
2018-01-08 12:15:00+05:30,512.3,513.45,512.05,513.05,237738
2018-01-08 12:45:00+05:30,513.03,513.78,513.0,513.35,155180
2018-01-08 13:15:00+05:30,513.35,513.6,512.5,512.88,204482
2018-01-08 13:45:00+05:30,512.88,513.93,512.75,513.05,242866
2018-01-08 14:15:00+05:30,513.23,516.98,512.78,516.15,748718
2018-01-08 14:45:00+05:30,516.15,519.4,516.0,519.0,874118
2018-01-08 15:15:00+05:30,518.98,519.5,516.3,517.78,639014
2018-01-09 09:15:00+05:30,520.3,520.75,514.5,516.28,1710000
2018-01-09 09:45:00+05:30,516.25,517.75,515.83,516.48,1698170
2018-01-09 10:15:00+05:30,516.43,517.5,516.0,516.38,787252
2018-01-09 10:45:00+05:30,516.38,517.85,515.03,515.88,704058
2018-01-09 11:15:00+05:30,515.85,517.45,515.33,517.28,617382
2018-01-09 11:45:00+05:30,517.3,518.85,516.65,517.5,313670
2018-01-09 12:15:00+05:30,517.5,518.05,515.25,517.85,396460
2018-01-09 12:45:00+05:30,517.85,522.28,517.7,520.0,1008954
2018-01-09 13:15:00+05:30,520.0,520.25,518.33,519.55,255716
2018-01-09 13:45:00+05:30,519.58,520.0,518.63,518.85,300864
2018-01-09 14:15:00+05:30,518.85,519.4,517.75,518.45,457554
2018-01-09 14:45:00+05:30,518.45,521.78,518.45,520.78,947886
2018-01-09 15:15:00+05:30,520.75,521.0,519.0,519.95,736772
2018-01-10 09:15:00+05:30,523.4,525.0,519.45,520.6,1574434
2018-01-10 09:45:00+05:30,520.63,520.85,517.1,518.98,551470
2018-01-10 10:15:00+05:30,518.98,519.28,517.93,517.95,325678
2018-01-10 10:45:00+05:30,517.95,518.6,517.5,518.38,479266
2018-01-10 11:15:00+05:30,518.38,518.98,517.5,517.65,229544
2018-01-10 11:45:00+05:30,517.65,518.75,517.0,518.4,588136
2018-01-10 12:15:00+05:30,518.43,518.75,517.83,518.65,245336
2018-01-10 12:45:00+05:30,518.65,521.45,518.0,521.4,544478
2018-01-10 13:15:00+05:30,521.45,521.45,519.05,520.8,330988
2018-01-10 13:45:00+05:30,520.83,525.85,520.8,523.0,1785680
2018-01-10 14:15:00+05:30,523.13,524.5,521.65,522.33,595126
2018-01-10 14:45:00+05:30,522.33,527.13,520.25,526.68,1266420
2018-01-10 15:15:00+05:30,526.83,528.0,525.7,526.5,917262
2018-01-11 09:15:00+05:30,528.0,533.7,528.0,530.98,2125674
2018-01-11 09:45:00+05:30,530.98,531.3,530.0,530.45,444732
2018-01-11 10:15:00+05:30,530.45,530.48,528.53,529.38,1219108
2018-01-11 10:45:00+05:30,529.38,530.2,529.3,529.85,898204
2018-01-11 11:15:00+05:30,529.83,532.0,529.53,531.13,972476
2018-01-11 11:45:00+05:30,531.25,532.95,530.95,532.38,1180136
2018-01-11 12:15:00+05:30,532.4,538.75,532.35,538.68,1621306
2018-01-11 12:45:00+05:30,538.4,539.23,536.13,538.3,1005500
2018-01-11 13:15:00+05:30,538.25,539.9,536.73,537.63,1031022
2018-01-11 13:45:00+05:30,537.6,538.5,536.55,538.38,1189552
2018-01-11 14:15:00+05:30,538.33,541.43,537.13,539.8,1584678
2018-01-11 14:45:00+05:30,539.83,539.85,535.75,538.25,2230816
2018-01-11 15:15:00+05:30,538.08,538.7,536.65,538.25,1259152
2018-01-12 09:15:00+05:30,542.9,542.9,535.5,538.25,1769094
2018-01-12 09:45:00+05:30,538.25,538.5,536.5,537.53,551974
2018-01-12 10:15:00+05:30,537.53,538.5,536.88,537.65,511842
2018-01-12 10:45:00+05:30,537.65,538.0,537.0,537.5,509148
2018-01-12 11:15:00+05:30,537.55,537.78,537.03,537.48,496226
2018-01-12 11:45:00+05:30,537.5,537.93,537.2,537.7,486802
2018-01-12 12:15:00+05:30,537.7,538.28,535.45,535.83,1132284
2018-01-12 12:45:00+05:30,535.85,537.7,535.8,537.2,694140
2018-01-12 13:15:00+05:30,537.2,540.9,536.05,538.45,1519348
2018-01-12 13:45:00+05:30,538.55,540.68,536.6,537.5,977850
2018-01-12 14:15:00+05:30,537.5,538.98,537.0,538.98,657748
2018-01-12 14:45:00+05:30,538.98,540.28,537.78,539.25,4392442
2018-01-12 15:15:00+05:30,539.2,540.55,538.03,539.33,4145966
2018-01-15 09:15:00+05:30,539.78,546.23,532.8,538.4,3251056
2018-01-15 09:45:00+05:30,538.55,540.38,537.6,540.0,641670
2018-01-15 10:15:00+05:30,540.03,541.78,539.55,541.2,574404
2018-01-15 10:45:00+05:30,541.23,542.5,540.93,541.8,508080
2018-01-15 11:15:00+05:30,541.75,541.98,539.15,540.5,587182
2018-01-15 11:45:00+05:30,540.7,542.45,540.13,541.05,823228
2018-01-15 12:15:00+05:30,541.05,541.85,540.5,541.85,314448
2018-01-15 12:45:00+05:30,541.88,542.15,540.58,541.03,431348
2018-01-15 13:15:00+05:30,541.03,541.48,540.0,540.58,567722
2018-01-15 13:45:00+05:30,540.58,541.0,539.68,540.08,496104
2018-01-15 14:15:00+05:30,540.08,541.0,538.25,540.68,616770
2018-01-15 14:45:00+05:30,540.68,541.0,539.83,540.7,859432
2018-01-15 15:15:00+05:30,540.73,541.25,539.88,540.5,882738
2018-01-16 09:15:00+05:30,540.63,551.25,540.63,547.9,2641974
2018-01-16 09:45:00+05:30,548.35,551.58,547.68,549.88,1097650
2018-01-16 10:15:00+05:30,549.88,554.0,549.0,552.38,1646560
2018-01-16 10:45:00+05:30,552.5,553.25,550.0,552.05,1070094
2018-01-16 11:15:00+05:30,552.05,558.5,551.55,558.25,2198554
2018-01-16 11:45:00+05:30,558.25,564.43,558.23,562.0,3370994
2018-01-16 12:15:00+05:30,562.0,563.35,560.33,562.75,1239954
2018-01-16 12:45:00+05:30,562.75,564.85,562.0,564.0,1331572
2018-01-16 13:15:00+05:30,564.0,565.6,563.4,564.93,1706802
2018-01-16 13:45:00+05:30,564.93,565.9,563.65,564.9,1271142
2018-01-16 14:15:00+05:30,564.83,567.2,563.65,563.9,1635776
2018-01-16 14:45:00+05:30,563.93,565.05,560.35,561.5,2223784
2018-01-16 15:15:00+05:30,561.48,563.6,560.53,562.5,1186402
2018-01-17 09:15:00+05:30,562.43,578.0,561.68,573.98,7200526
2018-01-17 09:45:00+05:30,573.98,580.83,572.08,576.88,4122354
2018-01-17 10:15:00+05:30,576.85,578.9,574.28,575.95,1917662
2018-01-17 10:45:00+05:30,575.95,577.0,575.55,576.75,942080
2018-01-17 11:15:00+05:30,576.48,576.6,574.83,575.85,1216462
2018-01-17 11:45:00+05:30,575.75,575.83,573.33,574.23,1200770
2018-01-17 12:15:00+05:30,574.25,577.9,574.23,576.38,1144060
2018-01-17 12:45:00+05:30,576.33,577.75,576.0,577.65,1150714
2018-01-17 13:15:00+05:30,577.65,579.2,576.3,576.93,1154880
2018-01-17 13:45:00+05:30,576.93,577.7,574.25,574.68,1313706
2018-01-17 14:15:00+05:30,574.65,576.33,573.65,574.65,1087314
2018-01-17 14:45:00+05:30,574.65,577.4,574.4,576.35,2310536
2018-01-17 15:15:00+05:30,576.33,576.73,574.0,574.0,1372672
2018-01-18 09:15:00+05:30,573.55,575.98,568.05,572.08,1329554
2018-01-18 09:45:00+05:30,572.1,572.48,570.5,571.05,411888
2018-01-18 10:15:00+05:30,571.05,571.23,567.25,567.6,1012764
2018-01-18 10:45:00+05:30,567.6,569.63,566.05,568.48,894658
2018-01-18 11:15:00+05:30,568.48,573.23,568.15,573.08,763510
2018-01-18 11:45:00+05:30,572.95,572.98,570.4,570.73,549222
2018-01-18 12:15:00+05:30,570.45,572.88,570.4,572.5,572414
2018-01-18 12:45:00+05:30,572.5,575.7,572.48,574.28,1126180
2018-01-18 13:15:00+05:30,574.28,576.5,573.8,574.7,693646
2018-01-18 13:45:00+05:30,574.7,575.7,573.65,575.0,704802
2018-01-18 14:15:00+05:30,575.0,582.45,574.8,580.45,1617214
2018-01-18 14:45:00+05:30,580.48,580.78,574.4,575.1,2147500
2018-01-18 15:15:00+05:30,575.38,577.13,573.78,575.25,1362048
2018-01-19 09:15:00+05:30,572.4,572.78,568.5,569.78,789974
2018-01-19 09:45:00+05:30,569.8,570.6,569.0,570.0,373504
2018-01-19 10:15:00+05:30,569.98,570.08,568.0,569.4,541896
2018-01-19 10:45:00+05:30,569.4,571.43,569.38,570.53,387036
2018-01-19 11:15:00+05:30,570.55,572.45,570.4,572.3,308266
2018-01-19 11:45:00+05:30,572.3,573.68,570.8,572.25,458678
2018-01-19 12:15:00+05:30,572.18,573.93,571.08,572.5,377186
2018-01-19 12:45:00+05:30,572.5,573.5,571.1,571.13,310596
2018-01-19 13:15:00+05:30,571.05,571.35,570.15,570.63,290388
2018-01-19 13:45:00+05:30,570.65,571.5,570.0,570.0,426032
2018-01-19 14:15:00+05:30,570.0,571.5,570.0,571.43,443390
2018-01-19 14:45:00+05:30,571.43,571.5,570.25,571.33,602922
2018-01-19 15:15:00+05:30,571.35,573.4,571.05,572.18,663194
2018-01-22 09:15:00+05:30,566.08,572.45,566.08,570.25,702066
2018-01-22 09:45:00+05:30,570.25,570.38,568.55,570.13,189106
2018-01-22 10:15:00+05:30,570.13,570.98,567.8,568.6,197750
2018-01-22 10:45:00+05:30,568.6,571.05,568.5,570.6,227904
2018-01-22 11:15:00+05:30,570.63,575.0,570.08,572.18,510718
2018-01-22 11:45:00+05:30,572.38,573.08,570.55,571.35,397242
2018-01-22 12:15:00+05:30,571.35,571.5,570.0,570.7,1333004
2018-01-22 12:45:00+05:30,570.68,570.9,568.03,569.25,263242
2018-01-22 13:15:00+05:30,569.15,570.4,568.5,569.63,249072
2018-01-22 13:45:00+05:30,569.6,572.5,569.28,571.25,680762
2018-01-22 14:15:00+05:30,571.28,574.3,570.63,573.75,1638158
2018-01-22 14:45:00+05:30,573.53,575.05,570.68,574.5,1931166
2018-01-22 15:15:00+05:30,574.45,578.45,574.03,574.05,1318338
2018-01-23 09:15:00+05:30,578.53,587.48,578.43,584.53,2333412
2018-01-23 09:45:00+05:30,584.5,588.43,583.65,585.88,1292694
2018-01-23 10:15:00+05:30,585.93,592.48,585.4,591.83,1896564
2018-01-23 10:45:00+05:30,591.88,592.7,588.43,588.65,1441312
2018-01-23 11:15:00+05:30,588.78,589.0,586.35,587.2,718260
2018-01-23 11:45:00+05:30,587.25,588.93,586.6,588.68,846688
2018-01-23 12:15:00+05:30,588.75,590.8,587.75,589.65,1679076
2018-01-23 12:45:00+05:30,589.73,594.0,589.58,591.6,1092110
2018-01-23 13:15:00+05:30,591.6,592.5,587.15,588.6,663778
2018-01-23 13:45:00+05:30,588.5,591.05,588.5,589.18,579176
2018-01-23 14:15:00+05:30,589.13,589.9,587.5,589.4,673916
2018-01-23 14:45:00+05:30,589.13,589.95,587.25,589.2,1240380
2018-01-23 15:15:00+05:30,589.23,589.48,587.03,587.98,929592
2018-01-24 09:15:00+05:30,587.4,592.78,583.85,592.18,2708118
2018-01-24 09:45:00+05:30,592.05,601.9,590.65,601.75,3977174
2018-01-24 10:15:00+05:30,601.75,610.45,600.6,608.4,3847708
2018-01-24 10:45:00+05:30,608.5,608.9,602.65,603.33,1223106
2018-01-24 11:15:00+05:30,603.18,603.5,600.15,601.03,1546018
2018-01-24 11:45:00+05:30,601.25,601.63,595.25,597.8,958794
2018-01-24 12:15:00+05:30,597.8,598.9,595.25,596.85,988010
2018-01-24 12:45:00+05:30,596.8,597.45,595.0,597.33,732164
2018-01-24 13:15:00+05:30,597.33,599.13,597.3,598.33,695354
2018-01-24 13:45:00+05:30,598.35,599.18,594.68,594.85,604538
2018-01-24 14:15:00+05:30,594.85,595.75,590.8,591.03,968808
2018-01-24 14:45:00+05:30,591.0,594.6,591.0,593.65,1325816
2018-01-24 15:15:00+05:30,593.73,593.95,590.63,590.63,1012250
2018-01-25 09:15:00+05:30,590.93,590.93,581.15,583.98,1077700
2018-01-25 09:45:00+05:30,583.95,585.98,583.0,584.15,594606
2018-01-25 10:15:00+05:30,584.15,585.78,583.53,585.08,395198
2018-01-25 10:45:00+05:30,585.08,587.25,583.88,585.68,495690
2018-01-25 11:15:00+05:30,585.68,586.7,584.83,585.95,305862
2018-01-25 11:45:00+05:30,585.95,585.95,583.63,585.0,670816
2018-01-25 12:15:00+05:30,585.0,586.5,584.3,585.0,720164
2018-01-25 12:45:00+05:30,585.0,585.68,584.45,585.4,720630
2018-01-25 13:15:00+05:30,585.4,587.38,584.95,585.78,660628
2018-01-25 13:45:00+05:30,585.75,586.33,584.13,585.03,1179516
2018-01-25 14:15:00+05:30,585.08,585.1,581.5,582.68,1132754
2018-01-25 14:45:00+05:30,582.68,591.2,581.7,590.95,3260172
2018-01-25 15:15:00+05:30,590.93,591.58,586.2,586.85,2315808
2018-01-29 09:15:00+05:30,583.38,589.0,582.8,588.6,1392122
2018-01-29 09:45:00+05:30,588.58,593.85,588.1,592.6,1044930
2018-01-29 10:15:00+05:30,592.55,596.5,591.6,595.78,930050
2018-01-29 10:45:00+05:30,595.8,596.5,592.5,595.98,867804
2018-01-29 11:15:00+05:30,596.0,598.13,593.88,594.93,786692
2018-01-29 11:45:00+05:30,594.95,596.0,593.6,594.33,337122
2018-01-29 12:15:00+05:30,594.5,594.68,593.18,593.75,365420
2018-01-29 12:45:00+05:30,593.75,594.5,592.5,593.75,379382
2018-01-29 13:15:00+05:30,593.75,596.33,593.15,595.75,602688
2018-01-29 13:45:00+05:30,595.65,596.75,593.6,594.5,1367704
2018-01-29 14:15:00+05:30,594.48,594.5,590.73,591.85,594474
2018-01-29 14:45:00+05:30,591.85,594.0,588.7,591.55,1374628
2018-01-29 15:15:00+05:30,591.63,592.95,590.0,590.28,760552
2018-01-30 09:15:00+05:30,589.5,591.55,585.45,586.93,637402
2018-01-30 09:45:00+05:30,586.9,588.5,584.43,587.5,564492
2018-01-30 10:15:00+05:30,587.5,588.18,583.55,584.25,382800
2018-01-30 10:45:00+05:30,584.25,586.0,584.05,585.5,225646
2018-01-30 11:15:00+05:30,585.5,586.0,584.03,584.2,334102
2018-01-30 11:45:00+05:30,584.2,584.3,581.5,582.4,527548
2018-01-30 12:15:00+05:30,582.4,583.13,582.18,582.5,769604
2018-01-30 12:45:00+05:30,582.5,585.3,582.2,584.9,639146
2018-01-30 13:15:00+05:30,584.78,585.6,583.25,585.05,476598
2018-01-30 13:45:00+05:30,585.08,585.1,582.93,583.23,1154644
2018-01-30 14:15:00+05:30,583.08,584.3,582.0,582.38,602468
2018-01-30 14:45:00+05:30,582.25,584.58,581.65,584.58,891482
2018-01-30 15:15:00+05:30,584.75,587.68,583.95,584.0,1412634
2018-01-31 09:15:00+05:30,579.53,582.7,578.78,580.48,753366
2018-01-31 09:45:00+05:30,580.48,582.03,580.05,582.03,301924
2018-01-31 10:15:00+05:30,582.03,582.05,580.7,581.83,190902
2018-01-31 10:45:00+05:30,581.83,582.48,580.58,580.68,212798
2018-01-31 11:15:00+05:30,580.68,581.13,579.48,580.38,476446
2018-01-31 11:45:00+05:30,580.4,580.63,579.83,580.15,388676
2018-01-31 12:15:00+05:30,580.18,580.18,578.55,578.75,420592
2018-01-31 12:45:00+05:30,578.78,578.85,576.03,576.53,515370
2018-01-31 13:15:00+05:30,576.55,576.95,574.73,575.98,744850
2018-01-31 13:45:00+05:30,575.93,577.5,575.28,577.5,751526
2018-01-31 14:15:00+05:30,577.4,577.5,571.08,574.63,797176
2018-01-31 14:45:00+05:30,574.63,577.5,573.4,574.53,2164592
2018-01-31 15:15:00+05:30,574.4,577.03,573.5,573.73,1483908
2018-02-01 09:15:00+05:30,571.65,573.43,565.9,570.98,1639624
2018-02-01 09:45:00+05:30,570.98,575.0,570.0,572.83,972116
2018-02-01 10:15:00+05:30,572.83,575.5,571.88,574.33,378056
2018-02-01 10:45:00+05:30,574.3,574.78,571.35,572.5,345970
2018-02-01 11:15:00+05:30,572.58,574.5,569.98,570.15,562534
2018-02-01 11:45:00+05:30,570.15,570.5,564.45,564.98,674664
2018-02-01 12:15:00+05:30,564.98,570.0,559.93,562.2,1193726
2018-02-01 12:45:00+05:30,562.25,570.08,560.65,569.78,1492692
2018-02-01 13:15:00+05:30,569.78,575.13,566.33,571.28,2272432
2018-02-01 13:45:00+05:30,571.28,578.85,570.65,574.75,934238
2018-02-01 14:15:00+05:30,574.75,577.4,571.85,576.55,747524
2018-02-01 14:45:00+05:30,576.55,576.65,570.5,572.93,1167930
2018-02-01 15:15:00+05:30,573.4,573.6,570.35,571.63,613114
2018-02-02 09:15:00+05:30,568.55,581.38,566.55,580.73,1337838
2018-02-02 09:45:00+05:30,580.5,580.7,577.93,578.2,477664
2018-02-02 10:15:00+05:30,578.23,579.0,572.55,574.48,795460
2018-02-02 10:45:00+05:30,574.48,575.0,568.1,568.55,811714
2018-02-02 11:15:00+05:30,568.58,569.5,565.05,569.5,565218
2018-02-02 11:45:00+05:30,569.5,572.8,568.0,569.78,518844
2018-02-02 12:15:00+05:30,569.78,573.95,569.58,572.0,353078
2018-02-02 12:45:00+05:30,572.0,572.95,570.08,571.68,404720
2018-02-02 13:15:00+05:30,571.28,572.13,571.25,572.0,574150
2018-02-02 13:45:00+05:30,571.65,572.73,568.33,569.63,495206
2018-02-02 14:15:00+05:30,569.48,570.55,568.9,570.0,1372192
2018-02-02 14:45:00+05:30,570.0,572.95,567.1,572.73,1377102
2018-02-02 15:15:00+05:30,572.55,573.23,571.55,572.5,1155126
2018-02-05 09:15:00+05:30,568.73,577.33,568.03,574.65,1518942
2018-02-05 09:45:00+05:30,574.3,575.25,571.28,573.7,1789766
2018-02-05 10:15:00+05:30,573.7,574.05,569.3,571.23,729542
2018-02-05 10:45:00+05:30,571.15,571.5,569.53,570.0,444948
2018-02-05 11:15:00+05:30,570.0,571.03,568.5,569.65,467284
2018-02-05 11:45:00+05:30,569.9,571.0,569.0,569.63,1055976
2018-02-05 12:15:00+05:30,569.63,572.75,568.95,572.5,462594
2018-02-05 12:45:00+05:30,572.25,573.45,570.38,570.5,601492
2018-02-05 13:15:00+05:30,570.4,571.33,569.5,569.98,228242
2018-02-05 13:45:00+05:30,569.9,570.8,568.55,569.38,409752
2018-02-05 14:15:00+05:30,569.15,570.48,568.65,570.05,531654
2018-02-05 14:45:00+05:30,570.05,570.15,568.5,569.5,867360
2018-02-05 15:15:00+05:30,569.5,570.25,568.55,569.95,733434
2018-02-06 09:15:00+05:30,548.0,564.0,548.0,559.1,1479892
2018-02-06 09:45:00+05:30,559.58,560.25,554.18,554.48,977954
2018-02-06 10:15:00+05:30,554.5,559.23,553.23,556.0,1700596
2018-02-06 10:45:00+05:30,556.0,558.85,555.68,558.38,416790
2018-02-06 11:15:00+05:30,558.58,559.5,555.53,556.03,409894
2018-02-06 11:45:00+05:30,556.03,557.35,555.5,555.73,317754
2018-02-06 12:15:00+05:30,555.73,558.2,555.0,556.38,721488
2018-02-06 12:45:00+05:30,556.38,558.35,556.25,557.13,350758
2018-02-06 13:15:00+05:30,557.15,557.83,555.0,557.68,503372
2018-02-06 13:45:00+05:30,557.65,563.48,556.78,559.83,1028374
2018-02-06 14:15:00+05:30,559.85,561.4,555.55,556.93,917934
2018-02-06 14:45:00+05:30,557.25,557.25,552.05,552.05,969834
2018-02-06 15:15:00+05:30,552.08,557.2,551.0,555.7,740016
2018-02-07 09:15:00+05:30,558.65,561.23,553.25,554.63,1002718
2018-02-07 09:45:00+05:30,554.68,555.65,551.78,555.18,603658
2018-02-07 10:15:00+05:30,555.23,556.73,554.13,555.03,548890
2018-02-07 10:45:00+05:30,555.03,558.4,554.73,557.73,528528
2018-02-07 11:15:00+05:30,557.58,560.0,557.13,558.93,598832
2018-02-07 11:45:00+05:30,558.95,560.43,558.13,559.85,573750
2018-02-07 12:15:00+05:30,559.85,562.3,558.65,559.83,507418
2018-02-07 12:45:00+05:30,560.05,560.5,558.5,559.85,330580
2018-02-07 13:15:00+05:30,559.83,560.03,555.0,555.13,822736
2018-02-07 13:45:00+05:30,555.18,559.5,555.1,558.95,635018
2018-02-07 14:15:00+05:30,558.95,558.95,556.15,556.93,602954
2018-02-07 14:45:00+05:30,556.93,558.2,554.1,554.5,921742
2018-02-07 15:15:00+05:30,554.53,554.9,552.55,554.0,656850
2018-02-08 09:15:00+05:30,560.38,569.8,558.3,568.63,1176700
2018-02-08 09:45:00+05:30,568.63,573.2,567.5,571.4,999362
2018-02-08 10:15:00+05:30,571.4,572.5,570.05,571.95,815240
2018-02-08 10:45:00+05:30,571.95,571.95,570.38,570.78,692004
2018-02-08 11:15:00+05:30,570.78,570.8,570.25,570.53,513198
2018-02-08 11:45:00+05:30,570.53,572.45,570.1,571.83,498914
2018-02-08 12:15:00+05:30,571.83,571.88,571.08,571.15,408622
2018-02-08 12:45:00+05:30,571.13,571.63,569.18,570.3,361326
2018-02-08 13:15:00+05:30,570.3,572.25,569.28,571.68,435342
2018-02-08 13:45:00+05:30,571.65,572.0,570.35,571.0,669410
2018-02-08 14:15:00+05:30,571.03,571.03,566.6,567.18,833518
2018-02-08 14:45:00+05:30,567.38,568.0,566.5,567.68,789990
2018-02-08 15:15:00+05:30,567.7,568.58,565.55,566.08,598984
2018-02-09 09:15:00+05:30,558.9,560.05,554.15,555.0,738620
2018-02-09 09:45:00+05:30,555.1,557.4,554.5,556.7,310008
2018-02-09 10:15:00+05:30,556.7,557.93,555.95,556.68,185154
2018-02-09 10:45:00+05:30,556.68,557.75,556.08,557.48,222364
2018-02-09 11:15:00+05:30,557.48,558.83,556.25,556.38,282642
2018-02-09 11:45:00+05:30,556.38,558.45,556.33,557.2,225392
2018-02-09 12:15:00+05:30,557.28,558.08,556.5,557.55,161398
2018-02-09 12:45:00+05:30,557.85,558.9,556.5,557.15,183914
2018-02-09 13:15:00+05:30,557.45,557.75,555.53,556.03,224910
2018-02-09 13:45:00+05:30,556.03,557.25,555.63,556.45,323488
2018-02-09 14:15:00+05:30,556.75,557.25,555.0,555.0,364558
2018-02-09 14:45:00+05:30,555.15,555.48,553.0,555.03,598944
2018-02-09 15:15:00+05:30,555.03,556.5,553.83,556.0,552662
2018-02-12 09:15:00+05:30,557.33,560.13,556.35,557.4,598590
2018-02-12 09:45:00+05:30,557.58,557.88,555.2,556.4,219830
2018-02-12 10:15:00+05:30,556.4,557.58,555.8,556.55,173124
2018-02-12 10:45:00+05:30,556.48,558.28,554.5,554.73,406034
2018-02-12 11:15:00+05:30,554.75,554.8,552.0,552.0,411192
2018-02-12 11:45:00+05:30,552.0,552.5,551.0,551.4,364232
2018-02-12 12:15:00+05:30,551.38,553.68,551.3,553.28,908542
2018-02-12 12:45:00+05:30,553.25,553.25,552.53,552.7,182522
2018-02-12 13:15:00+05:30,552.7,553.0,551.0,552.5,343484
2018-02-12 13:45:00+05:30,552.5,552.5,551.6,552.0,249880
2018-02-12 14:15:00+05:30,552.0,554.3,552.0,553.5,607352
2018-02-12 14:45:00+05:30,553.5,554.7,551.0,551.03,1074836
2018-02-12 15:15:00+05:30,551.0,551.03,549.0,550.5,739366
2018-02-14 09:15:00+05:30,554.13,558.58,554.0,557.03,961328
2018-02-14 09:45:00+05:30,557.03,557.23,555.73,556.85,694118
2018-02-14 10:15:00+05:30,556.98,557.05,555.95,556.53,214576
2018-02-14 10:45:00+05:30,556.53,557.43,555.73,557.33,675740
2018-02-14 11:15:00+05:30,557.33,557.35,554.4,555.0,1052374
2018-02-14 11:45:00+05:30,555.0,555.43,554.03,554.98,327948
2018-02-14 12:15:00+05:30,554.98,555.13,552.13,553.25,452004
2018-02-14 12:45:00+05:30,553.25,554.0,552.0,553.98,299616
2018-02-14 13:15:00+05:30,553.98,554.0,551.3,551.48,407956
2018-02-14 13:45:00+05:30,551.5,552.15,550.1,550.75,626736
2018-02-14 14:15:00+05:30,550.75,552.0,550.1,550.45,774190
2018-02-14 14:45:00+05:30,550.45,551.3,548.75,548.78,1076188
2018-02-14 15:15:00+05:30,548.85,550.23,545.1,545.5,769832
2018-02-15 09:15:00+05:30,551.7,556.53,551.5,553.85,652482
2018-02-15 09:45:00+05:30,553.88,558.45,553.88,557.83,547182
2018-02-15 10:15:00+05:30,557.78,564.85,557.7,562.7,1123074
2018-02-15 10:45:00+05:30,562.73,563.95,561.95,562.18,873292
2018-02-15 11:15:00+05:30,562.2,562.38,559.78,560.1,422020
2018-02-15 11:45:00+05:30,560.08,561.45,559.5,561.25,340982
2018-02-15 12:15:00+05:30,561.3,561.38,560.05,561.15,322922
2018-02-15 12:45:00+05:30,561.15,564.85,561.05,561.65,713766
2018-02-15 13:15:00+05:30,561.85,562.73,559.0,560.35,398780
2018-02-15 13:45:00+05:30,560.35,560.35,558.6,558.88,478506
2018-02-15 14:15:00+05:30,559.0,559.0,557.75,558.53,611972
2018-02-15 14:45:00+05:30,558.55,558.55,556.53,556.78,801686
2018-02-15 15:15:00+05:30,556.98,558.48,556.55,556.75,689410
2018-02-16 09:15:00+05:30,562.0,570.8,561.4,567.13,1965972
2018-02-16 09:45:00+05:30,567.2,568.43,565.5,567.55,507528
2018-02-16 10:15:00+05:30,567.58,569.0,565.75,566.43,623624
2018-02-16 10:45:00+05:30,566.43,566.95,564.75,564.98,655542
2018-02-16 11:15:00+05:30,564.98,565.0,560.65,562.63,744664
2018-02-16 11:45:00+05:30,562.63,562.83,560.0,562.63,664710
2018-02-16 12:15:00+05:30,562.53,564.3,561.6,561.93,672656
2018-02-16 12:45:00+05:30,561.93,563.15,561.53,561.53,393500
2018-02-16 13:15:00+05:30,561.53,563.45,560.08,560.9,547016
2018-02-16 13:45:00+05:30,560.88,562.5,559.2,561.93,799448
2018-02-16 14:15:00+05:30,562.28,563.43,560.15,561.45,767406
2018-02-16 14:45:00+05:30,561.4,564.93,561.25,564.53,949104
2018-02-16 15:15:00+05:30,564.68,564.7,562.05,563.0,587842
2018-02-19 09:15:00+05:30,564.2,564.48,560.15,562.13,622908
2018-02-19 09:45:00+05:30,562.13,567.55,562.13,567.05,852568
2018-02-19 10:15:00+05:30,567.15,567.15,564.13,565.03,507876
2018-02-19 10:45:00+05:30,565.1,565.33,563.58,564.35,376690
2018-02-19 11:15:00+05:30,564.45,565.93,563.88,565.7,289562
2018-02-19 11:45:00+05:30,565.7,566.98,565.3,566.85,261246
2018-02-19 12:15:00+05:30,566.85,567.58,565.58,565.58,496646
2018-02-19 12:45:00+05:30,565.68,565.68,561.1,564.0,630362
2018-02-19 13:15:00+05:30,563.93,564.8,561.85,562.0,413140
2018-02-19 13:45:00+05:30,562.0,563.28,560.78,562.65,403344
2018-02-19 14:15:00+05:30,562.65,564.0,561.0,564.0,396594
2018-02-19 14:45:00+05:30,563.98,566.28,563.48,565.6,768308
2018-02-19 15:15:00+05:30,565.6,567.98,565.28,567.1,436796
2018-02-20 09:15:00+05:30,559.48,571.38,559.48,569.75,1219682
2018-02-20 09:45:00+05:30,569.73,570.5,568.23,569.18,287434
2018-02-20 10:15:00+05:30,569.18,572.48,568.25,571.78,867642
2018-02-20 10:45:00+05:30,572.03,573.9,571.8,573.13,617244
2018-02-20 11:15:00+05:30,573.2,573.48,572.2,572.25,326724
2018-02-20 11:45:00+05:30,572.25,572.25,571.0,571.23,338590
2018-02-20 12:15:00+05:30,571.23,574.65,571.03,573.48,392004
2018-02-20 12:45:00+05:30,573.48,574.0,571.5,572.08,226294
2018-02-20 13:15:00+05:30,572.08,573.5,571.75,572.73,244772
2018-02-20 13:45:00+05:30,572.73,574.18,572.3,573.43,760730
2018-02-20 14:15:00+05:30,573.45,573.5,571.6,571.8,296624
2018-02-20 14:45:00+05:30,571.8,572.23,568.03,568.53,1129962
2018-02-20 15:15:00+05:30,568.33,568.98,567.0,567.95,453164
2018-02-21 09:15:00+05:30,573.35,574.6,570.0,573.13,749232
2018-02-21 09:45:00+05:30,573.13,574.0,571.1,573.53,1263950
2018-02-21 10:15:00+05:30,573.6,574.98,572.5,573.63,1262762
2018-02-21 10:45:00+05:30,573.6,574.98,573.1,573.85,483678
2018-02-21 11:15:00+05:30,573.85,574.7,573.38,574.1,652012
2018-02-21 11:45:00+05:30,574.0,575.0,573.88,573.95,508652
2018-02-21 12:15:00+05:30,573.95,574.0,571.73,572.2,761882
2018-02-21 12:45:00+05:30,572.2,573.25,571.5,573.23,1453228
2018-02-21 13:15:00+05:30,573.25,574.0,571.88,573.3,946758
2018-02-21 13:45:00+05:30,573.43,574.5,572.6,573.6,569138
2018-02-21 14:15:00+05:30,573.63,574.28,572.78,574.08,709582
2018-02-21 14:45:00+05:30,574.1,575.0,573.05,573.98,2112728
2018-02-21 15:15:00+05:30,573.98,575.95,571.28,572.53,2282840
2018-02-22 09:15:00+05:30,572.53,577.83,570.53,577.33,2125530
2018-02-22 09:45:00+05:30,577.28,578.5,576.28,578.15,1001274
2018-02-22 10:15:00+05:30,578.15,578.2,577.0,577.7,762180
2018-02-22 10:45:00+05:30,577.7,577.95,576.53,576.53,590792
2018-02-22 11:15:00+05:30,576.53,577.5,576.5,577.3,396406
2018-02-22 11:45:00+05:30,577.33,577.75,576.9,577.6,404596
2018-02-22 12:15:00+05:30,577.6,577.65,577.0,577.38,370284
2018-02-22 12:45:00+05:30,577.38,577.75,577.03,577.58,387760
2018-02-22 13:15:00+05:30,577.58,579.0,577.23,577.38,870666
2018-02-22 13:45:00+05:30,577.45,579.25,576.78,577.03,845070
2018-02-22 14:15:00+05:30,577.03,577.58,575.63,576.3,1016900
2018-02-22 14:45:00+05:30,576.55,581.95,576.3,580.98,4967086
2018-02-22 15:15:00+05:30,581.13,581.98,578.15,579.5,4110450
2018-02-23 09:15:00+05:30,580.35,583.0,579.58,581.25,1682716
2018-02-23 09:45:00+05:30,581.25,581.25,578.0,579.28,823590
2018-02-23 10:15:00+05:30,579.3,580.48,578.28,579.78,529414
2018-02-23 10:45:00+05:30,579.83,580.63,574.85,576.08,774568
2018-02-23 11:15:00+05:30,576.08,578.68,573.38,578.25,781060
2018-02-23 11:45:00+05:30,578.25,580.35,577.9,578.4,673070
2018-02-23 12:15:00+05:30,578.4,582.1,578.15,580.18,616918
2018-02-23 12:45:00+05:30,580.18,580.18,577.6,578.15,423232
2018-02-23 13:15:00+05:30,578.15,580.3,578.08,579.0,444868
2018-02-23 13:45:00+05:30,579.0,579.2,577.83,578.0,1090734
2018-02-23 14:15:00+05:30,578.0,579.65,577.58,579.35,371036
2018-02-23 14:45:00+05:30,579.35,579.95,577.05,577.63,730988
2018-02-23 15:15:00+05:30,577.65,579.33,576.28,577.2,510574
2018-02-26 09:15:00+05:30,576.43,577.53,573.75,575.1,560248
2018-02-26 09:45:00+05:30,575.13,575.13,572.1,574.3,420348
2018-02-26 10:15:00+05:30,574.3,574.3,570.0,570.25,494958
2018-02-26 10:45:00+05:30,570.23,573.98,569.55,572.83,429894
2018-02-26 11:15:00+05:30,572.83,572.83,571.55,571.75,185906
2018-02-26 11:45:00+05:30,571.75,572.5,571.2,572.3,205934
2018-02-26 12:15:00+05:30,572.3,574.38,569.8,571.6,337746
2018-02-26 12:45:00+05:30,571.6,571.88,570.93,571.08,165410
2018-02-26 13:15:00+05:30,571.08,571.25,570.0,570.73,337226
2018-02-26 13:45:00+05:30,570.73,571.75,570.15,570.15,309324
2018-02-26 14:15:00+05:30,570.15,570.18,567.18,569.33,637114
2018-02-26 14:45:00+05:30,569.33,570.83,568.58,569.48,571082
2018-02-26 15:15:00+05:30,569.48,570.38,568.75,569.98,420728
2018-02-27 09:15:00+05:30,571.0,571.45,566.03,567.95,689054
2018-02-27 09:45:00+05:30,567.95,568.05,565.63,565.68,451740
2018-02-27 10:15:00+05:30,565.63,567.5,562.93,567.5,633330
2018-02-27 10:45:00+05:30,567.5,567.9,566.63,567.55,1068618
2018-02-27 11:15:00+05:30,567.55,568.0,566.63,567.0,269262
2018-02-27 11:45:00+05:30,567.15,567.73,567.1,567.58,214646
2018-02-27 12:15:00+05:30,567.6,567.85,567.2,567.68,327272
2018-02-27 12:45:00+05:30,567.65,567.85,567.53,567.85,283358
2018-02-27 13:15:00+05:30,567.85,571.2,567.6,570.73,491528
2018-02-27 13:45:00+05:30,570.73,573.88,570.05,573.25,504768
2018-02-27 14:15:00+05:30,573.25,573.68,571.48,573.23,442916
2018-02-27 14:45:00+05:30,573.23,576.83,573.23,574.83,760094
2018-02-27 15:15:00+05:30,574.83,575.68,573.35,573.85,473772
2018-02-28 09:15:00+05:30,574.0,576.2,571.28,576.0,1054594
2018-02-28 09:45:00+05:30,576.0,579.98,575.7,579.7,887766
2018-02-28 10:15:00+05:30,579.73,582.25,578.8,581.1,936942
2018-02-28 10:45:00+05:30,581.08,581.78,580.23,580.65,428350
2018-02-28 11:15:00+05:30,580.68,584.35,580.43,581.65,758528
2018-02-28 11:45:00+05:30,581.65,583.5,581.55,583.13,516460
2018-02-28 12:15:00+05:30,583.0,585.93,582.7,585.23,1007504
2018-02-28 12:45:00+05:30,585.25,586.73,583.53,586.38,957104
2018-02-28 13:15:00+05:30,586.38,589.18,585.5,589.13,1327434
2018-02-28 13:45:00+05:30,589.1,592.38,588.5,591.6,2108682
2018-02-28 14:15:00+05:30,591.6,593.4,590.2,593.25,2029096
2018-02-28 14:45:00+05:30,593.25,594.75,584.4,585.83,3620880
2018-02-28 15:15:00+05:30,585.83,585.98,584.08,584.93,1624354
2018-03-01 09:15:00+05:30,584.35,584.48,578.03,579.88,1507740
2018-03-01 09:45:00+05:30,579.7,582.13,578.1,580.05,528926
2018-03-01 10:15:00+05:30,580.05,581.73,580.03,580.75,683072
2018-03-01 10:45:00+05:30,580.75,581.33,580.5,580.5,373164
2018-03-01 11:15:00+05:30,580.5,580.8,580.0,580.08,364286
2018-03-01 11:45:00+05:30,580.03,580.5,580.0,580.35,280550
2018-03-01 12:15:00+05:30,580.33,581.28,580.0,580.13,260486
2018-03-01 12:45:00+05:30,580.13,581.28,580.03,581.2,280778
2018-03-01 13:15:00+05:30,581.2,583.63,581.0,581.85,520888
2018-03-01 13:45:00+05:30,581.85,582.5,580.0,580.43,412604
2018-03-01 14:15:00+05:30,580.53,581.98,580.05,581.23,372792
2018-03-01 14:45:00+05:30,581.23,581.75,579.18,580.5,512484
2018-03-01 15:15:00+05:30,580.4,580.75,580.0,580.13,452788
2018-03-05 09:15:00+05:30,578.38,584.45,577.45,584.43,1870008
2018-03-05 09:45:00+05:30,584.25,585.4,579.73,581.1,872360
2018-03-05 10:15:00+05:30,581.25,581.95,579.55,581.55,830982
2018-03-05 10:45:00+05:30,581.55,582.5,581.0,581.93,277488
2018-03-05 11:15:00+05:30,581.83,581.98,576.2,576.5,800212
2018-03-05 11:45:00+05:30,576.5,579.05,576.48,578.75,301272
2018-03-05 12:15:00+05:30,578.98,579.25,576.5,577.25,442266
2018-03-05 12:45:00+05:30,577.25,577.28,573.2,573.23,361550
2018-03-05 13:15:00+05:30,573.5,577.23,571.88,576.2,486742
2018-03-05 13:45:00+05:30,576.2,577.8,575.9,576.98,300524
2018-03-05 14:15:00+05:30,577.0,577.75,575.98,576.9,381578
2018-03-05 14:45:00+05:30,577.0,578.75,575.75,577.53,670578
2018-03-05 15:15:00+05:30,577.5,580.0,576.23,579.85,488772
2018-03-06 09:15:00+05:30,581.5,582.63,577.65,582.2,877420
2018-03-06 09:45:00+05:30,582.25,582.5,579.53,579.93,813664
2018-03-06 10:15:00+05:30,579.93,580.73,579.48,580.38,311856
2018-03-06 10:45:00+05:30,580.43,580.85,579.95,580.05,311934
2018-03-06 11:15:00+05:30,580.05,580.43,578.03,578.05,410790
2018-03-06 11:45:00+05:30,578.05,579.23,577.6,578.8,454214
2018-03-06 12:15:00+05:30,578.8,579.1,578.35,579.0,319366
2018-03-06 12:45:00+05:30,579.0,579.23,578.48,578.68,324426
2018-03-06 13:15:00+05:30,578.65,579.25,578.65,578.98,474788
2018-03-06 13:45:00+05:30,578.98,580.35,578.93,579.38,399280
2018-03-06 14:15:00+05:30,579.5,579.73,578.13,578.73,539802
2018-03-06 14:45:00+05:30,578.75,579.0,574.03,577.33,741024
2018-03-06 15:15:00+05:30,577.33,577.5,571.83,573.1,703562
2018-03-07 09:15:00+05:30,577.48,580.0,576.78,578.1,1005158
2018-03-07 09:45:00+05:30,578.1,578.9,576.33,577.08,348770
2018-03-07 10:15:00+05:30,577.08,577.93,575.05,576.83,279690
2018-03-07 10:45:00+05:30,576.8,576.83,574.0,574.78,412880
2018-03-07 11:15:00+05:30,574.8,575.0,570.75,571.25,582338
2018-03-07 11:45:00+05:30,571.3,571.73,569.08,569.95,462048
2018-03-07 12:15:00+05:30,569.93,572.05,569.4,571.95,425726
2018-03-07 12:45:00+05:30,571.95,574.7,571.55,573.25,270428
2018-03-07 13:15:00+05:30,573.25,575.93,573.03,575.28,397094
2018-03-07 13:45:00+05:30,575.3,576.75,573.53,574.2,314144
2018-03-07 14:15:00+05:30,574.33,575.15,572.9,573.48,377688
2018-03-07 14:45:00+05:30,573.48,573.9,570.58,571.45,990746
2018-03-07 15:15:00+05:30,571.45,573.9,570.5,573.5,457802
2018-03-08 09:15:00+05:30,576.03,582.9,576.03,581.28,1667198
2018-03-08 09:45:00+05:30,581.23,581.75,579.0,580.5,727620
2018-03-08 10:15:00+05:30,580.48,580.5,576.0,578.65,703698
2018-03-08 10:45:00+05:30,578.73,579.0,577.0,578.45,244978
2018-03-08 11:15:00+05:30,578.45,579.25,577.9,578.13,247848
2018-03-08 11:45:00+05:30,578.13,579.88,577.65,578.8,244020
2018-03-08 12:15:00+05:30,579.0,579.28,577.78,578.25,264534
2018-03-08 12:45:00+05:30,578.25,579.4,577.63,577.98,251774
2018-03-08 13:15:00+05:30,578.13,579.1,577.5,579.05,280334
2018-03-08 13:45:00+05:30,578.9,579.43,578.25,578.85,254750
2018-03-08 14:15:00+05:30,578.8,580.5,578.58,580.05,355088
2018-03-08 14:45:00+05:30,580.05,581.53,576.38,576.63,545392
2018-03-08 15:15:00+05:30,576.6,579.2,576.0,578.58,299788
2018-03-09 09:15:00+05:30,581.53,582.0,579.0,580.55,399082
2018-03-09 09:45:00+05:30,580.6,580.6,577.78,579.23,529646
2018-03-09 10:15:00+05:30,579.5,582.0,578.78,580.8,434026
2018-03-09 10:45:00+05:30,580.8,581.2,579.53,581.2,229566
2018-03-09 11:15:00+05:30,581.2,581.5,579.75,580.03,209946
2018-03-09 11:45:00+05:30,580.03,582.95,580.03,582.5,330164
2018-03-09 12:15:00+05:30,582.58,583.0,581.13,582.65,261430
2018-03-09 12:45:00+05:30,582.7,582.95,581.55,581.93,162086
2018-03-09 13:15:00+05:30,581.98,582.8,581.15,582.8,197912
2018-03-09 13:45:00+05:30,582.55,582.8,581.5,582.13,222254
2018-03-09 14:15:00+05:30,582.13,583.0,581.53,581.75,309632
2018-03-09 14:45:00+05:30,581.85,582.33,579.05,582.15,521276
2018-03-09 15:15:00+05:30,582.15,582.83,581.5,582.0,404090
2018-03-12 09:15:00+05:30,587.58,591.1,586.03,589.55,653848
2018-03-12 09:45:00+05:30,589.55,594.23,589.55,593.53,833126
2018-03-12 10:15:00+05:30,593.53,595.88,592.25,595.88,652822
2018-03-12 10:45:00+05:30,595.85,595.85,592.7,594.5,544076
2018-03-12 11:15:00+05:30,594.45,594.5,593.03,594.0,288862
2018-03-12 11:45:00+05:30,594.0,595.73,593.53,594.98,229974
2018-03-12 12:15:00+05:30,595.0,595.0,592.2,593.83,718562
2018-03-12 12:45:00+05:30,594.08,594.23,592.55,593.63,230340
2018-03-12 13:15:00+05:30,593.63,594.25,591.05,592.28,590454
2018-03-12 13:45:00+05:30,592.25,595.5,592.18,595.43,398886
2018-03-12 14:15:00+05:30,595.4,595.58,593.78,594.93,711562
2018-03-12 14:45:00+05:30,594.85,595.35,592.3,592.78,1055250
2018-03-12 15:15:00+05:30,593.0,593.35,591.4,592.0,708876
2018-03-13 09:15:00+05:30,590.78,598.15,590.78,596.78,1681544
2018-03-13 09:45:00+05:30,596.78,596.8,594.33,594.75,735592
2018-03-13 10:15:00+05:30,594.75,597.5,594.1,597.23,613428
2018-03-13 10:45:00+05:30,597.23,597.85,595.4,595.78,642968
2018-03-13 11:15:00+05:30,595.78,595.83,592.33,593.05,544290
2018-03-13 11:45:00+05:30,593.05,593.75,592.53,593.28,287134
2018-03-13 12:15:00+05:30,593.28,594.45,592.78,592.8,315350
2018-03-13 12:45:00+05:30,592.95,593.7,591.68,592.95,419856
2018-03-13 13:15:00+05:30,592.95,592.95,589.4,590.35,559542
2018-03-13 13:45:00+05:30,590.35,591.03,588.3,589.58,678040
2018-03-13 14:15:00+05:30,589.53,591.88,588.03,588.3,563028
2018-03-13 14:45:00+05:30,588.3,592.78,587.58,591.9,898736
2018-03-13 15:15:00+05:30,591.95,593.33,590.15,591.0,618326
2018-03-14 09:15:00+05:30,589.0,595.28,588.6,593.65,642988
2018-03-14 09:45:00+05:30,593.65,594.15,591.5,593.95,248238
2018-03-14 10:15:00+05:30,594.08,594.08,590.98,592.25,148362
2018-03-14 10:45:00+05:30,592.25,592.88,591.5,591.75,98144
2018-03-14 11:15:00+05:30,591.75,592.75,591.35,591.78,221750
2018-03-14 11:45:00+05:30,591.78,592.8,588.0,588.35,459628
2018-03-14 12:15:00+05:30,588.23,589.05,584.55,586.6,482396
2018-03-14 12:45:00+05:30,586.6,589.25,586.48,587.5,323976
2018-03-14 13:15:00+05:30,587.5,590.25,587.38,588.6,472482
2018-03-14 13:45:00+05:30,588.6,591.0,588.5,589.25,238690
2018-03-14 14:15:00+05:30,589.18,589.18,586.78,588.0,336382
2018-03-14 14:45:00+05:30,588.0,590.43,587.5,590.13,387236
2018-03-14 15:15:00+05:30,590.25,592.0,589.88,590.55,360668
2018-03-15 09:15:00+05:30,589.98,589.98,586.0,587.0,420390
2018-03-15 09:45:00+05:30,587.0,588.5,586.1,587.95,375806
2018-03-15 10:15:00+05:30,587.95,589.2,587.38,588.95,539596
2018-03-15 10:45:00+05:30,588.95,591.0,588.63,589.93,569762
2018-03-15 11:15:00+05:30,589.93,590.38,589.38,590.25,191646
2018-03-15 11:45:00+05:30,590.25,591.18,590.0,590.13,186484
2018-03-15 12:15:00+05:30,590.13,593.48,590.13,592.65,435922
2018-03-15 12:45:00+05:30,592.65,594.2,592.3,592.73,525160
2018-03-15 13:15:00+05:30,592.73,593.25,592.05,592.1,406708
2018-03-15 13:45:00+05:30,592.5,592.6,588.25,589.5,1236070
2018-03-15 14:15:00+05:30,589.5,591.88,589.38,591.83,225648
2018-03-15 14:45:00+05:30,591.73,593.48,590.48,591.38,604344
2018-03-15 15:15:00+05:30,591.25,591.58,590.1,590.95,380402
2018-03-16 09:15:00+05:30,590.98,591.05,585.6,586.0,665428
2018-03-16 09:45:00+05:30,586.05,588.85,585.5,587.15,853666
2018-03-16 10:15:00+05:30,587.15,588.25,586.55,587.28,455228
2018-03-16 10:45:00+05:30,587.28,589.08,587.28,588.48,513696
2018-03-16 11:15:00+05:30,588.48,588.5,585.33,586.9,618706
2018-03-16 11:45:00+05:30,587.25,588.0,586.53,587.0,393900
2018-03-16 12:15:00+05:30,587.0,587.93,585.7,587.65,501998
2018-03-16 12:45:00+05:30,587.65,589.38,587.5,588.9,289886
2018-03-16 13:15:00+05:30,588.93,589.08,587.28,588.28,412394
2018-03-16 13:45:00+05:30,588.28,590.0,586.08,586.85,493536
2018-03-16 14:15:00+05:30,586.85,587.88,585.85,586.75,667500
2018-03-16 14:45:00+05:30,586.98,587.65,585.45,587.43,5901240
2018-03-16 15:15:00+05:30,587.28,587.43,584.63,585.0,6182574
2018-03-19 09:15:00+05:30,584.5,590.25,583.6,587.48,501096
2018-03-19 09:45:00+05:30,587.48,587.98,585.4,585.63,326286
2018-03-19 10:15:00+05:30,585.63,585.98,580.65,583.0,541120
2018-03-19 10:45:00+05:30,583.0,584.2,581.05,581.08,214948
2018-03-19 11:15:00+05:30,581.08,581.5,579.35,579.73,235398
2018-03-19 11:45:00+05:30,579.73,582.23,579.2,580.4,294644
2018-03-19 12:15:00+05:30,580.43,581.0,579.0,579.85,345498
2018-03-19 12:45:00+05:30,579.85,580.0,577.05,578.13,401910
2018-03-19 13:15:00+05:30,578.18,580.35,577.4,580.0,428586
2018-03-19 13:45:00+05:30,580.0,580.35,577.05,577.63,794050
2018-03-19 14:15:00+05:30,577.63,578.23,574.5,575.38,862932
2018-03-19 14:45:00+05:30,575.38,576.98,571.33,572.58,1549320
2018-03-19 15:15:00+05:30,572.43,574.98,572.0,574.0,1017782
2018-03-20 09:15:00+05:30,574.9,579.0,574.55,578.7,993874
2018-03-20 09:45:00+05:30,578.78,580.78,577.5,580.3,770434
2018-03-20 10:15:00+05:30,580.3,580.45,578.43,579.43,560994
2018-03-20 10:45:00+05:30,579.45,579.45,577.0,578.0,675920
2018-03-20 11:15:00+05:30,578.0,579.4,577.45,578.98,505956
2018-03-20 11:45:00+05:30,578.98,580.0,578.75,579.9,331398
2018-03-20 12:15:00+05:30,579.88,579.93,578.33,579.33,511662
2018-03-20 12:45:00+05:30,579.35,581.45,578.63,581.15,546266
2018-03-20 13:15:00+05:30,581.15,582.45,580.1,581.35,628150
2018-03-20 13:45:00+05:30,581.33,581.48,579.7,580.75,505928
2018-03-20 14:15:00+05:30,580.85,583.25,580.0,580.4,621946
2018-03-20 14:45:00+05:30,580.45,582.25,579.4,582.23,1110940
2018-03-20 15:15:00+05:30,582.25,585.0,581.95,582.28,779518
2018-03-21 09:15:00+05:30,585.43,587.75,583.0,584.05,867586
2018-03-21 09:45:00+05:30,584.08,587.05,582.93,586.6,637952
2018-03-21 10:15:00+05:30,586.55,587.5,586.5,587.1,542172
2018-03-21 10:45:00+05:30,587.08,587.5,586.65,587.0,451380
2018-03-21 11:15:00+05:30,587.0,587.5,586.48,586.55,452594
2018-03-21 11:45:00+05:30,586.55,586.83,586.23,586.58,367022
2018-03-21 12:15:00+05:30,586.58,586.73,586.13,586.4,472166
2018-03-21 12:45:00+05:30,586.45,587.3,586.33,586.85,422108
2018-03-21 13:15:00+05:30,586.9,587.2,586.23,586.35,833472
2018-03-21 13:45:00+05:30,586.35,586.73,585.0,585.48,692350
2018-03-21 14:15:00+05:30,585.45,585.75,582.58,582.95,458472
2018-03-21 14:45:00+05:30,582.98,585.0,582.5,584.6,855872
2018-03-21 15:15:00+05:30,584.6,584.73,581.1,582.63,626104
2018-03-22 09:15:00+05:30,582.28,588.0,581.8,588.0,832676
2018-03-22 09:45:00+05:30,588.05,588.65,586.25,587.68,563084
2018-03-22 10:15:00+05:30,587.68,587.83,587.15,587.5,323782
2018-03-22 10:45:00+05:30,587.5,587.5,586.38,587.3,257188
2018-03-22 11:15:00+05:30,587.3,587.5,586.13,586.88,236884
2018-03-22 11:45:00+05:30,586.88,586.95,583.5,584.15,326580
2018-03-22 12:15:00+05:30,584.18,585.0,582.63,582.98,331000
2018-03-22 12:45:00+05:30,583.0,585.35,582.63,583.08,670304
2018-03-22 13:15:00+05:30,583.1,583.5,580.68,582.7,390564
2018-03-22 13:45:00+05:30,582.75,585.2,581.9,584.68,499486
2018-03-22 14:15:00+05:30,584.68,585.0,580.9,581.15,645216
2018-03-22 14:45:00+05:30,581.23,582.03,580.4,580.75,1298800
2018-03-22 15:15:00+05:30,581.0,581.0,577.65,578.0,427472
2018-03-23 09:15:00+05:30,572.6,579.0,572.1,577.88,1943788
2018-03-23 09:45:00+05:30,577.93,583.1,577.75,582.38,1205478
2018-03-23 10:15:00+05:30,582.38,586.0,581.15,583.83,976086
2018-03-23 10:45:00+05:30,583.83,586.9,583.75,586.48,713798
2018-03-23 11:15:00+05:30,586.45,586.5,582.5,582.88,629460
2018-03-23 11:45:00+05:30,582.88,584.4,581.18,581.25,638242
2018-03-23 12:15:00+05:30,581.25,584.83,580.65,583.2,550768
2018-03-23 12:45:00+05:30,583.23,583.95,582.25,583.48,396890
2018-03-23 13:15:00+05:30,583.48,584.93,582.6,584.0,729372
2018-03-23 13:45:00+05:30,584.0,584.43,582.75,583.63,489352
2018-03-23 14:15:00+05:30,583.6,583.73,582.13,582.58,579404
2018-03-23 14:45:00+05:30,582.58,585.58,582.4,584.18,1688426
2018-03-23 15:15:00+05:30,584.15,584.85,581.6,582.5,1449562
2018-03-26 09:15:00+05:30,582.5,582.5,578.43,579.63,742354
2018-03-26 09:45:00+05:30,579.7,581.0,578.0,578.3,315776
2018-03-26 10:15:00+05:30,578.3,578.98,574.98,576.28,1252606
2018-03-26 10:45:00+05:30,576.28,576.9,574.63,575.15,286194
2018-03-26 11:15:00+05:30,575.35,575.83,572.0,573.85,405118
2018-03-26 11:45:00+05:30,573.85,574.05,572.0,572.45,460482
2018-03-26 12:15:00+05:30,572.28,575.3,572.28,574.95,1086632
2018-03-26 12:45:00+05:30,574.95,575.0,574.33,574.98,344206
2018-03-26 13:15:00+05:30,574.75,576.5,574.35,576.48,905608
2018-03-26 13:45:00+05:30,576.5,579.35,575.78,577.98,932756
2018-03-26 14:15:00+05:30,577.98,578.5,576.85,577.45,737668
2018-03-26 14:45:00+05:30,577.45,578.7,577.1,577.98,823526
2018-03-26 15:15:00+05:30,578.0,578.73,576.18,577.8,604640
2018-03-27 09:15:00+05:30,579.73,580.53,575.3,576.53,371444
2018-03-27 09:45:00+05:30,576.53,576.83,575.05,576.3,151838
2018-03-27 10:15:00+05:30,576.25,578.7,576.0,578.33,136442
2018-03-27 10:45:00+05:30,578.5,579.0,576.03,577.15,372608
2018-03-27 11:15:00+05:30,577.18,578.1,576.5,577.43,89292
2018-03-27 11:45:00+05:30,577.43,577.95,576.65,577.05,79718
2018-03-27 12:15:00+05:30,577.05,578.25,575.55,577.2,131738
2018-03-27 12:45:00+05:30,577.2,577.68,576.15,577.28,187026
2018-03-27 13:15:00+05:30,577.25,578.4,576.0,577.93,484022
2018-03-27 13:45:00+05:30,577.75,578.43,577.0,577.93,250426
2018-03-27 14:15:00+05:30,577.88,578.7,577.23,577.23,287384
2018-03-27 14:45:00+05:30,577.23,578.0,576.0,577.03,708206
2018-03-27 15:15:00+05:30,577.28,577.5,575.55,576.05,538212
2018-03-28 09:15:00+05:30,574.75,574.75,571.35,573.13,687874
2018-03-28 09:45:00+05:30,573.15,573.15,570.58,570.83,315834
2018-03-28 10:15:00+05:30,570.85,571.88,570.33,570.63,376320
2018-03-28 10:45:00+05:30,570.63,571.03,569.25,570.73,484992
2018-03-28 11:15:00+05:30,570.7,572.5,570.05,571.0,312390
2018-03-28 11:45:00+05:30,571.0,572.0,570.7,571.88,223316
2018-03-28 12:15:00+05:30,571.88,572.0,570.75,571.75,256068
2018-03-28 12:45:00+05:30,571.68,572.4,571.2,571.65,251418
2018-03-28 13:15:00+05:30,571.58,572.13,571.0,571.5,297634
2018-03-28 13:45:00+05:30,571.5,574.13,571.33,572.68,525256
2018-03-28 14:15:00+05:30,572.75,573.58,569.78,570.0,549656
2018-03-28 14:45:00+05:30,570.0,572.1,563.65,565.35,4847238
2018-03-28 15:15:00+05:30,565.4,572.85,563.13,570.35,3361372
2018-04-02 09:15:00+05:30,570.78,574.53,567.5,568.95,1511588
2018-04-02 09:45:00+05:30,568.98,570.5,566.25,566.38,749068
2018-04-02 10:15:00+05:30,566.38,567.15,562.5,562.5,709318
2018-04-02 10:45:00+05:30,562.7,566.65,560.68,566.63,615288
2018-04-02 11:15:00+05:30,566.55,566.83,564.65,566.83,353838
2018-04-02 11:45:00+05:30,566.83,568.05,566.25,567.38,314762
2018-04-02 12:15:00+05:30,567.38,568.35,567.05,568.05,247510
2018-04-02 12:45:00+05:30,568.03,568.35,567.4,567.8,484448
2018-04-02 13:15:00+05:30,567.8,569.0,567.35,567.88,373434
2018-04-02 13:45:00+05:30,567.93,569.4,567.6,568.53,726116
2018-04-02 14:15:00+05:30,568.5,568.73,567.53,568.03,464080
2018-04-02 14:45:00+05:30,568.03,569.0,567.83,568.7,853902
2018-04-02 15:15:00+05:30,568.7,569.0,568.05,568.35,641936
2018-04-03 09:15:00+05:30,566.53,568.2,564.23,567.55,612266
2018-04-03 09:45:00+05:30,567.58,570.25,567.55,569.43,313302
2018-04-03 10:15:00+05:30,569.43,569.43,566.5,566.55,202564
2018-04-03 10:45:00+05:30,566.55,568.0,566.13,567.58,242758
2018-04-03 11:15:00+05:30,567.58,567.68,566.3,566.93,191294
2018-04-03 11:45:00+05:30,566.93,567.38,565.03,565.68,318870
2018-04-03 12:15:00+05:30,565.7,566.93,564.73,566.0,287456
2018-04-03 12:45:00+05:30,566.0,567.75,565.2,567.55,209450
2018-04-03 13:15:00+05:30,567.55,568.73,566.68,567.08,324660
2018-04-03 13:45:00+05:30,567.23,568.65,566.65,568.6,202026
2018-04-03 14:15:00+05:30,568.63,568.63,567.48,567.88,205976
2018-04-03 14:45:00+05:30,567.9,570.9,567.5,570.2,578258
2018-04-03 15:15:00+05:30,570.3,571.75,569.0,569.7,377312
2018-04-04 09:15:00+05:30,572.23,572.23,566.5,567.43,768998
2018-04-04 09:45:00+05:30,567.3,567.95,566.6,567.03,290644
2018-04-04 10:15:00+05:30,567.05,567.25,565.05,566.68,369618
2018-04-04 10:45:00+05:30,566.65,568.63,566.25,567.98,326492
2018-04-04 11:15:00+05:30,568.0,568.95,567.03,568.58,235700
2018-04-04 11:45:00+05:30,568.6,569.88,568.03,569.88,202250
2018-04-04 12:15:00+05:30,569.88,570.45,568.28,569.25,243910
2018-04-04 12:45:00+05:30,569.15,569.25,566.45,566.48,376812
2018-04-04 13:15:00+05:30,566.48,566.68,562.5,563.58,457060
2018-04-04 13:45:00+05:30,563.6,564.03,561.0,563.0,443448
2018-04-04 14:15:00+05:30,563.03,563.5,560.68,563.38,271382
2018-04-04 14:45:00+05:30,563.48,564.65,561.6,563.2,441846
2018-04-04 15:15:00+05:30,563.38,563.38,560.13,561.38,365402
2018-04-05 09:15:00+05:30,569.78,571.5,567.0,567.2,1136204
2018-04-05 09:45:00+05:30,567.15,568.75,564.73,568.55,458088
2018-04-05 10:15:00+05:30,568.55,569.93,568.2,569.5,644728
2018-04-05 10:45:00+05:30,569.48,569.8,567.5,568.08,318200
2018-04-05 11:15:00+05:30,568.08,568.65,568.08,568.5,244722
2018-04-05 11:45:00+05:30,568.5,568.85,568.35,568.55,253050
2018-04-05 12:15:00+05:30,568.55,569.0,568.25,568.75,264088
2018-04-05 12:45:00+05:30,568.75,571.95,568.48,570.05,358438
2018-04-05 13:15:00+05:30,570.05,570.5,569.0,569.9,148918
2018-04-05 13:45:00+05:30,569.88,571.5,569.88,571.4,218630
2018-04-05 14:15:00+05:30,571.35,573.05,570.5,571.48,2734500
2018-04-05 14:45:00+05:30,571.48,575.55,570.85,573.23,685886
2018-04-05 15:15:00+05:30,573.2,573.45,571.95,573.0,282722
2018-04-06 09:15:00+05:30,571.5,573.0,565.43,566.1,597772
2018-04-06 09:45:00+05:30,566.15,567.13,565.23,566.75,452310
2018-04-06 10:15:00+05:30,566.75,566.9,565.85,566.85,275398
2018-04-06 10:45:00+05:30,566.85,567.05,563.8,564.33,380306
2018-04-06 11:15:00+05:30,564.33,565.8,563.5,564.8,270510
2018-04-06 11:45:00+05:30,564.8,566.6,564.68,566.33,198734
2018-04-06 12:15:00+05:30,566.33,566.33,563.25,563.55,355828
2018-04-06 12:45:00+05:30,563.58,564.18,561.93,562.5,571032
2018-04-06 13:15:00+05:30,562.5,563.48,561.08,561.85,416410
2018-04-06 13:45:00+05:30,561.85,563.95,561.85,562.9,345580
2018-04-06 14:15:00+05:30,562.9,564.48,562.5,563.73,327890
2018-04-06 14:45:00+05:30,563.73,565.08,562.4,563.3,994944
2018-04-06 15:15:00+05:30,563.25,564.0,562.9,563.78,740808
2018-04-09 09:15:00+05:30,562.5,562.63,558.5,559.48,597518
2018-04-09 09:45:00+05:30,559.48,562.7,558.0,561.3,345056
2018-04-09 10:15:00+05:30,561.3,561.48,559.25,560.03,219082
2018-04-09 10:45:00+05:30,560.0,560.03,557.1,557.4,1061156
2018-04-09 11:15:00+05:30,557.4,557.5,554.5,554.6,1022606
2018-04-09 11:45:00+05:30,554.6,556.2,553.35,555.25,818602
2018-04-09 12:15:00+05:30,555.25,556.0,554.35,554.88,286632
2018-04-09 12:45:00+05:30,554.88,556.0,554.33,555.23,255736
2018-04-09 13:15:00+05:30,555.28,555.75,554.0,554.8,218430
2018-04-09 13:45:00+05:30,554.8,555.88,554.75,555.23,264094
2018-04-09 14:15:00+05:30,555.23,556.45,555.2,555.45,311800
2018-04-09 14:45:00+05:30,555.5,557.0,554.75,555.6,975168
2018-04-09 15:15:00+05:30,555.6,557.0,554.78,555.73,815614
2018-04-10 09:15:00+05:30,557.45,560.65,552.75,558.03,1607576
2018-04-10 09:45:00+05:30,558.03,558.75,557.25,557.3,437264
2018-04-10 10:15:00+05:30,557.35,558.13,557.13,557.55,354932
2018-04-10 10:45:00+05:30,557.55,560.5,557.2,559.43,327060
2018-04-10 11:15:00+05:30,559.43,559.88,557.95,558.43,192902
2018-04-10 11:45:00+05:30,558.43,560.45,558.3,559.88,321866
2018-04-10 12:15:00+05:30,559.98,562.25,559.98,561.6,306940
2018-04-10 12:45:00+05:30,561.6,561.6,558.2,558.7,717920
2018-04-10 13:15:00+05:30,558.68,559.1,557.65,558.38,730654
2018-04-10 13:45:00+05:30,558.4,559.4,558.13,558.73,1713010
2018-04-10 14:15:00+05:30,558.73,558.73,556.55,557.03,484268
2018-04-10 14:45:00+05:30,557.03,557.8,555.55,556.88,1159808
2018-04-10 15:15:00+05:30,556.88,558.2,556.68,557.33,562252
2018-04-11 09:15:00+05:30,558.9,562.25,558.25,560.33,952768
2018-04-11 09:45:00+05:30,560.38,564.0,559.13,563.43,1182438
2018-04-11 10:15:00+05:30,563.43,564.75,561.68,561.88,636016
2018-04-11 10:45:00+05:30,561.88,561.9,560.1,560.48,326538
2018-04-11 11:15:00+05:30,560.48,562.13,560.35,561.58,175998
2018-04-11 11:45:00+05:30,561.6,563.38,561.3,561.73,303626
2018-04-11 12:15:00+05:30,561.73,562.38,561.48,562.2,162026
2018-04-11 12:45:00+05:30,562.28,565.75,562.13,564.05,878320
2018-04-11 13:15:00+05:30,564.05,564.45,562.53,562.75,383522
2018-04-11 13:45:00+05:30,562.75,563.8,561.75,563.8,456528
2018-04-11 14:15:00+05:30,563.8,565.4,562.3,562.7,1196230
2018-04-11 14:45:00+05:30,562.95,563.25,560.03,562.05,736826
2018-04-11 15:15:00+05:30,562.28,562.8,561.18,562.25,1629398
2018-04-12 09:15:00+05:30,564.1,575.33,562.5,575.33,2621118
2018-04-12 09:45:00+05:30,575.33,575.48,572.5,573.98,988570
2018-04-12 10:15:00+05:30,574.25,577.1,574.05,576.65,893980
2018-04-12 10:45:00+05:30,576.65,578.0,575.98,577.25,1280414
2018-04-12 11:15:00+05:30,577.25,579.0,576.5,578.13,742204
2018-04-12 11:45:00+05:30,578.13,579.35,576.18,578.18,634418
2018-04-12 12:15:00+05:30,578.1,579.48,577.25,579.03,615994
2018-04-12 12:45:00+05:30,579.0,580.55,578.78,580.35,1067106
2018-04-12 13:15:00+05:30,580.33,584.95,580.15,583.88,1494580
2018-04-12 13:45:00+05:30,583.88,586.13,583.0,585.25,1551414
2018-04-12 14:15:00+05:30,585.25,586.38,582.0,582.33,1377310
2018-04-12 14:45:00+05:30,582.35,582.45,579.0,581.23,2184664
2018-04-12 15:15:00+05:30,581.28,583.33,580.25,582.5,1579834
2018-04-13 09:15:00+05:30,586.18,586.18,575.18,580.0,2066522
2018-04-13 09:45:00+05:30,579.83,583.35,579.03,583.3,1456750
2018-04-13 10:15:00+05:30,583.35,587.78,582.93,587.53,2048336
2018-04-13 10:45:00+05:30,587.55,587.88,585.5,586.6,1729966
2018-04-13 11:15:00+05:30,586.6,589.0,586.0,587.45,1228428
2018-04-13 11:45:00+05:30,587.45,587.5,584.0,584.03,862438
2018-04-13 12:15:00+05:30,584.0,586.98,583.05,586.4,1362158
2018-04-13 12:45:00+05:30,586.4,587.6,584.95,586.88,1050930
2018-04-13 13:15:00+05:30,586.88,590.48,584.05,589.33,1929430
2018-04-13 13:45:00+05:30,589.33,592.8,588.7,589.25,2727834
2018-04-13 14:15:00+05:30,589.25,589.88,587.83,588.0,1323862
2018-04-13 14:45:00+05:30,588.05,588.38,584.5,586.73,2028022
2018-04-13 15:15:00+05:30,586.73,586.78,581.35,584.0,1380438
2018-04-16 09:15:00+05:30,554.98,564.5,552.08,562.53,9380006
2018-04-16 09:45:00+05:30,562.53,569.6,561.9,568.0,2689660
2018-04-16 10:15:00+05:30,568.0,568.65,565.78,567.63,1933516
2018-04-16 10:45:00+05:30,567.5,567.65,564.05,564.6,1188016
2018-04-16 11:15:00+05:30,564.6,565.4,564.08,565.05,661838
2018-04-16 11:45:00+05:30,565.05,566.25,564.98,565.6,574142
2018-04-16 12:15:00+05:30,565.6,566.78,564.98,566.0,487520
2018-04-16 12:45:00+05:30,566.0,567.73,565.18,565.38,721252
2018-04-16 13:15:00+05:30,565.4,570.0,565.38,568.4,826798
2018-04-16 13:45:00+05:30,568.48,568.73,565.85,566.25,596564
2018-04-16 14:15:00+05:30,566.25,567.08,560.7,563.95,1157868
2018-04-16 14:45:00+05:30,564.0,566.98,562.2,565.25,1717472
2018-04-16 15:15:00+05:30,565.25,568.2,565.0,567.25,1597654
2018-04-17 09:15:00+05:30,563.1,563.4,559.3,559.73,1399954
2018-04-17 09:45:00+05:30,559.7,559.9,557.5,558.78,949742
2018-04-17 10:15:00+05:30,558.8,559.45,558.03,558.88,547774
2018-04-17 10:45:00+05:30,558.8,561.78,558.73,561.18,883262
2018-04-17 11:15:00+05:30,561.18,561.75,560.13,560.88,487132
2018-04-17 11:45:00+05:30,560.88,561.38,560.5,560.7,474672
2018-04-17 12:15:00+05:30,560.7,561.7,559.5,560.33,648838
2018-04-17 12:45:00+05:30,560.33,560.33,559.0,559.25,423748
2018-04-17 13:15:00+05:30,559.13,560.68,559.0,560.53,578296
2018-04-17 13:45:00+05:30,560.53,561.25,560.25,561.0,544416
2018-04-17 14:15:00+05:30,561.03,561.25,560.65,561.03,460362
2018-04-17 14:45:00+05:30,560.98,563.68,559.65,562.88,1774770
2018-04-17 15:15:00+05:30,562.88,562.93,561.58,562.33,1181212
2018-04-18 09:15:00+05:30,560.8,561.6,558.1,558.75,1668738
2018-04-18 09:45:00+05:30,558.75,560.68,557.0,560.0,1130070
2018-04-18 10:15:00+05:30,560.0,561.75,559.0,561.28,1250286
2018-04-18 10:45:00+05:30,561.3,562.4,560.98,561.4,1081572
2018-04-18 11:15:00+05:30,561.45,565.18,561.15,564.5,702054
2018-04-18 11:45:00+05:30,564.48,564.93,562.58,564.2,557872
2018-04-18 12:15:00+05:30,564.18,566.5,563.03,564.7,692512
2018-04-18 12:45:00+05:30,564.7,566.48,564.03,566.48,306046
2018-04-18 13:15:00+05:30,566.48,567.38,565.2,567.33,337048
2018-04-18 13:45:00+05:30,567.35,567.35,564.0,565.5,626998
2018-04-18 14:15:00+05:30,565.5,565.78,563.63,564.15,240248
2018-04-18 14:45:00+05:30,564.15,564.83,562.28,563.03,965074
2018-04-18 15:15:00+05:30,563.03,563.5,562.5,562.95,842004
2018-04-19 09:15:00+05:30,561.73,566.18,561.63,563.98,599070
2018-04-19 09:45:00+05:30,563.98,566.73,563.98,565.88,413222
2018-04-19 10:15:00+05:30,565.88,568.0,565.83,567.5,811420
2018-04-19 10:45:00+05:30,567.5,569.75,566.9,568.0,556084
2018-04-19 11:15:00+05:30,568.0,568.2,565.75,566.0,392350
2018-04-19 11:45:00+05:30,566.0,566.45,565.03,565.98,257696
2018-04-19 12:15:00+05:30,565.95,566.9,565.23,565.83,343980
2018-04-19 12:45:00+05:30,565.98,566.68,565.25,566.68,469542
2018-04-19 13:15:00+05:30,566.65,567.3,566.13,566.78,234374
2018-04-19 13:45:00+05:30,566.7,567.25,566.15,566.83,437608
2018-04-19 14:15:00+05:30,566.8,567.0,565.1,566.1,269220
2018-04-19 14:45:00+05:30,566.13,566.63,565.25,566.55,2054514
2018-04-19 15:15:00+05:30,566.5,566.95,566.08,566.7,1670348
2018-04-20 09:15:00+05:30,568.48,578.98,568.48,576.85,4316396
2018-04-20 09:45:00+05:30,576.85,588.9,576.8,585.63,3622274
2018-04-20 10:15:00+05:30,585.53,589.5,583.1,585.78,2752446
2018-04-20 10:45:00+05:30,585.78,588.35,585.78,587.43,1055344
2018-04-20 11:15:00+05:30,587.4,588.1,584.7,586.48,1091066
2018-04-20 11:45:00+05:30,586.48,588.0,586.4,587.35,800872
2018-04-20 12:15:00+05:30,587.35,589.5,586.7,589.0,1026050
2018-04-20 12:45:00+05:30,589.0,589.88,586.0,587.1,927982
2018-04-20 13:15:00+05:30,587.13,592.0,587.13,591.75,1521414
2018-04-20 13:45:00+05:30,591.75,596.75,590.18,596.05,1845702
2018-04-20 14:15:00+05:30,596.0,596.28,590.5,591.43,1697938
2018-04-20 14:45:00+05:30,591.4,592.95,586.35,589.25,2076066
2018-04-20 15:15:00+05:30,589.25,590.1,588.05,589.83,1527652
2018-04-23 09:15:00+05:30,583.35,583.35,577.68,581.3,1041534
2018-04-23 09:45:00+05:30,581.3,587.75,581.15,586.18,1275056
2018-04-23 10:15:00+05:30,586.18,594.23,585.75,592.78,4032788
2018-04-23 10:45:00+05:30,592.78,593.78,588.58,588.8,1569404
2018-04-23 11:15:00+05:30,588.7,589.23,586.05,586.9,987532
2018-04-23 11:45:00+05:30,586.9,591.5,586.9,590.95,709556
2018-04-23 12:15:00+05:30,590.95,591.83,590.5,591.13,1528310
2018-04-23 12:45:00+05:30,591.0,592.35,591.0,591.83,700472
2018-04-23 13:15:00+05:30,591.88,607.03,591.85,606.18,4891628
2018-04-23 13:45:00+05:30,605.93,607.0,597.0,597.5,1655950
2018-04-23 14:15:00+05:30,597.35,599.0,594.68,598.2,1074178
2018-04-23 14:45:00+05:30,598.38,599.15,590.15,593.85,1216086
2018-04-23 15:15:00+05:30,593.68,595.85,591.5,592.5,1128884
2018-04-24 09:15:00+05:30,592.18,597.93,585.65,587.1,1958726
2018-04-24 09:45:00+05:30,587.1,591.5,587.05,589.55,492696
2018-04-24 10:15:00+05:30,589.45,589.5,585.0,587.0,484544
2018-04-24 10:45:00+05:30,587.13,587.9,582.53,586.0,572992
2018-04-24 11:15:00+05:30,586.0,587.75,585.15,586.53,176964
2018-04-24 11:45:00+05:30,586.6,586.65,583.5,583.7,386060
2018-04-24 12:15:00+05:30,583.7,584.25,582.0,583.2,598678
2018-04-24 12:45:00+05:30,583.2,583.75,581.0,583.03,493420
2018-04-24 13:15:00+05:30,583.03,583.5,582.25,583.45,378250
2018-04-24 13:45:00+05:30,583.5,584.25,581.03,581.25,379786
2018-04-24 14:15:00+05:30,581.58,585.0,579.0,582.73,661944
2018-04-24 14:45:00+05:30,582.6,583.5,576.2,576.48,926848
2018-04-24 15:15:00+05:30,576.5,577.7,575.05,577.0,982792
2018-04-25 09:15:00+05:30,575.98,582.93,572.63,581.15,2297050
2018-04-25 09:45:00+05:30,581.18,581.8,578.5,580.15,555074
2018-04-25 10:15:00+05:30,580.18,582.1,579.75,581.88,806690
2018-04-25 10:45:00+05:30,581.85,581.85,579.58,580.03,439000
2018-04-25 11:15:00+05:30,580.03,583.25,579.55,582.53,801168
2018-04-25 11:45:00+05:30,582.48,585.5,582.3,584.85,981116
2018-04-25 12:15:00+05:30,584.8,585.48,582.18,584.6,569626
2018-04-25 12:45:00+05:30,584.6,584.85,582.68,583.55,242814
2018-04-25 13:15:00+05:30,583.75,584.38,580.18,581.55,448336
2018-04-25 13:45:00+05:30,581.63,582.18,575.65,577.25,1349650
2018-04-25 14:15:00+05:30,577.25,578.73,575.0,576.85,772552
2018-04-25 14:45:00+05:30,576.58,581.83,576.03,579.73,1420584
2018-04-25 15:15:00+05:30,580.0,581.5,577.53,577.98,891714
2018-04-26 09:15:00+05:30,585.0,585.88,581.03,582.63,1015334
2018-04-26 09:45:00+05:30,582.63,585.5,582.5,584.35,435892
2018-04-26 10:15:00+05:30,584.35,585.13,583.5,583.93,195262
2018-04-26 10:45:00+05:30,583.95,584.0,580.43,581.33,345780
2018-04-26 11:15:00+05:30,581.28,582.38,580.65,581.0,301106
2018-04-26 11:45:00+05:30,580.98,582.78,580.0,582.75,364448
2018-04-26 12:15:00+05:30,582.75,585.0,581.78,582.95,368642
2018-04-26 12:45:00+05:30,582.9,585.0,582.63,583.98,489394
2018-04-26 13:15:00+05:30,583.98,588.58,583.7,587.5,824162
2018-04-26 13:45:00+05:30,587.5,588.18,586.05,586.88,645390
2018-04-26 14:15:00+05:30,586.88,587.45,586.0,586.95,402986
2018-04-26 14:45:00+05:30,586.95,587.93,585.0,587.28,3075282
2018-04-26 15:15:00+05:30,587.25,590.75,587.18,588.53,2830020
2018-04-27 09:15:00+05:30,589.28,593.65,587.58,591.7,1117868
2018-04-27 09:45:00+05:30,591.7,593.2,590.1,591.6,399834
2018-04-27 10:15:00+05:30,591.63,592.0,589.93,591.85,461344
2018-04-27 10:45:00+05:30,591.85,591.98,590.1,591.55,249038
2018-04-27 11:15:00+05:30,591.55,591.7,590.28,590.33,253540
2018-04-27 11:45:00+05:30,590.33,590.83,589.6,590.2,315628
2018-04-27 12:15:00+05:30,590.2,591.75,589.75,590.03,400898
2018-04-27 12:45:00+05:30,590.0,590.75,589.43,590.4,374786
2018-04-27 13:15:00+05:30,590.4,594.23,590.38,594.23,754714
2018-04-27 13:45:00+05:30,594.4,595.8,592.48,593.38,615820
2018-04-27 14:15:00+05:30,593.38,595.58,592.03,594.25,734222
2018-04-27 14:45:00+05:30,594.25,594.48,591.55,592.45,1292632
2018-04-27 15:15:00+05:30,592.48,592.85,591.8,592.43,686120
2018-04-30 09:15:00+05:30,590.85,603.98,590.85,600.03,1002310
2018-04-30 09:45:00+05:30,600.03,600.35,597.45,598.45,393154
2018-04-30 10:15:00+05:30,598.45,600.8,598.05,600.23,275578
2018-04-30 10:45:00+05:30,600.23,601.03,599.7,600.3,333312
2018-04-30 11:15:00+05:30,600.3,600.5,599.1,599.6,177184
2018-04-30 11:45:00+05:30,599.55,601.05,599.53,599.93,256254
2018-04-30 12:15:00+05:30,599.95,600.8,598.65,600.6,295154
2018-04-30 12:45:00+05:30,600.6,600.75,599.0,599.15,235986
2018-04-30 13:15:00+05:30,599.0,599.88,598.0,599.28,313388
2018-04-30 13:45:00+05:30,599.28,599.73,598.05,599.5,321672
2018-04-30 14:15:00+05:30,599.5,601.2,598.65,601.13,424920
2018-04-30 14:45:00+05:30,601.13,601.23,599.18,600.18,660826
2018-04-30 15:15:00+05:30,600.15,600.73,598.95,599.98,814196
2018-05-02 09:15:00+05:30,598.05,598.58,592.03,592.5,1476180
2018-05-02 09:45:00+05:30,592.6,593.4,590.5,592.38,561564
2018-05-02 10:15:00+05:30,592.38,595.98,592.18,595.73,566896
2018-05-02 10:45:00+05:30,595.68,595.9,594.15,595.13,318410
2018-05-02 11:15:00+05:30,595.13,595.85,593.45,595.58,417946
2018-05-02 11:45:00+05:30,595.58,597.8,595.25,597.5,582220
2018-05-02 12:15:00+05:30,597.53,597.53,595.28,597.38,447978
2018-05-02 12:45:00+05:30,597.38,598.8,596.78,597.3,595266
2018-05-02 13:15:00+05:30,597.3,598.33,596.5,598.0,326962
2018-05-02 13:45:00+05:30,598.0,599.8,597.28,598.98,630908
2018-05-02 14:15:00+05:30,599.0,599.65,595.5,597.88,2476156
2018-05-02 14:45:00+05:30,597.88,599.48,592.75,599.23,1056194
2018-05-02 15:15:00+05:30,599.35,600.65,596.05,596.05,817748
2018-05-03 09:15:00+05:30,599.13,602.3,598.0,600.98,1027780
2018-05-03 09:45:00+05:30,600.85,601.18,598.5,598.55,437636
2018-05-03 10:15:00+05:30,598.55,600.4,597.43,600.25,466522
2018-05-03 10:45:00+05:30,600.18,600.88,598.83,599.5,263642
2018-05-03 11:15:00+05:30,599.5,599.83,597.75,598.43,245160
2018-05-03 11:45:00+05:30,598.43,599.95,598.23,599.4,407556
2018-05-03 12:15:00+05:30,599.4,599.65,598.0,598.93,285690
2018-05-03 12:45:00+05:30,598.93,599.5,598.25,598.28,230910
2018-05-03 13:15:00+05:30,598.38,600.25,598.1,598.78,315278
2018-05-03 13:45:00+05:30,598.75,599.5,598.03,598.05,258462
2018-05-03 14:15:00+05:30,598.05,598.05,595.55,597.3,286966
2018-05-03 14:45:00+05:30,597.25,597.75,590.05,591.13,663018
2018-05-03 15:15:00+05:30,591.08,591.08,588.05,589.0,437234
2018-05-04 09:15:00+05:30,592.78,592.78,580.0,581.5,886536
2018-05-04 09:45:00+05:30,581.5,581.5,579.0,579.9,449112
2018-05-04 10:15:00+05:30,579.78,581.5,579.55,581.35,330024
2018-05-04 10:45:00+05:30,581.35,582.88,579.58,582.53,477332
2018-05-04 11:15:00+05:30,582.58,583.75,579.75,580.2,260870
2018-05-04 11:45:00+05:30,580.2,580.2,577.5,578.28,475544
2018-05-04 12:15:00+05:30,578.28,581.0,577.8,580.4,251200
2018-05-04 12:45:00+05:30,580.4,581.88,579.6,581.48,213628
2018-05-04 13:15:00+05:30,581.48,582.78,580.93,582.43,286584
2018-05-04 13:45:00+05:30,582.48,584.7,581.53,584.18,341634
2018-05-04 14:15:00+05:30,584.18,585.45,582.68,583.28,523266
2018-05-04 14:45:00+05:30,583.28,588.75,582.53,586.03,933960
2018-05-04 15:15:00+05:30,586.03,587.25,584.25,584.8,589156
2018-05-07 09:15:00+05:30,591.25,594.95,588.55,590.4,673330
2018-05-07 09:45:00+05:30,590.53,591.98,589.0,589.25,318972
2018-05-07 10:15:00+05:30,589.25,591.0,587.75,590.23,268576
2018-05-07 10:45:00+05:30,590.23,590.9,589.08,589.3,158178
2018-05-07 11:15:00+05:30,589.3,590.0,588.6,589.95,113866
2018-05-07 11:45:00+05:30,589.95,590.75,588.3,588.45,163340
2018-05-07 12:15:00+05:30,588.45,590.25,588.33,590.0,140486
2018-05-07 12:45:00+05:30,590.0,591.55,589.68,590.48,191786
2018-05-07 13:15:00+05:30,590.5,590.9,588.63,590.83,274542
2018-05-07 13:45:00+05:30,590.88,592.1,590.85,591.3,209952
2018-05-07 14:15:00+05:30,591.3,592.35,590.9,591.63,285214
2018-05-07 14:45:00+05:30,591.63,592.43,588.88,591.73,1353794
2018-05-07 15:15:00+05:30,591.6,593.18,591.53,592.0,474890
2018-05-08 09:15:00+05:30,588.5,588.5,581.68,583.5,690132
2018-05-08 09:45:00+05:30,583.5,585.25,582.0,584.13,614566
2018-05-08 10:15:00+05:30,584.13,586.33,582.75,586.08,407372
2018-05-08 10:45:00+05:30,586.08,586.1,583.53,585.1,424030
2018-05-08 11:15:00+05:30,585.08,585.98,584.15,584.3,203588
2018-05-08 11:45:00+05:30,584.33,585.65,583.73,585.33,319370
2018-05-08 12:15:00+05:30,585.48,585.98,583.48,583.88,245682
2018-05-08 12:45:00+05:30,584.0,585.1,582.03,583.53,236100
2018-05-08 13:15:00+05:30,583.63,584.48,582.75,583.95,139214
2018-05-08 13:45:00+05:30,583.95,584.0,582.28,583.55,243098
2018-05-08 14:15:00+05:30,583.55,583.75,582.45,583.35,253084
2018-05-08 14:45:00+05:30,583.4,584.2,580.8,581.88,1083410
2018-05-08 15:15:00+05:30,582.0,584.08,581.33,583.75,849954
2018-05-09 09:15:00+05:30,585.0,588.45,584.98,586.2,479234
2018-05-09 09:45:00+05:30,586.2,586.25,584.03,584.6,229222
2018-05-09 10:15:00+05:30,584.6,586.28,584.6,584.8,299408
2018-05-09 10:45:00+05:30,584.8,585.5,584.55,584.58,176032
2018-05-09 11:15:00+05:30,584.65,585.0,584.0,584.48,140072
2018-05-09 11:45:00+05:30,584.48,584.48,581.5,582.7,336188
2018-05-09 12:15:00+05:30,582.7,584.25,582.5,583.63,115756
2018-05-09 12:45:00+05:30,583.65,585.33,583.35,584.83,192906
2018-05-09 13:15:00+05:30,585.0,585.45,584.63,584.93,187602
2018-05-09 13:45:00+05:30,584.93,585.48,584.4,584.65,233844
2018-05-09 14:15:00+05:30,584.78,585.03,584.43,584.98,535344
2018-05-09 14:45:00+05:30,584.98,586.2,583.93,586.2,549116
2018-05-09 15:15:00+05:30,586.2,586.55,585.55,586.0,299238
2018-05-10 09:15:00+05:30,588.13,589.25,585.3,588.45,290244
2018-05-10 09:45:00+05:30,588.45,590.0,588.25,588.83,271398
2018-05-10 10:15:00+05:30,588.8,589.05,587.65,588.05,137834
2018-05-10 10:45:00+05:30,588.05,588.48,586.73,587.13,225776
2018-05-10 11:15:00+05:30,587.13,590.8,586.58,590.8,201878
2018-05-10 11:45:00+05:30,590.68,591.5,589.5,589.7,270982
2018-05-10 12:15:00+05:30,589.7,589.78,586.0,586.03,226518
2018-05-10 12:45:00+05:30,586.03,587.5,581.58,584.0,308716
2018-05-10 13:15:00+05:30,583.78,586.45,583.65,586.15,129410
2018-05-10 13:45:00+05:30,586.13,588.18,584.38,585.18,226942
2018-05-10 14:15:00+05:30,585.53,585.55,583.0,583.05,136608
2018-05-10 14:45:00+05:30,583.25,584.45,581.88,582.18,362762
2018-05-10 15:15:00+05:30,582.18,585.73,581.43,585.0,387266
2018-05-11 09:15:00+05:30,586.45,589.0,586.2,587.38,176718
2018-05-11 09:45:00+05:30,587.38,588.95,585.65,586.6,185694
2018-05-11 10:15:00+05:30,586.6,586.6,584.63,585.55,231144
2018-05-11 10:45:00+05:30,585.55,585.98,585.0,585.45,165474
2018-05-11 11:15:00+05:30,585.48,585.95,585.0,585.03,97382
2018-05-11 11:45:00+05:30,585.03,585.8,584.0,584.58,277796
2018-05-11 12:15:00+05:30,584.55,584.6,583.03,583.33,92706
2018-05-11 12:45:00+05:30,583.33,584.38,583.3,584.0,93934
2018-05-11 13:15:00+05:30,584.0,586.5,583.55,586.33,205244
2018-05-11 13:45:00+05:30,586.45,587.4,586.2,587.03,281286
2018-05-11 14:15:00+05:30,587.03,590.0,586.93,587.5,498436
2018-05-11 14:45:00+05:30,587.75,591.0,587.28,590.25,726504
2018-05-11 15:15:00+05:30,590.28,591.6,590.0,591.6,276792
2018-05-14 09:15:00+05:30,591.55,591.55,585.0,589.1,266088
2018-05-14 09:45:00+05:30,589.1,590.58,588.63,589.83,134444
2018-05-14 10:15:00+05:30,589.83,590.25,588.1,588.9,125830
2018-05-14 10:45:00+05:30,588.9,590.75,588.75,590.65,99680
2018-05-14 11:15:00+05:30,590.68,590.75,588.5,589.35,213670
2018-05-14 11:45:00+05:30,589.33,590.5,588.83,589.13,91604
2018-05-14 12:15:00+05:30,589.2,590.55,588.33,588.95,177704
2018-05-14 12:45:00+05:30,588.95,589.2,587.1,587.3,179142
2018-05-14 13:15:00+05:30,587.3,589.48,587.05,589.43,268174
2018-05-14 13:45:00+05:30,589.45,593.38,589.45,592.63,404814
2018-05-14 14:15:00+05:30,592.63,595.35,591.78,594.33,639914
2018-05-14 14:45:00+05:30,594.33,595.43,593.05,594.55,1052552
2018-05-14 15:15:00+05:30,594.25,595.75,594.25,595.25,774914
2018-05-15 09:15:00+05:30,594.5,598.95,594.05,595.35,611404
2018-05-15 09:45:00+05:30,595.35,599.73,594.25,599.73,427528
2018-05-15 10:15:00+05:30,599.73,600.5,597.0,599.7,399874
2018-05-15 10:45:00+05:30,599.38,604.0,599.38,600.68,732118
2018-05-15 11:15:00+05:30,600.68,601.2,598.68,599.48,270156
2018-05-15 11:45:00+05:30,599.7,600.5,597.0,597.68,439940
2018-05-15 12:15:00+05:30,597.68,600.0,597.63,599.13,214426
2018-05-15 12:45:00+05:30,599.15,599.55,596.05,597.68,252222
2018-05-15 13:15:00+05:30,597.65,598.48,596.28,598.1,376052
2018-05-15 13:45:00+05:30,598.1,599.48,596.8,597.43,194912
2018-05-15 14:15:00+05:30,597.4,599.55,597.0,598.9,281920
2018-05-15 14:45:00+05:30,598.9,599.0,596.25,598.2,754824
2018-05-15 15:15:00+05:30,598.18,598.2,595.03,597.6,649076
2018-05-16 09:15:00+05:30,593.7,598.75,592.68,594.7,669172
2018-05-16 09:45:00+05:30,594.7,596.05,594.48,594.75,878590
2018-05-16 10:15:00+05:30,594.75,595.65,594.18,595.53,337222
2018-05-16 10:45:00+05:30,595.53,596.0,595.23,595.5,203700
2018-05-16 11:15:00+05:30,595.55,596.45,595.5,596.0,147900
2018-05-16 11:45:00+05:30,596.0,596.45,595.25,596.03,353922
2018-05-16 12:15:00+05:30,596.03,596.38,594.63,596.18,239338
2018-05-16 12:45:00+05:30,596.18,597.8,595.8,597.18,271648
2018-05-16 13:15:00+05:30,597.18,599.0,597.0,597.3,286326
2018-05-16 13:45:00+05:30,597.2,597.5,595.0,595.5,1133702
2018-05-16 14:15:00+05:30,595.5,597.5,595.05,596.45,402906
2018-05-16 14:45:00+05:30,596.45,596.98,592.3,596.5,754348
2018-05-16 15:15:00+05:30,596.48,596.48,594.98,595.3,515396
2018-05-17 09:15:00+05:30,598.0,598.6,595.6,596.48,591232
2018-05-17 09:45:00+05:30,596.48,596.6,589.6,591.83,506888
2018-05-17 10:15:00+05:30,592.0,592.75,588.5,589.18,716220
2018-05-17 10:45:00+05:30,589.18,590.05,586.8,589.8,774158
2018-05-17 11:15:00+05:30,589.8,590.9,589.3,590.0,231118
2018-05-17 11:45:00+05:30,589.98,590.93,588.98,589.5,372058
2018-05-17 12:15:00+05:30,589.55,592.25,589.5,592.03,165988
2018-05-17 12:45:00+05:30,592.03,593.23,591.43,593.05,276524
2018-05-17 13:15:00+05:30,593.05,595.6,592.75,595.0,819290
2018-05-17 13:45:00+05:30,595.0,595.98,594.0,595.0,2249388
2018-05-17 14:15:00+05:30,595.0,595.73,594.0,595.18,1420964
2018-05-17 14:45:00+05:30,595.18,595.75,590.35,591.05,753464
2018-05-17 15:15:00+05:30,590.83,591.63,589.6,590.0,632094
2018-05-18 09:15:00+05:30,591.25,591.45,586.5,587.45,598190
2018-05-18 09:45:00+05:30,587.45,590.6,587.45,589.33,594146
2018-05-18 10:15:00+05:30,589.33,589.8,588.65,589.63,266022
2018-05-18 10:45:00+05:30,589.63,590.6,588.73,590.1,701464
2018-05-18 11:15:00+05:30,590.1,590.5,589.95,590.28,281164
2018-05-18 11:45:00+05:30,590.28,590.7,590.0,590.25,301882
2018-05-18 12:15:00+05:30,590.25,590.78,590.0,590.43,503414
2018-05-18 12:45:00+05:30,590.43,591.98,589.6,591.93,388754
2018-05-18 13:15:00+05:30,591.7,593.08,590.88,591.25,522384
2018-05-18 13:45:00+05:30,591.43,592.98,591.05,592.1,536146
2018-05-18 14:15:00+05:30,592.03,592.93,590.23,590.5,651066
2018-05-18 14:45:00+05:30,590.6,593.28,590.5,591.55,975250
2018-05-18 15:15:00+05:30,591.55,592.63,588.6,590.0,817070
2018-05-21 09:15:00+05:30,590.0,591.1,585.0,589.43,870618
2018-05-21 09:45:00+05:30,589.43,593.85,589.43,591.68,622812
2018-05-21 10:15:00+05:30,591.68,593.23,590.05,591.75,401646
2018-05-21 10:45:00+05:30,591.75,594.15,591.7,593.0,532238
2018-05-21 11:15:00+05:30,593.0,593.78,590.53,591.15,447318
2018-05-21 11:45:00+05:30,591.15,592.88,591.05,591.88,622912
2018-05-21 12:15:00+05:30,591.85,592.5,590.13,592.2,461372
2018-05-21 12:45:00+05:30,592.2,593.48,591.8,593.18,635088
2018-05-21 13:15:00+05:30,593.2,593.55,591.38,592.0,458916
2018-05-21 13:45:00+05:30,591.98,592.75,590.98,591.73,570122
2018-05-21 14:15:00+05:30,591.73,592.48,590.85,591.23,867004
2018-05-21 14:45:00+05:30,591.23,591.95,587.2,590.0,1364244
2018-05-21 15:15:00+05:30,590.0,591.6,589.6,591.6,617314
2018-05-22 09:15:00+05:30,588.38,591.2,587.0,588.95,305832
2018-05-22 09:45:00+05:30,588.95,590.0,588.4,589.5,108216
2018-05-22 10:15:00+05:30,589.5,590.88,589.05,590.68,158938
2018-05-22 10:45:00+05:30,590.68,593.23,590.43,592.5,555154
2018-05-22 11:15:00+05:30,592.68,593.0,591.78,592.5,125164
2018-05-22 11:45:00+05:30,592.43,596.6,592.0,596.5,451716
2018-05-22 12:15:00+05:30,596.5,597.75,595.68,597.75,672604
2018-05-22 12:45:00+05:30,597.53,598.95,596.78,598.83,302874
2018-05-22 13:15:00+05:30,598.8,599.0,594.7,595.18,641922
2018-05-22 13:45:00+05:30,595.0,595.45,593.93,594.33,562258
2018-05-22 14:15:00+05:30,594.33,595.48,594.25,595.05,504642
2018-05-22 14:45:00+05:30,595.05,597.45,595.0,596.83,674928
2018-05-22 15:15:00+05:30,596.7,598.88,596.08,597.5,569298
2018-05-23 09:15:00+05:30,597.85,600.0,596.85,597.75,564664
2018-05-23 09:45:00+05:30,597.75,598.78,596.93,598.28,192386
2018-05-23 10:15:00+05:30,598.28,603.8,598.23,602.0,800576
2018-05-23 10:45:00+05:30,601.98,602.78,601.7,602.0,1586746
2018-05-23 11:15:00+05:30,602.0,602.48,598.85,601.83,368128
2018-05-23 11:45:00+05:30,601.83,601.83,599.35,600.63,373852
2018-05-23 12:15:00+05:30,600.65,602.68,598.3,602.0,424616
2018-05-23 12:45:00+05:30,602.05,603.75,601.45,602.95,1140478
2018-05-23 13:15:00+05:30,602.98,603.5,599.55,600.03,949630
2018-05-23 13:45:00+05:30,600.08,600.08,596.93,597.6,500272
2018-05-23 14:15:00+05:30,597.6,597.6,595.0,595.85,675904
2018-05-23 14:45:00+05:30,595.78,596.03,590.85,591.55,1121124
2018-05-23 15:15:00+05:30,591.55,592.45,590.78,591.23,831050
2018-05-24 09:15:00+05:30,599.23,608.35,599.0,606.5,2025860
2018-05-24 09:45:00+05:30,606.53,606.53,604.45,606.1,471372
2018-05-24 10:15:00+05:30,606.0,607.93,605.0,605.8,513494
2018-05-24 10:45:00+05:30,605.8,607.5,605.5,607.18,308522
2018-05-24 11:15:00+05:30,607.18,609.5,606.65,607.1,792952
2018-05-24 11:45:00+05:30,607.1,609.0,607.1,608.5,340466
2018-05-24 12:15:00+05:30,608.5,610.48,608.0,609.38,559636
2018-05-24 12:45:00+05:30,609.45,612.38,609.05,611.6,670294
2018-05-24 13:15:00+05:30,611.65,613.75,610.75,611.53,676592
2018-05-24 13:45:00+05:30,611.53,612.48,609.0,610.75,624672
2018-05-24 14:15:00+05:30,610.73,612.3,609.3,609.5,659644
2018-05-24 14:45:00+05:30,609.5,612.08,609.48,611.25,1002390
2018-05-24 15:15:00+05:30,611.23,611.33,609.0,610.0,1083254
2018-05-25 09:15:00+05:30,615.08,622.5,615.08,618.73,1789198
2018-05-25 09:45:00+05:30,618.73,620.5,616.93,620.2,627848
2018-05-25 10:15:00+05:30,620.2,624.33,620.03,622.38,859310
2018-05-25 10:45:00+05:30,622.35,623.5,621.0,621.4,431098
2018-05-25 11:15:00+05:30,621.53,623.88,619.5,620.88,613440
2018-05-25 11:45:00+05:30,620.88,622.5,618.6,621.98,416496
2018-05-25 12:15:00+05:30,622.0,622.85,621.0,621.65,407076
2018-05-25 12:45:00+05:30,621.65,622.25,620.03,620.13,301218
2018-05-25 13:15:00+05:30,620.13,623.08,620.0,622.35,364374
2018-05-25 13:45:00+05:30,622.35,622.38,620.78,621.13,379882
2018-05-25 14:15:00+05:30,621.13,622.5,617.68,618.1,709464
2018-05-25 14:45:00+05:30,617.95,618.3,610.6,614.45,1299640
2018-05-25 15:15:00+05:30,614.53,617.4,613.6,614.5,675494
2018-05-28 09:15:00+05:30,615.7,616.13,611.88,612.58,1197234
2018-05-28 09:45:00+05:30,612.63,613.38,611.48,612.0,480612
2018-05-28 10:15:00+05:30,612.0,612.7,607.55,608.38,666714
2018-05-28 10:45:00+05:30,608.38,609.5,606.53,607.68,421600
2018-05-28 11:15:00+05:30,607.68,608.3,606.5,606.85,190408
2018-05-28 11:45:00+05:30,606.85,606.95,603.0,604.93,534116
2018-05-28 12:15:00+05:30,604.88,607.0,604.4,606.93,231082
2018-05-28 12:45:00+05:30,606.93,608.7,606.0,608.45,260386
2018-05-28 13:15:00+05:30,608.45,608.45,604.88,605.35,318400
2018-05-28 13:45:00+05:30,605.35,605.53,604.93,605.0,331844
2018-05-28 14:15:00+05:30,604.98,607.43,604.98,606.53,355060
2018-05-28 14:45:00+05:30,606.53,607.65,604.93,607.3,486078
2018-05-28 15:15:00+05:30,607.3,608.5,606.0,606.05,253908
2018-05-29 09:15:00+05:30,607.5,613.28,606.7,609.53,436186
2018-05-29 09:45:00+05:30,609.53,609.7,605.5,605.63,184448
2018-05-29 10:15:00+05:30,605.63,606.83,604.35,606.48,137236
2018-05-29 10:45:00+05:30,606.5,607.0,604.35,605.73,108380
2018-05-29 11:15:00+05:30,605.75,607.45,604.7,606.8,337664
2018-05-29 11:45:00+05:30,606.85,607.5,605.0,605.88,196116
2018-05-29 12:15:00+05:30,605.88,606.03,603.1,604.68,257094
2018-05-29 12:45:00+05:30,604.6,605.5,604.03,605.15,118930
2018-05-29 13:15:00+05:30,605.15,605.75,603.88,604.73,169514
2018-05-29 13:45:00+05:30,604.73,606.7,603.68,606.55,196352
2018-05-29 14:15:00+05:30,606.55,608.63,604.5,606.0,439488
2018-05-29 14:45:00+05:30,606.0,609.0,605.6,607.95,324744
2018-05-29 15:15:00+05:30,607.88,611.68,607.0,609.7,478820
2018-05-30 09:15:00+05:30,608.15,614.38,607.55,611.4,741964
2018-05-30 09:45:00+05:30,611.4,612.55,610.48,611.65,436932
2018-05-30 10:15:00+05:30,611.65,611.95,606.78,608.0,376364
2018-05-30 10:45:00+05:30,608.0,608.2,603.13,604.23,694038
2018-05-30 11:15:00+05:30,604.23,607.05,604.05,605.25,417764
2018-05-30 11:45:00+05:30,605.35,608.45,605.23,606.95,362090
2018-05-30 12:15:00+05:30,606.95,607.95,605.5,606.08,442854
2018-05-30 12:45:00+05:30,606.08,609.45,605.65,608.83,357110
2018-05-30 13:15:00+05:30,608.85,609.45,607.25,607.63,346192
2018-05-30 13:45:00+05:30,607.63,607.65,603.5,604.25,493162
2018-05-30 14:15:00+05:30,604.25,606.0,603.6,605.58,432958
2018-05-30 14:45:00+05:30,605.65,606.3,603.8,604.73,643926
2018-05-30 15:15:00+05:30,604.65,607.48,604.65,605.2,559776
2018-05-31 09:15:00+05:30,606.15,609.8,605.13,608.1,862938
2018-05-31 09:45:00+05:30,608.08,612.0,607.1,611.8,665490
2018-05-31 10:15:00+05:30,611.8,615.08,610.75,614.0,426560
2018-05-31 10:45:00+05:30,614.0,615.23,614.0,614.63,374168
2018-05-31 11:15:00+05:30,614.63,615.5,612.03,613.73,432070
2018-05-31 11:45:00+05:30,613.73,615.48,612.83,615.03,320622
2018-05-31 12:15:00+05:30,615.03,615.1,612.5,612.8,292124
2018-05-31 12:45:00+05:30,612.8,617.85,612.75,616.7,480916
2018-05-31 13:15:00+05:30,616.7,617.0,614.65,616.58,832928
2018-05-31 13:45:00+05:30,616.48,616.73,614.63,614.88,286328
2018-05-31 14:15:00+05:30,614.75,617.38,614.45,614.78,508658
2018-05-31 14:45:00+05:30,614.75,616.35,613.55,615.65,7027528
2018-05-31 15:15:00+05:30,615.65,621.0,615.38,619.0,7193914
2018-06-01 09:15:00+05:30,615.2,623.0,615.2,619.75,672410
2018-06-01 09:45:00+05:30,619.75,620.73,618.9,619.35,585132
2018-06-01 10:15:00+05:30,619.35,620.5,617.68,618.03,316268
2018-06-01 10:45:00+05:30,618.03,618.13,616.53,616.75,242608
2018-06-01 11:15:00+05:30,616.73,617.3,614.55,615.58,321594
2018-06-01 11:45:00+05:30,615.58,616.7,612.83,613.65,214462
2018-06-01 12:15:00+05:30,613.65,613.83,610.7,611.85,316964
2018-06-01 12:45:00+05:30,611.85,613.5,609.05,610.98,506348
2018-06-01 13:15:00+05:30,610.98,613.5,610.1,610.48,461472
2018-06-01 13:45:00+05:30,610.4,613.45,610.4,612.23,314290
2018-06-01 14:15:00+05:30,612.23,613.03,611.68,611.95,297494
2018-06-01 14:45:00+05:30,611.95,613.18,609.23,610.65,449768
2018-06-01 15:15:00+05:30,610.65,611.5,609.15,611.1,294850
2018-06-04 09:15:00+05:30,610.45,618.0,606.18,614.88,610152
2018-06-04 09:45:00+05:30,614.63,617.33,612.33,616.9,287122
2018-06-04 10:15:00+05:30,616.75,619.43,615.3,616.43,235410
2018-06-04 10:45:00+05:30,616.43,617.4,615.73,616.2,142388
2018-06-04 11:15:00+05:30,616.2,616.83,612.68,614.85,209316
2018-06-04 11:45:00+05:30,614.85,617.43,614.78,616.25,284652
2018-06-04 12:15:00+05:30,616.25,617.0,615.65,616.05,122086
2018-06-04 12:45:00+05:30,615.78,616.75,614.58,615.0,226616
2018-06-04 13:15:00+05:30,615.0,617.43,614.7,617.33,262170
2018-06-04 13:45:00+05:30,617.18,617.48,615.2,615.68,207420
2018-06-04 14:15:00+05:30,615.68,617.5,614.75,616.5,206510
2018-06-04 14:45:00+05:30,616.5,620.0,616.28,618.58,775522
2018-06-04 15:15:00+05:30,618.5,621.5,618.18,621.0,692868
2018-06-05 09:15:00+05:30,620.98,620.98,612.68,615.2,652562
2018-06-05 09:45:00+05:30,614.98,615.83,613.5,613.53,237342
2018-06-05 10:15:00+05:30,613.53,614.4,611.65,614.3,237092
2018-06-05 10:45:00+05:30,614.3,615.33,613.38,613.78,294946
2018-06-05 11:15:00+05:30,613.78,615.5,612.03,615.18,320780
2018-06-05 11:45:00+05:30,615.18,616.48,613.33,614.13,280996
2018-06-05 12:15:00+05:30,614.13,614.9,612.95,613.55,191222
2018-06-05 12:45:00+05:30,613.6,615.4,613.3,614.0,345938
2018-06-05 13:15:00+05:30,614.0,614.73,613.25,614.23,270862
2018-06-05 13:45:00+05:30,614.25,614.98,610.6,612.1,313796
2018-06-05 14:15:00+05:30,612.23,612.5,609.03,611.98,555124
2018-06-05 14:45:00+05:30,611.93,612.98,610.18,610.35,526096
2018-06-05 15:15:00+05:30,610.25,611.0,608.83,609.43,476500
2018-06-06 09:15:00+05:30,613.03,614.98,610.03,613.0,524890
2018-06-06 09:45:00+05:30,613.13,615.78,613.03,613.95,330592
2018-06-06 10:15:00+05:30,614.0,614.5,613.53,614.15,304512
2018-06-06 10:45:00+05:30,614.15,615.7,613.25,614.5,170416
2018-06-06 11:15:00+05:30,614.7,617.43,613.65,616.93,227804
2018-06-06 11:45:00+05:30,616.75,619.0,616.73,618.18,154444
2018-06-06 12:15:00+05:30,618.18,620.05,616.58,620.05,378126
2018-06-06 12:45:00+05:30,620.05,620.5,617.83,619.65,334912
2018-06-06 13:15:00+05:30,619.55,620.48,618.3,620.25,175090
2018-06-06 13:45:00+05:30,620.25,620.6,618.73,618.8,199428
2018-06-06 14:15:00+05:30,618.8,619.5,616.93,619.45,249188
2018-06-06 14:45:00+05:30,619.45,620.78,617.8,618.5,643398
2018-06-06 15:15:00+05:30,618.5,619.93,618.08,619.05,341714
2018-06-07 09:15:00+05:30,619.0,628.98,619.0,627.9,878234
2018-06-07 09:45:00+05:30,627.9,627.9,622.7,625.13,847732
2018-06-07 10:15:00+05:30,625.0,626.5,624.5,626.0,532924
2018-06-07 10:45:00+05:30,626.05,626.75,624.85,626.65,587116
2018-06-07 11:15:00+05:30,626.73,627.38,625.75,626.95,250938
2018-06-07 11:45:00+05:30,626.95,627.45,625.78,626.73,289322
2018-06-07 12:15:00+05:30,626.7,627.48,626.25,627.15,241648
2018-06-07 12:45:00+05:30,627.18,627.3,625.9,626.65,247496
2018-06-07 13:15:00+05:30,626.65,629.0,626.6,628.7,394794
2018-06-07 13:45:00+05:30,628.7,628.7,625.15,625.48,576620
2018-06-07 14:15:00+05:30,625.48,627.5,625.2,626.9,361026
2018-06-07 14:45:00+05:30,626.9,628.13,626.25,627.53,643284
2018-06-07 15:15:00+05:30,627.55,628.13,622.5,624.0,813782
2018-06-08 09:15:00+05:30,623.95,631.0,623.05,629.18,1224544
2018-06-08 09:45:00+05:30,629.18,630.5,628.83,629.2,325470
2018-06-08 10:15:00+05:30,629.38,629.4,625.43,626.68,496386
2018-06-08 10:45:00+05:30,626.65,627.05,625.25,626.6,366948
2018-06-08 11:15:00+05:30,626.6,629.73,625.75,627.3,657370
2018-06-08 11:45:00+05:30,627.3,628.63,626.8,628.03,265106
2018-06-08 12:15:00+05:30,628.03,628.5,627.1,627.98,238272
2018-06-08 12:45:00+05:30,628.08,629.95,627.35,628.33,352354
2018-06-08 13:15:00+05:30,628.35,630.53,628.1,629.75,557790
2018-06-08 13:45:00+05:30,629.75,630.28,628.55,628.83,340014
2018-06-08 14:15:00+05:30,629.0,629.73,628.75,629.5,371370
2018-06-08 14:45:00+05:30,629.5,630.65,629.1,630.65,751174
2018-06-08 15:15:00+05:30,630.6,630.75,628.0,629.4,505196
2018-06-11 09:15:00+05:30,632.48,635.0,629.0,629.68,452110
2018-06-11 09:45:00+05:30,629.68,630.45,627.53,630.0,247170
2018-06-11 10:15:00+05:30,630.1,631.55,629.98,630.1,392924
2018-06-11 10:45:00+05:30,630.1,630.65,628.2,628.88,214810
2018-06-11 11:15:00+05:30,628.88,630.0,627.8,630.0,340412
2018-06-11 11:45:00+05:30,629.95,630.93,629.95,630.5,304424
2018-06-11 12:15:00+05:30,630.5,631.1,630.05,631.1,352026
2018-06-11 12:45:00+05:30,631.13,632.45,630.55,632.23,374292
2018-06-11 13:15:00+05:30,632.38,632.5,631.85,632.45,361896
2018-06-11 13:45:00+05:30,632.45,633.38,631.13,631.48,344706
2018-06-11 14:15:00+05:30,631.5,633.8,630.45,633.45,492854
2018-06-11 14:45:00+05:30,633.48,633.95,630.2,631.25,859964
2018-06-11 15:15:00+05:30,631.25,632.0,629.7,630.5,410824
2018-06-12 09:15:00+05:30,632.0,632.0,625.3,626.8,2988760
2018-06-12 09:45:00+05:30,626.75,635.6,626.75,634.5,1033588
2018-06-12 10:15:00+05:30,634.58,635.2,632.18,632.53,414762
2018-06-12 10:45:00+05:30,632.6,633.13,631.68,632.6,192750
2018-06-12 11:15:00+05:30,632.6,633.6,631.43,631.55,246238
2018-06-12 11:45:00+05:30,631.53,631.85,630.7,630.78,314000
2018-06-12 12:15:00+05:30,630.78,631.45,629.0,629.1,357732
2018-06-12 12:45:00+05:30,629.28,632.0,629.18,631.88,183620
2018-06-12 13:15:00+05:30,631.88,632.5,629.78,629.9,411758
2018-06-12 13:45:00+05:30,629.85,630.33,628.25,628.3,211188
2018-06-12 14:15:00+05:30,628.3,630.9,628.3,630.03,287316
2018-06-12 14:45:00+05:30,630.0,630.5,628.28,629.4,677468
2018-06-12 15:15:00+05:30,629.35,631.5,628.75,629.5,509320
2018-06-13 09:15:00+05:30,633.85,637.1,633.55,634.75,877266
2018-06-13 09:45:00+05:30,634.75,637.05,634.75,634.93,405848
2018-06-13 10:15:00+05:30,634.93,637.0,634.93,636.78,236658
2018-06-13 10:45:00+05:30,636.78,636.8,636.05,636.3,212352
2018-06-13 11:15:00+05:30,636.3,637.5,636.15,637.45,372880
2018-06-13 11:45:00+05:30,637.45,637.5,635.0,636.95,575848
2018-06-13 12:15:00+05:30,636.83,637.5,636.63,637.5,234042
2018-06-13 12:45:00+05:30,637.5,639.43,636.98,639.2,374250
2018-06-13 13:15:00+05:30,639.2,639.8,638.75,639.8,265866
2018-06-13 13:45:00+05:30,639.43,641.9,639.43,640.4,731350
2018-06-13 14:15:00+05:30,640.4,640.88,638.0,638.98,439936
2018-06-13 14:45:00+05:30,638.98,639.23,636.58,637.5,572546
2018-06-13 15:15:00+05:30,637.5,638.0,637.03,637.5,459180
2018-06-14 09:15:00+05:30,625.63,626.33,622.68,625.0,1240918
2018-06-14 09:45:00+05:30,625.0,625.03,622.53,623.4,624086
2018-06-14 10:15:00+05:30,623.38,623.4,621.35,622.3,462758
2018-06-14 10:45:00+05:30,622.3,624.0,621.53,621.75,419722
2018-06-14 11:15:00+05:30,621.85,623.03,621.55,622.15,213342
2018-06-14 11:45:00+05:30,622.15,622.43,619.48,621.05,345076
2018-06-14 12:15:00+05:30,621.08,621.15,619.18,620.63,325892
2018-06-14 12:45:00+05:30,620.63,621.45,619.38,620.93,208636
2018-06-14 13:15:00+05:30,621.0,621.45,618.7,619.5,521650
2018-06-14 13:45:00+05:30,619.5,620.23,619.3,619.95,335732
2018-06-14 14:15:00+05:30,619.93,620.0,617.55,619.88,714512
2018-06-14 14:45:00+05:30,619.98,622.98,619.5,619.53,1183624
2018-06-14 15:15:00+05:30,619.65,620.18,617.05,620.0,958044
2018-06-15 09:15:00+05:30,618.5,624.9,617.7,623.08,1214378
2018-06-15 09:45:00+05:30,623.1,625.7,623.0,625.1,1148292
2018-06-15 10:15:00+05:30,625.1,625.5,624.6,625.0,396154
2018-06-15 10:45:00+05:30,625.0,630.13,625.0,629.88,1096668
2018-06-15 11:15:00+05:30,629.88,630.75,626.68,626.85,725596
2018-06-15 11:45:00+05:30,626.83,626.83,625.55,625.73,445478
2018-06-15 12:15:00+05:30,625.73,625.73,623.5,623.88,441854
2018-06-15 12:45:00+05:30,623.88,625.65,623.5,623.5,490774
2018-06-15 13:15:00+05:30,623.5,623.53,620.0,622.15,744458
2018-06-15 13:45:00+05:30,622.25,624.73,621.68,623.73,561654
2018-06-15 14:15:00+05:30,623.75,632.78,623.65,632.55,1524440
2018-06-15 14:45:00+05:30,632.55,644.45,632.5,640.0,6723568
2018-06-15 15:15:00+05:30,640.2,645.15,638.98,644.4,4423108
2018-06-18 09:15:00+05:30,641.0,645.63,636.23,637.0,2106176
2018-06-18 09:45:00+05:30,637.0,638.35,631.95,633.85,851846
2018-06-18 10:15:00+05:30,633.85,635.9,633.5,635.15,244342
2018-06-18 10:45:00+05:30,635.13,639.1,634.98,636.8,834164
2018-06-18 11:15:00+05:30,636.8,637.98,634.43,635.5,283150
2018-06-18 11:45:00+05:30,635.5,636.48,635.35,636.2,169536
2018-06-18 12:15:00+05:30,636.2,636.3,634.85,635.0,211376
2018-06-18 12:45:00+05:30,634.98,635.08,633.78,633.88,332916
2018-06-18 13:15:00+05:30,633.88,635.8,633.4,634.93,354716
2018-06-18 13:45:00+05:30,634.88,637.0,633.63,634.05,522612
2018-06-18 14:15:00+05:30,634.1,635.18,633.68,634.3,466830
2018-06-18 14:45:00+05:30,634.33,635.8,631.85,633.13,992518
2018-06-18 15:15:00+05:30,632.98,635.75,631.73,632.9,814812
2018-06-19 09:15:00+05:30,629.5,631.63,624.1,625.45,989592
2018-06-19 09:45:00+05:30,625.45,626.23,620.18,624.88,823676
2018-06-19 10:15:00+05:30,624.9,624.9,621.0,621.3,535128
2018-06-19 10:45:00+05:30,621.3,622.75,620.0,621.03,560410
2018-06-19 11:15:00+05:30,621.03,621.85,620.05,620.65,412760
2018-06-19 11:45:00+05:30,620.65,622.68,620.08,620.8,330200
2018-06-19 12:15:00+05:30,620.85,622.38,620.65,621.05,273424
2018-06-19 12:45:00+05:30,621.08,622.78,619.3,621.5,505868
2018-06-19 13:15:00+05:30,621.48,622.05,620.5,621.23,295258
2018-06-19 13:45:00+05:30,621.23,622.75,620.98,622.3,392542
2018-06-19 14:15:00+05:30,622.15,622.68,620.38,620.85,460402
2018-06-19 14:45:00+05:30,620.75,621.75,620.18,621.03,1085402
2018-06-19 15:15:00+05:30,621.05,622.0,619.78,621.0,873916
2018-06-20 09:15:00+05:30,623.95,626.18,619.5,621.73,845688
2018-06-20 09:45:00+05:30,621.78,623.5,621.15,622.35,378790
2018-06-20 10:15:00+05:30,622.35,623.55,621.5,621.83,286008
2018-06-20 10:45:00+05:30,621.83,622.55,621.1,621.53,254848
2018-06-20 11:15:00+05:30,621.53,622.0,621.0,621.7,206266
2018-06-20 11:45:00+05:30,621.7,624.1,621.65,624.0,311562
2018-06-20 12:15:00+05:30,624.0,624.98,622.33,623.15,303520
2018-06-20 12:45:00+05:30,623.15,623.5,622.4,622.63,221646
2018-06-20 13:15:00+05:30,622.63,624.1,622.63,623.03,250014
2018-06-20 13:45:00+05:30,623.05,623.45,622.5,622.78,213074
2018-06-20 14:15:00+05:30,622.78,623.68,622.4,623.5,262788
2018-06-20 14:45:00+05:30,623.53,625.98,620.58,622.1,978428
2018-06-20 15:15:00+05:30,622.1,622.15,619.0,620.73,848558
2018-06-21 09:15:00+05:30,622.98,623.88,618.08,622.0,483112
2018-06-21 09:45:00+05:30,622.0,624.5,620.28,623.88,607556
2018-06-21 10:15:00+05:30,623.88,625.0,622.5,623.73,293584
2018-06-21 10:45:00+05:30,623.75,624.4,623.2,624.33,163332
2018-06-21 11:15:00+05:30,624.33,628.23,624.05,624.88,829732
2018-06-21 11:45:00+05:30,624.85,627.0,624.08,624.85,401726
2018-06-21 12:15:00+05:30,624.85,625.13,622.6,624.0,396820
2018-06-21 12:45:00+05:30,623.98,624.75,623.03,624.73,260608
2018-06-21 13:15:00+05:30,624.75,626.0,624.55,625.35,254324
2018-06-21 13:45:00+05:30,625.38,625.95,623.5,623.93,288442
2018-06-21 14:15:00+05:30,623.93,624.18,621.0,622.2,419186
2018-06-21 14:45:00+05:30,622.23,623.88,621.35,623.25,872654
2018-06-21 15:15:00+05:30,623.25,624.45,621.25,622.95,518132
2018-06-22 09:15:00+05:30,621.35,625.5,620.6,625.5,387456
2018-06-22 09:45:00+05:30,625.5,627.33,624.75,626.58,318382
2018-06-22 10:15:00+05:30,626.5,627.25,625.43,626.03,195374
2018-06-22 10:45:00+05:30,626.03,626.9,625.73,626.25,109804
2018-06-22 11:15:00+05:30,626.2,627.75,625.5,625.95,636332
2018-06-22 11:45:00+05:30,625.95,626.18,625.0,625.18,436202
2018-06-22 12:15:00+05:30,625.18,625.98,624.1,624.25,182732
2018-06-22 12:45:00+05:30,624.28,626.0,624.15,624.45,224278
2018-06-22 13:15:00+05:30,624.45,625.15,622.75,623.55,174260
2018-06-22 13:45:00+05:30,623.55,625.28,622.93,624.93,192588
2018-06-22 14:15:00+05:30,624.95,625.15,624.2,624.7,226738
2018-06-22 14:45:00+05:30,624.7,625.4,623.13,624.5,703310
2018-06-22 15:15:00+05:30,624.5,624.5,622.85,623.2,553086
2018-06-25 09:15:00+05:30,628.75,636.5,627.28,635.2,1449792
2018-06-25 09:45:00+05:30,635.2,637.25,634.25,636.8,661468
2018-06-25 10:15:00+05:30,636.65,636.93,633.68,634.28,384230
2018-06-25 10:45:00+05:30,634.15,635.5,632.83,633.93,472860
2018-06-25 11:15:00+05:30,633.93,636.38,632.7,636.25,310500
2018-06-25 11:45:00+05:30,636.25,636.45,634.55,635.3,177078
2018-06-25 12:15:00+05:30,635.38,635.75,634.0,634.75,251554
2018-06-25 12:45:00+05:30,634.73,636.25,634.38,635.8,263708
2018-06-25 13:15:00+05:30,635.8,639.3,635.53,638.5,518412
2018-06-25 13:45:00+05:30,638.5,639.13,635.93,638.5,457504
2018-06-25 14:15:00+05:30,638.5,638.78,636.88,637.25,278104
2018-06-25 14:45:00+05:30,637.23,639.3,636.58,636.93,940444
2018-06-25 15:15:00+05:30,636.93,637.03,634.05,634.83,1535210
2018-06-26 09:15:00+05:30,634.23,641.23,633.13,636.9,847666
2018-06-26 09:45:00+05:30,636.9,639.98,636.5,639.83,377728
2018-06-26 10:15:00+05:30,639.83,639.83,635.7,636.83,267796
2018-06-26 10:45:00+05:30,636.93,639.0,636.0,638.5,272656
2018-06-26 11:15:00+05:30,638.5,638.68,637.08,638.1,136796
2018-06-26 11:45:00+05:30,638.23,638.55,637.28,638.5,154100
2018-06-26 12:15:00+05:30,638.5,638.93,637.03,638.25,203162
2018-06-26 12:45:00+05:30,637.73,639.0,637.5,638.93,383042
2018-06-26 13:15:00+05:30,638.93,640.0,638.33,639.48,231088
2018-06-26 13:45:00+05:30,639.6,641.93,639.5,640.55,359292
2018-06-26 14:15:00+05:30,640.55,640.98,639.53,639.98,338574
2018-06-26 14:45:00+05:30,640.0,640.43,637.68,638.85,548170
2018-06-26 15:15:00+05:30,638.88,640.0,638.0,640.0,349900
2018-06-27 09:15:00+05:30,641.63,646.73,640.28,644.95,1090328
2018-06-27 09:45:00+05:30,644.75,645.5,643.28,645.43,911720
2018-06-27 10:15:00+05:30,645.4,645.43,642.88,643.58,457116
2018-06-27 10:45:00+05:30,643.7,644.88,642.88,644.63,311012
2018-06-27 11:15:00+05:30,644.65,645.0,644.23,644.93,373782
2018-06-27 11:45:00+05:30,644.95,645.0,643.0,644.88,328080
2018-06-27 12:15:00+05:30,644.88,645.0,643.3,643.73,224096
2018-06-27 12:45:00+05:30,643.73,643.78,639.08,640.13,487532
2018-06-27 13:15:00+05:30,640.2,640.75,638.0,640.0,328358
2018-06-27 13:45:00+05:30,640.0,641.25,636.55,636.98,419176
2018-06-27 14:15:00+05:30,636.98,637.5,633.15,633.95,537458
2018-06-27 14:45:00+05:30,633.95,637.13,633.13,635.65,913224
2018-06-27 15:15:00+05:30,635.65,636.25,633.33,635.75,553468
2018-06-28 09:15:00+05:30,638.5,649.0,638.5,647.48,1760506
2018-06-28 09:45:00+05:30,647.4,647.75,645.75,647.65,535248
2018-06-28 10:15:00+05:30,647.65,649.0,642.1,643.85,922282
2018-06-28 10:45:00+05:30,643.85,644.48,641.33,643.33,578218
2018-06-28 11:15:00+05:30,643.33,645.0,642.78,644.98,372250
2018-06-28 11:45:00+05:30,644.98,645.0,642.55,643.18,274358
2018-06-28 12:15:00+05:30,643.2,646.5,642.93,644.38,421414
2018-06-28 12:45:00+05:30,644.35,645.65,643.5,643.68,611498
2018-06-28 13:15:00+05:30,643.7,646.0,643.7,644.98,366398
2018-06-28 13:45:00+05:30,645.0,646.28,644.0,644.18,422980
2018-06-28 14:15:00+05:30,644.28,645.25,642.58,644.38,497840
2018-06-28 14:45:00+05:30,644.38,646.35,641.75,644.8,2367790
2018-06-28 15:15:00+05:30,644.9,645.65,642.15,642.18,1860154
2018-06-29 09:15:00+05:30,649.0,651.75,646.83,648.05,1221318
2018-06-29 09:45:00+05:30,648.3,649.73,647.5,648.9,655502
2018-06-29 10:15:00+05:30,648.9,648.95,646.13,647.25,380856
2018-06-29 10:45:00+05:30,647.4,648.6,643.6,644.88,410414
2018-06-29 11:15:00+05:30,644.88,645.0,641.63,643.63,718674
2018-06-29 11:45:00+05:30,643.73,647.2,643.65,645.1,319946
2018-06-29 12:15:00+05:30,645.13,645.9,643.75,644.8,275752
2018-06-29 12:45:00+05:30,644.8,645.5,642.8,643.83,371578
2018-06-29 13:15:00+05:30,643.83,646.88,643.83,646.68,408380
2018-06-29 13:45:00+05:30,646.43,648.45,646.13,647.65,659080
2018-06-29 14:15:00+05:30,647.65,650.0,647.03,648.0,729144
2018-06-29 14:45:00+05:30,648.0,654.55,648.0,653.28,2120944
2018-06-29 15:15:00+05:30,653.25,657.23,653.23,655.5,1656180
2018-07-02 09:15:00+05:30,657.5,661.98,657.1,659.5,748822
2018-07-02 09:45:00+05:30,659.5,660.0,658.0,659.6,262236
2018-07-02 10:15:00+05:30,659.6,659.95,658.63,659.6,135700
2018-07-02 10:45:00+05:30,659.6,660.0,658.0,659.28,186546
2018-07-02 11:15:00+05:30,659.48,659.9,658.25,658.8,108602
2018-07-02 11:45:00+05:30,658.8,661.08,658.75,659.75,227888
2018-07-02 12:15:00+05:30,659.88,659.95,658.25,658.75,123698
2018-07-02 12:45:00+05:30,658.75,659.5,658.15,658.4,125814
2018-07-02 13:15:00+05:30,658.4,659.5,658.05,659.43,165342
2018-07-02 13:45:00+05:30,659.43,662.5,659.43,661.48,484954
2018-07-02 14:15:00+05:30,661.63,665.5,661.33,664.9,591408
2018-07-02 14:45:00+05:30,664.9,667.5,664.5,666.5,939668
2018-07-02 15:15:00+05:30,666.55,670.0,665.68,668.55,703462
2018-07-03 09:15:00+05:30,666.38,672.25,666.0,668.63,1310820
2018-07-03 09:45:00+05:30,668.6,673.1,668.6,672.0,724216
2018-07-03 10:15:00+05:30,672.0,672.1,670.98,671.33,182758
2018-07-03 10:45:00+05:30,671.3,672.5,671.0,672.38,257062
2018-07-03 11:15:00+05:30,672.4,673.95,672.0,673.03,1087124
2018-07-03 11:45:00+05:30,673.03,673.33,669.83,669.98,352664
2018-07-03 12:15:00+05:30,670.0,673.38,669.85,673.28,165008
2018-07-03 12:45:00+05:30,673.28,675.43,672.05,675.35,516468
2018-07-03 13:15:00+05:30,675.4,675.83,674.0,674.5,367560
2018-07-03 13:45:00+05:30,674.48,675.43,674.48,675.03,314564
2018-07-03 14:15:00+05:30,675.03,677.38,674.88,677.23,412368
2018-07-03 14:45:00+05:30,677.23,677.5,674.28,676.45,1363944
2018-07-03 15:15:00+05:30,676.45,678.95,676.38,677.5,1059354
2018-07-04 09:15:00+05:30,676.33,676.33,671.1,672.28,631956
2018-07-04 09:45:00+05:30,672.25,673.0,671.03,672.5,311140
2018-07-04 10:15:00+05:30,672.5,673.2,670.05,670.53,425546
2018-07-04 10:45:00+05:30,670.53,671.55,669.5,670.0,347732
2018-07-04 11:15:00+05:30,670.0,671.4,669.8,670.15,276634
2018-07-04 11:45:00+05:30,670.23,674.1,669.63,673.85,422452
2018-07-04 12:15:00+05:30,673.83,675.9,673.75,675.0,514854
2018-07-04 12:45:00+05:30,675.0,675.15,674.0,674.95,282530
2018-07-04 13:15:00+05:30,674.9,675.0,672.85,672.98,270670
2018-07-04 13:45:00+05:30,672.98,674.53,672.5,673.63,423200
2018-07-04 14:15:00+05:30,673.63,674.0,671.5,671.73,333756
2018-07-04 14:45:00+05:30,671.58,672.83,671.15,672.18,451106
2018-07-04 15:15:00+05:30,672.18,674.2,672.18,674.2,322380
2018-07-05 09:15:00+05:30,673.63,673.63,664.58,666.03,719426
2018-07-05 09:45:00+05:30,666.3,666.3,649.6,650.0,2853094
2018-07-05 10:15:00+05:30,650.08,651.13,646.28,647.53,1991128
2018-07-05 10:45:00+05:30,647.5,647.53,644.2,644.98,1088016
2018-07-05 11:15:00+05:30,644.8,645.0,642.23,642.73,1227424
2018-07-05 11:45:00+05:30,642.6,642.98,634.28,636.03,2383456
2018-07-05 12:15:00+05:30,636.0,642.35,635.78,640.68,1563478
2018-07-05 12:45:00+05:30,640.65,642.0,638.8,640.93,883446
2018-07-05 13:15:00+05:30,640.88,641.68,640.0,640.13,649256
2018-07-05 13:45:00+05:30,640.13,640.78,637.0,639.33,710958
2018-07-05 14:15:00+05:30,639.35,640.6,638.53,638.95,655146
2018-07-05 14:45:00+05:30,638.88,643.2,638.0,642.5,1286276
2018-07-05 15:15:00+05:30,642.5,644.43,641.03,643.25,1001186
2018-07-06 09:15:00+05:30,647.5,650.85,646.23,649.1,1763196
2018-07-06 09:45:00+05:30,649.1,649.65,638.2,638.75,1102364
2018-07-06 10:15:00+05:30,638.78,641.9,637.55,640.0,722000
2018-07-06 10:45:00+05:30,640.0,640.9,638.15,639.25,457714
2018-07-06 11:15:00+05:30,639.3,639.53,635.0,638.13,629780
2018-07-06 11:45:00+05:30,638.35,638.68,634.5,634.75,592272
2018-07-06 12:15:00+05:30,634.75,636.93,634.7,636.73,531356
2018-07-06 12:45:00+05:30,636.73,638.63,635.95,636.7,538920
2018-07-06 13:15:00+05:30,636.68,638.98,636.28,636.5,716770
2018-07-06 13:45:00+05:30,636.45,637.5,634.88,636.7,1055496
2018-07-06 14:15:00+05:30,636.75,638.43,636.45,638.15,832214
2018-07-06 14:45:00+05:30,638.18,643.85,638.13,642.18,1323182
2018-07-06 15:15:00+05:30,642.23,644.0,640.48,643.6,928058
2018-07-09 09:15:00+05:30,648.58,651.28,639.58,645.0,1941834
2018-07-09 09:45:00+05:30,645.0,647.5,644.2,646.0,369830
2018-07-09 10:15:00+05:30,646.0,647.5,645.05,647.2,244056
2018-07-09 10:45:00+05:30,647.25,647.5,644.05,646.13,310286
2018-07-09 11:15:00+05:30,646.13,646.58,645.83,646.13,240388
2018-07-09 11:45:00+05:30,646.13,647.23,644.68,646.73,248438
2018-07-09 12:15:00+05:30,646.68,647.25,645.75,646.93,237870
2018-07-09 12:45:00+05:30,646.93,650.75,646.4,649.08,478618
2018-07-09 13:15:00+05:30,649.08,650.5,648.4,649.38,318716
2018-07-09 13:45:00+05:30,649.38,649.38,646.85,647.15,254846
2018-07-09 14:15:00+05:30,647.43,648.0,644.83,647.5,519220
2018-07-09 14:45:00+05:30,647.5,650.98,644.03,650.0,813480
2018-07-09 15:15:00+05:30,650.0,651.5,649.15,650.6,656628
2018-07-10 09:15:00+05:30,654.15,654.4,651.5,652.45,736982
2018-07-10 09:45:00+05:30,652.48,656.88,652.48,655.2,670118
2018-07-10 10:15:00+05:30,655.18,657.73,655.0,657.08,519508
2018-07-10 10:45:00+05:30,657.08,657.38,654.38,656.0,370586
2018-07-10 11:15:00+05:30,656.0,656.68,655.88,656.45,202776
2018-07-10 11:45:00+05:30,656.45,656.68,653.3,654.8,288646
2018-07-10 12:15:00+05:30,654.8,655.03,649.48,652.45,427808
2018-07-10 12:45:00+05:30,652.5,652.5,647.25,649.5,290068
2018-07-10 13:15:00+05:30,649.55,650.0,647.75,649.13,281896
2018-07-10 13:45:00+05:30,649.15,650.0,648.08,649.98,216214
2018-07-10 14:15:00+05:30,650.0,650.18,648.25,649.88,297388
2018-07-10 14:45:00+05:30,649.98,650.4,649.0,650.0,1051186
2018-07-10 15:15:00+05:30,650.0,653.85,649.4,650.0,611400
2018-07-11 09:15:00+05:30,658.78,658.78,645.68,651.5,1959224
2018-07-11 09:45:00+05:30,651.5,653.45,649.38,652.13,766222
2018-07-11 10:15:00+05:30,652.0,654.55,651.18,652.5,420900
2018-07-11 10:45:00+05:30,652.45,652.5,648.85,650.33,367012
2018-07-11 11:15:00+05:30,650.33,653.88,650.33,652.73,265524
2018-07-11 11:45:00+05:30,652.75,657.48,652.75,656.83,512494
2018-07-11 12:15:00+05:30,656.83,657.33,654.5,656.23,352270
2018-07-11 12:45:00+05:30,656.23,656.58,653.1,653.5,502224
2018-07-11 13:15:00+05:30,653.5,658.0,652.5,656.75,582550
2018-07-11 13:45:00+05:30,656.78,671.0,656.78,667.1,2290604
2018-07-11 14:15:00+05:30,667.18,670.08,662.25,663.68,1263544
2018-07-11 14:45:00+05:30,663.68,666.48,659.53,661.18,1438118
2018-07-11 15:15:00+05:30,661.18,661.55,657.3,659.23,1148890
2018-07-12 09:15:00+05:30,661.93,663.35,652.38,655.0,1863632
2018-07-12 09:45:00+05:30,654.45,656.48,648.2,650.18,1685072
2018-07-12 10:15:00+05:30,650.25,652.43,649.0,649.0,1027676
2018-07-12 10:45:00+05:30,649.03,651.5,648.63,651.33,853810
2018-07-12 11:15:00+05:30,651.25,652.48,649.98,650.25,475806
2018-07-12 11:45:00+05:30,650.3,650.3,648.25,648.5,472204
2018-07-12 12:15:00+05:30,648.5,649.2,642.28,645.65,1509882
2018-07-12 12:45:00+05:30,645.75,650.8,643.58,648.08,964574
2018-07-12 13:15:00+05:30,648.2,650.0,647.0,647.68,474372
2018-07-12 13:45:00+05:30,647.68,649.93,644.38,645.03,615314
2018-07-12 14:15:00+05:30,645.03,648.3,643.5,646.98,928552
2018-07-12 14:45:00+05:30,646.98,649.78,646.25,647.8,1140444
2018-07-12 15:15:00+05:30,647.83,648.0,646.0,647.38,1230468
2018-07-13 09:15:00+05:30,657.48,659.75,654.2,655.73,2882158
2018-07-13 09:45:00+05:30,655.65,657.03,653.88,655.88,916062
2018-07-13 10:15:00+05:30,655.88,659.45,654.0,657.45,1019744
2018-07-13 10:45:00+05:30,657.38,661.25,656.0,659.45,1012414
2018-07-13 11:15:00+05:30,659.43,665.5,658.18,659.38,3608270
2018-07-13 11:45:00+05:30,659.0,659.05,654.5,655.75,1321130
2018-07-13 12:15:00+05:30,655.83,659.25,655.75,657.35,793164
2018-07-13 12:45:00+05:30,657.43,657.75,655.58,656.13,609638
2018-07-13 13:15:00+05:30,656.25,657.38,654.28,656.0,1043614
2018-07-13 13:45:00+05:30,656.0,656.5,654.5,654.5,599700
2018-07-13 14:15:00+05:30,654.5,655.0,649.9,653.5,1450360
2018-07-13 14:45:00+05:30,653.5,660.58,652.18,659.1,1719268
2018-07-13 15:15:00+05:30,659.25,662.5,657.63,661.5,2480494
2018-07-16 09:15:00+05:30,658.0,673.5,644.15,673.33,8489480
2018-07-16 09:45:00+05:30,673.38,691.8,671.53,685.68,6956258
2018-07-16 10:15:00+05:30,685.65,686.15,673.78,676.5,5198268
2018-07-16 10:45:00+05:30,676.13,679.28,674.33,677.93,1690970
2018-07-16 11:15:00+05:30,677.6,679.48,676.15,677.68,674974
2018-07-16 11:45:00+05:30,677.68,680.08,676.5,679.28,828558
2018-07-16 12:15:00+05:30,679.23,680.4,678.18,680.0,1341106
2018-07-16 12:45:00+05:30,680.0,680.13,678.25,679.45,975752
2018-07-16 13:15:00+05:30,679.48,680.15,677.63,678.8,1001070
2018-07-16 13:45:00+05:30,678.8,678.8,664.4,665.1,3438940
2018-07-16 14:15:00+05:30,664.9,673.98,663.13,667.5,2074346
2018-07-16 14:45:00+05:30,667.5,669.98,664.0,667.43,1316832
2018-07-16 15:15:00+05:30,667.33,668.45,665.3,668.0,1148454
2018-07-17 09:15:00+05:30,664.15,674.23,656.68,669.93,2807662
2018-07-17 09:45:00+05:30,670.0,670.95,666.58,667.0,765680
2018-07-17 10:15:00+05:30,667.0,668.1,661.05,665.23,1560054
2018-07-17 10:45:00+05:30,665.08,667.95,665.0,667.15,399702
2018-07-17 11:15:00+05:30,667.15,667.5,664.73,665.95,533984
2018-07-17 11:45:00+05:30,665.95,666.03,664.5,666.0,337038
2018-07-17 12:15:00+05:30,666.0,667.18,664.75,665.28,1492904
2018-07-17 12:45:00+05:30,665.28,667.0,665.28,666.88,225988
2018-07-17 13:15:00+05:30,666.88,669.9,665.0,666.15,552770
2018-07-17 13:45:00+05:30,665.85,670.0,665.68,667.85,458110
2018-07-17 14:15:00+05:30,667.85,668.5,666.23,667.03,405158
2018-07-17 14:45:00+05:30,667.0,667.48,663.15,664.35,806078
2018-07-17 15:15:00+05:30,664.35,664.5,662.3,662.75,784254
2018-07-18 09:15:00+05:30,668.48,671.7,666.03,666.3,1299518
2018-07-18 09:45:00+05:30,666.3,666.65,664.0,664.43,990426
2018-07-18 10:15:00+05:30,664.45,664.48,660.0,660.0,716792
2018-07-18 10:45:00+05:30,660.0,661.45,657.5,660.75,656966
2018-07-18 11:15:00+05:30,660.78,664.08,659.85,663.85,367842
2018-07-18 11:45:00+05:30,663.6,664.98,661.13,662.55,248972
2018-07-18 12:15:00+05:30,662.6,662.6,658.5,658.75,497300
2018-07-18 12:45:00+05:30,658.75,659.98,658.5,659.23,253036
2018-07-18 13:15:00+05:30,659.08,660.33,658.03,659.33,323934
2018-07-18 13:45:00+05:30,659.35,659.98,657.0,658.35,328460
2018-07-18 14:15:00+05:30,658.28,659.45,657.13,659.18,282486
2018-07-18 14:45:00+05:30,659.18,662.0,658.4,661.38,467534
2018-07-18 15:15:00+05:30,661.4,662.5,660.65,662.25,471632
2018-07-19 09:15:00+05:30,662.5,665.95,661.55,662.85,585004
2018-07-19 09:45:00+05:30,662.75,663.65,657.7,659.5,570390
2018-07-19 10:15:00+05:30,659.5,661.23,657.5,657.63,352918
2018-07-19 10:45:00+05:30,657.93,660.68,657.55,658.58,310530
2018-07-19 11:15:00+05:30,658.58,660.5,657.88,660.0,196580
2018-07-19 11:45:00+05:30,660.0,660.75,658.33,659.23,197508
2018-07-19 12:15:00+05:30,659.23,659.23,657.05,657.78,264276
2018-07-19 12:45:00+05:30,657.98,660.0,657.85,659.48,204350
2018-07-19 13:15:00+05:30,659.48,659.5,657.53,657.75,251220
2018-07-19 13:45:00+05:30,657.75,658.23,654.68,656.7,674744
2018-07-19 14:15:00+05:30,656.7,657.7,655.93,656.93,447608
2018-07-19 14:45:00+05:30,656.93,659.5,656.83,658.63,577590
2018-07-19 15:15:00+05:30,658.55,659.0,657.0,657.98,479822
2018-07-20 09:15:00+05:30,663.5,673.43,660.7,671.88,1815512
2018-07-20 09:45:00+05:30,671.88,680.5,671.63,677.78,1720180
2018-07-20 10:15:00+05:30,678.0,680.0,676.05,678.55,763246
2018-07-20 10:45:00+05:30,678.6,683.58,678.48,680.75,1318692
2018-07-20 11:15:00+05:30,680.75,681.9,677.53,677.55,836778
2018-07-20 11:45:00+05:30,677.58,679.3,677.5,678.83,549922
2018-07-20 12:15:00+05:30,678.83,679.9,678.05,679.25,486776
2018-07-20 12:45:00+05:30,679.3,679.98,678.78,679.4,350178
2018-07-20 13:15:00+05:30,679.4,679.43,673.93,674.2,864634
2018-07-20 13:45:00+05:30,674.15,676.45,673.53,675.25,625082
2018-07-20 14:15:00+05:30,675.3,677.5,674.4,676.25,609394
2018-07-20 14:45:00+05:30,676.23,676.5,673.4,674.23,1060114
2018-07-20 15:15:00+05:30,674.5,676.38,673.35,675.55,696624
2018-07-23 09:15:00+05:30,677.0,684.0,675.18,676.95,1132450
2018-07-23 09:45:00+05:30,676.95,677.3,668.13,670.5,1106170
2018-07-23 10:15:00+05:30,670.65,673.8,670.5,672.3,290866
2018-07-23 10:45:00+05:30,672.35,676.5,672.3,675.1,712138
2018-07-23 11:15:00+05:30,675.13,676.38,671.85,673.35,531674
2018-07-23 11:45:00+05:30,673.35,673.53,671.65,673.48,315124
2018-07-23 12:15:00+05:30,673.5,676.9,673.28,675.65,405794
2018-07-23 12:45:00+05:30,675.65,676.0,674.38,675.7,421246
2018-07-23 13:15:00+05:30,675.73,677.48,675.5,676.73,360000
2018-07-23 13:45:00+05:30,676.73,676.78,674.1,674.1,307416
2018-07-23 14:15:00+05:30,674.13,678.25,671.5,676.88,957408
2018-07-23 14:45:00+05:30,677.05,679.4,676.55,678.58,649208
2018-07-23 15:15:00+05:30,678.55,679.6,675.1,676.1,475632
2018-07-24 09:15:00+05:30,684.0,684.28,678.1,681.75,938900
2018-07-24 09:45:00+05:30,682.13,683.78,681.05,682.03,499478
2018-07-24 10:15:00+05:30,682.03,682.95,681.0,682.7,298060
2018-07-24 10:45:00+05:30,682.55,683.38,681.53,682.95,288302
2018-07-24 11:15:00+05:30,682.95,686.0,682.03,683.58,409316
2018-07-24 11:45:00+05:30,683.58,684.43,681.8,683.98,279698
2018-07-24 12:15:00+05:30,684.08,685.38,682.15,683.98,565382
2018-07-24 12:45:00+05:30,683.98,684.38,683.08,684.28,251018
2018-07-24 13:15:00+05:30,684.28,684.38,682.1,683.4,240904
2018-07-24 13:45:00+05:30,683.4,685.08,683.33,684.0,255716
2018-07-24 14:15:00+05:30,684.08,684.2,682.93,683.93,254678
2018-07-24 14:45:00+05:30,683.88,690.95,683.7,688.35,1142370
2018-07-24 15:15:00+05:30,688.3,691.08,686.5,687.68,711430
2018-07-25 09:15:00+05:30,689.45,689.88,683.43,684.45,489530
2018-07-25 09:45:00+05:30,684.45,687.85,682.75,687.5,379098
2018-07-25 10:15:00+05:30,687.58,693.48,686.78,691.7,685642
2018-07-25 10:45:00+05:30,691.95,696.7,691.5,692.95,819386
2018-07-25 11:15:00+05:30,693.0,694.65,691.13,691.9,382800
2018-07-25 11:45:00+05:30,692.0,692.08,689.25,689.93,369932
2018-07-25 12:15:00+05:30,689.93,691.5,688.8,690.7,604340
2018-07-25 12:45:00+05:30,690.9,692.33,689.25,690.6,385296
2018-07-25 13:15:00+05:30,690.58,693.18,690.5,692.8,273286
2018-07-25 13:45:00+05:30,692.73,695.0,692.35,694.48,695522
2018-07-25 14:15:00+05:30,694.45,694.63,693.98,694.5,503724
2018-07-25 14:45:00+05:30,694.48,694.5,692.2,692.5,734476
2018-07-25 15:15:00+05:30,692.38,692.5,689.73,690.58,606612
2018-07-26 09:15:00+05:30,689.28,695.1,688.63,691.43,776532
2018-07-26 09:45:00+05:30,691.43,691.75,687.5,688.73,457090
2018-07-26 10:15:00+05:30,688.73,692.88,688.55,692.63,360844
2018-07-26 10:45:00+05:30,692.63,694.7,692.25,693.0,337702
2018-07-26 11:15:00+05:30,693.0,694.45,690.3,690.63,253468
2018-07-26 11:45:00+05:30,690.63,691.35,688.28,690.0,413756
2018-07-26 12:15:00+05:30,690.0,690.0,687.63,688.78,276654
2018-07-26 12:45:00+05:30,688.8,689.38,687.25,688.03,599554
2018-07-26 13:15:00+05:30,688.08,691.5,687.5,689.6,530766
2018-07-26 13:45:00+05:30,689.6,690.75,687.1,687.15,333880
2018-07-26 14:15:00+05:30,687.15,687.6,684.6,684.85,578624
2018-07-26 14:45:00+05:30,684.65,688.03,684.6,686.03,1432858
2018-07-26 15:15:00+05:30,686.03,687.95,685.7,686.85,999378
2018-07-27 09:15:00+05:30,686.58,690.98,684.45,687.98,617896
2018-07-27 09:45:00+05:30,687.95,690.8,686.93,690.0,369706
2018-07-27 10:15:00+05:30,689.98,694.43,689.83,691.85,597678
2018-07-27 10:45:00+05:30,691.83,693.48,691.13,691.98,264244
2018-07-27 11:15:00+05:30,691.7,692.73,689.3,690.5,283924
2018-07-27 11:45:00+05:30,690.23,691.0,688.5,688.5,764010
2018-07-27 12:15:00+05:30,688.25,688.63,686.65,687.5,321346
2018-07-27 12:45:00+05:30,687.5,688.13,686.88,687.48,258494
2018-07-27 13:15:00+05:30,687.48,688.88,687.28,687.63,182170
2018-07-27 13:45:00+05:30,687.65,689.05,686.5,686.9,344266
2018-07-27 14:15:00+05:30,686.93,688.23,686.68,687.25,664854
2018-07-27 14:45:00+05:30,687.13,687.53,686.03,687.23,974542
2018-07-27 15:15:00+05:30,687.08,687.35,684.83,685.38,845052
2018-07-30 09:15:00+05:30,685.0,685.73,679.25,679.7,679982
2018-07-30 09:45:00+05:30,679.7,680.25,678.0,678.08,420976
2018-07-30 10:15:00+05:30,678.0,679.0,677.05,677.63,585900
2018-07-30 10:45:00+05:30,677.63,680.48,677.33,680.0,556760
2018-07-30 11:15:00+05:30,680.03,680.28,678.9,679.88,335700
2018-07-30 11:45:00+05:30,679.88,679.98,677.63,677.63,223670
2018-07-30 12:15:00+05:30,677.63,680.0,677.5,680.0,359842
2018-07-30 12:45:00+05:30,680.0,680.3,678.88,679.38,344660
2018-07-30 13:15:00+05:30,679.38,680.0,678.55,679.0,342094
2018-07-30 13:45:00+05:30,679.03,679.63,677.5,677.78,588948
2018-07-30 14:15:00+05:30,678.0,678.75,677.33,677.58,498666
2018-07-30 14:45:00+05:30,677.73,677.98,674.08,676.53,919874
2018-07-30 15:15:00+05:30,676.53,676.95,674.2,675.5,526622
2018-07-31 09:15:00+05:30,674.28,675.45,668.83,673.78,919300
2018-07-31 09:45:00+05:30,673.78,675.88,672.25,672.7,519092
2018-07-31 10:15:00+05:30,672.7,672.7,668.25,668.28,419876
2018-07-31 10:45:00+05:30,668.28,671.93,667.78,671.55,436420
2018-07-31 11:15:00+05:30,671.4,671.75,670.0,671.3,303858
2018-07-31 11:45:00+05:30,670.95,671.6,670.0,671.15,387504
2018-07-31 12:15:00+05:30,671.15,673.48,670.88,671.2,302384
2018-07-31 12:45:00+05:30,671.15,672.65,670.85,671.28,419638
2018-07-31 13:15:00+05:30,671.3,672.33,671.0,671.93,372272
2018-07-31 13:45:00+05:30,671.88,674.0,671.55,672.65,403014
2018-07-31 14:15:00+05:30,672.68,676.85,671.7,674.7,523484
2018-07-31 14:45:00+05:30,674.73,683.6,674.73,683.55,1639522
2018-07-31 15:15:00+05:30,683.73,685.0,682.5,684.0,1285692
2018-08-01 09:15:00+05:30,681.5,684.23,676.8,678.8,599562
2018-08-01 09:45:00+05:30,678.8,679.25,675.75,676.43,278582
2018-08-01 10:15:00+05:30,676.43,677.88,676.35,677.53,213736
2018-08-01 10:45:00+05:30,677.53,678.25,677.25,678.2,193822
2018-08-01 11:15:00+05:30,678.2,679.9,677.08,677.63,350518
2018-08-01 11:45:00+05:30,677.63,679.15,677.08,679.05,230298
2018-08-01 12:15:00+05:30,679.05,679.15,676.55,678.9,348768
2018-08-01 12:45:00+05:30,678.9,679.4,678.3,679.0,202314
2018-08-01 13:15:00+05:30,679.0,679.2,677.18,677.18,211466
2018-08-01 13:45:00+05:30,677.18,678.5,676.5,677.23,338676
2018-08-01 14:15:00+05:30,677.23,678.73,676.73,678.15,340272
2018-08-01 14:45:00+05:30,678.15,678.5,676.53,677.25,725078
2018-08-01 15:15:00+05:30,677.05,677.73,675.5,676.0,635004
2018-08-02 09:15:00+05:30,679.98,682.23,678.75,680.8,463518
2018-08-02 09:45:00+05:30,680.7,682.5,678.88,681.18,291664
2018-08-02 10:15:00+05:30,681.1,683.35,680.33,681.0,236882
2018-08-02 10:45:00+05:30,681.0,681.0,679.15,679.7,348152
2018-08-02 11:15:00+05:30,679.7,680.08,677.55,679.7,2334460
2018-08-02 11:45:00+05:30,679.7,679.88,678.0,678.33,238738
2018-08-02 12:15:00+05:30,678.35,679.35,678.0,679.3,255874
2018-08-02 12:45:00+05:30,679.33,680.33,678.4,678.63,236040
2018-08-02 13:15:00+05:30,678.5,679.2,678.0,678.2,176984
2018-08-02 13:45:00+05:30,678.33,678.55,675.23,675.63,302036
2018-08-02 14:15:00+05:30,675.63,677.3,675.25,677.3,218132
2018-08-02 14:45:00+05:30,677.43,678.48,675.33,677.5,459690
2018-08-02 15:15:00+05:30,677.5,677.5,675.5,676.7,370384
2018-08-03 09:15:00+05:30,682.73,683.0,678.0,678.25,725844
2018-08-03 09:45:00+05:30,678.25,681.78,678.25,681.25,377848
2018-08-03 10:15:00+05:30,681.48,682.5,681.05,681.48,406754
2018-08-03 10:45:00+05:30,681.48,681.5,679.53,679.73,216902
2018-08-03 11:15:00+05:30,679.7,681.83,679.15,681.03,227276
2018-08-03 11:45:00+05:30,681.03,681.15,680.0,680.13,136356
2018-08-03 12:15:00+05:30,680.13,680.83,679.98,680.8,194808
2018-08-03 12:45:00+05:30,680.8,681.45,679.75,681.13,165470
2018-08-03 13:15:00+05:30,681.13,681.78,679.5,680.2,245370
2018-08-03 13:45:00+05:30,680.2,680.5,679.25,679.95,183942
2018-08-03 14:15:00+05:30,680.0,681.13,679.65,680.83,228886
2018-08-03 14:45:00+05:30,680.83,683.0,679.65,682.4,513942
2018-08-03 15:15:00+05:30,682.4,683.0,681.3,682.88,321800
2018-08-06 09:15:00+05:30,683.2,687.5,683.2,685.28,479406
2018-08-06 09:45:00+05:30,685.3,685.78,677.5,678.98,1320384
2018-08-06 10:15:00+05:30,678.98,680.5,678.28,680.23,272706
2018-08-06 10:45:00+05:30,680.23,681.78,679.38,679.48,146848
2018-08-06 11:15:00+05:30,679.48,680.58,679.48,679.85,147900
2018-08-06 11:45:00+05:30,679.73,680.98,678.75,679.28,129088
2018-08-06 12:15:00+05:30,679.28,679.63,675.0,675.98,608876
2018-08-06 12:45:00+05:30,676.13,678.38,673.85,678.33,1035428
2018-08-06 13:15:00+05:30,678.33,678.88,677.6,678.05,129778
2018-08-06 13:45:00+05:30,678.03,678.8,677.03,677.63,644152
2018-08-06 14:15:00+05:30,677.63,678.38,676.5,678.28,125134
2018-08-06 14:45:00+05:30,678.28,680.5,677.4,679.95,604748
2018-08-06 15:15:00+05:30,680.0,683.6,679.6,682.0,521512
2018-08-07 09:15:00+05:30,687.38,689.48,682.8,682.93,547866
2018-08-07 09:45:00+05:30,682.93,684.78,682.75,683.53,118646
2018-08-07 10:15:00+05:30,683.53,685.45,683.03,684.5,309272
2018-08-07 10:45:00+05:30,684.55,685.0,683.7,684.35,202726
2018-08-07 11:15:00+05:30,684.35,684.48,680.33,682.03,269450
2018-08-07 11:45:00+05:30,682.0,683.88,681.88,682.25,3204284
2018-08-07 12:15:00+05:30,682.28,683.78,681.63,682.5,642908
2018-08-07 12:45:00+05:30,682.3,684.0,682.2,683.83,145798
2018-08-07 13:15:00+05:30,683.85,684.65,682.65,684.18,209844
2018-08-07 13:45:00+05:30,684.2,684.8,682.65,683.25,228444
2018-08-07 14:15:00+05:30,683.25,684.98,682.5,684.85,310284
2018-08-07 14:45:00+05:30,684.75,684.9,682.28,684.55,594442
2018-08-07 15:15:00+05:30,684.5,686.18,683.15,683.5,549894
2018-08-08 09:15:00+05:30,685.13,686.25,676.7,680.45,797682
2018-08-08 09:45:00+05:30,680.45,681.28,678.9,679.55,166600
2018-08-08 10:15:00+05:30,679.6,680.5,678.38,680.48,124370
2018-08-08 10:45:00+05:30,680.48,681.5,679.78,680.45,277300
2018-08-08 11:15:00+05:30,680.48,681.08,680.0,680.8,224152
2018-08-08 11:45:00+05:30,680.8,682.18,680.05,681.3,152260
2018-08-08 12:15:00+05:30,681.3,682.0,680.2,681.95,119648
2018-08-08 12:45:00+05:30,681.95,682.8,681.3,682.5,174314
2018-08-08 13:15:00+05:30,682.5,684.75,681.68,682.0,241088
2018-08-08 13:45:00+05:30,681.93,682.73,681.35,682.4,127588
2018-08-08 14:15:00+05:30,682.4,682.5,681.5,682.0,171202
2018-08-08 14:45:00+05:30,682.0,682.25,680.73,681.2,690718
2018-08-08 15:15:00+05:30,681.1,681.88,680.05,681.0,720656
2018-08-09 09:15:00+05:30,686.83,690.68,686.83,689.95,1512970
2018-08-09 09:45:00+05:30,689.98,693.8,689.33,692.5,702712
2018-08-09 10:15:00+05:30,692.6,694.7,690.85,691.38,384540
2018-08-09 10:45:00+05:30,691.28,693.28,691.03,692.3,325786
2018-08-09 11:15:00+05:30,692.25,693.5,691.85,693.45,423652
2018-08-09 11:45:00+05:30,693.43,694.0,692.93,693.25,496152
2018-08-09 12:15:00+05:30,693.3,693.68,690.65,691.0,466670
2018-08-09 12:45:00+05:30,691.0,691.4,689.63,690.0,301184
2018-08-09 13:15:00+05:30,690.0,690.93,689.68,690.33,183154
2018-08-09 13:45:00+05:30,690.33,690.9,690.25,690.5,143964
2018-08-09 14:15:00+05:30,690.5,691.0,689.75,690.05,190592
2018-08-09 14:45:00+05:30,690.05,690.45,689.3,689.9,532532
2018-08-09 15:15:00+05:30,690.13,690.83,689.55,689.63,730114
2018-08-10 09:15:00+05:30,693.25,693.5,687.0,688.5,677708
2018-08-10 09:45:00+05:30,688.65,689.98,686.53,687.58,275004
2018-08-10 10:15:00+05:30,687.63,688.75,686.88,688.03,119510
2018-08-10 10:45:00+05:30,688.03,689.25,687.6,688.4,123380
2018-08-10 11:15:00+05:30,688.4,688.75,686.73,686.85,190494
2018-08-10 11:45:00+05:30,686.75,687.78,686.7,686.7,216478
2018-08-10 12:15:00+05:30,686.7,687.9,686.7,687.25,335098
2018-08-10 12:45:00+05:30,687.33,687.83,686.7,686.88,315426
2018-08-10 13:15:00+05:30,686.88,688.95,686.75,688.93,294500
2018-08-10 13:45:00+05:30,688.95,692.3,688.4,690.03,353086
2018-08-10 14:15:00+05:30,690.3,693.0,689.35,692.48,298086
2018-08-10 14:45:00+05:30,692.48,694.45,691.15,693.0,1168016
2018-08-10 15:15:00+05:30,693.0,694.48,689.0,691.13,398944
2018-08-13 09:15:00+05:30,694.5,700.0,692.1,692.9,1444256
2018-08-13 09:45:00+05:30,692.9,693.25,689.35,691.75,368784
2018-08-13 10:15:00+05:30,691.7,694.1,689.8,693.55,330690
2018-08-13 10:45:00+05:30,693.55,695.0,693.13,694.0,201214
2018-08-13 11:15:00+05:30,694.0,694.38,693.03,694.1,192542
2018-08-13 11:45:00+05:30,694.0,694.55,693.55,694.38,409432
2018-08-13 12:15:00+05:30,694.05,699.65,694.0,699.58,527912
2018-08-13 12:45:00+05:30,699.58,703.95,699.5,703.0,984326
2018-08-13 13:15:00+05:30,703.0,704.73,702.5,703.03,546218
2018-08-13 13:45:00+05:30,703.43,703.85,702.5,703.2,516400
2018-08-13 14:15:00+05:30,703.2,703.75,702.75,703.5,455382
2018-08-13 14:45:00+05:30,703.58,704.9,703.08,704.28,3304886
2018-08-13 15:15:00+05:30,704.25,704.6,703.98,704.0,683350
2018-08-14 09:15:00+05:30,706.0,709.23,702.0,704.0,1085858
2018-08-14 09:45:00+05:30,703.53,704.5,702.05,704.43,215958
2018-08-14 10:15:00+05:30,704.5,708.95,703.23,708.28,448932
2018-08-14 10:45:00+05:30,708.28,711.85,707.03,711.65,554550
2018-08-14 11:15:00+05:30,711.7,712.23,707.25,709.3,722532
2018-08-14 11:45:00+05:30,709.38,710.75,709.08,710.45,351596
2018-08-14 12:15:00+05:30,710.45,711.0,707.75,709.83,428460
2018-08-14 12:45:00+05:30,709.75,710.0,707.68,708.48,249332
2018-08-14 13:15:00+05:30,708.48,708.93,706.15,707.23,249766
2018-08-14 13:45:00+05:30,707.23,707.98,706.55,707.0,276202
2018-08-14 14:15:00+05:30,706.95,709.35,706.75,707.48,317026
2018-08-14 14:45:00+05:30,707.25,707.7,703.35,703.85,767170
2018-08-14 15:15:00+05:30,703.83,705.0,702.7,703.73,470754
2018-08-16 09:15:00+05:30,707.5,711.55,706.08,710.33,1092388
2018-08-16 09:45:00+05:30,710.2,713.45,710.2,713.4,643792
2018-08-16 10:15:00+05:30,713.4,714.78,711.58,714.73,507580
2018-08-16 10:45:00+05:30,714.83,716.0,713.05,714.08,533188
2018-08-16 11:15:00+05:30,714.1,715.95,712.05,713.85,468322
2018-08-16 11:45:00+05:30,713.85,714.85,712.9,713.5,242308
2018-08-16 12:15:00+05:30,713.5,713.5,712.4,713.15,259728
2018-08-16 12:45:00+05:30,713.18,713.95,712.75,713.63,275664
2018-08-16 13:15:00+05:30,713.63,715.0,712.65,714.3,369830
2018-08-16 13:45:00+05:30,714.33,717.0,714.33,717.0,451220
2018-08-16 14:15:00+05:30,717.0,717.45,713.0,714.63,505230
2018-08-16 14:45:00+05:30,714.55,716.53,714.0,714.23,635606
2018-08-16 15:15:00+05:30,714.23,715.5,714.13,715.25,618004
2018-08-17 09:15:00+05:30,715.8,716.63,711.5,715.0,931980
2018-08-17 09:45:00+05:30,715.0,718.83,715.0,715.23,600268
2018-08-17 10:15:00+05:30,715.23,716.58,715.08,716.13,284132
2018-08-17 10:45:00+05:30,716.15,718.0,716.13,717.88,409156
2018-08-17 11:15:00+05:30,717.95,717.95,716.45,716.73,302052
2018-08-17 11:45:00+05:30,716.75,716.8,715.5,715.9,236098
2018-08-17 12:15:00+05:30,715.9,716.2,714.0,714.03,856662
2018-08-17 12:45:00+05:30,714.0,715.43,713.6,715.3,679794
2018-08-17 13:15:00+05:30,715.3,716.5,715.0,716.2,427210
2018-08-17 13:45:00+05:30,716.2,716.48,712.1,713.63,466956
2018-08-17 14:15:00+05:30,713.63,716.25,713.63,715.48,251822
2018-08-17 14:45:00+05:30,715.45,717.45,713.83,714.4,533402
2018-08-17 15:15:00+05:30,714.5,715.45,713.28,713.58,382506
2018-08-20 09:15:00+05:30,693.2,699.75,686.85,698.35,4093304
2018-08-20 09:45:00+05:30,698.35,703.35,698.05,700.75,1596460
2018-08-20 10:15:00+05:30,700.68,701.5,698.25,699.0,656516
2018-08-20 10:45:00+05:30,698.8,699.5,696.03,696.53,990310
2018-08-20 11:15:00+05:30,696.68,696.83,692.1,694.15,1438644
2018-08-20 11:45:00+05:30,694.35,695.85,693.03,694.68,587446
2018-08-20 12:15:00+05:30,694.68,694.88,692.53,693.68,590314
2018-08-20 12:45:00+05:30,693.68,694.48,693.0,693.05,534120
2018-08-20 13:15:00+05:30,693.1,693.75,691.0,692.53,764104
2018-08-20 13:45:00+05:30,692.63,692.93,690.0,691.75,1109374
2018-08-20 14:15:00+05:30,691.93,694.15,690.5,692.28,929808
2018-08-20 14:45:00+05:30,692.58,693.35,690.55,690.78,1135092
2018-08-20 15:15:00+05:30,690.78,695.25,690.05,694.1,1598172
2018-08-21 09:15:00+05:30,697.98,697.98,687.5,689.0,1633770
2018-08-21 09:45:00+05:30,688.95,692.85,688.08,692.53,957628
2018-08-21 10:15:00+05:30,692.65,695.6,690.7,692.7,857350
2018-08-21 10:45:00+05:30,692.63,692.65,686.95,687.98,542072
2018-08-21 11:15:00+05:30,688.0,690.45,687.75,689.35,310478
2018-08-21 11:45:00+05:30,689.25,690.95,688.5,689.05,986386
2018-08-21 12:15:00+05:30,689.05,690.75,689.0,690.55,277320
2018-08-21 12:45:00+05:30,690.55,691.25,689.63,690.2,297828
2018-08-21 13:15:00+05:30,690.2,690.68,689.0,689.6,317540
2018-08-21 13:45:00+05:30,689.6,690.7,689.18,690.0,306726
2018-08-21 14:15:00+05:30,690.03,693.5,690.0,693.03,552592
2018-08-21 14:45:00+05:30,693.03,693.73,691.03,692.05,656410
2018-08-21 15:15:00+05:30,692.13,693.48,691.5,692.6,648136
2018-08-23 09:15:00+05:30,696.35,698.0,693.0,697.23,1518304
2018-08-23 09:45:00+05:30,697.23,697.73,695.38,696.48,578692
2018-08-23 10:15:00+05:30,696.38,697.75,694.15,696.3,559334
2018-08-23 10:45:00+05:30,696.3,696.95,694.45,695.55,320846
2018-08-23 11:15:00+05:30,695.7,695.98,692.68,694.3,631778
2018-08-23 11:45:00+05:30,694.3,695.45,693.5,695.38,386938
2018-08-23 12:15:00+05:30,695.4,695.4,694.5,695.08,287284
2018-08-23 12:45:00+05:30,695.08,695.8,695.0,695.43,317896
2018-08-23 13:15:00+05:30,695.48,696.65,695.0,695.6,443138
2018-08-23 13:45:00+05:30,695.85,697.5,695.35,696.88,391440
2018-08-23 14:15:00+05:30,696.95,700.5,696.1,700.38,655376
2018-08-23 14:45:00+05:30,700.55,700.73,696.75,698.88,986534
2018-08-23 15:15:00+05:30,698.88,700.38,698.5,700.0,611592
2018-08-24 09:15:00+05:30,697.88,700.95,694.0,695.5,810364
2018-08-24 09:45:00+05:30,695.53,697.3,695.48,696.48,297434
2018-08-24 10:15:00+05:30,696.35,697.05,693.3,697.05,1386472
2018-08-24 10:45:00+05:30,697.05,698.13,695.0,695.6,278322
2018-08-24 11:15:00+05:30,695.6,695.6,695.0,695.1,203542
2018-08-24 11:45:00+05:30,695.1,696.58,694.58,696.05,207780
2018-08-24 12:15:00+05:30,696.05,696.28,694.15,694.45,275182
2018-08-24 12:45:00+05:30,694.45,694.9,693.0,694.35,290118
2018-08-24 13:15:00+05:30,694.38,695.45,693.85,694.6,394158
2018-08-24 13:45:00+05:30,694.6,694.98,691.28,691.75,489106
2018-08-24 14:15:00+05:30,691.83,692.75,689.03,689.65,686088
2018-08-24 14:45:00+05:30,689.75,690.0,688.13,689.8,1040524
2018-08-24 15:15:00+05:30,689.8,690.0,688.05,689.68,672770
2018-08-27 09:15:00+05:30,691.75,698.3,691.5,696.53,665936
2018-08-27 09:45:00+05:30,696.53,698.5,696.13,698.23,318720
2018-08-27 10:15:00+05:30,698.28,700.13,698.23,699.95,553864
2018-08-27 10:45:00+05:30,699.95,700.7,699.05,700.08,403692
2018-08-27 11:15:00+05:30,700.08,701.5,699.23,701.5,387836
2018-08-27 11:45:00+05:30,701.48,702.0,700.2,700.6,368886
2018-08-27 12:15:00+05:30,700.55,702.5,700.53,702.35,327306
2018-08-27 12:45:00+05:30,702.38,705.0,702.18,704.58,544916
2018-08-27 13:15:00+05:30,704.65,706.43,703.0,704.05,661818
2018-08-27 13:45:00+05:30,704.05,706.25,703.85,706.0,474392
2018-08-27 14:15:00+05:30,705.9,707.25,705.28,706.93,540722
2018-08-27 14:45:00+05:30,706.95,708.03,704.88,707.95,980024
2018-08-27 15:15:00+05:30,707.95,709.78,707.15,708.0,772124
2018-08-28 09:15:00+05:30,707.6,712.5,706.15,710.65,966230
2018-08-28 09:45:00+05:30,710.75,714.2,710.65,714.15,537584
2018-08-28 10:15:00+05:30,714.15,717.75,714.13,717.68,842562
2018-08-28 10:45:00+05:30,717.8,719.18,716.28,716.7,593942
2018-08-28 11:15:00+05:30,716.65,717.0,714.38,716.8,455218
2018-08-28 11:45:00+05:30,716.78,717.5,715.0,715.03,344830
2018-08-28 12:15:00+05:30,715.13,716.0,715.0,715.3,430156
2018-08-28 12:45:00+05:30,715.38,715.45,713.15,713.98,408518
2018-08-28 13:15:00+05:30,714.0,714.75,713.9,714.6,234868
2018-08-28 13:45:00+05:30,714.5,715.48,713.5,715.25,284576
2018-08-28 14:15:00+05:30,715.25,715.33,713.65,714.38,248008
2018-08-28 14:45:00+05:30,714.38,714.5,711.73,712.5,620382
2018-08-28 15:15:00+05:30,712.5,713.0,710.8,713.0,485300
2018-08-29 09:15:00+05:30,716.45,716.45,704.33,706.53,798256
2018-08-29 09:45:00+05:30,706.53,708.95,705.53,707.1,388516
2018-08-29 10:15:00+05:30,707.0,707.43,702.6,705.13,452736
2018-08-29 10:45:00+05:30,705.13,707.83,704.78,707.43,276314
2018-08-29 11:15:00+05:30,707.43,707.93,705.75,707.5,225722
2018-08-29 11:45:00+05:30,707.5,708.05,706.25,706.9,597724
2018-08-29 12:15:00+05:30,706.9,707.45,705.5,706.9,589618
2018-08-29 12:45:00+05:30,706.9,707.0,705.45,706.0,329386
2018-08-29 13:15:00+05:30,705.98,706.93,704.13,706.7,500082
2018-08-29 13:45:00+05:30,706.7,706.95,705.6,706.33,222830
2018-08-29 14:15:00+05:30,706.33,706.5,705.38,706.1,247276
2018-08-29 14:45:00+05:30,706.05,706.53,705.28,705.28,580098
2018-08-29 15:15:00+05:30,705.5,706.4,703.03,705.5,419652
2018-08-30 09:15:00+05:30,706.4,708.88,705.5,707.1,529226
2018-08-30 09:45:00+05:30,707.08,707.1,702.05,702.85,391092
2018-08-30 10:15:00+05:30,702.75,705.98,702.1,705.25,329274
2018-08-30 10:45:00+05:30,705.25,705.98,702.55,703.23,196548
2018-08-30 11:15:00+05:30,703.23,703.83,702.85,703.6,182676
2018-08-30 11:45:00+05:30,703.6,707.38,703.5,706.5,432904
2018-08-30 12:15:00+05:30,706.53,707.2,703.0,703.28,465638
2018-08-30 12:45:00+05:30,703.28,703.95,700.05,700.05,519676
2018-08-30 13:15:00+05:30,700.05,701.7,699.25,700.58,583878
2018-08-30 13:45:00+05:30,700.58,701.58,699.6,700.1,442392
2018-08-30 14:15:00+05:30,700.05,701.53,698.08,700.5,502032
2018-08-30 14:45:00+05:30,700.4,709.85,699.53,708.93,3917454
2018-08-30 15:15:00+05:30,708.93,710.6,708.5,709.05,3010726
2018-08-31 09:15:00+05:30,712.45,727.15,710.55,723.33,1860720
2018-08-31 09:45:00+05:30,723.33,724.35,720.7,722.98,459308
2018-08-31 10:15:00+05:30,722.98,723.0,716.73,717.4,673554
2018-08-31 10:45:00+05:30,717.48,719.28,715.68,717.18,470340
2018-08-31 11:15:00+05:30,717.5,718.13,716.15,717.98,304604
2018-08-31 11:45:00+05:30,717.98,718.43,717.53,718.0,470682
2018-08-31 12:15:00+05:30,718.0,718.28,717.55,718.0,367964
2018-08-31 12:45:00+05:30,717.93,718.35,716.8,718.0,356180
2018-08-31 13:15:00+05:30,718.0,718.58,717.5,718.5,543952
2018-08-31 13:45:00+05:30,718.05,718.63,717.5,718.1,710102
2018-08-31 14:15:00+05:30,718.0,718.48,717.63,717.98,573290
2018-08-31 14:45:00+05:30,718.0,722.5,717.5,721.4,2313360
2018-08-31 15:15:00+05:30,721.4,722.08,718.33,720.0,1750966
2018-09-03 09:15:00+05:30,723.85,733.95,721.58,733.8,1964784
2018-09-03 09:45:00+05:30,733.85,733.85,727.0,728.3,830744
2018-09-03 10:15:00+05:30,728.3,731.0,725.05,725.28,703136
2018-09-03 10:45:00+05:30,725.28,728.05,725.18,727.98,501788
2018-09-03 11:15:00+05:30,728.25,728.25,725.78,727.13,486088
2018-09-03 11:45:00+05:30,727.2,729.5,726.63,728.0,751548
2018-09-03 12:15:00+05:30,727.5,728.0,726.05,727.5,733932
2018-09-03 12:45:00+05:30,727.45,727.95,726.15,727.4,737342
2018-09-03 13:15:00+05:30,727.4,727.65,724.2,725.98,1064146
2018-09-03 13:45:00+05:30,725.63,726.35,722.53,724.25,693610
2018-09-03 14:15:00+05:30,724.38,724.95,721.0,722.5,780936
2018-09-03 14:45:00+05:30,722.5,722.5,715.0,717.25,1206918
2018-09-03 15:15:00+05:30,717.33,718.55,716.53,718.1,485710
2018-09-04 09:15:00+05:30,722.9,734.6,716.75,734.5,1879140
2018-09-04 09:45:00+05:30,734.65,747.0,733.05,745.35,2955958
2018-09-04 10:15:00+05:30,745.0,748.4,743.8,746.5,2054173
2018-09-04 10:45:00+05:30,746.3,747.0,737.6,742.0,1509382
2018-09-04 11:15:00+05:30,742.0,742.45,738.35,741.85,759225
2018-09-04 11:45:00+05:30,741.9,743.0,741.5,741.95,509946
2018-09-04 12:15:00+05:30,741.9,742.7,738.6,739.9,505468
2018-09-04 12:45:00+05:30,740.0,740.0,734.05,738.75,715118
2018-09-04 13:15:00+05:30,738.7,740.4,738.0,740.0,464691
2018-09-04 13:45:00+05:30,740.0,740.05,738.0,739.85,481469
2018-09-04 14:15:00+05:30,739.8,740.2,734.5,739.6,644651
2018-09-04 14:45:00+05:30,739.55,740.45,734.95,735.0,2016711
2018-09-04 15:15:00+05:30,735.2,735.2,731.7,733.45,862895
2018-09-05 09:15:00+05:30,740.0,740.9,725.55,732.0,1647629
2018-09-05 09:45:00+05:30,731.85,739.3,731.7,738.85,1064256
2018-09-05 10:15:00+05:30,738.8,744.0,738.2,741.1,1028125
2018-09-05 10:45:00+05:30,740.65,742.5,739.05,740.85,424686
2018-09-05 11:15:00+05:30,741.0,741.75,737.7,739.3,380860
2018-09-05 11:45:00+05:30,739.3,740.55,734.05,734.95,448110
2018-09-05 12:15:00+05:30,734.85,737.0,733.35,734.55,326880
2018-09-05 12:45:00+05:30,734.55,736.4,732.25,734.55,360406
2018-09-05 13:15:00+05:30,734.75,735.3,732.0,733.9,256407
2018-09-05 13:45:00+05:30,733.9,736.75,731.15,732.85,415719
2018-09-05 14:15:00+05:30,733.0,734.95,732.2,733.35,483784
2018-09-05 14:45:00+05:30,733.2,733.95,728.6,728.6,1013547
2018-09-05 15:15:00+05:30,728.75,730.75,727.2,728.9,775896
2018-09-06 09:15:00+05:30,733.1,734.0,724.2,731.95,956897
2018-09-06 09:45:00+05:30,731.85,733.35,731.05,731.45,278793
2018-09-06 10:15:00+05:30,731.45,732.75,730.0,730.65,217342
2018-09-06 10:45:00+05:30,730.65,734.9,730.1,734.45,247658
2018-09-06 11:15:00+05:30,734.4,734.95,732.0,732.65,190865
2018-09-06 11:45:00+05:30,732.65,733.4,731.0,733.15,185872
2018-09-06 12:15:00+05:30,733.35,734.2,732.8,733.0,168475
2018-09-06 12:45:00+05:30,733.0,733.35,730.1,732.65,223674
2018-09-06 13:15:00+05:30,732.7,733.5,730.65,732.95,252803
2018-09-06 13:45:00+05:30,733.2,733.4,730.65,730.85,347497
2018-09-06 14:15:00+05:30,731.0,732.6,730.75,732.1,418941
2018-09-06 14:45:00+05:30,732.1,732.1,725.7,726.95,1330588
2018-09-06 15:15:00+05:30,726.9,727.95,724.7,726.0,761489
2018-09-07 09:15:00+05:30,734.9,734.9,724.0,726.5,1729354
2018-09-07 09:45:00+05:30,726.55,727.5,725.05,726.6,548507
2018-09-07 10:15:00+05:30,726.6,732.0,726.4,730.65,549647
2018-09-07 10:45:00+05:30,730.65,733.85,730.5,731.95,618327
2018-09-07 11:15:00+05:30,732.0,734.5,731.6,733.65,330084
2018-09-07 11:45:00+05:30,733.7,735.0,732.0,733.45,316869
2018-09-07 12:15:00+05:30,733.45,733.95,731.0,731.8,257293
2018-09-07 12:45:00+05:30,731.75,733.2,730.5,733.0,335059
2018-09-07 13:15:00+05:30,733.0,733.2,731.05,732.4,305425
2018-09-07 13:45:00+05:30,732.45,733.65,731.4,733.4,268869
2018-09-07 14:15:00+05:30,733.35,733.4,732.0,732.45,262594
2018-09-07 14:45:00+05:30,732.5,733.45,730.55,733.0,608430
2018-09-07 15:15:00+05:30,732.95,735.0,732.65,734.0,330143
2018-09-10 09:15:00+05:30,739.65,746.85,737.0,738.35,796201
2018-09-10 09:45:00+05:30,738.5,739.95,736.15,739.0,293968
2018-09-10 10:15:00+05:30,739.0,739.6,738.05,738.6,166928
2018-09-10 10:45:00+05:30,738.6,743.0,738.6,740.8,391805
2018-09-10 11:15:00+05:30,740.8,742.95,739.35,740.0,242829
2018-09-10 11:45:00+05:30,739.95,740.65,732.1,732.1,384158
2018-09-10 12:15:00+05:30,732.15,735.0,730.75,734.15,364303
2018-09-10 12:45:00+05:30,734.5,738.0,733.85,736.6,345666
2018-09-10 13:15:00+05:30,736.75,738.45,735.8,738.1,186188
2018-09-10 13:45:00+05:30,738.1,739.5,737.45,738.5,317003
2018-09-10 14:15:00+05:30,738.65,738.95,735.55,736.9,311756
2018-09-10 14:45:00+05:30,736.9,736.95,729.7,730.15,991836
2018-09-10 15:15:00+05:30,730.1,734.0,729.45,734.0,832456
2018-09-11 09:15:00+05:30,735.75,744.7,735.75,739.95,1535709
2018-09-11 09:45:00+05:30,740.0,741.95,739.95,740.9,320973
2018-09-11 10:15:00+05:30,740.9,742.9,740.8,742.3,270695
2018-09-11 10:45:00+05:30,742.3,742.85,740.95,741.65,238192
2018-09-11 11:15:00+05:30,741.65,741.95,739.65,741.0,260337
2018-09-11 11:45:00+05:30,741.0,741.5,740.0,740.0,378285
2018-09-11 12:15:00+05:30,740.0,740.95,739.4,740.25,248498
2018-09-11 12:45:00+05:30,740.25,740.65,740.0,740.0,182162
2018-09-11 13:15:00+05:30,740.05,740.4,737.0,737.15,415667
2018-09-11 13:45:00+05:30,737.2,738.9,737.0,738.15,607696
2018-09-11 14:15:00+05:30,738.15,738.7,734.35,737.0,760728
2018-09-11 14:45:00+05:30,737.0,737.75,732.45,733.3,1084907
2018-09-11 15:15:00+05:30,733.25,734.75,732.0,733.7,647348
2018-09-12 09:15:00+05:30,744.95,745.8,737.3,739.45,939225
2018-09-12 09:45:00+05:30,739.45,740.1,736.35,738.7,356584
2018-09-12 10:15:00+05:30,738.65,740.65,738.2,740.0,313228
2018-09-12 10:45:00+05:30,739.95,742.0,739.5,741.4,278374
2018-09-12 11:15:00+05:30,741.4,741.4,740.0,740.2,148931
2018-09-12 11:45:00+05:30,740.3,742.0,739.45,741.35,249885
2018-09-12 12:15:00+05:30,741.4,744.65,741.2,741.8,363788
2018-09-12 12:45:00+05:30,741.9,742.0,740.3,740.45,200225
2018-09-12 13:15:00+05:30,740.45,741.8,740.25,740.3,178848
2018-09-12 13:45:00+05:30,740.35,744.0,740.15,744.0,305393
2018-09-12 14:15:00+05:30,743.9,744.9,741.5,741.5,350345
2018-09-12 14:45:00+05:30,741.75,743.85,739.7,743.25,613501
2018-09-12 15:15:00+05:30,743.35,744.7,740.65,740.9,332594
2018-09-14 09:15:00+05:30,741.9,744.7,734.0,736.65,1460867
2018-09-14 09:45:00+05:30,736.7,739.05,736.6,737.8,579013
2018-09-14 10:15:00+05:30,737.8,739.5,736.55,739.2,412124
2018-09-14 10:45:00+05:30,739.1,739.2,736.65,738.05,506502
2018-09-14 11:15:00+05:30,738.05,738.2,735.3,735.9,412725
2018-09-14 11:45:00+05:30,735.95,736.4,734.7,736.0,601005
2018-09-14 12:15:00+05:30,736.0,736.0,732.25,732.7,432360
2018-09-14 12:45:00+05:30,732.75,735.6,732.25,734.95,507219
2018-09-14 13:15:00+05:30,734.95,735.0,732.4,734.0,407903
2018-09-14 13:45:00+05:30,734.0,734.0,729.6,732.95,653108
2018-09-14 14:15:00+05:30,732.95,733.4,729.35,732.1,504207
2018-09-14 14:45:00+05:30,732.2,734.5,730.0,732.7,803379
2018-09-14 15:15:00+05:30,732.8,735.0,732.4,734.9,508405
2018-09-17 09:15:00+05:30,735.0,739.9,730.25,732.5,1643901
2018-09-17 09:45:00+05:30,732.5,733.95,731.05,732.2,251880
2018-09-17 10:15:00+05:30,732.25,733.5,731.0,732.45,155452
2018-09-17 10:45:00+05:30,732.45,732.5,729.15,730.1,410491
2018-09-17 11:15:00+05:30,730.1,731.5,729.1,730.3,239818
2018-09-17 11:45:00+05:30,730.3,731.0,729.55,730.2,143746
2018-09-17 12:15:00+05:30,730.2,730.9,729.45,730.25,124112
2018-09-17 12:45:00+05:30,730.25,731.25,727.05,729.05,208360
2018-09-17 13:15:00+05:30,729.2,729.3,728.1,729.0,194581
2018-09-17 13:45:00+05:30,729.2,729.65,728.0,728.5,306654
2018-09-17 14:15:00+05:30,728.5,729.1,726.1,727.1,551579
2018-09-17 14:45:00+05:30,727.05,727.7,725.3,726.1,578257
2018-09-17 15:15:00+05:30,726.1,727.35,724.6,726.9,589301
2018-09-18 09:15:00+05:30,729.0,729.65,720.5,723.0,643842
2018-09-18 09:45:00+05:30,723.0,723.0,720.0,720.55,239275
2018-09-18 10:15:00+05:30,720.55,724.0,720.5,722.75,187386
2018-09-18 10:45:00+05:30,722.7,723.4,720.2,722.0,162287
2018-09-18 11:15:00+05:30,722.0,722.9,720.55,721.95,266045
2018-09-18 11:45:00+05:30,722.0,722.5,720.0,721.35,188467
2018-09-18 12:15:00+05:30,721.9,721.9,720.0,720.8,290715
2018-09-18 12:45:00+05:30,720.8,721.45,720.45,720.7,178478
2018-09-18 13:15:00+05:30,720.7,721.5,720.0,721.05,266457
2018-09-18 13:45:00+05:30,721.05,723.5,720.8,722.5,198798
2018-09-18 14:15:00+05:30,722.5,722.8,720.05,720.5,224444
2018-09-18 14:45:00+05:30,720.5,721.0,718.5,719.65,2490219
2018-09-18 15:15:00+05:30,719.6,720.75,717.0,719.7,2379403
2018-09-19 09:15:00+05:30,722.85,724.95,718.1,721.15,442940
2018-09-19 09:45:00+05:30,721.15,721.25,717.0,717.45,367190
2018-09-19 10:15:00+05:30,717.45,720.0,717.2,720.0,223138
2018-09-19 10:45:00+05:30,720.0,720.05,719.15,719.7,271283
2018-09-19 11:15:00+05:30,719.7,720.0,718.1,719.85,208791
2018-09-19 11:45:00+05:30,719.85,721.95,719.2,719.35,584610
2018-09-19 12:15:00+05:30,719.75,721.5,719.15,720.85,192746
2018-09-19 12:45:00+05:30,720.6,721.25,718.25,719.6,357805
2018-09-19 13:15:00+05:30,719.55,721.0,718.6,719.5,275384
2018-09-19 13:45:00+05:30,719.55,719.95,716.1,716.5,430206
2018-09-19 14:15:00+05:30,716.55,717.5,713.25,715.6,451097
2018-09-19 14:45:00+05:30,715.55,720.5,715.35,719.8,571287
2018-09-19 15:15:00+05:30,719.85,722.15,718.05,719.25,449368
2018-09-21 09:15:00+05:30,713.85,715.0,703.95,714.45,1342383
2018-09-21 09:45:00+05:30,714.45,717.4,711.15,712.55,629596
2018-09-21 10:15:00+05:30,712.55,714.0,710.05,711.0,530489
2018-09-21 10:45:00+05:30,711.0,711.8,709.4,709.95,321831
2018-09-21 11:15:00+05:30,709.8,710.65,707.0,709.0,415687
2018-09-21 11:45:00+05:30,709.05,713.5,708.95,712.75,307017
2018-09-21 12:15:00+05:30,712.95,716.35,710.45,710.5,430648
2018-09-21 12:45:00+05:30,710.5,716.4,705.1,711.3,1102558
2018-09-21 13:15:00+05:30,711.3,711.45,703.2,703.8,906293
2018-09-21 13:45:00+05:30,703.8,706.35,697.15,697.15,848684
2018-09-21 14:15:00+05:30,696.8,702.4,692.8,693.2,1134732
2018-09-21 14:45:00+05:30,693.25,706.4,692.2,703.7,3755114
2018-09-21 15:15:00+05:30,703.7,713.9,703.3,710.1,2537936
2018-09-24 09:15:00+05:30,707.2,718.25,706.85,714.85,579366
2018-09-24 09:45:00+05:30,714.85,721.75,714.5,717.85,723616
2018-09-24 10:15:00+05:30,717.85,724.0,717.0,721.45,899531
2018-09-24 10:45:00+05:30,721.45,729.95,720.4,728.4,934809
2018-09-24 11:15:00+05:30,728.4,728.95,725.8,726.0,548829
2018-09-24 11:45:00+05:30,726.0,727.5,723.5,724.65,434912
2018-09-24 12:15:00+05:30,724.65,725.2,719.5,722.6,724217
2018-09-24 12:45:00+05:30,722.95,726.0,721.1,723.0,501034
2018-09-24 13:15:00+05:30,722.8,725.5,721.1,724.05,354978
2018-09-24 13:45:00+05:30,724.1,725.9,722.2,723.25,571888
2018-09-24 14:15:00+05:30,723.45,723.7,720.1,720.35,760534
2018-09-24 14:45:00+05:30,720.4,722.1,716.6,717.9,1054292
2018-09-24 15:15:00+05:30,717.5,722.0,716.0,719.95,540453
2018-09-25 09:15:00+05:30,717.75,723.95,717.0,722.0,1612576
2018-09-25 09:45:00+05:30,721.9,729.5,721.7,728.25,1028244
2018-09-25 10:15:00+05:30,728.3,728.9,724.95,726.0,544608
2018-09-25 10:45:00+05:30,725.6,731.0,723.25,730.55,914381
2018-09-25 11:15:00+05:30,730.8,732.0,728.2,731.7,677481
2018-09-25 11:45:00+05:30,731.6,733.0,729.25,730.5,422317
2018-09-25 12:15:00+05:30,730.25,732.0,728.35,731.9,346090
2018-09-25 12:45:00+05:30,731.9,732.0,730.7,731.8,242291
2018-09-25 13:15:00+05:30,731.7,735.4,731.45,733.0,1078580
2018-09-25 13:45:00+05:30,732.9,736.0,732.35,736.0,422309
2018-09-25 14:15:00+05:30,736.0,736.0,729.95,730.8,555948
2018-09-25 14:45:00+05:30,730.25,731.1,725.0,727.05,916257
2018-09-25 15:15:00+05:30,727.15,727.15,723.6,726.0,809275
2018-09-26 09:15:00+05:30,731.0,731.6,726.15,727.25,588065
2018-09-26 09:45:00+05:30,727.25,729.0,722.75,725.15,737593
2018-09-26 10:15:00+05:30,725.1,727.5,724.3,726.75,271377
2018-09-26 10:45:00+05:30,726.85,727.55,725.3,725.45,481405
2018-09-26 11:15:00+05:30,725.45,725.95,720.5,723.7,602967
2018-09-26 11:45:00+05:30,723.7,723.75,720.75,721.15,184309
2018-09-26 12:15:00+05:30,721.15,721.75,712.0,713.0,497617
2018-09-26 12:45:00+05:30,713.1,718.05,713.05,717.05,581639
2018-09-26 13:15:00+05:30,717.2,717.9,715.1,716.05,186013
2018-09-26 13:45:00+05:30,716.05,719.55,712.1,719.0,421771
2018-09-26 14:15:00+05:30,719.0,719.75,712.65,713.3,471696
2018-09-26 14:45:00+05:30,713.2,719.55,712.35,718.7,918627
2018-09-26 15:15:00+05:30,718.65,719.9,715.1,719.9,644624
2018-09-27 09:15:00+05:30,722.5,725.75,720.0,723.5,645241
2018-09-27 09:45:00+05:30,723.5,726.65,722.15,725.45,330924
2018-09-27 10:15:00+05:30,725.4,728.75,725.0,728.0,310322
2018-09-27 10:45:00+05:30,728.15,729.6,726.55,727.2,303198
2018-09-27 11:15:00+05:30,727.1,727.95,726.15,727.15,176368
2018-09-27 11:45:00+05:30,727.15,728.95,727.1,727.85,190058
2018-09-27 12:15:00+05:30,727.85,728.1,723.4,726.05,385361
2018-09-27 12:45:00+05:30,726.05,727.7,723.3,726.9,446320
2018-09-27 13:15:00+05:30,726.9,730.8,726.35,727.7,330499
2018-09-27 13:45:00+05:30,727.7,729.7,720.3,723.25,510175
2018-09-27 14:15:00+05:30,723.5,724.25,719.15,722.05,418627
2018-09-27 14:45:00+05:30,722.2,727.65,717.5,726.7,5671015
2018-09-27 15:15:00+05:30,726.6,729.0,721.4,724.3,4822183
2018-09-28 09:15:00+05:30,721.05,725.75,715.3,724.75,845039
2018-09-28 09:45:00+05:30,724.75,728.0,723.05,723.3,390304
2018-09-28 10:15:00+05:30,723.35,725.3,720.5,725.1,302078
2018-09-28 10:45:00+05:30,725.2,729.1,724.8,727.35,458325
2018-09-28 11:15:00+05:30,727.35,730.0,727.35,729.3,364944
2018-09-28 11:45:00+05:30,729.15,730.0,728.6,729.0,244624
2018-09-28 12:15:00+05:30,728.95,732.6,728.9,730.7,390834
2018-09-28 12:45:00+05:30,730.7,732.2,730.45,731.4,240356
2018-09-28 13:15:00+05:30,731.4,731.5,729.65,730.0,401547
2018-09-28 13:45:00+05:30,730.0,730.95,726.55,727.1,499776
2018-09-28 14:15:00+05:30,727.15,729.9,724.0,724.25,430513
2018-09-28 14:45:00+05:30,724.3,733.95,722.25,732.9,1603940
2018-09-28 15:15:00+05:30,732.9,733.05,727.9,731.7,1303385
2018-10-01 09:15:00+05:30,736.0,742.0,733.6,739.0,1095622
2018-10-01 09:45:00+05:30,739.15,740.95,734.75,738.2,657098
2018-10-01 10:15:00+05:30,738.2,739.85,737.5,739.35,253993
2018-10-01 10:45:00+05:30,739.35,740.9,738.6,739.5,242799
2018-10-01 11:15:00+05:30,739.6,745.0,738.5,743.65,540495
2018-10-01 11:45:00+05:30,743.65,751.95,743.0,751.0,829719
2018-10-01 12:15:00+05:30,751.0,754.9,749.85,753.1,598615
2018-10-01 12:45:00+05:30,753.1,754.2,750.0,750.05,430560
2018-10-01 13:15:00+05:30,750.0,750.8,748.1,749.8,748941
2018-10-01 13:45:00+05:30,749.95,750.05,744.15,745.8,440761
2018-10-01 14:15:00+05:30,746.0,748.25,742.35,746.75,500559
2018-10-01 14:45:00+05:30,746.75,749.9,744.15,747.75,966552
2018-10-01 15:15:00+05:30,748.2,751.1,742.3,742.95,926642
2018-10-03 09:15:00+05:30,743.4,751.75,739.3,741.0,1229880
2018-10-03 09:45:00+05:30,741.0,744.95,737.0,744.15,612684
2018-10-03 10:15:00+05:30,744.1,744.5,739.0,739.45,829661
2018-10-03 10:45:00+05:30,739.4,741.6,732.0,735.85,1061640
2018-10-03 11:15:00+05:30,735.85,742.5,735.3,741.9,481671
2018-10-03 11:45:00+05:30,741.9,742.5,739.55,740.85,447531
2018-10-03 12:15:00+05:30,740.85,741.65,733.1,736.5,544118
2018-10-03 12:45:00+05:30,736.9,737.0,733.5,735.95,299769
2018-10-03 13:15:00+05:30,735.95,737.3,730.55,731.35,358523
2018-10-03 13:45:00+05:30,731.25,733.2,729.0,730.9,393194
2018-10-03 14:15:00+05:30,730.9,735.05,730.25,734.55,315331
2018-10-03 14:45:00+05:30,734.55,734.7,727.6,728.65,659985
2018-10-03 15:15:00+05:30,728.55,730.0,726.3,728.5,539576
2018-10-04 09:15:00+05:30,728.45,728.9,705.25,715.25,1316873
2018-10-04 09:45:00+05:30,715.25,717.8,710.2,714.5,514883
2018-10-04 10:15:00+05:30,714.5,714.75,708.7,711.8,457643
2018-10-04 10:45:00+05:30,711.75,713.4,710.5,711.05,213003
2018-10-04 11:15:00+05:30,711.45,711.45,708.0,709.45,236219
2018-10-04 11:45:00+05:30,709.6,711.35,707.05,707.4,276446
2018-10-04 12:15:00+05:30,707.5,712.0,707.0,709.0,373765
2018-10-04 12:45:00+05:30,709.15,709.2,706.1,706.9,238498
2018-10-04 13:15:00+05:30,706.9,708.05,705.15,705.75,269931
2018-10-04 13:45:00+05:30,705.75,707.4,705.05,705.85,323502
2018-10-04 14:15:00+05:30,705.7,707.15,704.0,706.1,409167
2018-10-04 14:45:00+05:30,706.1,707.15,702.5,707.05,849298
2018-10-04 15:15:00+05:30,707.1,712.15,707.0,711.0,682380
2018-10-05 09:15:00+05:30,716.05,719.9,710.5,719.0,2067007
2018-10-05 09:45:00+05:30,719.05,719.35,713.0,713.1,639666
2018-10-05 10:15:00+05:30,713.45,717.1,712.75,715.9,384384
2018-10-05 10:45:00+05:30,715.9,716.7,709.5,712.85,387680
2018-10-05 11:15:00+05:30,713.0,715.75,711.65,715.1,325905
2018-10-05 11:45:00+05:30,715.0,716.85,712.6,712.7,367548
2018-10-05 12:15:00+05:30,713.0,715.5,712.65,715.0,407503
2018-10-05 12:45:00+05:30,715.45,716.45,715.0,716.0,413108
2018-10-05 13:15:00+05:30,716.25,716.5,713.4,715.7,468803
2018-10-05 13:45:00+05:30,715.7,716.4,714.1,714.75,402418
2018-10-05 14:15:00+05:30,715.0,719.8,713.1,719.55,669606
2018-10-05 14:45:00+05:30,719.5,731.5,719.5,722.15,1637876
2018-10-05 15:15:00+05:30,722.25,724.45,718.05,722.5,355838
2018-10-08 09:15:00+05:30,726.4,726.4,715.8,717.15,1126951
2018-10-08 09:45:00+05:30,717.3,720.25,715.85,719.55,655739
2018-10-08 10:15:00+05:30,719.35,728.3,718.1,724.5,736028
2018-10-08 10:45:00+05:30,724.4,726.25,722.15,724.3,342901
2018-10-08 11:15:00+05:30,724.0,724.0,711.4,714.15,650212
2018-10-08 11:45:00+05:30,714.6,714.9,712.0,712.7,311149
2018-10-08 12:15:00+05:30,712.75,713.95,710.0,711.65,352356
2018-10-08 12:45:00+05:30,712.05,716.6,710.55,715.75,410613
2018-10-08 13:15:00+05:30,715.65,717.4,713.1,714.35,255398
2018-10-08 13:45:00+05:30,714.35,715.8,711.0,711.75,268170
2018-10-08 14:15:00+05:30,711.75,712.25,709.25,709.7,534184
2018-10-08 14:45:00+05:30,709.75,715.4,709.7,713.95,1100564
2018-10-08 15:15:00+05:30,713.95,717.35,713.8,714.65,497867
2018-10-09 09:15:00+05:30,718.25,722.05,714.6,717.5,419758
2018-10-09 09:45:00+05:30,717.3,718.95,708.35,709.95,539993
2018-10-09 10:15:00+05:30,709.9,711.4,707.6,708.25,420823
2018-10-09 10:45:00+05:30,708.7,710.4,706.1,707.95,439742
2018-10-09 11:15:00+05:30,707.95,708.8,704.45,705.65,581064
2018-10-09 11:45:00+05:30,706.0,706.0,703.65,705.7,400190
2018-10-09 12:15:00+05:30,705.5,711.2,702.65,709.05,785216
2018-10-09 12:45:00+05:30,709.1,714.65,707.3,712.85,529420
2018-10-09 13:15:00+05:30,712.85,714.8,709.0,709.75,284861
2018-10-09 13:45:00+05:30,709.6,712.0,708.3,711.45,800603
2018-10-09 14:15:00+05:30,711.75,716.8,711.55,716.25,424098
2018-10-09 14:45:00+05:30,716.25,718.55,713.4,715.35,627440
2018-10-09 15:15:00+05:30,715.4,721.4,715.0,721.0,518059
2018-10-10 09:15:00+05:30,718.4,718.4,705.2,706.7,1007098
2018-10-10 09:45:00+05:30,706.7,712.4,706.25,710.0,353866
2018-10-10 10:15:00+05:30,710.0,710.0,707.0,708.35,312216
2018-10-10 10:45:00+05:30,708.4,709.8,707.4,708.6,1511201
2018-10-10 11:15:00+05:30,708.6,709.25,700.0,700.4,794816
2018-10-10 11:45:00+05:30,700.4,701.2,695.4,698.35,768790
2018-10-10 12:15:00+05:30,698.2,701.6,696.65,699.65,624059
2018-10-10 12:45:00+05:30,699.55,702.1,696.55,697.05,454525
2018-10-10 13:15:00+05:30,697.0,699.9,695.55,699.7,583999
2018-10-10 13:45:00+05:30,699.6,703.7,698.55,699.3,662937
2018-10-10 14:15:00+05:30,699.1,700.0,697.15,698.35,505614
2018-10-10 14:45:00+05:30,698.35,702.0,698.2,701.2,670488
2018-10-10 15:15:00+05:30,701.2,701.35,699.0,700.35,609813
2018-10-11 09:15:00+05:30,684.05,691.85,669.5,673.95,2547270
2018-10-11 09:45:00+05:30,673.75,680.65,673.1,678.7,972719
2018-10-11 10:15:00+05:30,678.7,682.4,677.0,678.7,623776
2018-10-11 10:45:00+05:30,678.75,678.75,675.1,677.1,594464
2018-10-11 11:15:00+05:30,677.1,678.95,675.25,677.2,431201
2018-10-11 11:45:00+05:30,677.2,679.95,676.65,679.45,522432
2018-10-11 12:15:00+05:30,679.4,681.95,678.65,681.55,528061
2018-10-11 12:45:00+05:30,681.55,688.95,678.5,680.0,756821
2018-10-11 13:15:00+05:30,680.05,680.7,672.35,672.5,684149
2018-10-11 13:45:00+05:30,672.5,673.1,670.0,670.3,696247
2018-10-11 14:15:00+05:30,670.5,670.5,663.35,668.25,1061178
2018-10-11 14:45:00+05:30,668.6,674.5,667.5,672.8,937835
2018-10-11 15:15:00+05:30,672.75,676.15,672.45,675.3,589881
2018-10-12 09:15:00+05:30,676.5,676.9,662.35,663.2,1976054
2018-10-12 09:45:00+05:30,663.15,667.15,661.6,667.15,722437
2018-10-12 10:15:00+05:30,667.15,673.4,666.75,670.6,922935
2018-10-12 10:45:00+05:30,670.6,671.8,668.15,671.2,581075
2018-10-12 11:15:00+05:30,671.2,683.9,671.1,680.35,1040249
2018-10-12 11:45:00+05:30,680.6,681.7,675.1,675.15,531260
2018-10-12 12:15:00+05:30,675.15,676.5,672.7,675.05,484076
2018-10-12 12:45:00+05:30,675.2,678.0,674.45,676.7,322831
2018-10-12 13:15:00+05:30,676.75,681.0,676.7,679.1,356270
2018-10-12 13:45:00+05:30,678.9,679.75,676.7,678.0,263620
2018-10-12 14:15:00+05:30,678.0,678.9,675.0,675.05,287553
2018-10-12 14:45:00+05:30,675.2,680.6,674.7,679.5,719751
2018-10-12 15:15:00+05:30,679.1,680.7,676.35,678.15,676813
2018-10-15 09:15:00+05:30,686.8,692.0,685.7,687.25,995896
2018-10-15 09:45:00+05:30,687.25,687.5,683.0,685.9,394486
2018-10-15 10:15:00+05:30,685.95,685.95,683.55,684.0,210707
2018-10-15 10:45:00+05:30,684.05,684.2,681.5,682.45,223350
2018-10-15 11:15:00+05:30,682.45,685.65,682.4,684.55,164514
2018-10-15 11:45:00+05:30,684.55,692.6,683.45,690.9,607045
2018-10-15 12:15:00+05:30,691.0,691.8,686.35,687.1,386043
2018-10-15 12:45:00+05:30,687.1,691.65,686.85,689.5,374684
2018-10-15 13:15:00+05:30,689.5,694.5,689.15,692.15,411307
2018-10-15 13:45:00+05:30,692.2,693.8,689.7,690.1,319778
2018-10-15 14:15:00+05:30,690.1,692.0,688.15,691.5,247696
2018-10-15 14:45:00+05:30,691.45,701.6,691.05,701.0,1140835
2018-10-15 15:15:00+05:30,701.0,705.0,699.45,704.0,730780
2018-10-16 09:15:00+05:30,710.15,710.15,698.2,702.95,1471638
2018-10-16 09:45:00+05:30,703.0,712.5,701.1,711.3,1291194
2018-10-16 10:15:00+05:30,711.2,713.9,708.05,708.6,940572
2018-10-16 10:45:00+05:30,708.6,708.65,705.15,705.8,616286
2018-10-16 11:15:00+05:30,705.8,706.75,702.0,703.9,458638
2018-10-16 11:45:00+05:30,703.9,706.45,702.5,703.2,346778
2018-10-16 12:15:00+05:30,703.2,705.7,700.0,705.7,470252
2018-10-16 12:45:00+05:30,705.7,708.0,703.15,706.25,524825
2018-10-16 13:15:00+05:30,706.2,709.0,699.2,702.2,1277257
2018-10-16 13:45:00+05:30,702.5,704.4,701.0,702.25,419048
2018-10-16 14:15:00+05:30,702.45,703.0,693.15,698.25,960348
2018-10-16 14:45:00+05:30,698.3,699.0,692.5,696.0,1590662
2018-10-16 15:15:00+05:30,696.05,696.6,689.5,692.9,1180792
2018-10-17 09:15:00+05:30,711.4,721.65,709.7,713.0,6170432
2018-10-17 09:45:00+05:30,713.0,720.0,711.0,711.45,2690078
2018-10-17 10:15:00+05:30,711.65,713.0,704.65,709.95,1989620
2018-10-17 10:45:00+05:30,709.95,710.5,707.5,708.9,537238
2018-10-17 11:15:00+05:30,708.8,709.1,706.15,707.45,700373
2018-10-17 11:45:00+05:30,707.45,714.55,707.0,713.55,791346
2018-10-17 12:15:00+05:30,713.5,713.85,710.65,710.95,813163
2018-10-17 12:45:00+05:30,710.8,713.0,709.55,711.45,474876
2018-10-17 13:15:00+05:30,711.65,713.0,710.2,710.9,560167
2018-10-17 13:45:00+05:30,710.9,712.5,707.7,708.5,875606
2018-10-17 14:15:00+05:30,708.35,709.3,707.5,708.75,826989
2018-10-17 14:45:00+05:30,708.9,708.9,701.5,705.0,2214981
2018-10-17 15:15:00+05:30,705.0,706.4,704.35,705.5,1610278
2018-10-19 09:15:00+05:30,683.8,685.85,678.45,683.75,2287687
2018-10-19 09:45:00+05:30,683.75,684.2,678.1,679.55,1007129
2018-10-19 10:15:00+05:30,679.65,683.45,679.4,681.4,749241
2018-10-19 10:45:00+05:30,681.25,685.45,681.0,684.5,899352
2018-10-19 11:15:00+05:30,684.6,687.1,681.9,683.1,746809
2018-10-19 11:45:00+05:30,683.1,683.8,680.85,681.1,537592
2018-10-19 12:15:00+05:30,681.1,682.85,680.9,681.4,263066
2018-10-19 12:45:00+05:30,681.4,682.45,680.3,680.9,309798
2018-10-19 13:15:00+05:30,680.8,681.8,679.25,679.5,513947
2018-10-19 13:45:00+05:30,679.5,682.15,679.45,681.0,427469
2018-10-19 14:15:00+05:30,681.05,682.2,680.3,682.0,440391
2018-10-19 14:45:00+05:30,681.85,684.5,680.55,684.45,1235416
2018-10-19 15:15:00+05:30,684.55,684.95,681.4,683.5,977909
2018-10-22 09:15:00+05:30,685.0,687.4,674.15,677.7,1083580
2018-10-22 09:45:00+05:30,677.7,683.7,677.05,682.75,946080
2018-10-22 10:15:00+05:30,682.75,684.0,678.0,678.4,367190
2018-10-22 10:45:00+05:30,678.35,679.6,676.7,677.8,393049
2018-10-22 11:15:00+05:30,677.8,680.9,677.2,679.2,817347
2018-10-22 11:45:00+05:30,679.2,680.0,678.0,678.7,212629
2018-10-22 12:15:00+05:30,678.7,680.0,677.25,677.85,335951
2018-10-22 12:45:00+05:30,677.8,678.0,676.45,677.45,362594
2018-10-22 13:15:00+05:30,677.45,679.45,677.2,678.4,374436
2018-10-22 13:45:00+05:30,678.4,679.8,677.2,678.8,389156
2018-10-22 14:15:00+05:30,678.85,679.65,678.1,678.4,289665
2018-10-22 14:45:00+05:30,678.3,679.0,677.0,677.5,486129
2018-10-22 15:15:00+05:30,677.6,695.0,676.0,680.5,601283
2018-10-23 09:15:00+05:30,676.0,681.9,663.9,664.0,1076125
2018-10-23 09:45:00+05:30,663.35,665.0,661.5,664.2,829897
2018-10-23 10:15:00+05:30,664.7,668.35,663.7,667.6,613145
2018-10-23 10:45:00+05:30,667.65,667.75,664.65,665.0,915451
2018-10-23 11:15:00+05:30,664.95,665.9,663.5,664.05,625664
2018-10-23 11:45:00+05:30,664.05,665.35,663.6,664.8,525661
2018-10-23 12:15:00+05:30,664.8,665.9,664.6,665.0,237271
2018-10-23 12:45:00+05:30,665.0,666.0,664.55,664.95,301990
2018-10-23 13:15:00+05:30,664.95,665.0,662.75,663.65,433748
2018-10-23 13:45:00+05:30,663.65,664.7,662.25,663.8,442587
2018-10-23 14:15:00+05:30,663.9,664.4,661.9,662.3,586179
2018-10-23 14:45:00+05:30,662.3,662.3,653.35,656.15,1682431
2018-10-23 15:15:00+05:30,656.25,663.3,655.05,663.0,761812
2018-10-24 09:15:00+05:30,663.65,666.5,655.0,657.4,852230
2018-10-24 09:45:00+05:30,657.2,658.85,653.35,654.65,447447
2018-10-24 10:15:00+05:30,654.65,658.5,651.6,652.9,876155
2018-10-24 10:45:00+05:30,652.9,653.2,648.6,650.0,524730
2018-10-24 11:15:00+05:30,649.95,650.85,649.25,650.0,334777
2018-10-24 11:45:00+05:30,649.9,653.9,649.85,652.2,409481
2018-10-24 12:15:00+05:30,652.1,653.8,652.0,653.5,332705
2018-10-24 12:45:00+05:30,653.5,655.5,651.25,654.0,459249
2018-10-24 13:15:00+05:30,654.15,658.75,653.15,654.15,585616
2018-10-24 13:45:00+05:30,654.45,654.7,649.75,650.85,350838
2018-10-24 14:15:00+05:30,650.85,651.3,647.25,650.0,409317
2018-10-24 14:45:00+05:30,649.95,650.55,648.55,649.95,779239
2018-10-24 15:15:00+05:30,649.85,651.0,649.2,650.35,680388
2018-10-25 09:15:00+05:30,641.9,645.7,636.5,643.9,1089037
2018-10-25 09:45:00+05:30,643.6,646.35,641.8,645.25,428942
2018-10-25 10:15:00+05:30,645.3,648.35,643.05,644.6,651165
2018-10-25 10:45:00+05:30,644.6,645.8,642.1,645.05,454645
2018-10-25 11:15:00+05:30,645.05,648.75,644.8,648.25,332181
2018-10-25 11:45:00+05:30,648.25,652.5,648.05,650.95,709368
2018-10-25 12:15:00+05:30,650.9,652.0,647.3,648.4,351305
2018-10-25 12:45:00+05:30,648.9,651.1,648.3,649.5,296774
2018-10-25 13:15:00+05:30,649.7,651.5,649.2,650.2,422015
2018-10-25 13:45:00+05:30,650.2,651.7,648.0,650.3,418232
2018-10-25 14:15:00+05:30,650.3,654.6,650.0,653.65,404951
2018-10-25 14:45:00+05:30,653.7,656.2,646.8,646.8,1495316
2018-10-25 15:15:00+05:30,646.85,648.45,645.55,647.3,1180218
2018-10-26 09:15:00+05:30,645.9,646.7,638.15,640.2,762848
2018-10-26 09:45:00+05:30,640.1,641.85,637.5,639.3,243260
2018-10-26 10:15:00+05:30,639.3,639.6,635.2,638.2,354168
2018-10-26 10:45:00+05:30,638.25,640.5,635.85,636.8,340150
2018-10-26 11:15:00+05:30,636.7,636.75,633.5,636.0,286534
2018-10-26 11:45:00+05:30,636.0,636.3,633.1,635.8,536195
2018-10-26 12:15:00+05:30,635.95,638.5,635.8,637.5,320339
2018-10-26 12:45:00+05:30,637.55,637.95,636.0,636.15,231661
2018-10-26 13:15:00+05:30,636.1,637.8,634.8,635.65,210673
2018-10-26 13:45:00+05:30,635.65,637.5,633.3,634.0,206673
2018-10-26 14:15:00+05:30,634.0,636.05,633.7,634.8,195277
2018-10-26 14:45:00+05:30,634.65,636.0,630.0,635.2,981605
2018-10-26 15:15:00+05:30,635.0,635.65,631.85,634.05,783028
2018-10-29 09:15:00+05:30,634.9,640.0,631.65,633.95,672174
2018-10-29 09:45:00+05:30,633.85,635.5,633.3,634.75,263482
2018-10-29 10:15:00+05:30,634.75,634.85,632.3,634.4,328884
2018-10-29 10:45:00+05:30,634.25,635.5,633.4,633.75,230253
2018-10-29 11:15:00+05:30,633.7,635.7,633.1,635.65,245039
2018-10-29 11:45:00+05:30,635.7,636.55,633.45,634.95,653902
2018-10-29 12:15:00+05:30,634.9,635.5,633.35,634.5,238862
2018-10-29 12:45:00+05:30,634.5,639.4,634.5,637.9,663324
2018-10-29 13:15:00+05:30,637.9,639.9,635.6,637.9,477613
2018-10-29 13:45:00+05:30,637.95,638.4,635.1,635.5,431263
2018-10-29 14:15:00+05:30,635.55,636.7,635.1,635.35,298920
2018-10-29 14:45:00+05:30,635.3,644.15,635.0,644.0,1879605
2018-10-29 15:15:00+05:30,644.0,650.45,643.95,646.1,742071
2018-10-30 09:15:00+05:30,643.0,646.8,637.9,646.2,832902
2018-10-30 09:45:00+05:30,646.35,661.3,646.0,660.0,1479786
2018-10-30 10:15:00+05:30,660.1,662.0,659.15,659.95,483517
2018-10-30 10:45:00+05:30,659.9,661.3,657.45,659.2,624438
2018-10-30 11:15:00+05:30,659.2,661.3,659.0,660.85,395813
2018-10-30 11:45:00+05:30,660.8,663.4,660.0,661.4,425245
2018-10-30 12:15:00+05:30,661.35,661.35,658.05,659.75,533193
2018-10-30 12:45:00+05:30,659.8,662.3,658.65,662.3,445028
2018-10-30 13:15:00+05:30,662.25,662.95,657.2,660.6,639660
2018-10-30 13:45:00+05:30,660.6,662.6,660.0,660.45,423154
2018-10-30 14:15:00+05:30,660.45,660.9,657.4,658.9,796041
2018-10-30 14:45:00+05:30,659.0,661.2,658.3,659.95,1095384
2018-10-30 15:15:00+05:30,659.9,660.9,658.9,658.9,608177
2018-10-31 09:15:00+05:30,663.1,675.0,663.1,674.35,1275352
2018-10-31 09:45:00+05:30,674.3,676.4,666.0,673.0,867847
2018-10-31 10:15:00+05:30,673.0,680.25,670.5,678.25,1315267
2018-10-31 10:45:00+05:30,678.25,681.7,677.4,680.55,613259
2018-10-31 11:15:00+05:30,680.7,683.0,679.9,681.75,606053
2018-10-31 11:45:00+05:30,681.85,682.15,678.75,679.95,489428
2018-10-31 12:15:00+05:30,680.0,680.25,678.0,679.75,484521
2018-10-31 12:45:00+05:30,679.7,679.75,678.75,679.7,488430
2018-10-31 13:15:00+05:30,679.75,685.0,679.65,683.25,766926
2018-10-31 13:45:00+05:30,683.2,692.95,683.0,692.0,1236424
2018-10-31 14:15:00+05:30,692.05,692.45,686.15,687.8,1046290
2018-10-31 14:45:00+05:30,687.85,688.75,682.7,686.25,1699640
2018-10-31 15:15:00+05:30,686.35,688.45,685.55,685.95,1048206
2018-11-01 09:15:00+05:30,687.2,688.45,676.35,676.35,785519
2018-11-01 09:45:00+05:30,676.5,679.6,675.7,679.35,486318
2018-11-01 10:15:00+05:30,679.25,679.5,677.5,678.15,321196
2018-11-01 10:45:00+05:30,678.1,678.75,673.3,673.8,331258
2018-11-01 11:15:00+05:30,673.8,674.45,669.0,669.15,720592
2018-11-01 11:45:00+05:30,669.2,670.0,667.25,667.9,295422
2018-11-01 12:15:00+05:30,667.9,668.5,667.0,668.0,426154
2018-11-01 12:45:00+05:30,668.1,669.5,667.55,668.95,348746
2018-11-01 13:15:00+05:30,668.95,669.5,667.0,668.45,279089
2018-11-01 13:45:00+05:30,668.5,668.7,659.65,662.5,608618
2018-11-01 14:15:00+05:30,662.5,666.3,661.0,663.85,378693
2018-11-01 14:45:00+05:30,663.5,668.55,663.5,667.0,542273
2018-11-01 15:15:00+05:30,667.0,668.0,664.1,667.0,321231
2018-11-02 09:15:00+05:30,666.6,672.7,663.65,670.35,671676
2018-11-02 09:45:00+05:30,670.8,675.0,670.3,672.75,460048
2018-11-02 10:15:00+05:30,672.5,675.8,669.55,670.0,312550
2018-11-02 10:45:00+05:30,670.0,670.4,664.25,667.8,363716
2018-11-02 11:15:00+05:30,667.8,668.5,660.1,665.05,689194
2018-11-02 11:45:00+05:30,665.0,669.5,662.25,663.35,658151
2018-11-02 12:15:00+05:30,663.55,664.8,662.75,664.45,192472
2018-11-02 12:45:00+05:30,664.45,665.2,663.8,664.0,234563
2018-11-02 13:15:00+05:30,664.0,664.5,663.0,664.05,244812
2018-11-02 13:45:00+05:30,664.4,665.0,661.55,664.2,587925
2018-11-02 14:15:00+05:30,664.25,664.3,662.0,662.95,381719
2018-11-02 14:45:00+05:30,662.8,664.0,661.1,662.0,928527
2018-11-02 15:15:00+05:30,662.0,663.5,661.0,663.2,918737
2018-11-05 09:15:00+05:30,662.25,666.0,657.05,662.3,566501
2018-11-05 09:45:00+05:30,662.3,662.9,657.2,659.0,776980
2018-11-05 10:15:00+05:30,659.0,661.25,658.5,660.0,188162
2018-11-05 10:45:00+05:30,660.25,660.95,658.95,659.65,143130
2018-11-05 11:15:00+05:30,659.65,661.65,658.15,661.1,342328
2018-11-05 11:45:00+05:30,661.1,664.4,660.8,662.0,468688
2018-11-05 12:15:00+05:30,662.0,662.65,661.25,662.0,654651
2018-11-05 12:45:00+05:30,662.0,663.7,661.9,663.7,233982
2018-11-05 13:15:00+05:30,663.65,664.05,661.6,662.9,336936
2018-11-05 13:45:00+05:30,662.9,663.0,661.6,662.0,277915
2018-11-05 14:15:00+05:30,662.0,662.5,661.75,662.05,236686
2018-11-05 14:45:00+05:30,662.0,668.0,661.45,667.9,870981
2018-11-05 15:15:00+05:30,668.0,668.3,662.25,663.7,696911
2018-11-06 09:15:00+05:30,665.0,674.95,665.0,671.75,1403017
2018-11-06 09:45:00+05:30,671.7,674.75,671.1,673.25,687701
2018-11-06 10:15:00+05:30,673.25,673.3,670.5,671.5,433440
2018-11-06 10:45:00+05:30,671.55,672.2,668.5,668.7,456121
2018-11-06 11:15:00+05:30,668.75,669.0,668.2,668.5,392661
2018-11-06 11:45:00+05:30,668.45,669.0,668.35,668.65,253502
2018-11-06 12:15:00+05:30,668.65,668.95,667.05,668.25,317003
2018-11-06 12:45:00+05:30,668.25,668.95,662.1,664.7,422410
2018-11-06 13:15:00+05:30,665.0,665.1,663.0,663.95,286182
2018-11-06 13:45:00+05:30,663.95,665.55,660.75,664.65,491836
2018-11-06 14:15:00+05:30,664.65,665.5,663.75,664.0,410579
2018-11-06 14:45:00+05:30,663.95,667.5,662.7,666.9,909545
2018-11-06 15:15:00+05:30,666.9,668.6,666.35,667.2,503927
2018-11-09 09:15:00+05:30,676.85,676.85,665.3,667.7,894473
2018-11-09 09:45:00+05:30,667.65,668.0,665.1,667.1,712631
2018-11-09 10:15:00+05:30,667.1,667.25,660.7,662.45,1148205
2018-11-09 10:45:00+05:30,662.15,662.9,659.25,659.85,1295503
2018-11-09 11:15:00+05:30,659.85,660.1,659.5,660.05,657811
2018-11-09 11:45:00+05:30,660.05,661.5,655.95,657.0,965663
2018-11-09 12:15:00+05:30,657.1,660.65,657.0,660.2,716943
2018-11-09 12:45:00+05:30,660.2,660.35,658.0,659.7,422172
2018-11-09 13:15:00+05:30,659.7,659.75,658.1,659.05,254809
2018-11-09 13:45:00+05:30,659.05,659.2,658.5,658.65,387527
2018-11-09 14:15:00+05:30,658.65,661.5,658.0,660.65,547083
2018-11-09 14:45:00+05:30,660.7,660.7,658.9,659.9,857479
2018-11-09 15:15:00+05:30,659.95,660.0,658.4,658.7,793853
2018-11-12 09:15:00+05:30,666.0,669.6,664.9,668.6,803505
2018-11-12 09:45:00+05:30,668.6,673.35,668.0,671.45,985678
2018-11-12 10:15:00+05:30,671.45,674.75,669.95,674.75,737279
2018-11-12 10:45:00+05:30,674.75,675.5,673.8,675.3,655907
2018-11-12 11:15:00+05:30,675.3,676.35,674.2,675.05,462876
2018-11-12 11:45:00+05:30,675.05,675.3,671.5,671.8,437475
2018-11-12 12:15:00+05:30,671.8,672.0,668.75,670.5,335578
2018-11-12 12:45:00+05:30,670.5,670.5,667.2,667.9,261550
2018-11-12 13:15:00+05:30,667.9,669.0,666.45,668.75,366151
2018-11-12 13:45:00+05:30,668.65,670.25,667.0,667.9,369558
2018-11-12 14:15:00+05:30,667.9,668.05,666.0,667.35,348151
2018-11-12 14:45:00+05:30,667.3,667.35,663.25,663.95,791457
2018-11-12 15:15:00+05:30,663.9,666.0,662.4,665.85,544378
2018-11-13 09:15:00+05:30,663.0,664.75,656.5,664.75,638226
2018-11-13 09:45:00+05:30,664.75,665.5,661.0,663.25,256180
2018-11-13 10:15:00+05:30,663.05,663.4,661.2,661.2,180316
2018-11-13 10:45:00+05:30,661.7,661.7,658.3,660.0,210185
2018-11-13 11:15:00+05:30,660.0,662.35,660.0,661.9,212782
2018-11-13 11:45:00+05:30,661.9,662.5,660.55,662.45,209507
2018-11-13 12:15:00+05:30,662.65,663.25,661.85,662.25,148457
2018-11-13 12:45:00+05:30,662.2,663.2,661.75,662.95,154732
2018-11-13 13:15:00+05:30,663.0,667.75,662.05,666.2,362757
2018-11-13 13:45:00+05:30,666.25,667.0,665.1,665.95,469807
2018-11-13 14:15:00+05:30,665.95,666.1,663.8,664.8,214362
2018-11-13 14:45:00+05:30,664.8,666.05,664.2,666.0,534845
2018-11-13 15:15:00+05:30,665.95,666.15,664.05,665.15,536193
2018-11-14 09:15:00+05:30,665.55,665.55,650.05,650.2,1320607
2018-11-14 09:45:00+05:30,650.2,651.2,640.65,641.15,1604187
2018-11-14 10:15:00+05:30,641.45,647.0,641.0,646.55,753369
2018-11-14 10:45:00+05:30,646.55,647.7,645.05,646.0,371825
2018-11-14 11:15:00+05:30,646.0,646.2,642.5,644.9,387519
2018-11-14 11:45:00+05:30,645.0,646.9,644.4,646.0,344819
2018-11-14 12:15:00+05:30,646.05,646.9,645.95,646.2,225195
2018-11-14 12:45:00+05:30,646.2,646.2,645.9,646.15,251210
2018-11-14 13:15:00+05:30,646.2,649.1,645.25,649.05,330543
2018-11-14 13:45:00+05:30,649.1,650.6,646.6,646.65,394635
2018-11-14 14:15:00+05:30,646.6,649.2,646.1,648.9,293929
2018-11-14 14:45:00+05:30,648.9,654.55,648.9,654.5,715001
2018-11-14 15:15:00+05:30,654.5,654.6,652.1,652.4,318733
2018-11-15 09:15:00+05:30,653.0,662.85,647.0,659.4,701503
2018-11-15 09:45:00+05:30,659.1,660.1,655.25,657.0,264508
2018-11-15 10:15:00+05:30,657.0,658.6,656.85,658.25,102589
2018-11-15 10:45:00+05:30,658.3,660.9,658.2,660.0,223528
2018-11-15 11:15:00+05:30,660.0,664.4,659.55,663.8,351791
2018-11-15 11:45:00+05:30,663.75,665.25,663.0,663.5,372029
2018-11-15 12:15:00+05:30,663.5,664.5,663.1,663.85,197400
2018-11-15 12:45:00+05:30,663.85,666.0,663.5,665.0,407360
2018-11-15 13:15:00+05:30,665.0,665.5,661.5,663.8,1043946
2018-11-15 13:45:00+05:30,663.95,664.2,660.75,660.8,333479
2018-11-15 14:15:00+05:30,660.85,661.95,657.6,659.35,348053
2018-11-15 14:45:00+05:30,659.35,659.8,655.0,656.35,612196
2018-11-15 15:15:00+05:30,656.25,656.65,654.5,655.7,544379
2018-11-16 09:15:00+05:30,659.9,662.5,644.45,647.0,1952694
2018-11-16 09:45:00+05:30,647.0,650.1,646.45,648.7,851219
2018-11-16 10:15:00+05:30,648.6,649.15,646.95,648.9,313475
2018-11-16 10:45:00+05:30,648.9,649.0,646.7,648.5,436919
2018-11-16 11:15:00+05:30,648.45,649.0,646.85,648.4,455256
2018-11-16 11:45:00+05:30,648.4,649.45,647.5,649.3,485467
2018-11-16 12:15:00+05:30,649.65,652.4,649.55,649.85,518006
2018-11-16 12:45:00+05:30,649.85,650.6,647.2,649.2,503831
2018-11-16 13:15:00+05:30,649.2,652.35,648.85,649.55,623771
2018-11-16 13:45:00+05:30,649.35,651.5,648.75,649.75,443214
2018-11-16 14:15:00+05:30,649.75,649.8,648.0,648.3,267897
2018-11-16 14:45:00+05:30,648.3,652.5,645.65,650.35,1062501
2018-11-16 15:15:00+05:30,650.4,653.0,649.9,652.0,656597
2018-11-19 09:15:00+05:30,658.1,662.0,655.35,656.8,642775
2018-11-19 09:45:00+05:30,656.8,657.2,652.0,655.0,247915
2018-11-19 10:15:00+05:30,655.0,657.5,653.8,655.35,492751
2018-11-19 10:45:00+05:30,655.15,655.8,654.05,654.95,122191
2018-11-19 11:15:00+05:30,655.0,655.45,650.7,651.8,229652
2018-11-19 11:45:00+05:30,652.0,653.5,650.9,652.0,184824
2018-11-19 12:15:00+05:30,652.0,653.85,650.7,652.55,277716
2018-11-19 12:45:00+05:30,652.55,653.0,650.0,650.0,310133
2018-11-19 13:15:00+05:30,650.05,651.0,649.25,650.05,271564
2018-11-19 13:45:00+05:30,650.25,652.5,649.65,650.95,442873
2018-11-19 14:15:00+05:30,651.0,653.8,650.05,651.1,755785
2018-11-19 14:45:00+05:30,651.5,652.9,650.05,651.55,1400474
2018-11-19 15:15:00+05:30,651.55,652.15,651.1,651.95,624304
2018-11-20 09:15:00+05:30,651.95,655.25,645.25,649.55,1029435
2018-11-20 09:45:00+05:30,649.55,652.25,649.0,650.45,178554
2018-11-20 10:15:00+05:30,650.45,652.75,645.3,646.4,306321
2018-11-20 10:45:00+05:30,646.45,648.0,646.0,646.2,189220
2018-11-20 11:15:00+05:30,646.55,646.6,643.5,643.9,329357
2018-11-20 11:45:00+05:30,643.95,644.0,642.25,643.45,332778
2018-11-20 12:15:00+05:30,643.45,643.8,642.8,643.6,327595
2018-11-20 12:45:00+05:30,643.55,644.5,642.55,644.0,633330
2018-11-20 13:15:00+05:30,644.0,646.4,643.65,644.3,582419
2018-11-20 13:45:00+05:30,644.3,644.5,642.5,643.35,211593
2018-11-20 14:15:00+05:30,643.35,643.4,641.1,641.85,332434
2018-11-20 14:45:00+05:30,641.85,642.9,641.25,641.7,430929
2018-11-20 15:15:00+05:30,641.65,641.65,640.1,640.6,485744
2018-11-21 09:15:00+05:30,633.95,634.55,622.25,622.65,1907744
2018-11-21 09:45:00+05:30,622.8,623.0,614.6,617.9,2612541
2018-11-21 10:15:00+05:30,618.0,618.0,612.1,615.85,1564723
2018-11-21 10:45:00+05:30,615.85,619.45,615.25,617.5,660606
2018-11-21 11:15:00+05:30,617.45,617.85,615.3,617.0,468198
2018-11-21 11:45:00+05:30,617.0,618.45,614.65,616.05,1734992
2018-11-21 12:15:00+05:30,616.15,618.55,614.65,616.95,588768
2018-11-21 12:45:00+05:30,616.95,617.9,616.6,616.85,328032
2018-11-21 13:15:00+05:30,616.9,618.3,615.6,617.45,420809
2018-11-21 13:45:00+05:30,617.5,621.25,617.05,621.15,789750
2018-11-21 14:15:00+05:30,621.0,623.0,619.6,621.0,840617
2018-11-21 14:45:00+05:30,621.0,621.5,618.5,618.85,1180358
2018-11-21 15:15:00+05:30,619.25,619.9,618.05,619.5,1250081
2018-11-22 09:15:00+05:30,625.7,628.15,618.7,626.25,1760103
2018-11-22 09:45:00+05:30,626.25,626.7,624.0,625.9,568568
2018-11-22 10:15:00+05:30,625.9,628.05,624.35,625.65,415307
2018-11-22 10:45:00+05:30,625.65,626.0,623.25,623.9,281680
2018-11-22 11:15:00+05:30,623.95,624.25,622.65,622.95,379594
2018-11-22 11:45:00+05:30,623.0,623.8,622.45,622.9,331971
2018-11-22 12:15:00+05:30,622.9,623.05,622.15,622.75,540970
2018-11-22 12:45:00+05:30,622.75,622.85,620.0,620.75,371543
2018-11-22 13:15:00+05:30,620.85,621.45,616.9,618.75,478459
2018-11-22 13:45:00+05:30,618.65,621.5,618.55,621.1,224438
2018-11-22 14:15:00+05:30,621.05,621.95,618.4,620.65,280562
2018-11-22 14:45:00+05:30,620.55,621.2,618.1,621.0,572917
2018-11-22 15:15:00+05:30,620.9,621.8,619.5,620.9,400384
2018-11-26 09:15:00+05:30,618.0,619.6,600.05,607.0,3436024
2018-11-26 09:45:00+05:30,606.95,611.85,605.65,611.0,842133
2018-11-26 10:15:00+05:30,611.0,611.85,607.3,607.95,691546
2018-11-26 10:45:00+05:30,607.95,607.95,603.5,605.1,1918975
2018-11-26 11:15:00+05:30,605.15,610.0,603.7,609.5,800182
2018-11-26 11:45:00+05:30,609.5,616.3,609.4,616.1,896166
2018-11-26 12:15:00+05:30,616.0,618.95,613.0,617.35,1046129
2018-11-26 12:45:00+05:30,617.35,620.75,616.4,617.55,744893
2018-11-26 13:15:00+05:30,617.55,622.0,617.25,620.6,633660
2018-11-26 13:45:00+05:30,620.5,621.0,618.0,620.25,401306
2018-11-26 14:15:00+05:30,620.3,628.0,620.3,624.8,1941378
2018-11-26 14:45:00+05:30,624.7,626.0,620.25,621.65,991049
2018-11-26 15:15:00+05:30,621.65,621.95,620.1,621.2,708360
2018-11-27 09:15:00+05:30,625.55,638.3,625.55,633.25,2892676
2018-11-27 09:45:00+05:30,633.0,634.7,629.35,632.7,1061994
2018-11-27 10:15:00+05:30,632.75,634.8,630.65,634.4,660345
2018-11-27 10:45:00+05:30,634.4,635.7,632.95,634.25,515285
2018-11-27 11:15:00+05:30,634.3,634.4,632.25,632.85,699033
2018-11-27 11:45:00+05:30,632.85,633.75,630.95,632.0,842577
2018-11-27 12:15:00+05:30,632.0,634.4,631.95,632.8,527753
2018-11-27 12:45:00+05:30,632.9,635.5,631.3,634.15,845103
2018-11-27 13:15:00+05:30,634.15,637.5,634.05,635.9,566206
2018-11-27 13:45:00+05:30,635.9,636.8,633.7,635.05,656674
2018-11-27 14:15:00+05:30,635.15,639.3,635.0,638.35,748311
2018-11-27 14:45:00+05:30,638.35,639.3,635.55,639.1,1250517
2018-11-27 15:15:00+05:30,639.05,641.0,637.8,641.0,1005315
2018-11-28 09:15:00+05:30,640.05,649.35,640.05,649.3,1935868
2018-11-28 09:45:00+05:30,649.3,654.0,648.15,652.8,1411730
2018-11-28 10:15:00+05:30,652.85,655.6,652.25,654.9,1095477
2018-11-28 10:45:00+05:30,654.9,656.45,654.55,656.2,1117730
2018-11-28 11:15:00+05:30,656.3,659.8,656.2,658.75,1599077
2018-11-28 11:45:00+05:30,658.9,662.4,658.8,660.2,1288897
2018-11-28 12:15:00+05:30,660.2,665.85,659.6,665.7,1396120
2018-11-28 12:45:00+05:30,665.45,666.0,661.05,664.45,1323679
2018-11-28 13:15:00+05:30,664.5,665.0,662.75,664.8,863504
2018-11-28 13:45:00+05:30,664.7,666.0,663.0,663.7,1592774
2018-11-28 14:15:00+05:30,663.65,665.9,662.0,665.75,964668
2018-11-28 14:45:00+05:30,665.75,668.3,664.9,666.65,1853808
2018-11-28 15:15:00+05:30,666.65,667.65,663.45,665.0,1249425
2018-11-29 09:15:00+05:30,671.0,671.05,662.15,668.3,1477909
2018-11-29 09:45:00+05:30,668.6,671.85,664.5,667.45,780544
2018-11-29 10:15:00+05:30,667.5,673.45,667.45,673.25,998151
2018-11-29 10:45:00+05:30,672.95,674.9,671.25,672.0,697672
2018-11-29 11:15:00+05:30,672.1,672.5,670.35,670.7,554211
2018-11-29 11:45:00+05:30,670.7,672.2,669.2,669.9,1503996
2018-11-29 12:15:00+05:30,669.9,670.0,667.95,669.2,1394886
2018-11-29 12:45:00+05:30,669.2,669.7,668.6,668.6,703593
2018-11-29 13:15:00+05:30,668.6,668.9,666.5,667.0,505303
2018-11-29 13:45:00+05:30,667.0,667.95,664.3,666.95,609230
2018-11-29 14:15:00+05:30,666.9,666.95,664.6,664.9,597202
2018-11-29 14:45:00+05:30,664.9,665.5,659.35,659.9,1851994
2018-11-29 15:15:00+05:30,659.9,670.0,659.0,665.5,1679590
2018-11-30 09:15:00+05:30,663.1,672.0,663.1,670.0,812816
2018-11-30 09:45:00+05:30,670.1,670.35,666.05,668.9,324100
2018-11-30 10:15:00+05:30,668.9,669.8,666.6,669.35,327413
2018-11-30 10:45:00+05:30,669.2,670.0,668.0,668.95,210783
2018-11-30 11:15:00+05:30,669.0,669.0,667.3,668.05,173134
2018-11-30 11:45:00+05:30,668.05,669.0,667.45,668.4,312584
2018-11-30 12:15:00+05:30,668.4,669.0,667.75,668.95,229890
2018-11-30 12:45:00+05:30,668.95,669.0,667.75,668.15,314689
2018-11-30 13:15:00+05:30,668.3,668.5,666.6,667.5,182747
2018-11-30 13:45:00+05:30,667.5,667.65,665.1,666.0,406448
2018-11-30 14:15:00+05:30,666.0,667.4,665.55,666.7,696973
2018-11-30 14:45:00+05:30,666.7,667.65,665.7,667.65,3710075
2018-11-30 15:15:00+05:30,667.7,671.0,667.65,670.0,2728658
2018-12-03 09:15:00+05:30,673.5,679.0,671.4,674.7,836247
2018-12-03 09:45:00+05:30,674.95,676.0,673.75,675.85,301418
2018-12-03 10:15:00+05:30,675.85,675.95,673.0,673.95,408901
2018-12-03 10:45:00+05:30,673.95,674.0,666.4,667.95,1700928
2018-12-03 11:15:00+05:30,667.9,669.5,666.8,668.0,437047
2018-12-03 11:45:00+05:30,668.0,668.35,667.0,667.95,475778
2018-12-03 12:15:00+05:30,667.95,668.85,667.35,668.5,510797
2018-12-03 12:45:00+05:30,668.5,669.0,667.85,668.85,412939
2018-12-03 13:15:00+05:30,668.85,670.0,667.9,669.95,536510
2018-12-03 13:45:00+05:30,669.95,671.45,669.55,670.95,316977
2018-12-03 14:15:00+05:30,670.95,672.5,670.3,670.3,311516
2018-12-03 14:45:00+05:30,670.85,671.0,669.15,670.0,1626759
2018-12-03 15:15:00+05:30,670.0,672.7,670.0,672.45,368838
2018-12-04 09:15:00+05:30,674.0,677.25,671.3,673.55,926428
2018-12-04 09:45:00+05:30,673.55,684.15,673.3,683.8,1330865
2018-12-04 10:15:00+05:30,683.75,685.4,681.5,682.25,594667
2018-12-04 10:45:00+05:30,682.1,688.25,682.1,685.7,929198
2018-12-04 11:15:00+05:30,685.65,686.65,684.15,685.0,399870
2018-12-04 11:45:00+05:30,684.95,685.0,683.75,684.0,325944
2018-12-04 12:15:00+05:30,684.0,685.0,683.8,684.0,298685
2018-12-04 12:45:00+05:30,683.95,684.5,682.4,684.5,265486
2018-12-04 13:15:00+05:30,684.5,685.85,684.15,685.2,349750
2018-12-04 13:45:00+05:30,685.05,685.5,684.1,684.4,377810
2018-12-04 14:15:00+05:30,684.45,685.0,683.15,683.35,326527
2018-12-04 14:45:00+05:30,683.8,687.0,683.5,685.45,925343
2018-12-04 15:15:00+05:30,685.45,685.95,682.25,683.0,751682
2018-12-05 09:15:00+05:30,681.45,682.75,674.8,675.85,647528
2018-12-05 09:45:00+05:30,675.85,677.8,672.55,676.45,360320
2018-12-05 10:15:00+05:30,676.3,679.6,675.85,679.45,376539
2018-12-05 10:45:00+05:30,679.4,680.85,677.35,677.95,280755
2018-12-05 11:15:00+05:30,678.0,679.9,677.65,678.95,604733
2018-12-05 11:45:00+05:30,679.0,679.25,678.3,679.25,286825
2018-12-05 12:15:00+05:30,679.25,679.25,678.6,679.0,297900
2018-12-05 12:45:00+05:30,679.0,679.25,678.7,678.95,287944
2018-12-05 13:15:00+05:30,678.95,679.25,678.65,679.0,258422
2018-12-05 13:45:00+05:30,679.0,679.15,678.6,678.75,305845
2018-12-05 14:15:00+05:30,678.75,681.6,677.65,678.75,431040
2018-12-05 14:45:00+05:30,678.65,683.6,678.25,680.95,629970
2018-12-05 15:15:00+05:30,681.05,682.9,680.5,681.15,395142
2018-12-06 09:15:00+05:30,676.5,685.0,671.0,674.05,996316
2018-12-06 09:45:00+05:30,673.95,674.0,668.8,672.9,477128
2018-12-06 10:15:00+05:30,672.85,673.5,670.95,671.9,346221
2018-12-06 10:45:00+05:30,671.9,672.9,670.65,672.85,394928
2018-12-06 11:15:00+05:30,672.8,676.0,672.6,674.9,458834
2018-12-06 11:45:00+05:30,674.95,676.45,674.5,675.65,339667
2018-12-06 12:15:00+05:30,675.65,677.45,675.3,675.8,621315
2018-12-06 12:45:00+05:30,675.8,678.0,675.75,676.05,425338
2018-12-06 13:15:00+05:30,676.05,676.5,669.65,671.15,290184
2018-12-06 13:45:00+05:30,671.15,671.55,667.25,667.55,459778
2018-12-06 14:15:00+05:30,667.6,668.0,665.05,666.05,446239
2018-12-06 14:45:00+05:30,666.05,668.35,664.6,667.35,1478701
2018-12-06 15:15:00+05:30,667.4,671.6,666.1,669.5,1296263
2018-12-07 09:15:00+05:30,672.0,674.0,665.95,673.3,566832
2018-12-07 09:45:00+05:30,673.3,678.0,671.6,677.3,351591
2018-12-07 10:15:00+05:30,677.25,679.45,675.4,676.05,294415
2018-12-07 10:45:00+05:30,676.0,677.35,675.0,676.7,223645
2018-12-07 11:15:00+05:30,676.7,678.25,676.55,678.0,420236
2018-12-07 11:45:00+05:30,677.95,678.0,675.7,676.5,287102
2018-12-07 12:15:00+05:30,676.45,678.0,676.3,677.85,230331
2018-12-07 12:45:00+05:30,677.85,678.0,676.55,677.0,123777
2018-12-07 13:15:00+05:30,677.0,682.0,676.6,682.0,465683
2018-12-07 13:45:00+05:30,682.85,684.7,680.6,681.0,375652
2018-12-07 14:15:00+05:30,681.0,684.55,680.0,682.8,978908
2018-12-07 14:45:00+05:30,682.85,685.7,681.95,682.0,784040
2018-12-07 15:15:00+05:30,682.1,683.0,680.55,680.75,444746
2018-12-10 09:15:00+05:30,670.75,683.65,670.25,671.55,829065
2018-12-10 09:45:00+05:30,671.8,674.65,668.85,673.05,332746
2018-12-10 10:15:00+05:30,673.45,677.0,672.8,674.5,193027
2018-12-10 10:45:00+05:30,674.5,674.7,670.05,671.25,243879
2018-12-10 11:15:00+05:30,671.3,673.5,670.55,672.4,293567
2018-12-10 11:45:00+05:30,672.4,672.85,671.3,671.95,167353
2018-12-10 12:15:00+05:30,671.95,672.0,669.5,670.95,223203
2018-12-10 12:45:00+05:30,670.95,672.7,669.75,671.9,217792
2018-12-10 13:15:00+05:30,671.75,673.4,667.5,668.25,410590
2018-12-10 13:45:00+05:30,668.1,668.85,665.25,667.0,360474
2018-12-10 14:15:00+05:30,667.0,669.25,666.25,667.85,256925
2018-12-10 14:45:00+05:30,667.85,669.5,666.55,668.65,534902
2018-12-10 15:15:00+05:30,668.6,672.85,667.4,670.3,1046547
2018-12-11 09:15:00+05:30,668.8,674.7,660.8,665.7,973593
2018-12-11 09:45:00+05:30,665.6,672.0,663.5,671.85,668654
2018-12-11 10:15:00+05:30,671.9,674.35,669.0,671.0,892164
2018-12-11 10:45:00+05:30,670.95,673.75,669.6,673.15,375422
2018-12-11 11:15:00+05:30,673.15,674.0,670.2,673.4,525048
2018-12-11 11:45:00+05:30,673.4,673.9,670.8,672.1,376275
2018-12-11 12:15:00+05:30,672.25,673.9,671.6,673.8,319426
2018-12-11 12:45:00+05:30,673.75,680.0,672.95,677.9,545376
2018-12-11 13:15:00+05:30,678.1,681.9,676.05,677.8,320806
2018-12-11 13:45:00+05:30,677.75,679.0,676.5,678.7,191621
2018-12-11 14:15:00+05:30,678.65,680.0,673.45,675.25,361756
2018-12-11 14:45:00+05:30,675.2,675.35,672.35,674.55,925760
2018-12-11 15:15:00+05:30,674.55,677.7,672.1,673.25,629958
2018-12-12 09:15:00+05:30,677.1,679.5,671.7,675.45,1186553
2018-12-12 09:45:00+05:30,675.4,676.0,672.1,672.95,512986
2018-12-12 10:15:00+05:30,673.0,675.5,670.7,674.85,357216
2018-12-12 10:45:00+05:30,674.8,674.95,673.2,674.3,361855
2018-12-12 11:15:00+05:30,674.3,675.15,672.9,674.75,275243
2018-12-12 11:45:00+05:30,674.55,675.0,673.25,674.15,416319
2018-12-12 12:15:00+05:30,674.1,674.45,673.25,673.9,190345
2018-12-12 12:45:00+05:30,673.95,674.05,673.35,673.5,277435
2018-12-12 13:15:00+05:30,673.6,674.2,671.75,673.95,800959
2018-12-12 13:45:00+05:30,674.0,674.6,673.25,673.9,511167
2018-12-12 14:15:00+05:30,673.9,676.95,673.7,676.6,608075
2018-12-12 14:45:00+05:30,676.6,679.9,676.55,677.4,848054
2018-12-12 15:15:00+05:30,677.4,679.8,676.85,678.1,565738
2018-12-13 09:15:00+05:30,680.0,687.5,680.0,684.5,902272
2018-12-13 09:45:00+05:30,684.5,685.5,683.1,684.55,875452
2018-12-13 10:15:00+05:30,684.5,685.9,684.3,684.75,135550
2018-12-13 10:45:00+05:30,684.75,684.75,681.6,684.3,361562
2018-12-13 11:15:00+05:30,684.25,686.9,683.3,685.8,369178
2018-12-13 11:45:00+05:30,685.8,686.25,684.75,685.8,212638
2018-12-13 12:15:00+05:30,685.85,686.85,685.05,685.55,237991
2018-12-13 12:45:00+05:30,685.55,691.0,685.3,688.4,529600
2018-12-13 13:15:00+05:30,688.35,693.0,688.1,692.3,411134
2018-12-13 13:45:00+05:30,692.35,695.4,689.3,689.9,557173
2018-12-13 14:15:00+05:30,690.05,694.65,689.1,693.5,805902
2018-12-13 14:45:00+05:30,693.5,699.8,693.45,698.75,1256845
2018-12-13 15:15:00+05:30,698.8,699.9,695.0,695.8,847440
2018-12-14 09:15:00+05:30,697.45,706.3,695.0,701.4,1922702
2018-12-14 09:45:00+05:30,701.4,705.0,700.0,704.9,615016
2018-12-14 10:15:00+05:30,704.95,707.0,703.0,703.85,855118
2018-12-14 10:45:00+05:30,703.85,705.8,702.5,703.15,417825
2018-12-14 11:15:00+05:30,703.15,705.0,703.1,704.55,464292
2018-12-14 11:45:00+05:30,704.55,706.0,704.0,705.95,298546
2018-12-14 12:15:00+05:30,705.6,709.0,705.45,708.0,508676
2018-12-14 12:45:00+05:30,708.0,711.45,706.2,710.75,753088
2018-12-14 13:15:00+05:30,710.95,711.9,709.0,711.55,494167
2018-12-14 13:45:00+05:30,711.8,713.7,710.6,713.45,621497
2018-12-14 14:15:00+05:30,713.5,713.7,709.1,711.35,776471
2018-12-14 14:45:00+05:30,711.25,711.35,704.4,707.3,1131710
2018-12-14 15:15:00+05:30,707.3,708.4,703.7,706.15,669607
2018-12-17 09:15:00+05:30,710.5,710.5,699.0,700.3,840766
2018-12-17 09:45:00+05:30,700.6,702.85,699.0,699.3,363094
2018-12-17 10:15:00+05:30,699.25,702.2,699.1,700.5,181325
2018-12-17 10:45:00+05:30,700.5,700.85,698.4,699.5,174339
2018-12-17 11:15:00+05:30,699.5,700.7,697.1,698.2,225175
2018-12-17 11:45:00+05:30,698.0,698.05,695.15,695.55,292651
2018-12-17 12:15:00+05:30,695.85,697.0,694.5,694.7,247298
2018-12-17 12:45:00+05:30,694.8,698.0,693.6,696.85,315944
2018-12-17 13:15:00+05:30,696.85,697.0,695.0,695.0,119817
2018-12-17 13:45:00+05:30,695.2,695.75,694.5,695.05,113132
2018-12-17 14:15:00+05:30,695.1,696.6,694.6,695.15,438766
2018-12-17 14:45:00+05:30,695.4,696.3,694.35,694.5,712123
2018-12-17 15:15:00+05:30,694.5,694.75,692.75,693.0,730562
2018-12-18 09:15:00+05:30,686.2,686.2,678.1,680.15,1574814
2018-12-18 09:45:00+05:30,680.4,681.8,679.2,679.45,503378
2018-12-18 10:15:00+05:30,679.45,679.75,676.55,679.2,791859
2018-12-18 10:45:00+05:30,679.2,679.8,678.65,679.0,268542
2018-12-18 11:15:00+05:30,679.0,679.2,678.3,678.8,237850
2018-12-18 11:45:00+05:30,678.8,682.0,678.2,680.0,461614
2018-12-18 12:15:00+05:30,680.0,681.85,679.7,681.25,409572
2018-12-18 12:45:00+05:30,681.2,684.7,680.5,682.5,489678
2018-12-18 13:15:00+05:30,682.5,682.65,681.0,681.9,252773
2018-12-18 13:45:00+05:30,681.85,682.45,680.35,682.3,318187
2018-12-18 14:15:00+05:30,682.35,682.5,678.45,680.5,734462
2018-12-18 14:45:00+05:30,680.5,681.0,676.0,676.4,1016393
2018-12-18 15:15:00+05:30,676.35,677.45,674.65,677.0,933689
2018-12-19 09:15:00+05:30,671.0,671.0,666.4,668.1,1024308
2018-12-19 09:45:00+05:30,668.25,668.9,667.0,667.35,383991
2018-12-19 10:15:00+05:30,667.4,667.4,663.0,663.7,897140
2018-12-19 10:45:00+05:30,663.65,664.6,661.65,662.4,537148
2018-12-19 11:15:00+05:30,662.4,663.6,662.05,663.1,296455
2018-12-19 11:45:00+05:30,663.2,663.95,662.0,662.3,313797
2018-12-19 12:15:00+05:30,662.3,663.65,662.1,663.45,273626
2018-12-19 12:45:00+05:30,663.5,663.65,662.0,662.65,455567
2018-12-19 13:15:00+05:30,662.5,663.55,661.1,663.55,501580
2018-12-19 13:45:00+05:30,663.35,665.3,663.35,664.9,654516
2018-12-19 14:15:00+05:30,664.95,668.0,664.65,667.8,958477
2018-12-19 14:45:00+05:30,667.85,667.85,664.3,664.5,956793
2018-12-19 15:15:00+05:30,664.5,665.45,663.55,665.0,1000627
2018-12-20 09:15:00+05:30,659.85,664.85,656.5,658.05,2115047
2018-12-20 09:45:00+05:30,658.15,662.9,657.35,662.0,952388
2018-12-20 10:15:00+05:30,662.0,663.25,660.0,660.6,785173
2018-12-20 10:45:00+05:30,660.6,661.1,659.0,660.1,546256
2018-12-20 11:15:00+05:30,660.05,665.85,659.9,665.05,803795
2018-12-20 11:45:00+05:30,665.0,667.35,663.1,666.9,1259356
2018-12-20 12:15:00+05:30,666.9,667.3,664.0,665.55,582632
2018-12-20 12:45:00+05:30,665.35,667.9,664.85,666.6,731530
2018-12-20 13:15:00+05:30,666.55,667.1,665.5,666.2,319104
2018-12-20 13:45:00+05:30,666.2,669.85,665.15,669.7,812770
2018-12-20 14:15:00+05:30,669.9,671.5,667.2,667.4,972396
2018-12-20 14:45:00+05:30,667.45,669.15,666.25,668.0,1036681
2018-12-20 15:15:00+05:30,668.1,668.45,665.5,666.9,755436
2018-12-21 09:15:00+05:30,657.5,658.1,652.1,653.4,2386696
2018-12-21 09:45:00+05:30,653.3,656.4,652.6,655.35,869470
2018-12-21 10:15:00+05:30,655.35,655.65,650.0,650.65,1119677
2018-12-21 10:45:00+05:30,650.55,652.75,650.1,652.15,634862
2018-12-21 11:15:00+05:30,652.15,654.75,651.1,653.2,931108
2018-12-21 11:45:00+05:30,653.1,653.2,651.4,652.35,571117
2018-12-21 12:15:00+05:30,652.35,653.4,651.75,653.0,570466
2018-12-21 12:45:00+05:30,653.25,653.35,651.6,652.05,323312
2018-12-21 13:15:00+05:30,652.05,652.45,650.0,650.9,479615
2018-12-21 13:45:00+05:30,650.85,651.25,648.05,649.0,691795
2018-12-21 14:15:00+05:30,649.0,650.0,648.0,649.75,602734
2018-12-21 14:45:00+05:30,649.55,650.0,645.0,645.4,1984718
2018-12-21 15:15:00+05:30,645.4,647.5,643.6,647.0,1570548
2018-12-24 09:15:00+05:30,658.2,658.2,651.0,653.9,1928421
2018-12-24 09:45:00+05:30,653.85,654.0,648.15,651.5,1127923
2018-12-24 10:15:00+05:30,651.5,653.95,651.5,653.65,505654
2018-12-24 10:45:00+05:30,653.45,655.9,653.35,655.45,655481
2018-12-24 11:15:00+05:30,655.5,655.6,651.35,652.65,506863
2018-12-24 11:45:00+05:30,652.6,654.0,652.1,653.65,223149
2018-12-24 12:15:00+05:30,653.75,655.2,653.1,654.3,760790
2018-12-24 12:45:00+05:30,654.35,654.45,652.5,653.65,253038
2018-12-24 13:15:00+05:30,653.65,654.25,653.4,653.8,192865
2018-12-24 13:45:00+05:30,654.0,654.15,653.4,653.65,242737
2018-12-24 14:15:00+05:30,653.65,653.65,649.05,651.35,746062
2018-12-24 14:45:00+05:30,651.35,651.45,648.5,649.15,644561
2018-12-24 15:15:00+05:30,649.3,649.65,647.8,648.5,538648
2018-12-26 09:15:00+05:30,647.0,647.0,638.0,639.55,1285072
2018-12-26 09:45:00+05:30,639.6,642.0,638.6,639.7,661755
2018-12-26 10:15:00+05:30,639.55,640.2,637.7,639.7,647137
2018-12-26 10:45:00+05:30,639.75,641.4,639.15,640.7,397003
2018-12-26 11:15:00+05:30,640.7,642.9,640.1,641.15,373316
2018-12-26 11:45:00+05:30,641.15,642.65,641.0,641.9,225868
2018-12-26 12:15:00+05:30,641.9,643.25,641.25,642.4,315311
2018-12-26 12:45:00+05:30,642.45,643.5,641.2,642.25,257782
2018-12-26 13:15:00+05:30,642.15,643.5,641.75,643.5,244935
2018-12-26 13:45:00+05:30,643.5,645.0,643.0,644.0,340927
2018-12-26 14:15:00+05:30,644.15,646.65,643.0,644.8,446376
2018-12-26 14:45:00+05:30,645.0,645.5,642.05,643.8,609796
2018-12-26 15:15:00+05:30,643.55,644.85,642.0,643.9,343207
2018-12-27 09:15:00+05:30,652.75,655.35,649.0,652.7,1801572
2018-12-27 09:45:00+05:30,652.7,658.7,652.7,658.25,1532720
2018-12-27 10:15:00+05:30,658.25,662.25,657.3,660.4,3375604
2018-12-27 10:45:00+05:30,660.0,660.6,658.1,660.0,565339
2018-12-27 11:15:00+05:30,659.95,661.0,657.6,658.4,579509
2018-12-27 11:45:00+05:30,658.4,659.95,658.2,659.8,279172
2018-12-27 12:15:00+05:30,659.8,660.25,656.1,659.65,478424
2018-12-27 12:45:00+05:30,659.6,660.65,658.2,660.0,452867
2018-12-27 13:15:00+05:30,659.95,662.0,659.8,660.95,577026
2018-12-27 13:45:00+05:30,660.95,662.0,660.0,661.9,499499
2018-12-27 14:15:00+05:30,661.95,661.95,659.0,661.15,889032
2018-12-27 14:45:00+05:30,661.05,663.25,655.0,657.45,2457344
2018-12-27 15:15:00+05:30,657.45,658.0,653.55,655.55,1814063
2018-12-28 09:15:00+05:30,663.35,663.5,657.0,658.25,858308
2018-12-28 09:45:00+05:30,658.25,660.8,657.7,658.45,445931
2018-12-28 10:15:00+05:30,658.45,659.5,657.8,658.75,247881
2018-12-28 10:45:00+05:30,658.7,659.5,657.5,658.35,282186
2018-12-28 11:15:00+05:30,658.3,658.95,656.35,656.5,207563
2018-12-28 11:45:00+05:30,656.5,658.35,655.3,658.3,270290
2018-12-28 12:15:00+05:30,658.3,659.0,658.2,658.8,181427
2018-12-28 12:45:00+05:30,658.8,658.85,657.5,658.5,171944
2018-12-28 13:15:00+05:30,658.35,659.9,658.35,659.1,249720
2018-12-28 13:45:00+05:30,659.1,659.3,658.4,659.1,211927
2018-12-28 14:15:00+05:30,659.15,659.2,657.1,658.75,332490
2018-12-28 14:45:00+05:30,658.9,659.2,655.65,656.7,534655
2018-12-28 15:15:00+05:30,656.7,658.4,655.1,656.45,720288
2018-12-31 09:15:00+05:30,660.0,662.0,655.9,657.55,640085
2018-12-31 09:45:00+05:30,657.6,659.1,657.5,658.75,178626
2018-12-31 10:15:00+05:30,658.75,660.0,657.5,658.7,236814
2018-12-31 10:45:00+05:30,658.7,659.9,658.55,659.45,135223
2018-12-31 11:15:00+05:30,659.3,659.4,658.0,658.75,194152
2018-12-31 11:45:00+05:30,658.75,660.5,658.35,658.9,262696
2018-12-31 12:15:00+05:30,658.85,659.5,658.2,658.55,163432
2018-12-31 12:45:00+05:30,658.55,659.4,658.1,659.3,122582
2018-12-31 13:15:00+05:30,659.35,660.75,659.2,659.95,272416
2018-12-31 13:45:00+05:30,660.0,661.85,659.8,660.5,296405
2018-12-31 14:15:00+05:30,660.25,660.85,659.0,660.0,207579
2018-12-31 14:45:00+05:30,660.3,660.75,658.2,658.3,320595
2018-12-31 15:15:00+05:30,658.35,659.7,658.2,659.5,326875
2019-01-01 09:15:00+05:30,660.95,661.5,655.6,657.05,325359
2019-01-01 09:45:00+05:30,657.35,657.8,654.25,656.35,277190
2019-01-01 10:15:00+05:30,656.0,657.25,655.5,657.0,124282
2019-01-01 10:45:00+05:30,657.05,657.25,656.1,656.8,89666
2019-01-01 11:15:00+05:30,656.8,657.65,656.4,657.3,63020
2019-01-01 11:45:00+05:30,657.4,657.8,657.1,657.6,60795
2019-01-01 12:15:00+05:30,657.6,658.35,657.5,657.75,147404
2019-01-01 12:45:00+05:30,657.75,658.25,657.25,657.5,100782
2019-01-01 13:15:00+05:30,657.5,658.0,657.2,657.5,86795
2019-01-01 13:45:00+05:30,657.55,658.5,657.05,658.05,92218
2019-01-01 14:15:00+05:30,658.3,663.85,657.9,663.55,502416
2019-01-01 14:45:00+05:30,663.55,665.0,662.3,664.9,461073
2019-01-01 15:15:00+05:30,665.0,666.25,664.5,665.95,608259
2019-01-02 09:15:00+05:30,666.0,670.0,662.35,667.7,686609
2019-01-02 09:45:00+05:30,667.4,670.0,667.0,669.75,353340
2019-01-02 10:15:00+05:30,669.85,673.1,669.75,670.8,805592
2019-01-02 10:45:00+05:30,670.9,672.5,669.2,671.5,719318
2019-01-02 11:15:00+05:30,671.55,673.0,670.8,672.65,616177
2019-01-02 11:45:00+05:30,672.65,674.0,671.8,673.35,546499
2019-01-02 12:15:00+05:30,673.35,673.5,668.0,668.25,1019232
2019-01-02 12:45:00+05:30,667.3,669.6,665.2,668.5,510008
2019-01-02 13:15:00+05:30,668.8,670.25,665.45,665.45,399739
2019-01-02 13:45:00+05:30,665.2,667.8,664.0,667.65,453472
2019-01-02 14:15:00+05:30,667.75,670.2,666.3,670.0,373485
2019-01-02 14:45:00+05:30,670.2,670.5,668.55,669.9,488757
2019-01-02 15:15:00+05:30,670.0,670.0,667.1,668.0,434955
2019-01-03 09:15:00+05:30,670.0,674.75,669.0,673.7,877212
2019-01-03 09:45:00+05:30,673.55,676.9,672.3,675.3,767258
2019-01-03 10:15:00+05:30,675.1,675.3,672.0,672.5,559177
2019-01-03 10:45:00+05:30,672.55,672.55,668.5,668.5,612329
2019-01-03 11:15:00+05:30,668.35,668.9,666.5,667.3,377272
2019-01-03 11:45:00+05:30,667.25,670.0,666.5,668.55,417037
2019-01-03 12:15:00+05:30,668.55,668.65,664.7,665.0,334209
2019-01-03 12:45:00+05:30,665.0,666.2,663.25,665.7,299225
2019-01-03 13:15:00+05:30,665.9,668.45,665.5,666.35,343331
2019-01-03 13:45:00+05:30,666.05,667.7,664.05,666.35,390130
2019-01-03 14:15:00+05:30,666.35,668.75,666.0,666.7,507873
2019-01-03 14:45:00+05:30,666.6,670.0,664.6,670.0,827310
2019-01-03 15:15:00+05:30,669.75,669.75,667.5,668.95,496304
2019-01-04 09:15:00+05:30,671.7,673.9,664.5,664.55,1192255
2019-01-04 09:45:00+05:30,664.7,666.0,657.3,659.6,869821
2019-01-04 10:15:00+05:30,659.45,659.6,652.0,652.8,791005
2019-01-04 10:45:00+05:30,652.8,657.75,651.0,654.7,806000
2019-01-04 11:15:00+05:30,654.7,657.9,654.5,656.45,321764
2019-01-04 11:45:00+05:30,656.45,658.25,656.05,657.55,298284
2019-01-04 12:15:00+05:30,657.65,660.5,656.05,659.75,508970
2019-01-04 12:45:00+05:30,659.8,661.5,658.0,660.9,464425
2019-01-04 13:15:00+05:30,660.9,661.1,658.8,659.7,321581
2019-01-04 13:45:00+05:30,659.7,661.95,657.8,658.15,541141
2019-01-04 14:15:00+05:30,658.4,661.2,656.5,660.75,490771
2019-01-04 14:45:00+05:30,660.85,661.95,660.3,660.85,693091
2019-01-04 15:15:00+05:30,661.0,661.4,659.5,660.2,556998
2019-01-07 09:15:00+05:30,665.0,667.1,661.55,662.95,820728
2019-01-07 09:45:00+05:30,663.0,665.0,662.3,664.4,474774
2019-01-07 10:15:00+05:30,664.35,666.4,664.35,665.15,763019
2019-01-07 10:45:00+05:30,665.1,666.75,664.1,666.2,319767
2019-01-07 11:15:00+05:30,666.3,667.55,664.5,664.85,669812
2019-01-07 11:45:00+05:30,664.85,665.95,664.6,665.2,200207
2019-01-07 12:15:00+05:30,665.2,665.3,663.0,663.1,330759
2019-01-07 12:45:00+05:30,663.15,665.45,663.0,665.4,454510
2019-01-07 13:15:00+05:30,665.4,669.8,665.35,669.65,682122
2019-01-07 13:45:00+05:30,669.6,670.0,667.5,669.5,539343
2019-01-07 14:15:00+05:30,669.2,670.0,668.5,669.95,568413
2019-01-07 14:45:00+05:30,669.8,672.75,668.0,672.15,1393822
2019-01-07 15:15:00+05:30,672.1,673.5,671.35,671.55,814931
2019-01-08 09:15:00+05:30,674.95,677.2,670.65,671.85,1495864
2019-01-08 09:45:00+05:30,671.95,672.85,671.0,672.05,424208
2019-01-08 10:15:00+05:30,672.05,676.5,672.05,676.0,887518
2019-01-08 10:45:00+05:30,676.0,676.0,673.0,674.9,409439
2019-01-08 11:15:00+05:30,674.85,675.75,673.45,673.95,324387
2019-01-08 11:45:00+05:30,673.95,674.0,672.45,673.0,466927
2019-01-08 12:15:00+05:30,673.0,673.5,672.8,672.95,516552
2019-01-08 12:45:00+05:30,673.0,673.05,672.6,672.9,413084
2019-01-08 13:15:00+05:30,672.9,673.0,671.55,672.7,651414
2019-01-08 13:45:00+05:30,672.7,674.75,671.95,673.85,827275
2019-01-08 14:15:00+05:30,673.9,674.0,671.75,671.8,578999
2019-01-08 14:45:00+05:30,671.9,672.3,668.55,670.0,1069733
2019-01-08 15:15:00+05:30,669.95,671.35,668.9,669.65,535688
2019-01-09 09:15:00+05:30,686.2,687.4,676.1,684.2,3719541
2019-01-09 09:45:00+05:30,684.1,689.8,684.0,686.65,2238046
2019-01-09 10:15:00+05:30,686.65,687.5,683.5,684.0,769036
2019-01-09 10:45:00+05:30,683.8,684.75,682.1,682.65,914864
2019-01-09 11:15:00+05:30,682.65,682.65,679.0,679.0,1110408
2019-01-09 11:45:00+05:30,679.0,679.5,675.0,675.6,1285989
2019-01-09 12:15:00+05:30,675.75,676.95,670.35,674.6,1807689
2019-01-09 12:45:00+05:30,674.7,674.95,671.3,673.3,798983
2019-01-09 13:15:00+05:30,673.3,674.65,672.0,672.6,574016
2019-01-09 13:45:00+05:30,672.45,672.45,664.45,670.1,1339801
2019-01-09 14:15:00+05:30,670.1,672.65,669.5,672.2,871320
2019-01-09 14:45:00+05:30,672.4,677.4,671.55,676.1,1497273
2019-01-09 15:15:00+05:30,676.1,677.95,673.9,675.6,1108506
2019-01-10 09:15:00+05:30,681.6,681.6,676.5,681.0,1355995
2019-01-10 09:45:00+05:30,681.05,682.0,678.2,679.05,529401
2019-01-10 10:15:00+05:30,679.0,681.0,678.6,679.5,359561
2019-01-10 10:45:00+05:30,679.6,681.0,677.55,677.6,400134
2019-01-10 11:15:00+05:30,678.0,678.05,675.55,675.85,851015
2019-01-10 11:45:00+05:30,675.8,676.7,674.25,676.0,616464
2019-01-10 12:15:00+05:30,675.9,676.0,674.5,675.3,520871
2019-01-10 12:45:00+05:30,675.3,675.4,674.25,675.1,316843
2019-01-10 13:15:00+05:30,675.05,675.6,672.55,675.0,718441
2019-01-10 13:45:00+05:30,675.0,675.7,673.95,675.45,439342
2019-01-10 14:15:00+05:30,675.4,676.9,674.3,675.25,697110
2019-01-10 14:45:00+05:30,675.25,679.85,675.0,679.75,1591744
2019-01-10 15:15:00+05:30,679.75,681.5,679.0,680.8,1130774
2019-01-11 09:15:00+05:30,680.2,684.4,676.0,680.9,1607720
2019-01-11 09:45:00+05:30,680.9,681.75,677.0,677.4,546866
2019-01-11 10:15:00+05:30,677.35,679.45,676.2,677.0,453920
2019-01-11 10:45:00+05:30,677.0,678.85,676.25,677.1,390300
2019-01-11 11:15:00+05:30,677.1,677.6,674.4,675.25,582871
2019-01-11 11:45:00+05:30,675.2,675.35,672.5,675.25,605731
2019-01-11 12:15:00+05:30,675.2,675.3,674.5,675.0,447237
2019-01-11 12:45:00+05:30,674.95,675.1,673.75,674.25,557394
2019-01-11 13:15:00+05:30,674.25,676.5,674.0,675.2,466463
2019-01-11 13:45:00+05:30,675.2,675.5,673.35,674.95,724255
2019-01-11 14:15:00+05:30,674.95,679.75,674.5,679.75,1546638
2019-01-11 14:45:00+05:30,679.7,684.95,678.75,684.7,3065041
2019-01-11 15:15:00+05:30,684.8,685.45,682.8,684.35,1239242
2019-01-14 09:15:00+05:30,707.0,707.0,698.75,701.2,7042851
2019-01-14 09:45:00+05:30,701.2,702.0,695.95,697.1,2079133
2019-01-14 10:15:00+05:30,697.2,702.9,697.1,701.5,1229370
2019-01-14 10:45:00+05:30,701.5,702.75,699.1,700.6,1156787
2019-01-14 11:15:00+05:30,700.5,700.95,699.3,699.9,591433
2019-01-14 11:45:00+05:30,699.9,700.25,697.8,698.25,680816
2019-01-14 12:15:00+05:30,698.2,699.0,697.95,698.9,870564
2019-01-14 12:45:00+05:30,698.9,702.2,698.5,700.9,1273624
2019-01-14 13:15:00+05:30,700.5,701.0,700.0,700.4,562032
2019-01-14 13:45:00+05:30,700.35,701.9,699.95,701.3,526269
2019-01-14 14:15:00+05:30,701.3,701.55,700.05,701.05,512859
2019-01-14 14:45:00+05:30,701.1,702.0,700.7,701.9,1048519
2019-01-14 15:15:00+05:30,701.9,703.5,701.05,701.25,1240281
2019-01-15 09:15:00+05:30,707.2,715.0,707.2,712.5,2794262
2019-01-15 09:45:00+05:30,712.75,718.2,712.05,716.5,1647567
2019-01-15 10:15:00+05:30,716.5,720.8,715.6,720.45,1903405
2019-01-15 10:45:00+05:30,720.4,727.75,720.05,726.9,2449289
2019-01-15 11:15:00+05:30,726.9,727.2,725.5,726.0,1252835
2019-01-15 11:45:00+05:30,726.0,726.15,721.6,725.0,1637899
2019-01-15 12:15:00+05:30,725.0,727.1,724.8,725.3,993128
2019-01-15 12:45:00+05:30,725.35,725.5,724.2,724.9,583934
2019-01-15 13:15:00+05:30,724.9,725.0,723.0,723.85,598548
2019-01-15 13:45:00+05:30,723.9,724.2,720.25,722.05,940676
2019-01-15 14:15:00+05:30,722.1,723.9,720.5,722.35,846144
2019-01-15 14:45:00+05:30,722.2,725.3,721.0,725.05,2014666
2019-01-15 15:15:00+05:30,724.95,730.0,724.95,728.3,1969912
2019-01-16 09:15:00+05:30,729.9,735.0,728.5,734.8,2037838
2019-01-16 09:45:00+05:30,735.0,735.85,731.55,731.7,945647
2019-01-16 10:15:00+05:30,731.9,732.75,729.1,731.55,840766
2019-01-16 10:45:00+05:30,731.5,732.8,730.2,730.65,422374
2019-01-16 11:15:00+05:30,730.65,734.15,730.6,733.65,346273
2019-01-16 11:45:00+05:30,733.65,734.3,732.2,732.6,292368
2019-01-16 12:15:00+05:30,732.7,734.0,732.25,733.5,317824
2019-01-16 12:45:00+05:30,733.55,737.0,733.5,736.25,790186
2019-01-16 13:15:00+05:30,736.3,737.65,735.75,736.65,629369
2019-01-16 13:45:00+05:30,736.85,736.95,733.5,735.1,539919
2019-01-16 14:15:00+05:30,735.1,736.5,734.1,735.05,496120
2019-01-16 14:45:00+05:30,735.05,737.5,735.05,736.7,995516
2019-01-16 15:15:00+05:30,736.9,737.5,735.65,735.95,974287
2019-01-17 09:15:00+05:30,735.8,739.0,731.65,731.65,1331864
2019-01-17 09:45:00+05:30,731.7,733.7,729.1,731.9,747434
2019-01-17 10:15:00+05:30,732.05,733.45,731.05,731.65,481819
2019-01-17 10:45:00+05:30,731.75,734.9,731.65,733.75,423528
2019-01-17 11:15:00+05:30,733.7,734.25,731.5,732.9,432846
2019-01-17 11:45:00+05:30,732.6,733.45,731.2,731.8,307078
2019-01-17 12:15:00+05:30,731.8,732.45,730.3,731.9,320664
2019-01-17 12:45:00+05:30,731.9,733.0,731.7,732.3,348071
2019-01-17 13:15:00+05:30,732.3,732.5,731.05,731.85,250077
2019-01-17 13:45:00+05:30,731.85,732.0,730.0,732.0,334503
2019-01-17 14:15:00+05:30,731.95,734.0,731.95,732.7,533168
2019-01-17 14:45:00+05:30,732.7,734.7,732.25,733.9,841430
2019-01-17 15:15:00+05:30,733.9,734.5,732.4,733.2,512865
2019-01-18 09:15:00+05:30,730.0,736.0,729.1,733.2,864248
2019-01-18 09:45:00+05:30,733.3,735.05,729.5,730.1,568549
2019-01-18 10:15:00+05:30,730.2,731.0,728.15,730.45,288142
2019-01-18 10:45:00+05:30,730.45,732.6,729.6,730.1,404916
2019-01-18 11:15:00+05:30,730.2,731.1,729.5,730.7,187892
2019-01-18 11:45:00+05:30,730.7,731.5,729.6,730.0,313250
2019-01-18 12:15:00+05:30,730.2,730.3,728.0,729.5,383620
2019-01-18 12:45:00+05:30,729.45,729.5,726.6,726.8,286096
2019-01-18 13:15:00+05:30,726.8,729.55,726.35,728.0,273274
2019-01-18 13:45:00+05:30,728.0,730.3,727.95,729.65,469683
2019-01-18 14:15:00+05:30,729.75,730.0,727.5,727.75,292369
2019-01-18 14:45:00+05:30,727.9,730.0,727.6,729.9,846902
2019-01-18 15:15:00+05:30,729.95,734.5,729.15,733.5,714216
2019-01-21 09:15:00+05:30,738.2,745.65,734.0,744.8,1644861
2019-01-21 09:45:00+05:30,744.7,745.95,743.7,745.05,728294
2019-01-21 10:15:00+05:30,745.05,751.0,745.0,749.0,1260856
2019-01-21 10:45:00+05:30,749.0,749.35,744.5,745.5,617614
2019-01-21 11:15:00+05:30,745.5,746.3,744.15,744.95,382331
2019-01-21 11:45:00+05:30,744.95,746.95,744.75,746.15,339031
2019-01-21 12:15:00+05:30,746.15,747.0,745.0,745.85,276144
2019-01-21 12:45:00+05:30,745.85,746.0,744.05,744.25,226736
2019-01-21 13:15:00+05:30,744.1,744.9,743.05,743.2,269382
2019-01-21 13:45:00+05:30,743.2,745.5,742.25,745.25,350133
2019-01-21 14:15:00+05:30,745.25,745.75,743.15,745.3,453258
2019-01-21 14:45:00+05:30,745.3,746.0,744.0,745.7,766649
2019-01-21 15:15:00+05:30,745.6,745.85,742.35,743.45,789228
2019-01-22 09:15:00+05:30,741.25,741.5,734.0,735.5,663388
2019-01-22 09:45:00+05:30,735.45,739.15,734.3,738.4,537366
2019-01-22 10:15:00+05:30,738.4,739.5,736.05,738.4,364712
2019-01-22 10:45:00+05:30,738.4,738.9,735.5,736.45,386017
2019-01-22 11:15:00+05:30,736.45,738.0,735.35,737.45,354860
2019-01-22 11:45:00+05:30,737.35,738.0,736.25,737.0,339083
2019-01-22 12:15:00+05:30,737.0,737.05,735.6,736.05,278977
2019-01-22 12:45:00+05:30,736.05,737.65,736.0,736.55,256897
2019-01-22 13:15:00+05:30,736.5,737.9,736.0,737.55,216240
2019-01-22 13:45:00+05:30,737.5,739.5,737.0,737.6,362828
2019-01-22 14:15:00+05:30,737.6,739.85,737.25,738.4,394501
2019-01-22 14:45:00+05:30,738.4,745.8,737.3,745.45,1532565
2019-01-22 15:15:00+05:30,745.5,748.9,745.5,747.0,1063014
2019-01-23 09:15:00+05:30,742.35,742.6,736.2,737.95,926956
2019-01-23 09:45:00+05:30,738.0,738.7,736.5,736.55,443349
2019-01-23 10:15:00+05:30,736.5,738.75,735.0,736.7,547181
2019-01-23 10:45:00+05:30,736.7,737.95,735.2,736.4,638603
2019-01-23 11:15:00+05:30,736.4,737.1,735.5,735.75,381955
2019-01-23 11:45:00+05:30,735.9,738.5,735.55,738.05,380822
2019-01-23 12:15:00+05:30,738.05,741.5,737.1,737.75,420545
2019-01-23 12:45:00+05:30,737.8,739.8,737.3,738.2,296719
2019-01-23 13:15:00+05:30,738.35,739.0,735.0,735.7,405000
2019-01-23 13:45:00+05:30,735.55,736.7,734.0,734.75,625409
2019-01-23 14:15:00+05:30,734.75,735.4,732.5,733.5,684599
2019-01-23 14:45:00+05:30,733.5,734.4,730.95,731.7,767046
2019-01-23 15:15:00+05:30,731.7,733.7,729.2,731.65,671358
2019-01-24 09:15:00+05:30,728.1,729.35,721.0,723.9,1322859
2019-01-24 09:45:00+05:30,723.95,723.95,722.0,723.5,730279
2019-01-24 10:15:00+05:30,723.5,726.65,722.9,726.0,656735
2019-01-24 10:45:00+05:30,726.0,733.5,726.0,732.1,1134092
2019-01-24 11:15:00+05:30,732.1,733.8,726.55,727.0,629688
2019-01-24 11:45:00+05:30,727.25,728.5,725.25,727.3,328492
2019-01-24 12:15:00+05:30,727.4,727.9,725.35,725.6,157230
2019-01-24 12:45:00+05:30,725.55,727.35,724.45,726.6,173249
2019-01-24 13:15:00+05:30,726.6,727.25,726.0,726.45,141095
2019-01-24 13:45:00+05:30,726.45,729.6,726.25,728.95,281885
2019-01-24 14:15:00+05:30,728.95,731.0,728.3,730.1,422895
2019-01-24 14:45:00+05:30,730.05,733.5,729.4,733.05,967700
2019-01-24 15:15:00+05:30,733.05,736.1,731.05,734.0,472708
2019-01-25 09:15:00+05:30,728.0,737.9,728.0,736.95,1090478
2019-01-25 09:45:00+05:30,736.7,736.9,734.5,734.75,338203
2019-01-25 10:15:00+05:30,734.75,734.8,731.25,732.2,394235
2019-01-25 10:45:00+05:30,732.2,734.85,732.1,733.2,222746
2019-01-25 11:15:00+05:30,733.2,733.4,731.55,731.8,204704
2019-01-25 11:45:00+05:30,731.8,733.5,730.9,731.85,225103
2019-01-25 12:15:00+05:30,731.85,733.0,731.0,732.75,191679
2019-01-25 12:45:00+05:30,732.75,733.2,729.5,729.9,299768
2019-01-25 13:15:00+05:30,730.0,731.7,729.2,731.7,220373
2019-01-25 13:45:00+05:30,731.4,732.1,727.05,728.15,300223
2019-01-25 14:15:00+05:30,728.6,730.55,724.55,729.0,395580
2019-01-25 14:45:00+05:30,729.0,730.8,726.8,729.4,859045
2019-01-25 15:15:00+05:30,729.4,733.4,728.8,730.3,791275
2019-01-28 09:15:00+05:30,731.0,732.6,724.55,728.25,1073907
2019-01-28 09:45:00+05:30,727.8,729.9,724.0,726.35,532263
2019-01-28 10:15:00+05:30,726.35,727.65,724.1,725.0,490344
2019-01-28 10:45:00+05:30,725.0,725.15,720.25,720.6,601930
2019-01-28 11:15:00+05:30,720.65,722.35,719.0,720.65,683795
2019-01-28 11:45:00+05:30,720.65,725.05,720.55,724.4,575163
2019-01-28 12:15:00+05:30,724.25,725.25,722.2,723.95,917429
2019-01-28 12:45:00+05:30,723.5,725.05,723.25,724.75,402906
2019-01-28 13:15:00+05:30,724.75,725.3,722.8,725.15,560968
2019-01-28 13:45:00+05:30,725.15,727.5,724.55,727.15,465528
2019-01-28 14:15:00+05:30,727.0,727.2,724.55,726.75,414946
2019-01-28 14:45:00+05:30,726.75,728.0,725.25,727.9,761930
2019-01-28 15:15:00+05:30,727.9,732.0,726.95,731.0,455313
2019-01-29 09:15:00+05:30,725.5,727.55,721.35,722.85,940324
2019-01-29 09:45:00+05:30,722.75,724.0,719.25,719.6,585140
2019-01-29 10:15:00+05:30,719.6,721.5,718.4,720.35,406811
2019-01-29 10:45:00+05:30,720.35,720.8,717.1,717.6,602988
2019-01-29 11:15:00+05:30,717.55,718.2,716.5,717.05,312674
2019-01-29 11:45:00+05:30,717.0,719.5,716.6,719.2,404856
2019-01-29 12:15:00+05:30,719.25,721.85,719.05,720.0,590459
2019-01-29 12:45:00+05:30,720.0,720.95,717.15,717.8,290934
2019-01-29 13:15:00+05:30,717.8,720.3,717.1,719.65,400750
2019-01-29 13:45:00+05:30,719.75,722.5,718.95,721.2,586657
2019-01-29 14:15:00+05:30,721.2,724.75,721.05,723.95,324468
2019-01-29 14:45:00+05:30,723.95,728.0,723.25,726.85,803230
2019-01-29 15:15:00+05:30,726.65,732.3,726.65,730.05,488004
2019-01-30 09:15:00+05:30,727.9,734.6,727.9,728.05,891228
2019-01-30 09:45:00+05:30,728.15,728.15,724.2,727.3,398473
2019-01-30 10:15:00+05:30,727.25,727.3,722.9,725.05,319547
2019-01-30 10:45:00+05:30,725.05,725.65,723.5,724.55,203883
2019-01-30 11:15:00+05:30,724.55,727.4,723.55,726.0,226709
2019-01-30 11:45:00+05:30,726.15,726.5,724.15,724.15,254183
2019-01-30 12:15:00+05:30,724.15,725.9,722.35,725.8,388011
2019-01-30 12:45:00+05:30,725.85,727.6,725.0,725.85,398152
2019-01-30 13:15:00+05:30,725.8,726.2,723.5,724.85,299003
2019-01-30 13:45:00+05:30,724.45,727.5,723.95,726.75,314508
2019-01-30 14:15:00+05:30,726.65,729.5,723.35,724.3,591782
2019-01-30 14:45:00+05:30,724.3,726.5,721.1,725.95,838114
2019-01-30 15:15:00+05:30,726.0,728.0,724.0,724.3,626291
2019-01-31 09:15:00+05:30,726.0,733.7,726.0,731.25,1298987
2019-01-31 09:45:00+05:30,731.2,733.4,729.9,732.9,728566
2019-01-31 10:15:00+05:30,732.85,742.55,732.85,742.5,1579254
2019-01-31 10:45:00+05:30,742.5,746.0,741.4,745.0,1295728
2019-01-31 11:15:00+05:30,745.0,751.25,744.95,749.1,1356687
2019-01-31 11:45:00+05:30,749.25,750.9,747.35,750.0,785455
2019-01-31 12:15:00+05:30,749.8,750.55,745.95,747.55,721518
2019-01-31 12:45:00+05:30,747.65,750.1,747.0,749.9,580488
2019-01-31 13:15:00+05:30,749.8,750.8,749.35,749.6,692057
2019-01-31 13:45:00+05:30,749.65,750.0,748.55,748.75,639578
2019-01-31 14:15:00+05:30,748.8,749.3,744.0,745.25,764899
2019-01-31 14:45:00+05:30,745.55,750.0,745.1,750.0,1904202
2019-01-31 15:15:00+05:30,750.0,750.2,748.65,750.0,1472767
2019-02-01 09:15:00+05:30,751.35,762.5,750.45,757.8,1258849
2019-02-01 09:45:00+05:30,758.0,758.0,754.15,756.0,417102
2019-02-01 10:15:00+05:30,756.0,756.05,752.05,753.95,305240
2019-02-01 10:45:00+05:30,754.2,754.75,751.4,752.05,240950
2019-02-01 11:15:00+05:30,752.25,752.6,744.65,746.45,660686
2019-02-01 11:45:00+05:30,746.35,750.0,745.1,747.75,302955
2019-02-01 12:15:00+05:30,747.75,755.35,747.0,753.15,425721
2019-02-01 12:45:00+05:30,752.8,753.5,749.15,751.75,362588
2019-02-01 13:15:00+05:30,751.75,751.9,747.8,751.4,365202
2019-02-01 13:45:00+05:30,751.4,752.6,746.5,749.1,330489
2019-02-01 14:15:00+05:30,749.05,751.3,747.9,750.15,277193
2019-02-01 14:45:00+05:30,750.05,758.4,749.7,758.15,855463
2019-02-01 15:15:00+05:30,758.15,759.0,755.55,756.7,445871
2019-02-04 09:15:00+05:30,757.0,762.3,752.0,756.95,622171
2019-02-04 09:45:00+05:30,756.95,757.9,752.55,754.15,211999
2019-02-04 10:15:00+05:30,754.15,754.55,750.1,751.0,257958
2019-02-04 10:45:00+05:30,751.0,751.25,749.55,751.0,274018
2019-02-04 11:15:00+05:30,751.0,751.3,750.0,750.85,172199
2019-02-04 11:45:00+05:30,750.85,753.4,750.55,750.85,262852
2019-02-04 12:15:00+05:30,750.85,752.2,749.55,750.55,187042
2019-02-04 12:45:00+05:30,750.55,753.2,749.2,752.85,213089
2019-02-04 13:15:00+05:30,752.85,755.5,752.0,753.9,235521
2019-02-04 13:45:00+05:30,753.9,757.75,753.1,756.3,319708
2019-02-04 14:15:00+05:30,756.5,756.9,754.0,756.5,214065
2019-02-04 14:45:00+05:30,756.6,758.5,754.85,755.35,586210
2019-02-04 15:15:00+05:30,755.35,756.0,754.0,755.9,558574
2019-02-05 09:15:00+05:30,747.0,756.9,747.0,750.5,679234
2019-02-05 09:45:00+05:30,750.5,751.95,749.15,751.95,255267
2019-02-05 10:15:00+05:30,751.95,753.2,748.55,749.5,273311
2019-02-05 10:45:00+05:30,749.55,750.4,748.2,750.0,215515
2019-02-05 11:15:00+05:30,750.0,750.9,749.05,749.25,170524
2019-02-05 11:45:00+05:30,749.25,754.75,749.05,753.75,659075
2019-02-05 12:15:00+05:30,753.75,754.5,752.45,752.5,209759
2019-02-05 12:45:00+05:30,752.5,756.45,752.2,756.45,432598
2019-02-05 13:15:00+05:30,756.35,759.85,755.3,759.65,485085
2019-02-05 13:45:00+05:30,759.6,759.95,754.55,755.85,350624
2019-02-05 14:15:00+05:30,755.55,757.95,755.05,757.45,236631
2019-02-05 14:45:00+05:30,757.5,757.8,753.3,753.65,411485
2019-02-05 15:15:00+05:30,754.0,755.65,753.1,755.0,271501
2019-02-06 09:15:00+05:30,755.55,765.35,754.35,763.3,809109
2019-02-06 09:45:00+05:30,763.3,766.65,763.3,765.0,508734
2019-02-06 10:15:00+05:30,765.0,765.5,762.75,764.55,369148
2019-02-06 10:45:00+05:30,764.55,765.55,758.25,758.3,603618
2019-02-06 11:15:00+05:30,758.25,761.4,757.7,759.25,312252
2019-02-06 11:45:00+05:30,759.3,760.75,758.5,759.4,242049
2019-02-06 12:15:00+05:30,759.4,763.8,759.2,763.25,383042
2019-02-06 12:45:00+05:30,763.3,764.6,761.0,764.05,363030
2019-02-06 13:15:00+05:30,764.1,765.0,763.2,764.3,339632
2019-02-06 13:45:00+05:30,764.3,765.4,762.6,763.15,310828
2019-02-06 14:15:00+05:30,763.45,763.5,760.55,761.1,328096
2019-02-06 14:45:00+05:30,761.15,763.85,760.5,763.5,669519
2019-02-06 15:15:00+05:30,763.55,764.9,762.5,763.8,636187
2019-02-07 09:15:00+05:30,763.05,769.45,761.4,766.55,643580
2019-02-07 09:45:00+05:30,766.55,767.7,763.4,765.45,361293
2019-02-07 10:15:00+05:30,765.45,767.2,763.25,766.5,235979
2019-02-07 10:45:00+05:30,766.5,768.1,765.2,766.6,237695
2019-02-07 11:15:00+05:30,766.5,768.0,765.7,768.0,173436
2019-02-07 11:45:00+05:30,767.95,768.9,765.1,767.6,244681
2019-02-07 12:15:00+05:30,767.6,768.3,763.75,763.85,263240
2019-02-07 12:45:00+05:30,763.95,767.0,763.25,766.65,208740
2019-02-07 13:15:00+05:30,766.7,767.0,765.0,766.8,189291
2019-02-07 13:45:00+05:30,766.9,769.0,766.75,767.75,257189
2019-02-07 14:15:00+05:30,767.95,768.9,766.35,768.15,266630
2019-02-07 14:45:00+05:30,768.2,768.3,764.1,764.25,484932
2019-02-07 15:15:00+05:30,764.3,764.3,761.6,763.0,388402
2019-02-08 09:15:00+05:30,760.0,760.95,754.9,758.55,617780
2019-02-08 09:45:00+05:30,758.55,759.0,755.4,758.05,499870
2019-02-08 10:15:00+05:30,758.05,765.0,758.05,762.75,621553
2019-02-08 10:45:00+05:30,762.75,767.9,762.2,767.25,498132
2019-02-08 11:15:00+05:30,767.3,772.0,767.0,769.7,754273
2019-02-08 11:45:00+05:30,769.7,769.85,767.6,767.8,199319
2019-02-08 12:15:00+05:30,768.0,768.1,765.05,765.65,181187
2019-02-08 12:45:00+05:30,765.65,766.25,760.25,762.05,400854
2019-02-08 13:15:00+05:30,762.05,765.5,761.5,765.5,342550
2019-02-08 13:45:00+05:30,765.2,766.35,762.35,763.55,521696
2019-02-08 14:15:00+05:30,763.75,765.8,761.6,764.6,553929
2019-02-08 14:45:00+05:30,764.4,765.5,760.05,760.45,423146
2019-02-08 15:15:00+05:30,760.45,762.4,758.2,760.9,289475
2019-02-11 09:15:00+05:30,766.9,767.15,760.4,765.5,506528
2019-02-11 09:45:00+05:30,765.5,767.5,763.0,767.3,664393
2019-02-11 10:15:00+05:30,767.2,768.75,766.2,767.55,315629
2019-02-11 10:45:00+05:30,767.55,767.9,765.4,766.75,222940
2019-02-11 11:15:00+05:30,766.5,767.2,764.25,764.8,246163
2019-02-11 11:45:00+05:30,765.0,767.5,764.2,767.25,263553
2019-02-11 12:15:00+05:30,767.25,768.0,765.5,766.15,258948
2019-02-11 12:45:00+05:30,766.25,767.7,766.0,767.45,175941
2019-02-11 13:15:00+05:30,767.5,767.5,764.9,765.2,691755
2019-02-11 13:45:00+05:30,765.0,765.2,759.0,764.25,563013
2019-02-11 14:15:00+05:30,764.5,766.45,763.7,765.25,331593
2019-02-11 14:45:00+05:30,765.25,765.7,762.5,763.95,725820
2019-02-11 15:15:00+05:30,763.6,764.5,760.35,760.45,513817
2019-02-12 09:15:00+05:30,760.35,760.35,741.0,742.45,1775613
2019-02-12 09:45:00+05:30,742.35,747.5,741.1,746.85,869978
2019-02-12 10:15:00+05:30,746.9,748.45,744.45,745.0,511213
2019-02-12 10:45:00+05:30,745.0,745.8,744.0,744.5,207297
2019-02-12 11:15:00+05:30,744.4,747.95,743.15,747.5,287451
2019-02-12 11:45:00+05:30,747.5,748.95,746.7,748.25,338451
2019-02-12 12:15:00+05:30,748.25,755.0,748.1,754.45,595554
2019-02-12 12:45:00+05:30,754.4,754.45,749.0,751.3,365819
2019-02-12 13:15:00+05:30,751.5,753.55,750.0,751.2,238941
2019-02-12 13:45:00+05:30,751.3,752.85,749.9,750.45,212941
2019-02-12 14:15:00+05:30,750.45,752.0,749.85,750.1,323808
2019-02-12 14:45:00+05:30,750.25,751.5,749.65,750.45,898255
2019-02-12 15:15:00+05:30,750.45,750.9,749.95,750.4,672839
2019-02-13 09:15:00+05:30,750.1,750.1,743.7,745.4,690036
2019-02-13 09:45:00+05:30,745.35,749.8,745.1,748.3,377849
2019-02-13 10:15:00+05:30,748.3,755.65,748.3,754.4,582750
2019-02-13 10:45:00+05:30,754.4,754.5,751.7,752.5,178331
2019-02-13 11:15:00+05:30,752.55,753.0,748.6,750.6,183207
2019-02-13 11:45:00+05:30,750.75,754.6,750.05,754.15,232267
2019-02-13 12:15:00+05:30,754.15,755.8,753.2,754.5,220137
2019-02-13 12:45:00+05:30,754.45,755.8,753.5,755.35,222875
2019-02-13 13:15:00+05:30,755.35,755.5,753.15,753.7,116205
2019-02-13 13:45:00+05:30,753.75,759.7,752.55,759.25,592125
2019-02-13 14:15:00+05:30,759.25,759.55,756.65,758.2,331596
2019-02-13 14:45:00+05:30,758.4,758.9,752.75,753.65,828492
2019-02-13 15:15:00+05:30,753.6,755.5,753.5,754.0,481426
2019-02-14 09:15:00+05:30,751.0,751.7,746.7,751.15,432117
2019-02-14 09:45:00+05:30,751.35,752.5,748.7,751.1,237334
2019-02-14 10:15:00+05:30,751.05,752.0,749.8,750.0,184164
2019-02-14 10:45:00+05:30,750.0,753.0,750.0,750.7,255806
2019-02-14 11:15:00+05:30,750.7,751.5,749.25,750.6,259739
2019-02-14 11:45:00+05:30,750.55,750.9,749.0,749.3,156051
2019-02-14 12:15:00+05:30,749.3,750.35,747.15,748.65,209710
2019-02-14 12:45:00+05:30,748.65,749.75,746.8,748.5,245336
2019-02-14 13:15:00+05:30,748.5,749.45,745.1,746.5,215651
2019-02-14 13:45:00+05:30,746.35,748.7,745.45,747.35,304688
2019-02-14 14:15:00+05:30,747.35,747.45,743.55,744.1,334090
2019-02-14 14:45:00+05:30,744.1,744.15,739.5,740.45,917379
2019-02-14 15:15:00+05:30,740.45,740.95,737.25,740.35,847355
2019-02-15 09:15:00+05:30,742.3,746.5,739.0,744.4,693109
2019-02-15 09:45:00+05:30,744.4,744.4,736.3,737.5,494707
2019-02-15 10:15:00+05:30,737.4,739.1,734.1,735.0,452815
2019-02-15 10:45:00+05:30,735.1,736.0,732.6,735.25,866628
2019-02-15 11:15:00+05:30,735.55,739.2,735.25,736.45,333288
2019-02-15 11:45:00+05:30,736.7,738.5,735.0,737.55,216076
2019-02-15 12:15:00+05:30,737.2,738.0,734.0,735.25,210917
2019-02-15 12:45:00+05:30,735.0,739.95,734.7,739.05,250621
2019-02-15 13:15:00+05:30,739.05,739.95,737.1,738.45,119883
2019-02-15 13:45:00+05:30,738.45,744.9,738.0,744.9,323306
2019-02-15 14:15:00+05:30,744.45,745.95,741.5,743.2,305739
2019-02-15 14:45:00+05:30,743.35,743.75,740.5,742.2,808801
2019-02-15 15:15:00+05:30,742.2,743.45,741.4,742.05,506332
2019-02-18 09:15:00+05:30,742.35,747.65,736.35,738.1,951520
2019-02-18 09:45:00+05:30,738.1,738.4,736.0,737.85,441605
2019-02-18 10:15:00+05:30,737.85,742.1,736.55,739.8,492193
2019-02-18 10:45:00+05:30,739.8,741.4,737.55,737.55,350273
2019-02-18 11:15:00+05:30,737.75,741.2,737.55,740.5,513444
2019-02-18 11:45:00+05:30,740.5,741.05,737.75,739.55,473138
2019-02-18 12:15:00+05:30,739.55,741.25,738.0,739.25,291233
2019-02-18 12:45:00+05:30,739.3,740.45,738.6,739.4,132494
2019-02-18 13:15:00+05:30,739.4,740.15,738.2,739.85,171563
2019-02-18 13:45:00+05:30,739.9,740.15,738.0,739.7,182309
2019-02-18 14:15:00+05:30,739.7,741.9,738.6,739.75,341295
2019-02-18 14:45:00+05:30,739.8,742.0,738.55,741.3,641215
2019-02-18 15:15:00+05:30,741.25,742.45,739.7,741.0,356744
2019-02-19 09:15:00+05:30,739.1,740.55,731.0,731.1,1386803
2019-02-19 09:45:00+05:30,731.45,731.6,723.65,725.85,1463581
2019-02-19 10:15:00+05:30,725.85,726.9,724.1,725.6,933029
2019-02-19 10:45:00+05:30,725.6,725.65,722.5,724.3,758212
2019-02-19 11:15:00+05:30,724.3,725.2,722.8,724.9,489729
2019-02-19 11:45:00+05:30,724.8,725.8,723.25,724.45,572871
2019-02-19 12:15:00+05:30,724.5,725.1,723.25,725.0,615288
2019-02-19 12:45:00+05:30,725.0,726.75,724.7,726.35,394935
2019-02-19 13:15:00+05:30,726.35,727.5,726.0,726.55,505921
2019-02-19 13:45:00+05:30,726.5,728.5,725.5,726.45,328789
2019-02-19 14:15:00+05:30,726.45,727.3,723.0,723.5,341872
2019-02-19 14:45:00+05:30,723.65,725.35,721.7,725.35,921549
2019-02-19 15:15:00+05:30,725.3,725.9,721.35,724.0,666889
2019-02-20 09:15:00+05:30,727.0,732.5,726.95,730.7,807165
2019-02-20 09:45:00+05:30,730.65,731.25,730.25,730.65,320618
2019-02-20 10:15:00+05:30,730.65,731.0,728.0,730.5,372781
2019-02-20 10:45:00+05:30,730.15,735.75,730.15,734.45,558602
2019-02-20 11:15:00+05:30,734.3,736.45,733.1,735.4,275915
2019-02-20 11:45:00+05:30,735.4,735.9,733.45,734.2,313199
2019-02-20 12:15:00+05:30,734.2,735.7,734.0,735.5,161407
2019-02-20 12:45:00+05:30,735.3,738.2,734.6,737.95,234358
2019-02-20 13:15:00+05:30,737.95,738.8,734.35,734.75,259367
2019-02-20 13:45:00+05:30,734.65,736.9,732.75,732.75,248578
2019-02-20 14:15:00+05:30,732.8,734.9,732.15,733.9,379956
2019-02-20 14:45:00+05:30,733.9,742.95,733.9,741.85,783509
2019-02-20 15:15:00+05:30,741.85,742.8,738.5,740.55,488990
2019-02-21 09:15:00+05:30,738.0,738.0,727.1,730.5,1336902
2019-02-21 09:45:00+05:30,730.55,731.5,729.0,730.65,556182
2019-02-21 10:15:00+05:30,730.55,732.35,729.55,731.55,645540
2019-02-21 10:45:00+05:30,731.45,732.0,729.5,731.6,407515
2019-02-21 11:15:00+05:30,731.5,733.75,731.0,733.15,530338
2019-02-21 11:45:00+05:30,733.05,735.8,733.05,735.75,380621
2019-02-21 12:15:00+05:30,735.75,736.15,732.7,733.85,283987
2019-02-21 12:45:00+05:30,733.85,735.9,733.1,735.35,233401
2019-02-21 13:15:00+05:30,735.35,735.85,733.35,734.25,242530
2019-02-21 13:45:00+05:30,734.4,735.5,732.9,733.0,316704
2019-02-21 14:15:00+05:30,733.05,734.1,732.6,733.05,488762
2019-02-21 14:45:00+05:30,733.05,734.85,731.45,733.15,913663
2019-02-21 15:15:00+05:30,733.15,734.6,732.75,734.0,860967
2019-02-22 09:15:00+05:30,732.5,734.5,728.0,731.75,455516
2019-02-22 09:45:00+05:30,731.75,735.6,731.0,734.7,295511
2019-02-22 10:15:00+05:30,734.75,735.55,732.25,733.4,163435
2019-02-22 10:45:00+05:30,733.45,733.45,732.1,732.7,109490
2019-02-22 11:15:00+05:30,732.7,734.75,732.3,733.55,259460
2019-02-22 11:45:00+05:30,733.55,734.1,732.75,733.95,96802
2019-02-22 12:15:00+05:30,733.95,735.9,732.8,733.2,188151
2019-02-22 12:45:00+05:30,733.2,734.05,730.7,732.05,247755
2019-02-22 13:15:00+05:30,732.1,733.4,730.9,732.75,331090
2019-02-22 13:45:00+05:30,732.75,734.1,732.5,734.1,189790
2019-02-22 14:15:00+05:30,734.05,737.0,733.6,736.5,494467
2019-02-22 14:45:00+05:30,736.6,736.8,734.15,734.15,422942
2019-02-22 15:15:00+05:30,734.2,738.1,732.75,734.9,485283
2019-02-25 09:15:00+05:30,735.55,742.6,735.55,739.9,547741
2019-02-25 09:45:00+05:30,739.9,740.0,738.45,739.5,186763
2019-02-25 10:15:00+05:30,739.3,740.8,738.55,739.25,146094
2019-02-25 10:45:00+05:30,739.25,739.65,737.6,739.3,119896
2019-02-25 11:15:00+05:30,739.3,739.5,738.3,739.5,96674
2019-02-25 11:45:00+05:30,739.5,741.0,738.5,740.4,144092
2019-02-25 12:15:00+05:30,740.2,744.4,740.0,744.05,363630
2019-02-25 12:45:00+05:30,744.2,748.65,743.9,748.0,982635
2019-02-25 13:15:00+05:30,748.0,750.0,747.7,749.25,371466
2019-02-25 13:45:00+05:30,749.25,752.65,749.1,752.45,754804
2019-02-25 14:15:00+05:30,752.45,758.0,751.4,756.5,1063281
2019-02-25 14:45:00+05:30,756.55,756.85,753.1,755.0,889557
2019-02-25 15:15:00+05:30,755.0,755.6,754.1,755.0,873216
2019-02-26 09:15:00+05:30,748.6,752.6,744.6,748.5,1683441
2019-02-26 09:45:00+05:30,748.35,749.6,743.85,745.6,403410
2019-02-26 10:15:00+05:30,745.3,750.5,743.9,749.8,454526
2019-02-26 10:45:00+05:30,749.85,750.05,745.55,746.85,404917
2019-02-26 11:15:00+05:30,747.0,749.0,745.5,746.55,479654
2019-02-26 11:45:00+05:30,746.55,746.9,744.35,744.55,423711
2019-02-26 12:15:00+05:30,744.5,746.5,742.0,746.2,636036
2019-02-26 12:45:00+05:30,746.15,746.7,744.5,745.5,238415
2019-02-26 13:15:00+05:30,745.3,745.55,741.3,742.45,388560
2019-02-26 13:45:00+05:30,742.35,744.2,741.75,743.9,370039
2019-02-26 14:15:00+05:30,743.9,747.0,742.75,746.35,968882
2019-02-26 14:45:00+05:30,746.3,747.4,741.8,742.95,1205699
2019-02-26 15:15:00+05:30,742.95,743.15,740.15,741.55,637441
2019-02-27 09:15:00+05:30,745.0,746.25,741.55,742.75,680993
2019-02-27 09:45:00+05:30,742.75,744.5,741.15,743.5,454938
2019-02-27 10:15:00+05:30,743.35,744.3,742.0,743.9,244787
2019-02-27 10:45:00+05:30,743.85,744.3,740.0,741.35,596309
2019-02-27 11:15:00+05:30,741.3,741.5,736.0,738.65,495922
2019-02-27 11:45:00+05:30,738.7,741.15,733.0,735.35,582856
2019-02-27 12:15:00+05:30,735.35,738.0,733.8,735.8,426460
2019-02-27 12:45:00+05:30,735.8,737.7,734.35,735.25,181330
2019-02-27 13:15:00+05:30,735.25,737.5,734.5,735.75,216161
2019-02-27 13:45:00+05:30,735.8,739.5,734.8,736.85,612184
2019-02-27 14:15:00+05:30,736.8,738.0,735.1,735.1,267097
2019-02-27 14:45:00+05:30,735.1,737.0,734.2,735.0,700847
2019-02-27 15:15:00+05:30,735.0,735.3,733.95,734.5,471448
2019-02-28 09:15:00+05:30,738.7,742.3,735.25,738.2,786331
2019-02-28 09:45:00+05:30,738.1,739.0,736.5,737.2,214174
2019-02-28 10:15:00+05:30,737.2,737.5,736.7,737.0,175520
2019-02-28 10:45:00+05:30,737.0,737.2,735.5,736.25,261076
2019-02-28 11:15:00+05:30,736.25,737.65,736.2,737.2,154677
2019-02-28 11:45:00+05:30,737.2,737.35,735.5,735.55,183186
2019-02-28 12:15:00+05:30,735.55,735.6,732.95,733.9,287156
2019-02-28 12:45:00+05:30,733.9,734.4,732.7,733.15,341094
2019-02-28 13:15:00+05:30,733.15,737.0,732.8,736.4,283141
2019-02-28 13:45:00+05:30,736.5,741.65,735.9,740.4,427743
2019-02-28 14:15:00+05:30,740.4,740.6,734.65,737.15,905989
2019-02-28 14:45:00+05:30,737.25,738.3,733.75,734.4,2276790
2019-02-28 15:15:00+05:30,734.35,734.85,732.3,734.0,2250981
2019-03-01 09:15:00+05:30,735.5,742.5,735.5,739.5,643936
2019-03-01 09:45:00+05:30,739.5,739.5,735.7,736.55,324923
2019-03-01 10:15:00+05:30,736.55,738.35,736.55,737.35,127540
2019-03-01 10:45:00+05:30,737.35,737.75,736.75,737.65,151884
2019-03-01 11:15:00+05:30,737.75,739.0,736.6,736.95,218482
2019-03-01 11:45:00+05:30,736.9,739.4,736.5,739.2,323625
2019-03-01 12:15:00+05:30,739.2,740.5,738.5,739.3,196388
2019-03-01 12:45:00+05:30,739.3,740.8,739.05,739.7,171558
2019-03-01 13:15:00+05:30,739.7,740.3,738.25,739.15,155242
2019-03-01 13:45:00+05:30,739.15,741.8,738.7,741.15,165030
2019-03-01 14:15:00+05:30,741.15,743.4,740.05,742.2,438542
2019-03-01 14:45:00+05:30,742.8,743.0,740.5,741.6,724523
2019-03-01 15:15:00+05:30,741.5,742.95,740.5,741.5,349769
2019-03-05 09:15:00+05:30,740.5,742.45,735.8,736.55,628125
2019-03-05 09:45:00+05:30,736.5,736.9,734.6,735.3,438677
2019-03-05 10:15:00+05:30,735.3,735.7,733.2,735.05,525456
2019-03-05 10:45:00+05:30,735.1,735.4,734.2,734.6,201810
2019-03-05 11:15:00+05:30,734.6,735.15,734.25,735.0,200491
2019-03-05 11:45:00+05:30,735.05,735.4,734.3,734.55,211537
2019-03-05 12:15:00+05:30,734.5,735.15,734.0,734.7,217996
2019-03-05 12:45:00+05:30,734.65,734.95,734.0,734.1,312111
2019-03-05 13:15:00+05:30,734.0,735.5,733.8,735.1,324937
2019-03-05 13:45:00+05:30,735.0,735.25,733.65,734.45,287803
2019-03-05 14:15:00+05:30,734.15,734.9,733.5,734.0,324319
2019-03-05 14:45:00+05:30,733.95,735.25,731.5,732.2,645614
2019-03-05 15:15:00+05:30,732.2,732.75,730.25,732.75,497223
2019-03-06 09:15:00+05:30,736.1,736.1,730.1,732.95,627359
2019-03-06 09:45:00+05:30,733.0,733.15,728.0,728.65,474519
2019-03-06 10:15:00+05:30,728.6,729.4,727.0,728.1,347943
2019-03-06 10:45:00+05:30,728.1,734.75,727.7,734.45,788988
2019-03-06 11:15:00+05:30,734.45,734.7,731.2,731.55,325196
2019-03-06 11:45:00+05:30,731.5,733.6,730.5,733.0,290457
2019-03-06 12:15:00+05:30,732.95,733.5,732.1,732.8,236142
2019-03-06 12:45:00+05:30,732.8,733.0,731.85,732.85,260525
2019-03-06 13:15:00+05:30,732.85,733.25,731.4,732.95,251757
2019-03-06 13:45:00+05:30,732.9,733.25,731.0,733.05,756435
2019-03-06 14:15:00+05:30,733.2,733.35,732.1,732.25,362546
2019-03-06 14:45:00+05:30,732.25,732.95,731.1,732.35,700478
2019-03-06 15:15:00+05:30,732.35,732.9,731.7,732.25,647358
2019-03-07 09:15:00+05:30,734.0,734.0,728.6,730.6,633880
2019-03-07 09:45:00+05:30,730.55,730.95,727.65,728.0,430289
2019-03-07 10:15:00+05:30,728.1,728.9,727.1,727.7,264551
2019-03-07 10:45:00+05:30,727.7,727.7,720.55,721.6,991366
2019-03-07 11:15:00+05:30,721.6,723.1,721.6,722.35,427008
2019-03-07 11:45:00+05:30,722.35,724.25,722.15,723.8,641747
2019-03-07 12:15:00+05:30,723.75,724.4,722.0,723.0,289415
2019-03-07 12:45:00+05:30,723.0,725.45,722.6,724.6,247856
2019-03-07 13:15:00+05:30,724.5,724.9,723.8,724.3,126749
2019-03-07 13:45:00+05:30,724.3,725.95,723.5,724.0,297024
2019-03-07 14:15:00+05:30,723.95,725.2,723.7,724.35,307577
2019-03-07 14:45:00+05:30,724.45,724.6,721.9,722.4,647993
2019-03-07 15:15:00+05:30,722.4,723.55,721.15,723.4,636623
2019-03-08 09:15:00+05:30,722.95,722.95,712.0,713.85,1469459
2019-03-08 09:45:00+05:30,713.8,716.45,712.65,716.2,670206
2019-03-08 10:15:00+05:30,716.2,717.9,714.6,714.7,502407
2019-03-08 10:45:00+05:30,714.8,718.8,714.5,717.35,372336
2019-03-08 11:15:00+05:30,717.35,717.5,715.9,716.15,421505
2019-03-08 11:45:00+05:30,716.15,716.25,714.55,715.0,375174
2019-03-08 12:15:00+05:30,715.0,717.0,714.7,715.85,380825
2019-03-08 12:45:00+05:30,716.0,716.8,715.05,715.25,247764
2019-03-08 13:15:00+05:30,715.25,716.0,713.35,714.6,305808
2019-03-08 13:45:00+05:30,714.6,714.75,712.6,713.35,400165
2019-03-08 14:15:00+05:30,713.4,715.5,712.7,715.3,573763
2019-03-08 14:45:00+05:30,715.3,715.4,710.65,711.85,872244
2019-03-08 15:15:00+05:30,711.9,713.5,711.0,713.2,573995
2019-03-11 09:15:00+05:30,713.3,718.35,712.85,716.45,925542
2019-03-11 09:45:00+05:30,716.45,717.1,714.55,714.9,277550
2019-03-11 10:15:00+05:30,714.9,715.0,711.15,711.55,461220
2019-03-11 10:45:00+05:30,711.55,713.6,710.1,712.8,1440442
2019-03-11 11:15:00+05:30,712.8,712.85,711.2,712.0,539123
2019-03-11 11:45:00+05:30,712.0,712.4,710.15,712.0,865268
2019-03-11 12:15:00+05:30,712.0,712.1,710.0,711.35,375640
2019-03-11 12:45:00+05:30,711.1,711.3,709.7,710.05,690117
2019-03-11 13:15:00+05:30,710.05,711.65,710.0,710.85,357294
2019-03-11 13:45:00+05:30,710.85,711.2,709.8,710.65,652524
2019-03-11 14:15:00+05:30,710.65,713.95,710.6,712.35,691496
2019-03-11 14:45:00+05:30,712.8,712.85,710.75,712.0,1463841
2019-03-11 15:15:00+05:30,712.05,712.05,709.4,711.05,1159216
2019-03-12 09:15:00+05:30,709.0,714.95,709.0,711.55,1665554
2019-03-12 09:45:00+05:30,711.5,712.95,711.05,711.5,625854
2019-03-12 10:15:00+05:30,711.5,711.7,709.55,709.95,927085
2019-03-12 10:45:00+05:30,709.95,710.25,707.5,708.9,978779
2019-03-12 11:15:00+05:30,708.9,709.7,707.5,709.5,480371
2019-03-12 11:45:00+05:30,709.55,710.75,707.65,707.7,864313
2019-03-12 12:15:00+05:30,707.75,708.95,707.65,708.0,764598
2019-03-12 12:45:00+05:30,708.0,709.5,707.95,708.5,853925
2019-03-12 13:15:00+05:30,708.5,709.2,708.0,708.05,749529
2019-03-12 13:45:00+05:30,708.1,708.1,705.6,707.0,829285
2019-03-12 14:15:00+05:30,706.95,708.5,705.8,707.9,606055
2019-03-12 14:45:00+05:30,707.95,708.15,706.2,707.35,1397624
2019-03-12 15:15:00+05:30,707.3,707.45,706.05,706.2,1205207
2019-03-13 09:15:00+05:30,710.0,710.65,706.45,707.85,1281076
2019-03-13 09:45:00+05:30,707.85,716.5,707.0,716.0,2115270
2019-03-13 10:15:00+05:30,715.95,718.6,714.2,715.95,1237613
2019-03-13 10:45:00+05:30,715.75,716.5,714.5,714.8,467675
2019-03-13 11:15:00+05:30,714.75,714.8,711.5,711.9,690738
2019-03-13 11:45:00+05:30,712.0,712.0,708.65,709.0,713569
2019-03-13 12:15:00+05:30,709.25,709.5,706.3,709.25,754006
2019-03-13 12:45:00+05:30,709.25,709.4,706.6,707.9,691752
2019-03-13 13:15:00+05:30,707.75,710.15,707.2,708.85,453667
2019-03-13 13:45:00+05:30,708.85,709.6,708.0,709.4,345652
2019-03-13 14:15:00+05:30,709.3,710.95,708.6,710.15,755391
2019-03-13 14:45:00+05:30,710.35,711.75,707.3,708.1,1084514
2019-03-13 15:15:00+05:30,708.0,709.25,706.8,709.0,741607
2019-03-14 09:15:00+05:30,714.0,714.8,711.2,711.85,1224891
2019-03-14 09:45:00+05:30,711.65,714.0,710.5,713.05,525900
2019-03-14 10:15:00+05:30,713.05,714.6,711.25,711.3,392066
2019-03-14 10:45:00+05:30,711.15,713.0,711.0,712.2,222961
2019-03-14 11:15:00+05:30,712.2,712.2,708.15,710.05,401607
2019-03-14 11:45:00+05:30,710.1,710.9,708.6,708.75,364896
2019-03-14 12:15:00+05:30,708.85,709.7,708.7,708.95,230806
2019-03-14 12:45:00+05:30,708.95,709.0,706.2,707.9,494121
2019-03-14 13:15:00+05:30,707.9,708.95,707.1,707.55,191159
2019-03-14 13:45:00+05:30,707.55,707.95,707.0,707.5,224326
2019-03-14 14:15:00+05:30,707.5,708.15,706.7,706.9,434214
2019-03-14 14:45:00+05:30,706.95,709.0,706.4,708.85,942777
2019-03-14 15:15:00+05:30,708.85,709.0,707.55,708.45,751340
2019-03-15 09:15:00+05:30,712.0,714.7,709.95,714.15,1177958
2019-03-15 09:45:00+05:30,714.15,714.15,711.4,712.3,455374
2019-03-15 10:15:00+05:30,712.35,714.9,711.6,714.25,379528
2019-03-15 10:45:00+05:30,714.5,716.8,714.0,715.25,725358
2019-03-15 11:15:00+05:30,715.2,716.45,714.0,714.55,460062
2019-03-15 11:45:00+05:30,714.6,715.05,714.1,714.15,508796
2019-03-15 12:15:00+05:30,714.1,720.0,712.95,720.0,1469783
2019-03-15 12:45:00+05:30,719.95,723.75,718.65,723.4,1734606
2019-03-15 13:15:00+05:30,723.4,723.75,718.7,719.4,612284
2019-03-15 13:45:00+05:30,719.35,719.5,716.25,719.15,532001
2019-03-15 14:15:00+05:30,719.15,721.8,718.2,720.75,587097
2019-03-15 14:45:00+05:30,720.8,721.9,716.9,716.95,3228270
2019-03-15 15:15:00+05:30,716.9,720.95,716.75,720.0,2753082
2019-03-18 09:15:00+05:30,721.55,723.7,715.4,717.6,1111023
2019-03-18 09:45:00+05:30,717.6,722.7,717.55,721.7,450797
2019-03-18 10:15:00+05:30,721.8,722.45,718.0,720.05,342052
2019-03-18 10:45:00+05:30,720.1,721.65,718.5,721.25,288158
2019-03-18 11:15:00+05:30,721.25,722.1,718.7,720.3,572450
2019-03-18 11:45:00+05:30,720.3,720.3,714.6,716.55,526340
2019-03-18 12:15:00+05:30,716.5,718.5,716.5,718.0,180372
2019-03-18 12:45:00+05:30,717.95,719.0,714.3,715.15,946991
2019-03-18 13:15:00+05:30,715.2,715.4,713.1,714.75,370702
2019-03-18 13:45:00+05:30,714.7,714.75,709.5,710.2,601111
2019-03-18 14:15:00+05:30,710.15,710.3,705.35,710.0,826029
2019-03-18 14:45:00+05:30,710.0,711.75,709.0,710.25,1037623
2019-03-18 15:15:00+05:30,710.2,710.6,709.05,709.5,787515
2019-03-19 09:15:00+05:30,712.8,715.0,710.0,714.05,590562
2019-03-19 09:45:00+05:30,714.0,714.1,710.25,710.7,534127
2019-03-19 10:15:00+05:30,710.7,713.0,710.55,711.75,313266
2019-03-19 10:45:00+05:30,711.75,713.55,711.3,712.0,512960
2019-03-19 11:15:00+05:30,711.9,712.0,709.7,710.25,663912
2019-03-19 11:45:00+05:30,710.25,710.55,708.55,709.0,406344
2019-03-19 12:15:00+05:30,709.0,710.2,708.15,708.7,489443
2019-03-19 12:45:00+05:30,708.75,710.2,708.0,708.9,407523
2019-03-19 13:15:00+05:30,708.85,709.8,707.5,709.2,222041
2019-03-19 13:45:00+05:30,709.05,712.0,709.0,711.3,602220
2019-03-19 14:15:00+05:30,711.35,712.0,709.5,712.0,429017
2019-03-19 14:45:00+05:30,712.0,724.8,711.5,724.1,2569546
2019-03-19 15:15:00+05:30,724.0,726.35,723.65,725.8,1169845
2019-03-20 09:15:00+05:30,727.25,737.5,727.25,736.4,3484471
2019-03-20 09:45:00+05:30,736.6,742.2,735.1,738.05,2784384
2019-03-20 10:15:00+05:30,738.05,740.0,736.2,739.1,662215
2019-03-20 10:45:00+05:30,739.15,741.9,738.4,741.35,686914
2019-03-20 11:15:00+05:30,741.35,742.0,739.15,741.5,704678
2019-03-20 11:45:00+05:30,741.45,741.95,738.1,738.25,610276
2019-03-20 12:15:00+05:30,738.3,739.95,736.65,739.0,581295
2019-03-20 12:45:00+05:30,738.95,739.7,737.55,737.75,365376
2019-03-20 13:15:00+05:30,737.8,740.8,737.7,739.9,590551
2019-03-20 13:45:00+05:30,739.95,740.0,738.1,739.15,408292
2019-03-20 14:15:00+05:30,739.15,739.65,737.4,737.8,515100
2019-03-20 14:45:00+05:30,737.9,741.5,737.8,738.5,1195057
2019-03-20 15:15:00+05:30,738.3,739.3,737.5,737.5,855606
2019-03-22 09:15:00+05:30,743.35,744.4,732.55,741.35,1435936
2019-03-22 09:45:00+05:30,741.35,746.25,740.5,742.8,919007
2019-03-22 10:15:00+05:30,742.85,743.4,738.55,739.3,508493
2019-03-22 10:45:00+05:30,739.4,742.3,738.05,740.15,455080
2019-03-22 11:15:00+05:30,740.25,741.4,739.3,740.1,233386
2019-03-22 11:45:00+05:30,740.0,740.8,738.5,739.55,288474
2019-03-22 12:15:00+05:30,739.5,742.3,738.7,740.8,465973
2019-03-22 12:45:00+05:30,740.8,742.45,739.95,741.75,342107
2019-03-22 13:15:00+05:30,741.55,742.0,740.1,740.9,193585
2019-03-22 13:45:00+05:30,740.9,742.25,739.25,739.9,405817
2019-03-22 14:15:00+05:30,739.9,742.8,739.0,742.0,578238
2019-03-22 14:45:00+05:30,742.0,743.3,740.0,742.0,1223333
2019-03-22 15:15:00+05:30,741.9,745.35,741.9,745.0,1782704
2019-03-25 09:15:00+05:30,741.5,741.5,734.1,735.8,978202
2019-03-25 09:45:00+05:30,736.0,738.35,734.55,736.9,1610919
2019-03-25 10:15:00+05:30,737.0,737.85,735.8,736.2,290651
2019-03-25 10:45:00+05:30,736.2,736.25,733.25,733.5,426755
2019-03-25 11:15:00+05:30,733.5,734.3,730.55,731.95,488279
2019-03-25 11:45:00+05:30,731.95,734.5,731.9,734.45,324445
2019-03-25 12:15:00+05:30,734.45,734.6,731.95,733.4,336453
2019-03-25 12:45:00+05:30,733.25,733.45,732.0,733.25,220886
2019-03-25 13:15:00+05:30,733.25,733.6,732.3,733.05,388763
2019-03-25 13:45:00+05:30,733.05,734.4,733.05,734.2,405310
2019-03-25 14:15:00+05:30,734.05,735.45,733.7,735.4,675030
2019-03-25 14:45:00+05:30,735.4,737.0,733.4,735.0,892359
2019-03-25 15:15:00+05:30,735.0,736.7,733.1,733.95,579636
2019-03-26 09:15:00+05:30,735.25,735.25,720.1,724.5,1287236
2019-03-26 09:45:00+05:30,724.5,725.5,722.0,722.6,641160
2019-03-26 10:15:00+05:30,722.65,723.5,722.0,722.2,479707
2019-03-26 10:45:00+05:30,722.2,722.75,719.1,721.3,771491
2019-03-26 11:15:00+05:30,721.3,722.3,720.4,720.8,683954
2019-03-26 11:45:00+05:30,720.5,721.6,719.25,720.5,910366
2019-03-26 12:15:00+05:30,720.3,722.7,720.0,721.95,448141
2019-03-26 12:45:00+05:30,722.05,722.5,721.65,722.0,237426
2019-03-26 13:15:00+05:30,722.15,727.1,721.75,726.75,659209
2019-03-26 13:45:00+05:30,726.6,729.35,725.6,727.1,799566
2019-03-26 14:15:00+05:30,727.05,731.7,726.85,731.4,886692
2019-03-26 14:45:00+05:30,731.35,731.65,726.55,727.1,895909
2019-03-26 15:15:00+05:30,727.1,728.0,726.2,727.8,695069
2019-03-27 09:15:00+05:30,730.0,731.8,728.0,730.7,966990
2019-03-27 09:45:00+05:30,730.85,731.95,728.5,730.35,586351
2019-03-27 10:15:00+05:30,730.3,731.45,729.05,731.2,259550
2019-03-27 10:45:00+05:30,731.2,731.85,730.45,731.1,335610
2019-03-27 11:15:00+05:30,731.1,731.55,729.8,731.0,686082
2019-03-27 11:45:00+05:30,731.0,731.85,730.45,731.35,354908
2019-03-27 12:15:00+05:30,731.35,732.3,730.55,731.05,347103
2019-03-27 12:45:00+05:30,731.25,731.45,729.55,730.35,418668
2019-03-27 13:15:00+05:30,730.3,731.5,730.0,730.5,415911
2019-03-27 13:45:00+05:30,730.8,731.0,727.4,729.35,918765
2019-03-27 14:15:00+05:30,729.35,730.5,728.45,730.1,518362
2019-03-27 14:45:00+05:30,730.1,731.0,728.85,730.0,941632
2019-03-27 15:15:00+05:30,730.0,730.45,727.15,728.9,621609
2019-03-28 09:15:00+05:30,730.0,744.95,730.0,742.7,2480744
2019-03-28 09:45:00+05:30,742.65,745.0,741.5,742.45,538575
2019-03-28 10:15:00+05:30,742.45,742.45,738.5,741.55,586765
2019-03-28 10:45:00+05:30,741.55,741.65,739.5,739.8,216974
2019-03-28 11:15:00+05:30,739.8,740.25,738.0,739.5,326355
2019-03-28 11:45:00+05:30,739.7,742.8,739.45,741.65,289619
2019-03-28 12:15:00+05:30,741.7,743.3,741.0,742.6,234163
2019-03-28 12:45:00+05:30,742.6,742.8,740.2,741.0,224751
2019-03-28 13:15:00+05:30,741.05,742.1,740.05,741.75,258484
2019-03-28 13:45:00+05:30,741.65,744.4,741.05,743.3,635187
2019-03-28 14:15:00+05:30,743.25,743.95,734.6,735.3,1032792
2019-03-28 14:45:00+05:30,735.35,739.75,732.95,739.75,1364642
2019-03-28 15:15:00+05:30,739.5,739.7,737.0,739.0,1070396
2019-03-29 09:15:00+05:30,743.9,747.95,740.5,741.75,885989
2019-03-29 09:45:00+05:30,741.7,742.8,740.0,742.55,348062
2019-03-29 10:15:00+05:30,742.65,743.9,741.45,742.1,364873
2019-03-29 10:45:00+05:30,742.15,742.7,741.4,742.05,212381
2019-03-29 11:15:00+05:30,742.1,743.0,742.0,742.95,312987
2019-03-29 11:45:00+05:30,742.95,743.1,741.5,742.1,249651
2019-03-29 12:15:00+05:30,742.1,743.5,741.6,742.6,288908
2019-03-29 12:45:00+05:30,742.6,744.0,742.0,742.95,248113
2019-03-29 13:15:00+05:30,742.95,743.4,742.5,743.0,207658
2019-03-29 13:45:00+05:30,743.05,743.4,742.25,743.3,423047
2019-03-29 14:15:00+05:30,743.25,745.7,742.6,744.75,611099
2019-03-29 14:45:00+05:30,744.9,746.85,742.6,743.7,1780564
2019-03-29 15:15:00+05:30,743.65,744.6,742.0,742.15,968047
2019-04-01 09:15:00+05:30,742.0,755.7,742.0,752.45,1270325
2019-04-01 09:45:00+05:30,752.5,753.5,751.5,753.45,345229
2019-04-01 10:15:00+05:30,753.5,756.0,752.8,753.2,479247
2019-04-01 10:45:00+05:30,753.15,753.5,751.85,753.1,270292
2019-04-01 11:15:00+05:30,753.0,755.0,751.6,754.1,429867
2019-04-01 11:45:00+05:30,754.0,754.2,752.0,752.55,263031
2019-04-01 12:15:00+05:30,752.55,755.2,752.1,754.75,432313
2019-04-01 12:45:00+05:30,754.8,755.8,753.4,753.4,494418
2019-04-01 13:15:00+05:30,753.45,754.5,752.3,753.9,298635
2019-04-01 13:45:00+05:30,753.95,755.4,753.35,754.85,258309
2019-04-01 14:15:00+05:30,754.9,760.0,754.35,758.0,1159067
2019-04-01 14:45:00+05:30,757.95,759.15,754.3,754.6,538223
2019-04-01 15:15:00+05:30,754.75,755.1,752.3,753.75,335975
2019-04-02 09:15:00+05:30,759.0,765.8,756.45,761.05,1499420
2019-04-02 09:45:00+05:30,761.1,762.1,758.0,761.0,672858
2019-04-02 10:15:00+05:30,761.0,761.45,757.0,757.2,470142
2019-04-02 10:45:00+05:30,757.2,759.6,757.05,759.1,219352
2019-04-02 11:15:00+05:30,759.1,760.6,758.2,758.45,236144
2019-04-02 11:45:00+05:30,758.4,760.35,758.35,759.35,352150
2019-04-02 12:15:00+05:30,759.35,760.4,758.25,760.35,479880
2019-04-02 12:45:00+05:30,760.35,762.0,758.5,761.8,450694
2019-04-02 13:15:00+05:30,761.95,763.95,761.5,761.85,465741
2019-04-02 13:45:00+05:30,761.7,762.0,759.7,760.55,306098
2019-04-02 14:15:00+05:30,760.55,761.75,759.1,761.05,381150
2019-04-02 14:45:00+05:30,761.05,762.95,760.1,760.8,815030
2019-04-02 15:15:00+05:30,760.85,761.2,754.6,755.0,911883
2019-04-03 09:15:00+05:30,756.0,757.75,746.85,749.85,1098967
2019-04-03 09:45:00+05:30,749.55,750.5,749.0,750.2,410681
2019-04-03 10:15:00+05:30,750.15,752.5,749.5,752.05,563110
2019-04-03 10:45:00+05:30,752.0,752.95,750.25,750.55,505548
2019-04-03 11:15:00+05:30,750.4,751.25,749.65,750.4,545451
2019-04-03 11:45:00+05:30,750.35,752.65,750.05,752.4,299544
2019-04-03 12:15:00+05:30,752.45,752.8,751.9,752.1,278623
2019-04-03 12:45:00+05:30,752.1,753.3,751.75,753.15,429608
2019-04-03 13:15:00+05:30,753.1,758.4,752.4,757.5,633305
2019-04-03 13:45:00+05:30,757.55,757.9,754.3,755.4,499194
2019-04-03 14:15:00+05:30,755.4,756.1,753.1,754.35,426890
2019-04-03 14:45:00+05:30,754.3,756.15,753.4,753.5,712364
2019-04-03 15:15:00+05:30,753.4,753.9,751.05,751.65,461064
2019-04-04 09:15:00+05:30,751.4,752.9,745.5,748.4,1548477
2019-04-04 09:45:00+05:30,748.4,751.3,746.4,746.9,560343
2019-04-04 10:15:00+05:30,746.9,749.2,746.55,747.5,405667
2019-04-04 10:45:00+05:30,747.5,748.2,746.8,747.5,291368
2019-04-04 11:15:00+05:30,747.55,749.1,746.8,748.6,273122
2019-04-04 11:45:00+05:30,748.6,750.65,748.25,749.75,449097
2019-04-04 12:15:00+05:30,749.7,751.7,749.0,750.8,511056
2019-04-04 12:45:00+05:30,750.35,753.8,750.0,750.05,485560
2019-04-04 13:15:00+05:30,750.05,750.25,748.35,748.7,304744
2019-04-04 13:45:00+05:30,748.7,749.6,747.3,747.5,456365
2019-04-04 14:15:00+05:30,747.55,749.2,745.3,749.1,612697
2019-04-04 14:45:00+05:30,749.15,749.75,746.5,747.6,940878
2019-04-04 15:15:00+05:30,747.6,748.95,746.55,748.95,834239
2019-04-05 09:15:00+05:30,750.9,758.8,748.5,756.95,803510
2019-04-05 09:45:00+05:30,756.95,758.0,755.2,755.6,286373
2019-04-05 10:15:00+05:30,755.55,759.75,755.5,759.6,236593
2019-04-05 10:45:00+05:30,759.65,760.85,757.65,758.2,374391
2019-04-05 11:15:00+05:30,758.2,760.8,757.3,759.6,272978
2019-04-05 11:45:00+05:30,759.6,760.5,759.05,760.3,281867
2019-04-05 12:15:00+05:30,760.25,760.7,759.0,759.5,276827
2019-04-05 12:45:00+05:30,759.55,760.75,759.0,760.05,424016
2019-04-05 13:15:00+05:30,760.05,760.7,759.05,760.0,405805
2019-04-05 13:45:00+05:30,760.0,760.45,758.45,759.15,666063
2019-04-05 14:15:00+05:30,759.1,760.6,758.55,758.7,529186
2019-04-05 14:45:00+05:30,758.85,760.0,757.1,758.75,1027731
2019-04-05 15:15:00+05:30,758.8,760.95,758.0,759.55,681622
2019-04-08 09:15:00+05:30,763.05,767.0,759.55,760.15,758692
2019-04-08 09:45:00+05:30,760.55,762.0,756.8,761.8,288930
2019-04-08 10:15:00+05:30,761.75,761.8,759.2,760.4,144149
2019-04-08 10:45:00+05:30,760.35,760.95,758.5,759.8,139577
2019-04-08 11:15:00+05:30,759.85,760.25,759.0,759.95,172901
2019-04-08 11:45:00+05:30,759.6,760.0,757.35,758.4,282479
2019-04-08 12:15:00+05:30,758.4,759.65,758.0,758.8,73980
2019-04-08 12:45:00+05:30,758.8,760.15,758.2,758.6,109710
2019-04-08 13:15:00+05:30,758.6,759.7,755.5,757.95,182102
2019-04-08 13:45:00+05:30,757.95,763.0,756.5,760.7,419039
2019-04-08 14:15:00+05:30,760.95,762.7,756.4,762.0,504321
2019-04-08 14:45:00+05:30,762.05,767.95,761.05,767.3,1095549
2019-04-08 15:15:00+05:30,767.3,770.0,766.6,769.15,709677
2019-04-09 09:15:00+05:30,770.0,772.9,766.0,768.4,1131430
2019-04-09 09:45:00+05:30,768.2,772.0,767.5,769.35,837763
2019-04-09 10:15:00+05:30,769.05,769.5,767.05,767.9,532404
2019-04-09 10:45:00+05:30,768.0,770.0,767.9,769.9,225843
2019-04-09 11:15:00+05:30,769.65,769.9,765.4,765.9,330763
2019-04-09 11:45:00+05:30,765.65,766.0,760.2,762.1,556531
2019-04-09 12:15:00+05:30,761.9,764.2,760.65,761.8,180504
2019-04-09 12:45:00+05:30,761.8,763.8,761.5,762.9,224201
2019-04-09 13:15:00+05:30,762.9,763.5,762.1,762.65,214371
2019-04-09 13:45:00+05:30,762.65,764.2,761.75,763.7,322606
2019-04-09 14:15:00+05:30,763.7,764.75,761.0,762.85,389219
2019-04-09 14:45:00+05:30,762.85,763.7,758.95,761.1,981607
2019-04-09 15:15:00+05:30,761.35,761.85,758.25,760.8,785587
2019-04-10 09:15:00+05:30,763.85,766.7,756.75,759.15,1239824
2019-04-10 09:45:00+05:30,759.1,762.4,758.8,762.3,418293
2019-04-10 10:15:00+05:30,762.35,763.45,760.1,760.65,574261
2019-04-10 10:45:00+05:30,760.3,763.25,759.5,763.0,209189
2019-04-10 11:15:00+05:30,763.0,764.8,760.3,761.75,204882
2019-04-10 11:45:00+05:30,761.75,763.4,761.5,763.0,203507
2019-04-10 12:15:00+05:30,763.15,765.3,763.0,765.05,578756
2019-04-10 12:45:00+05:30,765.0,765.9,764.45,764.9,342705
2019-04-10 13:15:00+05:30,765.0,765.2,760.0,761.25,490417
2019-04-10 13:45:00+05:30,760.8,761.85,758.05,758.35,289254
2019-04-10 14:15:00+05:30,758.35,759.0,756.1,757.45,452499
2019-04-10 14:45:00+05:30,757.45,758.65,751.4,752.8,1169112
2019-04-10 15:15:00+05:30,752.8,753.85,751.4,752.85,834810
2019-04-11 09:15:00+05:30,751.75,751.75,741.25,747.6,2038240
2019-04-11 09:45:00+05:30,747.7,749.0,744.65,746.55,742121
2019-04-11 10:15:00+05:30,746.6,748.0,745.3,745.55,418140
2019-04-11 10:45:00+05:30,745.6,746.7,745.05,745.25,581120
2019-04-11 11:15:00+05:30,745.15,746.25,744.2,744.85,343235
2019-04-11 11:45:00+05:30,744.8,744.95,742.5,743.15,199304
2019-04-11 12:15:00+05:30,743.15,744.55,743.05,743.75,201560
2019-04-11 12:45:00+05:30,743.75,744.5,742.65,743.55,227752
2019-04-11 13:15:00+05:30,743.55,744.0,741.25,743.15,399195
2019-04-11 13:45:00+05:30,743.15,743.35,740.15,740.4,572026
2019-04-11 14:15:00+05:30,740.55,743.0,740.05,742.25,722265
2019-04-11 14:45:00+05:30,742.1,743.0,741.8,742.4,958409
2019-04-11 15:15:00+05:30,742.4,744.0,741.3,743.4,780770
2019-04-12 09:15:00+05:30,743.1,751.5,743.1,749.85,1731261
2019-04-12 09:45:00+05:30,749.6,749.9,742.1,745.1,990940
2019-04-12 10:15:00+05:30,745.35,746.0,743.55,745.6,247113
2019-04-12 10:45:00+05:30,745.6,745.95,743.9,745.9,271687
2019-04-12 11:15:00+05:30,745.9,746.0,744.0,744.35,220454
2019-04-12 11:45:00+05:30,744.2,745.5,743.9,745.4,191621
2019-04-12 12:15:00+05:30,745.3,745.45,744.0,744.35,144877
2019-04-12 12:45:00+05:30,744.35,745.0,740.6,744.35,321316
2019-04-12 13:15:00+05:30,744.25,747.5,743.55,745.0,358112
2019-04-12 13:45:00+05:30,745.0,748.8,744.55,747.3,487143
2019-04-12 14:15:00+05:30,747.4,748.8,745.65,746.4,372087
2019-04-12 14:45:00+05:30,746.5,749.6,746.25,747.85,811662
2019-04-12 15:15:00+05:30,747.9,748.4,745.25,747.8,862196
2019-04-15 09:15:00+05:30,724.7,731.35,712.75,726.9,9035626
2019-04-15 09:45:00+05:30,726.9,729.95,726.4,727.4,2207658
2019-04-15 10:15:00+05:30,727.6,727.9,725.25,726.85,1270237
2019-04-15 10:45:00+05:30,726.85,726.85,720.1,721.35,2846863
2019-04-15 11:15:00+05:30,721.15,723.5,719.15,721.3,2297074
2019-04-15 11:45:00+05:30,721.2,725.5,720.65,725.25,1277700
2019-04-15 12:15:00+05:30,725.3,726.25,724.5,724.85,974832
2019-04-15 12:45:00+05:30,724.85,727.4,724.3,727.2,1269332
2019-04-15 13:15:00+05:30,727.15,730.3,725.0,726.85,2031092
2019-04-15 13:45:00+05:30,727.0,727.0,724.0,725.15,1354904
2019-04-15 14:15:00+05:30,725.15,725.95,723.0,725.0,1627951
2019-04-15 14:45:00+05:30,725.05,728.25,724.8,726.05,2829466
2019-04-15 15:15:00+05:30,726.0,728.25,725.6,728.2,2438255
2019-04-16 09:15:00+05:30,727.9,727.9,714.3,722.95,3304338
2019-04-16 09:45:00+05:30,722.95,723.7,721.1,721.7,809515
2019-04-16 10:15:00+05:30,721.6,722.2,718.5,722.0,1421368
2019-04-16 10:45:00+05:30,721.95,723.9,720.8,722.9,690760
2019-04-16 11:15:00+05:30,722.85,723.0,721.5,722.6,536383
2019-04-16 11:45:00+05:30,722.55,722.9,721.55,722.1,348995
2019-04-16 12:15:00+05:30,722.05,722.6,721.35,721.95,541471
2019-04-16 12:45:00+05:30,721.8,722.5,721.45,721.8,393107
2019-04-16 13:15:00+05:30,721.8,727.45,721.6,725.15,916093
2019-04-16 13:45:00+05:30,725.1,726.6,724.8,725.3,496331
2019-04-16 14:15:00+05:30,725.4,725.5,723.3,725.05,616570
2019-04-16 14:45:00+05:30,725.0,725.2,723.6,724.2,1355810
2019-04-16 15:15:00+05:30,724.1,725.05,723.55,724.0,1032272
2019-04-18 09:15:00+05:30,722.5,722.5,715.3,717.8,2427933
2019-04-18 09:45:00+05:30,717.7,718.3,716.6,717.95,776574
2019-04-18 10:15:00+05:30,718.0,718.05,716.5,716.9,699595
2019-04-18 10:45:00+05:30,716.9,717.4,715.1,716.0,845201
2019-04-18 11:15:00+05:30,716.05,716.7,714.0,715.2,1037990
2019-04-18 11:45:00+05:30,715.2,716.05,714.5,715.0,469213
2019-04-18 12:15:00+05:30,715.0,715.6,712.75,715.5,737808
2019-04-18 12:45:00+05:30,715.5,717.5,714.6,716.9,582095
2019-04-18 13:15:00+05:30,716.9,717.2,715.75,717.05,425633
2019-04-18 13:45:00+05:30,717.05,717.5,716.7,717.1,462770
2019-04-18 14:15:00+05:30,717.1,717.95,716.2,717.8,595670
2019-04-18 14:45:00+05:30,717.75,718.4,716.5,717.0,2714227
2019-04-18 15:15:00+05:30,717.0,717.25,715.05,715.7,1974386
2019-04-22 09:15:00+05:30,717.05,722.9,715.6,720.2,1156470
2019-04-22 09:45:00+05:30,720.1,720.9,718.5,720.9,561756
2019-04-22 10:15:00+05:30,720.9,721.3,719.0,719.15,329846
2019-04-22 10:45:00+05:30,719.15,720.3,719.1,719.85,272184
2019-04-22 11:15:00+05:30,719.9,720.0,718.5,718.55,349146
2019-04-22 11:45:00+05:30,718.5,718.95,718.3,718.4,301794
2019-04-22 12:15:00+05:30,718.5,720.2,718.3,719.9,362308
2019-04-22 12:45:00+05:30,719.9,721.6,719.55,719.9,403618
2019-04-22 13:15:00+05:30,719.8,723.65,719.8,723.35,581887
2019-04-22 13:45:00+05:30,723.4,724.9,722.15,724.7,403340
2019-04-22 14:15:00+05:30,724.8,725.75,723.0,723.5,590593
2019-04-22 14:45:00+05:30,723.95,724.0,720.4,720.95,633555
2019-04-22 15:15:00+05:30,720.85,721.45,719.6,721.3,491268
2019-04-23 09:15:00+05:30,723.9,726.65,718.5,725.95,1012329
2019-04-23 09:45:00+05:30,725.9,726.5,723.5,724.55,317008
2019-04-23 10:15:00+05:30,724.55,725.35,723.8,725.1,173231
2019-04-23 10:45:00+05:30,725.15,725.2,723.9,724.8,154599
2019-04-23 11:15:00+05:30,724.8,724.9,723.25,724.65,200154
2019-04-23 11:45:00+05:30,724.65,727.5,724.5,726.5,461858
2019-04-23 12:15:00+05:30,726.5,727.0,725.3,725.6,245133
2019-04-23 12:45:00+05:30,725.45,727.9,725.3,726.55,252768
2019-04-23 13:15:00+05:30,726.55,729.2,726.2,728.3,327471
2019-04-23 13:45:00+05:30,728.3,729.8,728.0,728.7,547928
2019-04-23 14:15:00+05:30,728.8,729.9,726.75,727.4,466014
2019-04-23 14:45:00+05:30,727.4,729.4,726.65,729.0,672922
2019-04-23 15:15:00+05:30,729.0,730.0,725.0,725.5,676846
2019-04-24 09:15:00+05:30,728.2,731.45,724.0,731.1,1161804
2019-04-24 09:45:00+05:30,731.2,733.05,730.3,731.5,726567
2019-04-24 10:15:00+05:30,731.4,733.8,730.7,733.45,574101
2019-04-24 10:45:00+05:30,733.6,733.6,731.0,731.6,862025
2019-04-24 11:15:00+05:30,731.6,733.6,731.45,733.4,444098
2019-04-24 11:45:00+05:30,733.5,735.4,733.0,733.0,659420
2019-04-24 12:15:00+05:30,733.2,735.5,732.25,735.0,419308
2019-04-24 12:45:00+05:30,734.95,735.3,734.2,735.05,258277
2019-04-24 13:15:00+05:30,735.05,735.85,732.4,733.05,431221
2019-04-24 13:45:00+05:30,733.05,735.7,733.0,735.6,292098
2019-04-24 14:15:00+05:30,735.6,736.9,735.05,736.9,509335
2019-04-24 14:45:00+05:30,736.9,737.5,734.3,737.2,1122512
2019-04-24 15:15:00+05:30,737.15,737.9,732.8,735.0,802720
2019-04-25 09:15:00+05:30,736.45,737.0,731.5,731.65,785418
2019-04-25 09:45:00+05:30,731.65,732.65,730.4,731.1,516598
2019-04-25 10:15:00+05:30,731.1,732.4,730.2,731.5,513072
2019-04-25 10:45:00+05:30,731.5,734.0,730.5,733.0,391148
2019-04-25 11:15:00+05:30,733.1,734.0,732.6,733.35,244480
2019-04-25 11:45:00+05:30,733.35,733.6,731.05,732.7,225439
2019-04-25 12:15:00+05:30,732.7,733.25,731.0,731.3,256019
2019-04-25 12:45:00+05:30,731.4,731.55,730.1,730.3,462631
2019-04-25 13:15:00+05:30,730.2,731.1,728.2,730.15,555404
2019-04-25 13:45:00+05:30,730.15,733.25,730.15,732.8,587558
2019-04-25 14:15:00+05:30,732.85,733.0,731.95,732.15,390703
2019-04-25 14:45:00+05:30,732.15,732.8,727.2,728.1,1463843
2019-04-25 15:15:00+05:30,728.6,730.55,727.05,730.05,1601622
2019-04-26 09:15:00+05:30,731.0,734.6,729.5,734.1,1568361
2019-04-26 09:45:00+05:30,733.95,737.0,733.7,736.0,631499
2019-04-26 10:15:00+05:30,736.05,736.95,735.0,736.5,262355
2019-04-26 10:45:00+05:30,736.75,739.25,736.5,737.5,704349
2019-04-26 11:15:00+05:30,737.55,737.7,735.2,735.75,245060
2019-04-26 11:45:00+05:30,735.95,737.55,735.45,737.3,227237
2019-04-26 12:15:00+05:30,737.4,737.5,735.8,736.6,204420
2019-04-26 12:45:00+05:30,736.65,738.3,736.15,737.15,272452
2019-04-26 13:15:00+05:30,737.1,738.85,736.05,737.05,347536
2019-04-26 13:45:00+05:30,737.05,739.0,736.7,738.0,346421
2019-04-26 14:15:00+05:30,737.95,739.75,735.6,735.7,755023
2019-04-26 14:45:00+05:30,735.7,739.0,734.9,738.5,823684
2019-04-26 15:15:00+05:30,738.4,739.0,737.8,738.6,500056
2019-04-30 09:15:00+05:30,738.0,745.0,738.0,743.7,1380893
2019-04-30 09:45:00+05:30,743.7,744.3,742.3,742.65,636818
2019-04-30 10:15:00+05:30,742.6,743.4,740.5,742.8,372810
2019-04-30 10:45:00+05:30,742.8,745.9,742.35,744.8,635605
2019-04-30 11:15:00+05:30,744.8,748.5,744.4,748.5,723017
2019-04-30 11:45:00+05:30,748.5,750.0,747.6,750.0,766652
2019-04-30 12:15:00+05:30,749.95,752.9,749.95,750.95,636106
2019-04-30 12:45:00+05:30,751.0,752.8,749.6,752.5,442606
2019-04-30 13:15:00+05:30,752.5,753.0,750.0,750.75,472485
2019-04-30 13:45:00+05:30,751.0,753.0,750.85,752.15,479210
2019-04-30 14:15:00+05:30,752.25,753.0,751.55,752.7,641494
2019-04-30 14:45:00+05:30,752.7,753.25,751.8,752.45,1473363
2019-04-30 15:15:00+05:30,752.35,752.55,747.6,748.85,1235063
2019-05-02 09:15:00+05:30,747.0,748.4,742.5,745.0,724892
2019-05-02 09:45:00+05:30,744.95,745.0,740.5,743.4,644471
2019-05-02 10:15:00+05:30,743.4,744.1,740.1,742.9,408897
2019-05-02 10:45:00+05:30,742.9,743.5,741.0,741.75,272201
2019-05-02 11:15:00+05:30,741.7,741.75,738.25,739.0,565889
2019-05-02 11:45:00+05:30,739.0,740.25,737.0,737.8,384175
2019-05-02 12:15:00+05:30,737.8,739.0,736.05,738.35,384189
2019-05-02 12:45:00+05:30,738.35,738.35,735.65,735.9,367221
2019-05-02 13:15:00+05:30,735.9,738.5,735.9,737.95,484700
2019-05-02 13:45:00+05:30,737.95,739.0,737.6,738.8,327931
2019-05-02 14:15:00+05:30,738.8,738.95,732.85,734.15,497432
2019-05-02 14:45:00+05:30,734.15,734.85,730.15,730.35,767427
2019-05-02 15:15:00+05:30,730.35,731.5,729.5,730.75,508856
2019-05-03 09:15:00+05:30,722.9,724.65,718.75,721.85,1087921
2019-05-03 09:45:00+05:30,721.85,727.6,721.7,727.0,684871
2019-05-03 10:15:00+05:30,727.1,730.5,726.9,728.95,846062
2019-05-03 10:45:00+05:30,728.9,730.75,727.05,727.8,493194
2019-05-03 11:15:00+05:30,727.75,728.2,725.75,727.1,316145
2019-05-03 11:45:00+05:30,727.05,727.35,724.55,726.05,308339
2019-05-03 12:15:00+05:30,726.0,727.1,725.4,727.0,248405
2019-05-03 12:45:00+05:30,726.9,727.0,725.1,726.0,200683
2019-05-03 13:15:00+05:30,726.0,726.95,724.9,726.0,306040
2019-05-03 13:45:00+05:30,726.0,727.0,725.0,725.5,277272
2019-05-03 14:15:00+05:30,725.5,727.0,725.2,725.25,266295
2019-05-03 14:45:00+05:30,725.2,726.5,723.25,723.45,578786
2019-05-03 15:15:00+05:30,723.4,724.55,722.45,723.65,711181
2019-05-06 09:15:00+05:30,715.0,721.7,711.4,719.7,1917884
2019-05-06 09:45:00+05:30,719.6,719.8,716.8,718.0,804914
2019-05-06 10:15:00+05:30,717.6,719.2,717.0,718.85,520020
2019-05-06 10:45:00+05:30,718.85,721.0,717.7,720.05,566984
2019-05-06 11:15:00+05:30,720.05,720.45,718.35,719.0,514190
2019-05-06 11:45:00+05:30,719.0,720.15,718.45,719.35,790970
2019-05-06 12:15:00+05:30,719.35,719.95,718.75,719.2,537814
2019-05-06 12:45:00+05:30,719.1,719.65,717.0,717.3,458973
2019-05-06 13:15:00+05:30,717.0,718.9,716.25,718.5,360552
2019-05-06 13:45:00+05:30,718.4,719.3,717.8,719.0,255641
2019-05-06 14:15:00+05:30,719.0,719.2,717.0,717.85,464163
2019-05-06 14:45:00+05:30,717.95,720.0,717.2,718.25,950684
2019-05-06 15:15:00+05:30,718.2,718.75,717.0,717.15,642135
2019-05-07 09:15:00+05:30,720.4,724.25,718.8,723.4,943874
2019-05-07 09:45:00+05:30,723.35,726.3,722.6,726.3,709185
2019-05-07 10:15:00+05:30,726.3,726.95,725.1,725.85,396433
2019-05-07 10:45:00+05:30,725.85,726.0,721.3,723.9,570314
2019-05-07 11:15:00+05:30,723.9,725.9,723.4,725.8,233254
2019-05-07 11:45:00+05:30,725.8,726.35,724.6,724.95,199528
2019-05-07 12:15:00+05:30,725.0,725.8,724.6,725.75,172951
2019-05-07 12:45:00+05:30,725.75,726.35,725.3,726.1,192063
2019-05-07 13:15:00+05:30,726.1,726.4,725.0,725.8,297554
2019-05-07 13:45:00+05:30,725.8,727.85,724.25,725.55,478787
2019-05-07 14:15:00+05:30,725.6,726.05,723.5,725.25,461470
2019-05-07 14:45:00+05:30,725.25,725.4,723.65,724.75,666665
2019-05-07 15:15:00+05:30,724.95,725.0,723.5,724.4,413302
2019-05-08 09:15:00+05:30,721.0,723.8,720.3,721.45,764903
2019-05-08 09:45:00+05:30,721.45,722.3,716.5,717.9,622341
2019-05-08 10:15:00+05:30,717.9,722.4,717.85,721.7,652857
2019-05-08 10:45:00+05:30,721.7,724.7,721.7,723.75,362206
2019-05-08 11:15:00+05:30,723.75,726.0,722.2,722.65,427163
2019-05-08 11:45:00+05:30,722.5,722.8,719.7,720.75,415135
2019-05-08 12:15:00+05:30,720.75,720.9,719.3,720.65,193867
2019-05-08 12:45:00+05:30,720.65,724.0,719.5,723.85,494980
2019-05-08 13:15:00+05:30,723.85,724.2,722.1,723.9,309064
2019-05-08 13:45:00+05:30,723.9,725.3,722.35,723.35,349223
2019-05-08 14:15:00+05:30,723.3,724.75,722.25,723.8,567299
2019-05-08 14:45:00+05:30,723.75,724.35,718.0,718.45,701838
2019-05-08 15:15:00+05:30,718.45,719.4,717.3,718.95,374930
2019-05-09 09:15:00+05:30,719.15,728.9,715.8,728.4,1332963
2019-05-09 09:45:00+05:30,728.4,730.25,726.5,728.5,603348
2019-05-09 10:15:00+05:30,728.5,730.2,727.95,728.75,805666
2019-05-09 10:45:00+05:30,728.7,728.8,726.5,726.5,413386
2019-05-09 11:15:00+05:30,726.8,727.35,724.85,725.25,402829
2019-05-09 11:45:00+05:30,725.25,725.25,724.0,724.0,337660
2019-05-09 12:15:00+05:30,723.95,724.3,723.3,723.55,346355
2019-05-09 12:45:00+05:30,723.55,723.6,721.7,722.1,389121
2019-05-09 13:15:00+05:30,722.15,723.35,720.85,722.05,531440
2019-05-09 13:45:00+05:30,722.15,724.55,722.05,724.55,297824
2019-05-09 14:15:00+05:30,724.4,725.6,724.4,725.45,566659
2019-05-09 14:45:00+05:30,725.45,725.45,719.65,719.8,892284
2019-05-09 15:15:00+05:30,719.9,722.05,719.2,722.0,465155
2019-05-10 09:15:00+05:30,720.8,723.2,715.2,718.95,1447318
2019-05-10 09:45:00+05:30,718.95,719.95,715.75,717.8,691939
2019-05-10 10:15:00+05:30,717.85,719.95,717.6,719.0,370446
2019-05-10 10:45:00+05:30,719.0,721.15,717.15,720.45,719841
2019-05-10 11:15:00+05:30,720.45,720.6,715.0,715.75,920154
2019-05-10 11:45:00+05:30,715.85,717.0,715.15,715.95,347900
2019-05-10 12:15:00+05:30,715.85,716.7,715.65,716.0,369018
2019-05-10 12:45:00+05:30,715.95,718.3,715.85,718.15,383810
2019-05-10 13:15:00+05:30,718.15,718.5,715.65,717.0,352426
2019-05-10 13:45:00+05:30,717.0,719.8,716.6,719.0,613515
2019-05-10 14:15:00+05:30,719.0,719.3,716.5,719.0,639304
2019-05-10 14:45:00+05:30,718.95,720.0,716.0,716.25,822116
2019-05-10 15:15:00+05:30,716.5,720.1,715.0,716.5,629356
2019-05-13 09:15:00+05:30,716.55,719.9,712.4,718.45,1065325
2019-05-13 09:45:00+05:30,718.35,723.6,718.2,720.85,553421
2019-05-13 10:15:00+05:30,720.85,721.6,718.65,719.65,223005
2019-05-13 10:45:00+05:30,719.55,721.3,719.4,719.85,267446
2019-05-13 11:15:00+05:30,719.7,720.3,718.75,719.75,240592
2019-05-13 11:45:00+05:30,719.45,719.8,718.0,718.6,348108
2019-05-13 12:15:00+05:30,718.65,719.6,717.6,719.0,390645
2019-05-13 12:45:00+05:30,719.0,719.45,718.0,718.3,351219
2019-05-13 13:15:00+05:30,718.35,719.0,717.4,717.85,302105
2019-05-13 13:45:00+05:30,717.8,720.45,717.75,720.45,571244
2019-05-13 14:15:00+05:30,720.5,724.85,720.0,723.5,901515
2019-05-13 14:45:00+05:30,723.85,726.4,720.05,721.0,1107827
2019-05-13 15:15:00+05:30,720.9,721.0,717.0,718.0,477773
2019-05-14 09:15:00+05:30,716.5,716.5,710.4,712.95,931672
2019-05-14 09:45:00+05:30,713.0,713.9,711.85,713.6,561716
2019-05-14 10:15:00+05:30,713.6,713.9,712.3,713.05,411183
2019-05-14 10:45:00+05:30,713.0,713.3,707.5,708.6,734305
2019-05-14 11:15:00+05:30,708.7,708.75,703.7,704.8,901287
2019-05-14 11:45:00+05:30,704.8,707.0,704.7,705.35,741440
2019-05-14 12:15:00+05:30,705.35,707.75,705.3,706.0,541558
2019-05-14 12:45:00+05:30,705.95,707.4,705.4,707.2,368046
2019-05-14 13:15:00+05:30,707.05,710.5,706.95,709.95,720996
2019-05-14 13:45:00+05:30,710.0,712.1,709.55,711.25,742493
2019-05-14 14:15:00+05:30,711.25,716.9,711.15,715.0,940768
2019-05-14 14:45:00+05:30,715.0,716.0,712.5,714.0,1823770
2019-05-14 15:15:00+05:30,714.0,715.0,713.25,713.6,1086767
2019-05-15 09:15:00+05:30,714.9,717.35,712.6,715.1,531491
2019-05-15 09:45:00+05:30,715.05,720.0,714.5,719.3,567759
2019-05-15 10:15:00+05:30,719.25,721.3,718.5,721.15,368729
2019-05-15 10:45:00+05:30,720.95,721.2,719.15,720.8,255532
2019-05-15 11:15:00+05:30,720.8,720.95,719.55,720.1,264411
2019-05-15 11:45:00+05:30,720.15,722.0,719.95,720.2,502303
2019-05-15 12:15:00+05:30,720.35,721.7,719.85,721.0,347758
2019-05-15 12:45:00+05:30,721.1,721.45,718.7,720.9,479734
2019-05-15 13:15:00+05:30,720.9,723.7,720.25,721.5,757250
2019-05-15 13:45:00+05:30,721.55,724.85,721.2,722.7,575369
2019-05-15 14:15:00+05:30,722.85,724.6,720.65,721.85,588722
2019-05-15 14:45:00+05:30,721.8,722.65,713.25,715.15,990266
2019-05-15 15:15:00+05:30,715.35,716.7,713.3,715.35,434140
2019-05-16 09:15:00+05:30,720.0,727.15,719.2,726.25,588534
2019-05-16 09:45:00+05:30,725.85,726.4,723.0,726.0,373595
2019-05-16 10:15:00+05:30,726.0,728.0,725.5,727.65,507621
2019-05-16 10:45:00+05:30,727.45,728.5,725.65,726.5,262871
2019-05-16 11:15:00+05:30,726.5,727.5,725.25,727.05,188874
2019-05-16 11:45:00+05:30,727.05,727.2,725.5,727.05,239246
2019-05-16 12:15:00+05:30,727.0,729.85,726.65,728.8,387240
2019-05-16 12:45:00+05:30,728.8,730.5,728.5,729.55,439838
2019-05-16 13:15:00+05:30,729.55,732.5,729.5,729.75,542595
2019-05-16 13:45:00+05:30,729.75,732.5,729.15,732.0,293821
2019-05-16 14:15:00+05:30,732.0,736.75,731.75,733.5,1083389
2019-05-16 14:45:00+05:30,733.5,733.7,729.35,731.35,895901
2019-05-16 15:15:00+05:30,731.85,736.95,731.2,733.15,660770
2019-05-17 09:15:00+05:30,733.15,735.45,725.4,725.55,1104236
2019-05-17 09:45:00+05:30,725.4,726.5,723.7,724.25,357057
2019-05-17 10:15:00+05:30,724.05,724.55,720.9,724.15,1498817
2019-05-17 10:45:00+05:30,724.15,725.3,723.05,724.1,233709
2019-05-17 11:15:00+05:30,724.1,725.5,723.05,723.55,280808
2019-05-17 11:45:00+05:30,723.2,725.95,723.1,725.5,378995
2019-05-17 12:15:00+05:30,725.5,726.65,724.0,725.55,324931
2019-05-17 12:45:00+05:30,725.7,726.0,722.7,725.35,415903
2019-05-17 13:15:00+05:30,725.4,730.55,725.0,729.1,660687
2019-05-17 13:45:00+05:30,729.15,730.05,725.8,726.1,763466
2019-05-17 14:15:00+05:30,726.05,727.3,724.4,725.2,439609
2019-05-17 14:45:00+05:30,725.25,727.5,721.25,722.45,1067172
2019-05-17 15:15:00+05:30,722.4,726.0,721.0,724.5,617546
2019-05-20 09:15:00+05:30,719.7,719.9,706.55,715.65,2384103
2019-05-20 09:45:00+05:30,715.6,717.9,714.75,717.75,630002
2019-05-20 10:15:00+05:30,717.75,718.0,715.85,716.6,551403
2019-05-20 10:45:00+05:30,716.45,717.15,714.5,716.5,1030415
2019-05-20 11:15:00+05:30,716.45,719.2,715.5,718.9,386909
2019-05-20 11:45:00+05:30,718.75,721.5,718.25,721.2,607108
2019-05-20 12:15:00+05:30,721.25,726.4,718.1,719.1,1272740
2019-05-20 12:45:00+05:30,719.1,721.75,718.0,720.0,466143
2019-05-20 13:15:00+05:30,720.0,725.0,720.0,724.55,604321
2019-05-20 13:45:00+05:30,724.55,725.5,721.15,722.15,655760
2019-05-20 14:15:00+05:30,722.2,724.0,718.5,719.5,580979
2019-05-20 14:45:00+05:30,719.45,725.0,719.3,721.1,1187253
2019-05-20 15:15:00+05:30,721.1,722.5,720.5,721.3,814019
2019-05-21 09:15:00+05:30,722.65,722.65,714.05,715.05,1424807
2019-05-21 09:45:00+05:30,715.05,716.55,714.5,715.7,500242
2019-05-21 10:15:00+05:30,715.65,716.0,714.0,715.05,421198
2019-05-21 10:45:00+05:30,715.05,715.7,714.25,714.5,327448
2019-05-21 11:15:00+05:30,714.5,715.2,712.45,712.75,401831
2019-05-21 11:45:00+05:30,712.85,713.0,711.2,711.6,860531
2019-05-21 12:15:00+05:30,711.6,712.2,708.25,708.65,719761
2019-05-21 12:45:00+05:30,708.65,711.6,708.05,709.45,442018
2019-05-21 13:15:00+05:30,709.45,710.25,708.6,710.15,277124
2019-05-21 13:45:00+05:30,710.1,710.85,709.25,709.45,960347
2019-05-21 14:15:00+05:30,709.55,710.45,709.15,710.2,648566
2019-05-21 14:45:00+05:30,710.2,711.2,707.7,709.2,946007
2019-05-21 15:15:00+05:30,709.35,710.0,708.3,709.25,701224
2019-05-22 09:15:00+05:30,710.0,717.4,707.0,717.0,985836
2019-05-22 09:45:00+05:30,717.0,718.25,715.1,716.0,578396
2019-05-22 10:15:00+05:30,716.0,716.45,713.35,714.8,376300
2019-05-22 10:45:00+05:30,714.9,715.0,711.55,713.45,378257
2019-05-22 11:15:00+05:30,713.45,713.5,711.2,711.25,223114
2019-05-22 11:45:00+05:30,711.5,712.45,710.05,711.5,260951
2019-05-22 12:15:00+05:30,711.45,713.4,710.6,712.25,223397
2019-05-22 12:45:00+05:30,712.25,713.0,711.4,712.0,157923
2019-05-22 13:15:00+05:30,712.0,714.4,710.05,713.95,382874
2019-05-22 13:45:00+05:30,713.85,715.4,711.55,711.7,564312
2019-05-22 14:15:00+05:30,711.7,712.5,710.3,710.65,487606
2019-05-22 14:45:00+05:30,710.65,711.95,709.0,709.6,700735
2019-05-22 15:15:00+05:30,709.6,710.5,708.6,709.95,461773
2019-05-23 09:15:00+05:30,715.0,716.65,709.7,712.15,1087350
2019-05-23 09:45:00+05:30,712.2,713.8,706.7,708.1,717408
2019-05-23 10:15:00+05:30,708.45,712.7,707.7,712.1,529414
2019-05-23 10:45:00+05:30,712.2,712.5,710.2,710.4,342135
2019-05-23 11:15:00+05:30,710.4,713.0,710.1,712.5,256812
2019-05-23 11:45:00+05:30,712.55,713.9,710.5,711.75,378565
2019-05-23 12:15:00+05:30,711.75,713.2,708.5,709.05,573167
2019-05-23 12:45:00+05:30,709.05,710.25,708.5,709.35,349528
2019-05-23 13:15:00+05:30,709.15,710.6,708.6,709.35,287546
2019-05-23 13:45:00+05:30,709.4,709.45,705.9,708.3,401164
2019-05-23 14:15:00+05:30,708.3,709.4,707.5,708.6,510981
2019-05-23 14:45:00+05:30,708.6,708.65,697.65,700.45,1325958
2019-05-23 15:15:00+05:30,700.45,705.0,698.25,703.8,456935
2019-05-24 09:15:00+05:30,703.8,708.5,701.4,705.15,771747
2019-05-24 09:45:00+05:30,705.35,709.4,702.05,702.25,586458
2019-05-24 10:15:00+05:30,702.3,704.2,700.45,703.0,477590
2019-05-24 10:45:00+05:30,703.15,704.8,703.0,703.55,776379
2019-05-24 11:15:00+05:30,703.5,705.85,703.1,705.05,401927
2019-05-24 11:45:00+05:30,705.0,705.5,704.65,705.05,391198
2019-05-24 12:15:00+05:30,705.05,708.15,704.55,707.75,410115
2019-05-24 12:45:00+05:30,707.75,709.6,707.15,709.05,556938
2019-05-24 13:15:00+05:30,709.05,709.5,707.0,708.9,439650
2019-05-24 13:45:00+05:30,709.0,709.4,707.5,708.05,468208
2019-05-24 14:15:00+05:30,708.05,709.45,708.0,708.75,639682
2019-05-24 14:45:00+05:30,708.75,711.75,707.8,708.0,666821
2019-05-24 15:15:00+05:30,708.0,709.35,707.7,709.0,418910
2019-05-27 09:15:00+05:30,707.4,713.7,705.85,712.0,2133915
2019-05-27 09:45:00+05:30,712.0,712.75,711.15,712.4,543005
2019-05-27 10:15:00+05:30,712.4,713.0,711.8,712.45,1128824
2019-05-27 10:45:00+05:30,712.5,712.6,712.0,712.25,368716
2019-05-27 11:15:00+05:30,712.25,713.4,712.1,712.5,477942
2019-05-27 11:45:00+05:30,712.5,713.5,710.8,712.25,990915
2019-05-27 12:15:00+05:30,712.25,712.6,712.2,712.5,340832
2019-05-27 12:45:00+05:30,712.5,713.4,712.0,712.35,585416
2019-05-27 13:15:00+05:30,712.35,712.95,712.05,712.5,984328
2019-05-27 13:45:00+05:30,712.5,712.6,712.3,712.4,523775
2019-05-27 14:15:00+05:30,712.4,713.0,708.0,708.05,1211824
2019-05-27 14:45:00+05:30,708.5,710.0,707.0,707.4,585912
2019-05-27 15:15:00+05:30,707.35,709.95,707.1,709.5,362240
2019-05-28 09:15:00+05:30,712.0,718.4,709.8,717.4,1280243
2019-05-28 09:45:00+05:30,717.4,719.4,715.45,718.0,544958
2019-05-28 10:15:00+05:30,718.0,718.9,716.5,718.45,341475
2019-05-28 10:45:00+05:30,718.45,719.15,718.1,718.8,327274
2019-05-28 11:15:00+05:30,718.75,718.9,716.6,717.15,355328
2019-05-28 11:45:00+05:30,717.15,718.25,716.8,718.15,246554
2019-05-28 12:15:00+05:30,718.15,718.25,715.75,716.55,281365
2019-05-28 12:45:00+05:30,716.55,717.95,715.85,717.0,399618
2019-05-28 13:15:00+05:30,717.0,718.8,716.7,717.9,317607
2019-05-28 13:45:00+05:30,718.0,719.9,717.7,719.5,547091
2019-05-28 14:15:00+05:30,719.5,719.9,716.5,718.35,570245
2019-05-28 14:45:00+05:30,718.35,729.8,717.25,728.6,9721312
2019-05-28 15:15:00+05:30,728.6,733.35,724.4,726.25,8912734
2019-05-29 09:15:00+05:30,725.5,733.5,724.1,728.4,1954514
2019-05-29 09:45:00+05:30,728.4,731.5,728.2,730.05,594063
2019-05-29 10:15:00+05:30,730.05,730.8,729.6,730.15,540800
2019-05-29 10:45:00+05:30,730.15,732.5,729.6,731.8,500516
2019-05-29 11:15:00+05:30,731.85,732.3,730.55,731.5,298595
2019-05-29 11:45:00+05:30,731.5,731.55,730.0,731.15,233334
2019-05-29 12:15:00+05:30,731.2,731.25,729.9,730.05,288163
2019-05-29 12:45:00+05:30,730.05,731.1,729.5,730.0,417714
2019-05-29 13:15:00+05:30,730.0,730.2,729.55,730.1,429103
2019-05-29 13:45:00+05:30,730.1,730.65,729.75,729.75,450480
2019-05-29 14:15:00+05:30,729.75,731.2,723.9,726.6,3109185
2019-05-29 14:45:00+05:30,726.6,728.95,725.75,727.8,832572
2019-05-29 15:15:00+05:30,727.8,728.75,726.25,727.0,615792
2019-05-30 09:15:00+05:30,727.0,734.9,724.65,734.9,1394642
2019-05-30 09:45:00+05:30,734.75,735.25,732.3,734.05,849286
2019-05-30 10:15:00+05:30,734.1,735.3,728.85,731.55,945819
2019-05-30 10:45:00+05:30,731.55,732.0,729.9,731.2,634118
2019-05-30 11:15:00+05:30,731.15,731.75,730.3,730.75,831688
2019-05-30 11:45:00+05:30,730.7,733.2,730.3,733.1,503961
2019-05-30 12:15:00+05:30,733.1,735.0,732.75,734.65,574517
2019-05-30 12:45:00+05:30,734.65,736.3,733.5,734.95,561368
2019-05-30 13:15:00+05:30,734.95,735.4,733.45,734.8,433074
2019-05-30 13:45:00+05:30,734.85,736.5,734.7,736.15,4132122
2019-05-30 14:15:00+05:30,736.0,737.25,735.0,735.3,1135973
2019-05-30 14:45:00+05:30,735.35,735.5,731.9,733.9,1851631
2019-05-30 15:15:00+05:30,733.8,733.9,731.6,732.6,1214975
2019-05-31 09:15:00+05:30,736.5,740.0,733.2,737.25,899802
2019-05-31 09:45:00+05:30,737.25,739.5,736.75,737.55,462547
2019-05-31 10:15:00+05:30,737.4,737.9,735.85,737.45,452032
2019-05-31 10:45:00+05:30,737.45,741.0,737.4,740.85,542701
2019-05-31 11:15:00+05:30,740.9,742.95,740.5,742.1,470066
2019-05-31 11:45:00+05:30,742.2,742.45,735.0,735.15,815536
2019-05-31 12:15:00+05:30,735.4,737.75,734.5,734.95,399943
2019-05-31 12:45:00+05:30,735.0,736.65,734.65,735.9,293767
2019-05-31 13:15:00+05:30,735.9,738.45,734.5,737.8,415410
2019-05-31 13:45:00+05:30,737.8,740.8,737.05,739.2,512498
2019-05-31 14:15:00+05:30,739.1,740.0,736.25,739.15,495070
2019-05-31 14:45:00+05:30,738.85,740.0,736.5,737.2,1482823
2019-05-31 15:15:00+05:30,737.0,738.3,737.0,737.1,993956
2019-06-03 09:15:00+05:30,729.8,738.6,729.7,735.7,1477653
2019-06-03 09:45:00+05:30,735.5,740.3,735.25,739.15,508909
2019-06-03 10:15:00+05:30,739.15,742.0,738.65,740.8,444334
2019-06-03 10:45:00+05:30,740.8,744.4,740.65,744.35,428155
2019-06-03 11:15:00+05:30,744.4,744.4,742.0,743.9,444641
2019-06-03 11:45:00+05:30,743.9,744.0,743.05,743.85,271959
2019-06-03 12:15:00+05:30,744.0,744.0,742.8,742.95,255446
2019-06-03 12:45:00+05:30,742.95,743.95,742.95,743.65,234418
2019-06-03 13:15:00+05:30,743.65,745.4,743.5,745.4,555829
2019-06-03 13:45:00+05:30,745.4,748.15,745.25,747.0,704622
2019-06-03 14:15:00+05:30,747.0,750.9,746.95,747.7,807825
2019-06-03 14:45:00+05:30,747.55,748.1,742.8,744.9,966655
2019-06-03 15:15:00+05:30,744.8,746.0,744.25,745.15,564172
2019-06-04 09:15:00+05:30,737.25,739.0,734.35,736.4,1982576
2019-06-04 09:45:00+05:30,736.45,737.15,735.2,736.1,1673414
2019-06-04 10:15:00+05:30,736.25,737.0,736.05,736.15,599757
2019-06-04 10:45:00+05:30,736.15,738.4,736.05,736.9,872393
2019-06-04 11:15:00+05:30,736.8,737.0,735.95,736.25,615214
2019-06-04 11:45:00+05:30,736.3,736.95,736.0,736.4,515933
2019-06-04 12:15:00+05:30,736.4,737.5,736.1,737.1,1036775
2019-06-04 12:45:00+05:30,737.1,737.65,736.5,736.5,536265
2019-06-04 13:15:00+05:30,736.65,737.55,736.5,736.9,779327
2019-06-04 13:45:00+05:30,737.0,737.5,736.5,736.65,185438
2019-06-04 14:15:00+05:30,736.65,737.35,736.4,736.6,462889
2019-06-04 14:45:00+05:30,736.6,737.5,733.25,733.8,1839156
2019-06-04 15:15:00+05:30,733.75,735.5,733.35,734.9,619052
2019-06-06 09:15:00+05:30,736.5,736.85,734.25,735.45,1643169
2019-06-06 09:45:00+05:30,735.45,736.7,734.35,736.3,1070009
2019-06-06 10:15:00+05:30,736.25,736.75,734.55,735.7,272996
2019-06-06 10:45:00+05:30,735.7,737.0,735.0,736.25,344058
2019-06-06 11:15:00+05:30,736.25,737.45,735.55,736.9,300552
2019-06-06 11:45:00+05:30,736.95,738.95,736.55,737.5,319210
2019-06-06 12:15:00+05:30,737.4,738.45,736.0,738.05,287935
2019-06-06 12:45:00+05:30,738.45,742.15,737.7,742.0,420810
2019-06-06 13:15:00+05:30,742.0,744.65,741.2,742.3,486212
2019-06-06 13:45:00+05:30,742.25,742.95,737.65,738.25,411810
2019-06-06 14:15:00+05:30,738.1,738.9,736.15,736.75,388200
2019-06-06 14:45:00+05:30,736.6,737.55,735.15,736.0,979029
2019-06-06 15:15:00+05:30,735.9,736.0,734.25,735.5,624244
2019-06-07 09:15:00+05:30,735.85,741.75,735.85,739.95,654052
2019-06-07 09:45:00+05:30,740.0,740.0,736.55,737.3,363054
2019-06-07 10:15:00+05:30,737.3,740.6,736.85,739.9,231397
2019-06-07 10:45:00+05:30,740.0,741.0,739.4,739.85,170186
2019-06-07 11:15:00+05:30,739.85,740.3,738.75,739.95,143976
2019-06-07 11:45:00+05:30,740.0,740.0,738.7,739.4,112009
2019-06-07 12:15:00+05:30,739.4,740.05,738.5,739.95,149092
2019-06-07 12:45:00+05:30,740.0,740.35,739.3,740.0,150289
2019-06-07 13:15:00+05:30,739.9,740.0,739.15,739.4,125878
2019-06-07 13:45:00+05:30,739.6,740.2,739.35,740.0,213146
2019-06-07 14:15:00+05:30,740.0,743.8,739.85,742.65,325890
2019-06-07 14:45:00+05:30,742.65,743.65,737.25,737.25,394168
2019-06-07 15:15:00+05:30,737.25,738.8,736.05,738.3,179830
2019-06-10 09:15:00+05:30,740.1,752.7,740.1,751.0,936161
2019-06-10 09:45:00+05:30,751.0,753.95,749.8,753.6,506353
2019-06-10 10:15:00+05:30,753.5,754.0,749.65,750.45,360727
2019-06-10 10:45:00+05:30,750.45,752.0,749.55,750.4,263612
2019-06-10 11:15:00+05:30,750.35,751.5,750.0,751.25,227037
2019-06-10 11:45:00+05:30,751.25,752.0,750.15,751.0,159574
2019-06-10 12:15:00+05:30,750.95,752.55,750.1,750.45,188393
2019-06-10 12:45:00+05:30,750.45,751.75,750.15,751.6,177726
2019-06-10 13:15:00+05:30,751.65,753.9,751.2,753.7,246893
2019-06-10 13:45:00+05:30,753.65,753.9,751.45,752.5,258771
2019-06-10 14:15:00+05:30,752.45,753.4,751.2,752.8,238781
2019-06-10 14:45:00+05:30,752.8,754.0,752.1,753.8,485789
2019-06-10 15:15:00+05:30,753.65,754.1,752.0,753.0,372068
2019-06-11 09:15:00+05:30,755.0,759.0,753.55,755.15,807866
2019-06-11 09:45:00+05:30,755.2,756.0,750.5,752.85,455911
2019-06-11 10:15:00+05:30,752.75,755.4,752.75,754.9,352838
2019-06-11 10:45:00+05:30,754.9,755.3,753.05,755.0,255437
2019-06-11 11:15:00+05:30,755.0,755.75,754.5,755.0,341498
2019-06-11 11:45:00+05:30,755.0,755.0,753.5,754.65,280306
2019-06-11 12:15:00+05:30,754.65,755.0,752.5,752.65,210431
2019-06-11 12:45:00+05:30,752.7,753.7,751.3,752.9,269179
2019-06-11 13:15:00+05:30,752.9,754.95,752.0,754.65,274751
2019-06-11 13:45:00+05:30,754.7,755.5,753.55,753.85,347661
2019-06-11 14:15:00+05:30,753.9,754.5,752.75,753.75,233860
2019-06-11 14:45:00+05:30,753.75,755.2,753.1,754.95,1035854
2019-06-11 15:15:00+05:30,755.0,755.1,753.1,754.0,857939
2019-06-12 09:15:00+05:30,756.95,756.95,747.0,749.8,891506
2019-06-12 09:45:00+05:30,749.85,750.2,748.0,748.5,356805
2019-06-12 10:15:00+05:30,748.6,748.8,746.3,747.6,348268
2019-06-12 10:45:00+05:30,747.45,748.5,745.0,745.1,259665
2019-06-12 11:15:00+05:30,745.15,750.45,745.0,750.05,953625
2019-06-12 11:45:00+05:30,750.1,750.5,749.4,750.05,940444
2019-06-12 12:15:00+05:30,750.0,751.45,749.3,750.2,1560297
2019-06-12 12:45:00+05:30,750.2,752.15,750.05,751.1,217851
2019-06-12 13:15:00+05:30,751.05,754.6,750.0,753.7,1162914
2019-06-12 13:45:00+05:30,753.75,754.0,751.75,753.45,237466
2019-06-12 14:15:00+05:30,753.5,755.0,752.8,754.2,362508
2019-06-12 14:45:00+05:30,754.25,755.5,752.7,754.1,799918
2019-06-12 15:15:00+05:30,754.35,754.9,752.35,753.0,638417
2019-06-13 09:15:00+05:30,740.0,747.2,740.0,745.0,727814
2019-06-13 09:45:00+05:30,745.0,745.35,741.4,743.25,240149
2019-06-13 10:15:00+05:30,743.15,743.75,742.45,743.35,213236
2019-06-13 10:45:00+05:30,743.35,743.75,742.5,742.6,523342
2019-06-13 11:15:00+05:30,742.6,744.15,742.3,743.9,181350
2019-06-13 11:45:00+05:30,743.9,744.5,742.1,743.75,425181
2019-06-13 12:15:00+05:30,743.75,745.75,743.0,745.65,174602
2019-06-13 12:45:00+05:30,745.7,746.7,744.4,745.0,243450
2019-06-13 13:15:00+05:30,745.0,745.9,743.35,744.15,171226
2019-06-13 13:45:00+05:30,744.35,745.6,743.7,744.9,220956
2019-06-13 14:15:00+05:30,744.9,746.0,743.2,743.75,245075
2019-06-13 14:45:00+05:30,743.75,744.15,742.45,742.65,754394
2019-06-13 15:15:00+05:30,742.6,743.7,741.8,742.2,671737
2019-06-14 09:15:00+05:30,743.85,743.85,738.25,740.55,1097208
2019-06-14 09:45:00+05:30,740.55,745.45,740.5,744.8,749162
2019-06-14 10:15:00+05:30,744.8,745.0,741.5,743.0,282078
2019-06-14 10:45:00+05:30,743.0,744.45,742.5,743.85,155168
2019-06-14 11:15:00+05:30,743.9,743.9,739.5,740.1,272152
2019-06-14 11:45:00+05:30,740.15,742.8,740.0,742.15,410831
2019-06-14 12:15:00+05:30,742.2,742.7,741.55,742.0,249924
2019-06-14 12:45:00+05:30,742.0,742.9,741.4,741.9,163775
2019-06-14 13:15:00+05:30,741.95,743.4,741.8,743.2,188211
2019-06-14 13:45:00+05:30,743.25,743.25,741.55,742.2,250560
2019-06-14 14:15:00+05:30,742.2,744.25,741.6,742.7,297527
2019-06-14 14:45:00+05:30,743.05,743.65,739.45,739.5,858138
2019-06-14 15:15:00+05:30,739.6,740.2,739.0,739.6,576450
2019-06-17 09:15:00+05:30,743.0,744.5,739.0,742.85,507045
2019-06-17 09:45:00+05:30,742.95,742.95,739.7,740.7,400984
2019-06-17 10:15:00+05:30,740.7,742.45,740.15,741.8,151254
2019-06-17 10:45:00+05:30,741.8,743.45,741.2,741.7,169813
2019-06-17 11:15:00+05:30,741.7,743.9,741.3,742.45,152792
2019-06-17 11:45:00+05:30,742.45,743.5,741.4,741.8,145286
2019-06-17 12:15:00+05:30,741.9,743.75,741.8,743.15,122838
2019-06-17 12:45:00+05:30,743.1,744.3,742.2,742.65,169252
2019-06-17 13:15:00+05:30,742.5,742.9,741.2,742.25,157620
2019-06-17 13:45:00+05:30,742.15,744.0,741.55,743.45,163933
2019-06-17 14:15:00+05:30,743.5,743.95,741.75,742.9,222699
2019-06-17 14:45:00+05:30,743.05,743.25,739.5,739.5,420747
2019-06-17 15:15:00+05:30,739.5,741.7,738.05,739.05,281789
2019-06-18 09:15:00+05:30,740.2,751.35,740.2,750.7,943480
2019-06-18 09:45:00+05:30,750.75,751.0,748.5,750.3,496449
2019-06-18 10:15:00+05:30,750.3,752.45,750.0,750.95,412509
2019-06-18 10:45:00+05:30,750.9,751.95,750.0,750.4,282411
2019-06-18 11:15:00+05:30,750.4,750.85,748.6,749.7,319005
2019-06-18 11:45:00+05:30,749.7,750.15,747.65,749.35,411009
2019-06-18 12:15:00+05:30,749.35,750.25,748.7,749.5,234713
2019-06-18 12:45:00+05:30,749.5,750.3,749.15,749.75,129013
2019-06-18 13:15:00+05:30,749.75,750.0,748.05,750.0,231569
2019-06-18 13:45:00+05:30,750.0,750.4,749.05,749.6,299579
2019-06-18 14:15:00+05:30,749.5,751.0,745.2,746.5,729133
2019-06-18 14:45:00+05:30,746.3,749.95,745.8,749.7,953266
2019-06-18 15:15:00+05:30,749.7,752.25,749.4,751.45,752701
2019-06-19 09:15:00+05:30,752.5,755.15,750.0,754.95,755076
2019-06-19 09:45:00+05:30,754.95,755.0,751.1,753.15,362551
2019-06-19 10:15:00+05:30,753.15,753.7,751.6,751.9,181047
2019-06-19 10:45:00+05:30,751.9,752.25,749.1,750.15,241529
2019-06-19 11:15:00+05:30,750.15,751.35,749.5,750.4,211048
2019-06-19 11:45:00+05:30,750.35,751.15,748.8,749.65,312388
2019-06-19 12:15:00+05:30,749.55,750.2,748.6,749.3,330682
2019-06-19 12:45:00+05:30,749.2,750.4,748.9,749.0,280638
2019-06-19 13:15:00+05:30,749.0,751.0,748.95,750.5,249059
2019-06-19 13:45:00+05:30,750.5,750.8,749.25,749.65,329867
2019-06-19 14:15:00+05:30,749.7,752.4,749.05,750.95,457101
2019-06-19 14:45:00+05:30,751.0,752.4,749.2,752.0,512595
2019-06-19 15:15:00+05:30,751.85,753.1,751.15,751.95,348671
2019-06-20 09:15:00+05:30,737.8,746.45,736.2,746.0,1446424
2019-06-20 09:45:00+05:30,746.0,748.6,745.45,746.95,370685
2019-06-20 10:15:00+05:30,746.95,749.4,745.95,748.9,522996
2019-06-20 10:45:00+05:30,748.9,751.4,748.25,750.15,414267
2019-06-20 11:15:00+05:30,750.15,750.65,749.4,749.5,235599
2019-06-20 11:45:00+05:30,749.5,750.1,748.8,748.85,223162
2019-06-20 12:15:00+05:30,748.85,750.3,748.5,750.1,416082
2019-06-20 12:45:00+05:30,750.1,750.5,749.2,750.0,200140
2019-06-20 13:15:00+05:30,750.0,750.5,749.45,750.15,263959
2019-06-20 13:45:00+05:30,750.0,751.65,749.75,750.15,402804
2019-06-20 14:15:00+05:30,750.2,753.8,749.5,750.15,1115782
2019-06-20 14:45:00+05:30,750.15,755.25,749.85,755.0,787749
2019-06-20 15:15:00+05:30,755.0,756.75,753.6,754.95,594888
2019-06-21 09:15:00+05:30,755.0,755.0,748.5,750.65,479213
2019-06-21 09:45:00+05:30,750.65,751.85,750.0,751.0,230526
2019-06-21 10:15:00+05:30,751.0,751.35,750.0,750.5,199287
2019-06-21 10:45:00+05:30,750.5,750.7,749.35,750.1,476117
2019-06-21 11:15:00+05:30,750.05,751.0,749.95,750.9,391308
2019-06-21 11:45:00+05:30,750.85,751.25,749.85,750.05,277970
2019-06-21 12:15:00+05:30,749.9,750.5,749.5,750.05,1169537
2019-06-21 12:45:00+05:30,750.05,751.25,749.9,750.05,206421
2019-06-21 13:15:00+05:30,750.05,751.3,750.0,750.1,388105
2019-06-21 13:45:00+05:30,750.3,750.65,749.8,750.05,232039
2019-06-21 14:15:00+05:30,750.05,751.3,750.0,750.55,302847
2019-06-21 14:45:00+05:30,750.55,755.0,749.9,750.1,4420221
2019-06-21 15:15:00+05:30,750.05,753.05,747.2,750.7,4219757
2019-06-24 09:15:00+05:30,751.9,751.9,747.2,747.2,813589
2019-06-24 09:45:00+05:30,747.25,749.9,746.6,747.4,975383
2019-06-24 10:15:00+05:30,747.4,748.8,747.3,748.3,229026
2019-06-24 10:45:00+05:30,748.35,748.95,747.1,747.65,251347
2019-06-24 11:15:00+05:30,747.65,748.9,747.3,748.5,216060
2019-06-24 11:45:00+05:30,748.5,750.5,748.5,749.4,252792
2019-06-24 12:15:00+05:30,749.65,751.45,748.75,748.75,257980
2019-06-24 12:45:00+05:30,749.2,750.0,747.8,747.85,186027
2019-06-24 13:15:00+05:30,747.7,748.5,747.15,747.6,224202
2019-06-24 13:45:00+05:30,747.3,747.95,742.7,743.65,360586
2019-06-24 14:15:00+05:30,743.65,745.0,743.1,744.0,298201
2019-06-24 14:45:00+05:30,744.0,746.5,743.15,744.45,371410
2019-06-24 15:15:00+05:30,744.5,747.4,744.2,745.0,277491
2019-06-25 09:15:00+05:30,744.0,744.15,739.1,741.7,448304
2019-06-25 09:45:00+05:30,741.7,743.85,737.35,740.95,378160
2019-06-25 10:15:00+05:30,740.9,743.4,740.0,743.3,183957
2019-06-25 10:45:00+05:30,743.25,743.8,741.3,741.6,319323
2019-06-25 11:15:00+05:30,741.7,745.45,741.6,744.5,232865
2019-06-25 11:45:00+05:30,744.55,745.75,744.3,745.15,213961
2019-06-25 12:15:00+05:30,745.15,745.5,743.1,745.0,211182
2019-06-25 12:45:00+05:30,745.0,745.5,744.75,745.5,126932
2019-06-25 13:15:00+05:30,745.45,747.95,744.7,747.65,336153
2019-06-25 13:45:00+05:30,747.65,748.4,745.35,747.9,216791
2019-06-25 14:15:00+05:30,747.95,749.0,745.3,746.8,256093
2019-06-25 14:45:00+05:30,747.0,750.9,746.55,747.5,487990
2019-06-25 15:15:00+05:30,747.45,747.55,745.0,745.05,248610
2019-06-26 09:15:00+05:30,743.0,750.5,742.55,750.45,714149
2019-06-26 09:45:00+05:30,750.45,751.45,747.95,748.3,534438
2019-06-26 10:15:00+05:30,748.3,748.85,745.5,747.1,274299
2019-06-26 10:45:00+05:30,747.1,748.0,745.15,746.55,172661
2019-06-26 11:15:00+05:30,746.55,746.55,744.05,745.0,198648
2019-06-26 11:45:00+05:30,745.0,745.25,743.05,743.4,398849
2019-06-26 12:15:00+05:30,743.4,743.65,741.65,743.0,497342
2019-06-26 12:45:00+05:30,743.25,743.65,741.6,742.8,271200
2019-06-26 13:15:00+05:30,742.5,743.5,742.1,742.15,204070
2019-06-26 13:45:00+05:30,742.15,742.7,740.1,740.95,462829
2019-06-26 14:15:00+05:30,740.95,741.95,739.2,741.5,371020
2019-06-26 14:45:00+05:30,741.4,743.2,738.35,738.9,783891
2019-06-26 15:15:00+05:30,738.85,739.95,738.0,739.4,494853
2019-06-27 09:15:00+05:30,742.0,742.75,738.75,741.9,676656
2019-06-27 09:45:00+05:30,741.75,744.65,741.3,742.85,285995
2019-06-27 10:15:00+05:30,742.85,742.9,739.3,740.0,281714
2019-06-27 10:45:00+05:30,740.0,741.0,739.5,740.6,145882
2019-06-27 11:15:00+05:30,740.6,740.6,738.65,739.5,477858
2019-06-27 11:45:00+05:30,739.5,739.6,734.6,736.45,312768
2019-06-27 12:15:00+05:30,736.4,737.15,734.55,736.5,229583
2019-06-27 12:45:00+05:30,736.5,737.1,734.2,736.25,266523
2019-06-27 13:15:00+05:30,736.3,737.55,733.45,734.6,388568
2019-06-27 13:45:00+05:30,734.65,735.0,731.55,731.95,329625
2019-06-27 14:15:00+05:30,732.0,735.85,731.0,735.4,448887
2019-06-27 14:45:00+05:30,735.4,737.75,728.15,731.25,3812357
2019-06-27 15:15:00+05:30,731.25,732.0,728.8,731.7,3260736
2019-06-28 09:15:00+05:30,735.5,739.5,733.4,733.95,765701
2019-06-28 09:45:00+05:30,733.95,737.0,732.7,737.0,392007
2019-06-28 10:15:00+05:30,737.15,737.35,735.5,736.0,214625
2019-06-28 10:45:00+05:30,735.9,736.0,732.15,732.35,261745
2019-06-28 11:15:00+05:30,732.4,734.95,732.4,734.85,179627
2019-06-28 11:45:00+05:30,734.9,735.65,732.55,733.0,273150
2019-06-28 12:15:00+05:30,733.0,733.35,730.3,730.6,408109
2019-06-28 12:45:00+05:30,730.55,732.85,730.05,732.2,235570
2019-06-28 13:15:00+05:30,732.35,732.35,729.0,730.5,309146
2019-06-28 13:45:00+05:30,730.45,731.65,728.5,730.65,294429
2019-06-28 14:15:00+05:30,730.65,732.0,730.3,731.6,318914
2019-06-28 14:45:00+05:30,731.65,733.55,729.7,731.75,1233732
2019-06-28 15:15:00+05:30,731.7,732.7,730.0,731.7,905913
2019-07-01 09:15:00+05:30,735.0,736.95,731.65,736.7,362589
2019-07-01 09:45:00+05:30,736.8,737.5,733.5,734.4,260212
2019-07-01 10:15:00+05:30,734.35,734.9,732.05,734.25,221189
2019-07-01 10:45:00+05:30,734.3,734.3,731.2,732.7,204555
2019-07-01 11:15:00+05:30,732.7,734.35,732.7,733.6,110948
2019-07-01 11:45:00+05:30,733.6,733.7,730.35,731.85,290586
2019-07-01 12:15:00+05:30,731.85,733.15,731.4,732.65,151982
2019-07-01 12:45:00+05:30,732.9,733.2,731.85,732.55,182731
2019-07-01 13:15:00+05:30,732.5,733.8,732.1,733.65,114092
2019-07-01 13:45:00+05:30,733.7,736.0,733.6,734.5,325321
2019-07-01 14:15:00+05:30,734.4,735.25,733.2,733.8,212635
2019-07-01 14:45:00+05:30,733.6,733.65,730.5,730.55,401295
2019-07-01 15:15:00+05:30,730.55,731.9,729.85,731.7,375582
2019-07-02 09:15:00+05:30,734.0,735.25,731.65,733.0,445130
2019-07-02 09:45:00+05:30,733.0,734.35,733.0,733.45,775771
2019-07-02 10:15:00+05:30,733.45,734.0,730.75,732.15,543797
2019-07-02 10:45:00+05:30,732.1,732.6,731.1,731.65,276745
2019-07-02 11:15:00+05:30,731.6,732.95,731.05,731.75,167380
2019-07-02 11:45:00+05:30,731.75,732.0,730.1,731.3,135671
2019-07-02 12:15:00+05:30,731.3,732.45,730.5,731.55,143976
2019-07-02 12:45:00+05:30,731.85,735.9,731.4,735.2,454240
2019-07-02 13:15:00+05:30,735.2,737.5,734.4,737.3,282458
2019-07-02 13:45:00+05:30,737.3,738.8,736.25,736.55,369922
2019-07-02 14:15:00+05:30,736.65,738.5,735.8,737.8,267052
2019-07-02 14:45:00+05:30,737.8,740.7,736.8,740.5,567721
2019-07-02 15:15:00+05:30,740.45,741.6,739.0,739.5,393415
2019-07-03 09:15:00+05:30,741.0,743.2,737.25,741.4,621395
2019-07-03 09:45:00+05:30,741.4,742.25,739.5,742.1,647323
2019-07-03 10:15:00+05:30,742.0,742.1,739.6,740.2,490212
2019-07-03 10:45:00+05:30,740.15,742.45,740.15,741.55,550585
2019-07-03 11:15:00+05:30,741.55,742.3,740.45,740.5,145365
2019-07-03 11:45:00+05:30,740.5,740.8,735.5,735.6,441732
2019-07-03 12:15:00+05:30,735.5,736.35,733.85,734.4,346284
2019-07-03 12:45:00+05:30,734.4,735.55,734.1,734.8,277114
2019-07-03 13:15:00+05:30,734.8,734.95,733.05,733.75,381854
2019-07-03 13:45:00+05:30,733.8,734.9,733.5,734.45,322159
2019-07-03 14:15:00+05:30,734.75,735.8,733.5,733.5,344523
2019-07-03 14:45:00+05:30,733.85,733.85,730.75,731.3,804719
2019-07-03 15:15:00+05:30,731.4,732.15,730.0,731.75,546249
2019-07-04 09:15:00+05:30,729.0,736.2,729.0,735.35,563857
2019-07-04 09:45:00+05:30,735.35,735.5,731.45,731.6,237738
2019-07-04 10:15:00+05:30,731.6,733.85,731.45,733.75,165678
2019-07-04 10:45:00+05:30,733.75,735.9,733.25,734.0,210616
2019-07-04 11:15:00+05:30,733.95,734.1,731.1,731.6,184227
2019-07-04 11:45:00+05:30,731.55,732.45,731.25,731.75,157815
2019-07-04 12:15:00+05:30,731.7,732.95,731.5,732.9,100883
2019-07-04 12:45:00+05:30,732.9,732.9,731.75,732.45,170907
2019-07-04 13:15:00+05:30,732.45,733.2,731.45,733.1,128074
2019-07-04 13:45:00+05:30,733.15,734.65,733.0,733.15,277160
2019-07-04 14:15:00+05:30,733.6,734.8,733.1,734.75,290220
2019-07-04 14:45:00+05:30,734.9,735.7,733.85,734.9,479574
2019-07-04 15:15:00+05:30,734.85,734.9,731.5,732.5,293070
2019-07-05 09:15:00+05:30,735.0,736.3,732.75,734.7,274511
2019-07-05 09:45:00+05:30,734.7,735.2,732.55,734.05,154481
2019-07-05 10:15:00+05:30,734.0,734.0,731.5,732.2,139941
2019-07-05 10:45:00+05:30,732.1,734.0,731.75,733.35,114305
2019-07-05 11:15:00+05:30,733.35,733.6,728.3,729.8,213024
2019-07-05 11:45:00+05:30,729.8,731.25,724.3,728.75,491030
2019-07-05 12:15:00+05:30,728.85,731.6,728.65,729.55,206393
2019-07-05 12:45:00+05:30,729.55,729.95,726.0,727.0,255835
2019-07-05 13:15:00+05:30,727.05,728.5,723.2,724.8,519616
2019-07-05 13:45:00+05:30,724.85,725.0,716.1,717.25,656168
2019-07-05 14:15:00+05:30,717.5,719.7,713.5,719.3,561105
2019-07-05 14:45:00+05:30,719.25,720.1,715.3,718.6,852413
2019-07-05 15:15:00+05:30,718.6,719.25,717.1,718.0,453323
2019-07-08 09:15:00+05:30,716.45,724.9,715.1,717.8,1285252
2019-07-08 09:45:00+05:30,717.45,720.55,715.4,718.45,411728
2019-07-08 10:15:00+05:30,718.55,721.4,718.0,719.8,734609
2019-07-08 10:45:00+05:30,719.8,721.1,715.5,717.0,543830
2019-07-08 11:15:00+05:30,717.2,717.8,716.0,716.8,313329
2019-07-08 11:45:00+05:30,716.85,718.75,714.5,715.6,396315
2019-07-08 12:15:00+05:30,715.9,716.35,712.3,714.0,652610
2019-07-08 12:45:00+05:30,714.0,715.25,712.65,713.45,366858
2019-07-08 13:15:00+05:30,713.5,716.35,712.55,715.4,366588
2019-07-08 13:45:00+05:30,715.4,715.85,713.0,713.85,329996
2019-07-08 14:15:00+05:30,714.0,715.65,712.5,715.1,384222
2019-07-08 14:45:00+05:30,715.1,719.35,714.0,718.35,835799
2019-07-08 15:15:00+05:30,718.25,718.5,716.5,717.45,476346
2019-07-09 09:15:00+05:30,718.0,719.85,712.65,717.55,437102
2019-07-09 09:45:00+05:30,717.55,718.0,715.7,716.55,205906
2019-07-09 10:15:00+05:30,716.9,717.0,713.8,714.8,205169
2019-07-09 10:45:00+05:30,714.8,716.25,713.75,714.7,148002
2019-07-09 11:15:00+05:30,714.7,715.6,712.55,714.35,258234
2019-07-09 11:45:00+05:30,714.15,716.3,712.6,715.0,359787
2019-07-09 12:15:00+05:30,715.05,715.1,710.1,710.8,377947
2019-07-09 12:45:00+05:30,710.8,714.0,709.05,712.5,441909
2019-07-09 13:15:00+05:30,712.45,713.15,709.5,711.5,215804
2019-07-09 13:45:00+05:30,711.5,713.95,710.65,712.0,273990
2019-07-09 14:15:00+05:30,712.3,712.85,710.3,711.8,420763
2019-07-09 14:45:00+05:30,711.8,716.55,711.4,716.35,1103877
2019-07-09 15:15:00+05:30,716.35,717.65,713.8,713.8,555348
2019-07-10 09:15:00+05:30,709.0,722.55,706.55,721.2,1589538
2019-07-10 09:45:00+05:30,721.05,722.0,717.8,718.4,615968
2019-07-10 10:15:00+05:30,718.4,720.0,715.15,716.2,457465
2019-07-10 10:45:00+05:30,716.2,718.15,712.5,718.0,536951
2019-07-10 11:15:00+05:30,718.15,720.55,717.85,719.6,394842
2019-07-10 11:45:00+05:30,719.6,720.75,718.4,718.5,282809
2019-07-10 12:15:00+05:30,718.6,720.2,715.6,715.7,331164
2019-07-10 12:45:00+05:30,715.7,718.1,714.1,715.6,614163
2019-07-10 13:15:00+05:30,715.6,718.0,714.65,715.3,399105
2019-07-10 13:45:00+05:30,715.1,716.65,713.35,714.0,525224
2019-07-10 14:15:00+05:30,714.0,716.6,713.0,714.7,485071
2019-07-10 14:45:00+05:30,714.8,718.5,714.35,715.75,646224
2019-07-10 15:15:00+05:30,715.75,718.0,715.0,717.55,599184
2019-07-11 09:15:00+05:30,719.45,719.45,710.4,711.1,739299
2019-07-11 09:45:00+05:30,711.15,714.3,709.7,713.65,779901
2019-07-11 10:15:00+05:30,713.65,715.0,713.35,713.8,261519
2019-07-11 10:45:00+05:30,713.8,717.85,713.7,717.2,282642
2019-07-11 11:15:00+05:30,717.25,720.6,716.0,720.4,470347
2019-07-11 11:45:00+05:30,720.2,720.4,717.5,718.25,232377
2019-07-11 12:15:00+05:30,718.25,719.3,718.0,718.5,149545
2019-07-11 12:45:00+05:30,718.5,718.6,715.1,716.0,156910
2019-07-11 13:15:00+05:30,716.0,717.0,715.5,716.0,258433
2019-07-11 13:45:00+05:30,715.6,717.05,714.25,716.5,1414009
2019-07-11 14:15:00+05:30,716.55,721.9,716.55,719.95,429149
2019-07-11 14:45:00+05:30,719.95,723.5,719.8,721.1,676052
2019-07-11 15:15:00+05:30,721.1,723.0,720.95,722.4,353475
2019-07-12 09:15:00+05:30,722.5,727.3,720.5,722.75,1014392
2019-07-12 09:45:00+05:30,722.75,724.35,720.5,722.35,288638
2019-07-12 10:15:00+05:30,722.4,726.0,721.1,725.7,570714
2019-07-12 10:45:00+05:30,725.65,727.0,721.6,722.85,589375
2019-07-12 11:15:00+05:30,722.5,724.95,722.05,724.4,292184
2019-07-12 11:45:00+05:30,724.4,724.45,722.2,723.05,187767
2019-07-12 12:15:00+05:30,723.05,723.5,722.75,723.4,155544
2019-07-12 12:45:00+05:30,723.35,724.25,722.95,723.4,213758
2019-07-12 13:15:00+05:30,723.35,724.8,722.5,723.6,245799
2019-07-12 13:45:00+05:30,723.7,724.0,719.7,720.25,734250
2019-07-12 14:15:00+05:30,720.25,726.55,720.0,726.0,1279322
2019-07-12 14:45:00+05:30,725.85,727.0,723.65,725.15,1165732
2019-07-12 15:15:00+05:30,725.15,730.6,725.15,730.6,1068005
2019-07-15 09:15:00+05:30,763.0,764.2,755.0,759.75,6126409
2019-07-15 09:45:00+05:30,759.75,768.5,759.55,768.5,4247952
2019-07-15 10:15:00+05:30,768.5,770.5,766.45,767.9,3453748
2019-07-15 10:45:00+05:30,767.9,768.5,766.0,767.15,1203180
2019-07-15 11:15:00+05:30,767.1,771.35,767.0,770.1,1424088
2019-07-15 11:45:00+05:30,770.1,777.4,770.0,773.6,2737122
2019-07-15 12:15:00+05:30,773.65,774.0,769.5,773.25,1795622
2019-07-15 12:45:00+05:30,773.3,774.75,772.0,773.0,813041
2019-07-15 13:15:00+05:30,773.2,776.2,772.35,775.1,1617957
2019-07-15 13:45:00+05:30,775.15,775.5,772.6,772.95,1137879
2019-07-15 14:15:00+05:30,772.95,777.4,772.9,776.45,1303132
2019-07-15 14:45:00+05:30,776.5,780.0,775.7,779.3,2615423
2019-07-15 15:15:00+05:30,779.15,781.5,778.5,779.4,1893115
2019-07-16 09:15:00+05:30,777.0,787.8,776.35,784.05,2818511
2019-07-16 09:45:00+05:30,784.2,784.25,780.0,780.0,971167
2019-07-16 10:15:00+05:30,780.3,781.85,779.05,781.0,779120
2019-07-16 10:45:00+05:30,781.0,781.8,780.2,781.5,416272
2019-07-16 11:15:00+05:30,781.55,783.25,779.65,781.9,891753
2019-07-16 11:45:00+05:30,781.9,784.45,781.35,781.45,655171
2019-07-16 12:15:00+05:30,781.45,781.55,779.6,780.75,347312
2019-07-16 12:45:00+05:30,780.75,781.4,780.3,780.5,259827
2019-07-16 13:15:00+05:30,780.45,781.0,780.1,780.3,221300
2019-07-16 13:45:00+05:30,780.3,784.9,780.2,783.7,515306
2019-07-16 14:15:00+05:30,783.6,784.6,782.35,783.8,402340
2019-07-16 14:45:00+05:30,783.95,786.0,783.2,785.95,818237
2019-07-16 15:15:00+05:30,785.95,786.2,782.6,782.9,774883
2019-07-17 09:15:00+05:30,783.9,784.8,776.75,783.55,852409
2019-07-17 09:45:00+05:30,783.55,785.0,782.0,784.2,376282
2019-07-17 10:15:00+05:30,784.05,786.0,782.95,784.3,285725
2019-07-17 10:45:00+05:30,784.2,789.1,784.0,788.0,688316
2019-07-17 11:15:00+05:30,788.0,788.5,787.0,787.0,228836
2019-07-17 11:45:00+05:30,787.0,793.25,786.2,792.5,918342
2019-07-17 12:15:00+05:30,792.45,794.0,791.25,792.75,354780
2019-07-17 12:45:00+05:30,792.8,793.0,789.5,790.3,378381
2019-07-17 13:15:00+05:30,790.3,791.9,790.0,791.35,268056
2019-07-17 13:45:00+05:30,791.35,794.55,790.05,793.95,503578
2019-07-17 14:15:00+05:30,794.0,794.9,793.0,794.05,450725
2019-07-17 14:45:00+05:30,793.95,795.0,792.05,794.8,799466
2019-07-17 15:15:00+05:30,794.55,795.0,793.65,794.0,605486
2019-07-18 09:15:00+05:30,789.05,792.9,786.3,791.2,750522
2019-07-18 09:45:00+05:30,791.2,796.4,791.15,795.9,564403
2019-07-18 10:15:00+05:30,796.0,796.2,793.5,793.5,437065
2019-07-18 10:45:00+05:30,793.5,793.9,790.3,791.55,366472
2019-07-18 11:15:00+05:30,791.65,794.65,791.35,793.25,177303
2019-07-18 11:45:00+05:30,793.25,794.55,793.05,794.35,154037
2019-07-18 12:15:00+05:30,794.4,794.8,793.65,793.95,244929
2019-07-18 12:45:00+05:30,794.0,797.8,793.3,796.75,430348
2019-07-18 13:15:00+05:30,796.8,798.5,796.5,797.5,418685
2019-07-18 13:45:00+05:30,797.55,797.55,794.05,796.15,472214
2019-07-18 14:15:00+05:30,796.15,797.5,795.4,796.65,403078
2019-07-18 14:45:00+05:30,796.65,797.45,792.0,792.1,903180
2019-07-18 15:15:00+05:30,792.0,792.75,789.75,792.0,993659
2019-07-19 09:15:00+05:30,788.7,794.5,787.05,791.7,902231
2019-07-19 09:45:00+05:30,791.6,792.85,789.0,791.0,393706
2019-07-19 10:15:00+05:30,791.2,791.35,787.15,787.7,372299
2019-07-19 10:45:00+05:30,787.75,788.3,783.25,785.05,614277
2019-07-19 11:15:00+05:30,784.95,786.6,784.1,784.8,486521
2019-07-19 11:45:00+05:30,784.75,788.0,784.5,784.9,217786
2019-07-19 12:15:00+05:30,784.9,788.55,784.25,787.0,342627
2019-07-19 12:45:00+05:30,787.0,787.0,784.45,784.7,186083
2019-07-19 13:15:00+05:30,784.6,787.7,784.5,785.15,266622
2019-07-19 13:45:00+05:30,785.15,786.15,781.25,781.55,423915
2019-07-19 14:15:00+05:30,781.3,785.1,781.25,784.35,394113
2019-07-19 14:45:00+05:30,784.35,786.55,784.2,786.0,1040561
2019-07-19 15:15:00+05:30,786.0,786.6,784.15,785.0,1021199
2019-07-22 09:15:00+05:30,785.95,792.0,782.25,791.6,660146
2019-07-22 09:45:00+05:30,791.6,791.75,787.4,787.9,265686
2019-07-22 10:15:00+05:30,787.9,790.7,787.65,789.6,303940
2019-07-22 10:45:00+05:30,789.85,790.0,789.15,790.0,346482
2019-07-22 11:15:00+05:30,789.95,791.5,788.5,790.4,312295
2019-07-22 11:45:00+05:30,790.45,790.85,786.55,789.65,260634
2019-07-22 12:15:00+05:30,789.65,789.75,787.75,788.2,194516
2019-07-22 12:45:00+05:30,788.2,790.5,787.4,788.15,246617
2019-07-22 13:15:00+05:30,788.4,790.0,788.0,788.45,283148
2019-07-22 13:45:00+05:30,788.4,789.8,787.4,789.6,336704
2019-07-22 14:15:00+05:30,789.4,791.45,788.65,789.55,497336
2019-07-22 14:45:00+05:30,789.55,790.4,784.0,785.95,2541179
2019-07-22 15:15:00+05:30,785.75,786.5,783.7,784.1,809670
2019-07-23 09:15:00+05:30,787.0,801.8,785.55,801.5,1429577
2019-07-23 09:45:00+05:30,801.6,803.95,799.3,802.25,1123045
2019-07-23 10:15:00+05:30,802.0,802.25,800.1,800.5,292371
2019-07-23 10:45:00+05:30,800.5,800.7,796.75,800.15,785080
2019-07-23 11:15:00+05:30,800.0,800.15,796.6,797.35,495081
2019-07-23 11:45:00+05:30,797.3,798.25,796.5,797.15,441229
2019-07-23 12:15:00+05:30,797.1,797.8,796.5,796.9,490761
2019-07-23 12:45:00+05:30,796.85,797.6,796.5,796.95,595254
2019-07-23 13:15:00+05:30,797.0,797.9,796.45,796.95,439550
2019-07-23 13:45:00+05:30,796.95,797.0,794.25,795.9,544718
2019-07-23 14:15:00+05:30,795.95,796.95,789.55,790.4,1045087
2019-07-23 14:45:00+05:30,790.3,791.9,789.5,789.6,2351714
2019-07-23 15:15:00+05:30,789.5,790.5,789.35,789.65,579523
2019-07-24 09:15:00+05:30,788.0,793.55,786.35,788.45,630455
2019-07-24 09:45:00+05:30,788.45,789.75,784.6,787.7,355020
2019-07-24 10:15:00+05:30,787.7,789.05,785.3,785.55,194741
2019-07-24 10:45:00+05:30,785.6,787.95,785.3,785.6,315065
2019-07-24 11:15:00+05:30,785.7,787.95,785.0,786.9,308158
2019-07-24 11:45:00+05:30,786.9,789.3,786.3,786.4,219225
2019-07-24 12:15:00+05:30,786.4,787.75,785.4,787.6,242089
2019-07-24 12:45:00+05:30,787.85,790.6,787.25,788.35,480446
2019-07-24 13:15:00+05:30,788.35,788.95,785.5,786.0,279883
2019-07-24 13:45:00+05:30,786.0,786.3,783.7,784.85,385638
2019-07-24 14:15:00+05:30,784.85,786.8,784.05,784.55,795194
2019-07-24 14:45:00+05:30,784.6,786.3,783.6,785.95,758530
2019-07-24 15:15:00+05:30,786.0,788.25,785.65,786.65,703711
2019-07-25 09:15:00+05:30,788.25,795.4,787.9,794.1,942280
2019-07-25 09:45:00+05:30,794.3,795.75,792.55,794.75,526829
2019-07-25 10:15:00+05:30,794.7,795.2,791.15,791.55,406024
2019-07-25 10:45:00+05:30,791.65,792.2,789.55,790.0,400060
2019-07-25 11:15:00+05:30,789.95,791.95,789.65,791.0,343119
2019-07-25 11:45:00+05:30,791.0,792.0,789.3,790.1,558502
2019-07-25 12:15:00+05:30,790.1,791.9,789.75,791.25,613162
2019-07-25 12:45:00+05:30,791.3,793.15,791.25,792.7,543645
2019-07-25 13:15:00+05:30,792.7,798.3,792.5,798.0,729894
2019-07-25 13:45:00+05:30,798.0,800.2,794.3,794.65,1082451
2019-07-25 14:15:00+05:30,794.45,796.95,794.05,795.0,567876
2019-07-25 14:45:00+05:30,795.0,797.95,792.9,794.9,1700202
2019-07-25 15:15:00+05:30,794.95,795.1,791.95,792.9,1166029
2019-07-26 09:15:00+05:30,792.3,795.0,787.95,789.9,764849
2019-07-26 09:45:00+05:30,790.1,790.1,784.45,785.25,526549
2019-07-26 10:15:00+05:30,785.25,786.3,783.15,783.65,273608
2019-07-26 10:45:00+05:30,783.9,785.0,782.45,785.0,341902
2019-07-26 11:15:00+05:30,785.0,787.5,784.8,786.3,247802
2019-07-26 11:45:00+05:30,786.25,788.4,785.1,785.75,236842
2019-07-26 12:15:00+05:30,785.75,786.0,783.6,785.75,195518
2019-07-26 12:45:00+05:30,785.75,785.9,784.0,785.7,231115
2019-07-26 13:15:00+05:30,785.7,787.95,784.85,787.25,311500
2019-07-26 13:45:00+05:30,787.15,788.4,784.4,785.45,272962
2019-07-26 14:15:00+05:30,785.7,787.9,785.5,787.35,278450
2019-07-26 14:45:00+05:30,787.3,789.2,784.35,786.2,709029
2019-07-26 15:15:00+05:30,786.25,789.5,785.75,789.5,352730
2019-07-29 09:15:00+05:30,789.5,796.95,786.6,793.95,617486
2019-07-29 09:45:00+05:30,794.0,794.55,790.85,792.45,373231
2019-07-29 10:15:00+05:30,792.5,793.0,791.15,793.0,222140
2019-07-29 10:45:00+05:30,793.0,794.45,792.25,793.75,354227
2019-07-29 11:15:00+05:30,793.7,794.5,789.2,789.65,475403
2019-07-29 11:45:00+05:30,789.75,790.35,787.4,789.55,474544
2019-07-29 12:15:00+05:30,789.6,792.0,788.8,792.0,331574
2019-07-29 12:45:00+05:30,791.95,792.3,788.85,790.15,387097
2019-07-29 13:15:00+05:30,790.15,792.0,789.65,791.3,354719
2019-07-29 13:45:00+05:30,791.3,792.25,788.6,788.75,408313
2019-07-29 14:15:00+05:30,789.0,790.85,786.25,790.55,1176431
2019-07-29 14:45:00+05:30,790.45,792.35,789.6,791.6,589205
2019-07-29 15:15:00+05:30,791.65,792.45,790.3,792.0,436607
2019-07-30 09:15:00+05:30,791.9,796.5,788.75,795.5,786273
2019-07-30 09:45:00+05:30,795.5,797.8,795.2,795.7,660507
2019-07-30 10:15:00+05:30,795.7,796.5,795.15,796.5,455463
2019-07-30 10:45:00+05:30,796.45,797.15,795.4,796.65,593004
2019-07-30 11:15:00+05:30,796.6,796.75,791.4,792.0,1055390
2019-07-30 11:45:00+05:30,791.95,797.0,791.95,796.3,498323
2019-07-30 12:15:00+05:30,796.25,797.1,791.85,792.8,671317
2019-07-30 12:45:00+05:30,792.75,795.0,792.0,793.1,424305
2019-07-30 13:15:00+05:30,793.1,794.9,792.55,793.65,424930
2019-07-30 13:45:00+05:30,793.6,796.5,793.3,795.65,410295
2019-07-30 14:15:00+05:30,795.65,795.95,791.8,792.0,900638
2019-07-30 14:45:00+05:30,791.95,794.7,790.25,793.3,1258382
2019-07-30 15:15:00+05:30,793.25,793.9,791.6,791.65,467576
2019-07-31 09:15:00+05:30,790.85,792.5,785.7,786.85,651207
2019-07-31 09:45:00+05:30,786.65,786.75,782.25,782.65,473950
2019-07-31 10:15:00+05:30,782.65,785.6,782.6,783.9,285178
2019-07-31 10:45:00+05:30,783.85,785.35,781.65,784.25,310055
2019-07-31 11:15:00+05:30,784.25,791.5,783.45,790.7,319586
2019-07-31 11:45:00+05:30,790.6,793.5,789.0,790.0,523268
2019-07-31 12:15:00+05:30,790.0,792.9,789.45,792.75,364166
2019-07-31 12:45:00+05:30,792.75,799.45,791.5,797.25,934293
2019-07-31 13:15:00+05:30,797.25,799.8,794.25,794.4,1031524
2019-07-31 13:45:00+05:30,794.6,796.3,792.8,794.55,539018
2019-07-31 14:15:00+05:30,794.55,797.75,794.4,794.75,426741
2019-07-31 14:45:00+05:30,794.85,796.0,791.8,795.85,984244
2019-07-31 15:15:00+05:30,795.75,796.2,793.8,795.0,497188
2019-08-01 09:15:00+05:30,786.45,788.3,782.25,784.75,1144817
2019-08-01 09:45:00+05:30,784.7,785.75,782.6,784.25,682507
2019-08-01 10:15:00+05:30,784.2,784.35,777.25,777.55,1186570
2019-08-01 10:45:00+05:30,777.9,779.7,775.75,778.45,657876
2019-08-01 11:15:00+05:30,778.5,778.8,774.35,776.0,577816
2019-08-01 11:45:00+05:30,776.0,777.4,769.55,770.5,916822
2019-08-01 12:15:00+05:30,770.5,773.3,767.75,768.0,707163
2019-08-01 12:45:00+05:30,767.9,770.7,767.6,769.4,542114
2019-08-01 13:15:00+05:30,769.4,770.65,768.3,769.7,334729
2019-08-01 13:45:00+05:30,769.8,771.95,769.0,769.85,421943
2019-08-01 14:15:00+05:30,769.85,770.0,764.65,766.6,739081
2019-08-01 14:45:00+05:30,766.65,770.0,764.4,770.0,1462109
2019-08-01 15:15:00+05:30,770.0,772.35,769.05,770.6,672986
2019-08-02 09:15:00+05:30,765.05,776.5,765.05,773.9,2052869
2019-08-02 09:45:00+05:30,773.9,776.0,771.5,773.45,596999
2019-08-02 10:15:00+05:30,773.55,775.65,772.8,773.5,468632
2019-08-02 10:45:00+05:30,773.5,773.55,766.95,768.25,769664
2019-08-02 11:15:00+05:30,768.2,771.7,765.55,767.2,659825
2019-08-02 11:45:00+05:30,767.2,768.9,763.55,764.9,652803
2019-08-02 12:15:00+05:30,764.9,765.4,764.2,764.95,649635
2019-08-02 12:45:00+05:30,765.0,767.45,764.0,764.95,589293
2019-08-02 13:15:00+05:30,764.85,769.2,762.25,765.95,811209
2019-08-02 13:45:00+05:30,766.0,771.7,765.55,771.6,632087
2019-08-02 14:15:00+05:30,771.65,772.55,767.4,771.65,692457
2019-08-02 14:45:00+05:30,771.7,778.15,770.0,777.0,1337931
2019-08-02 15:15:00+05:30,776.95,779.9,772.9,775.0,908280
2019-08-05 09:15:00+05:30,772.6,785.75,769.6,783.8,1173224
2019-08-05 09:45:00+05:30,783.85,783.9,778.8,780.45,736776
2019-08-05 10:15:00+05:30,780.35,784.0,778.8,783.1,697706
2019-08-05 10:45:00+05:30,783.0,784.9,779.7,780.3,552798
2019-08-05 11:15:00+05:30,780.3,782.75,778.35,781.4,525384
2019-08-05 11:45:00+05:30,781.4,781.9,773.75,775.15,1188629
2019-08-05 12:15:00+05:30,775.15,775.7,772.3,772.9,939962
2019-08-05 12:45:00+05:30,772.9,773.7,768.75,771.9,666775
2019-08-05 13:15:00+05:30,772.15,772.75,770.6,771.45,418961
2019-08-05 13:45:00+05:30,771.45,779.0,771.0,777.75,576201
2019-08-05 14:15:00+05:30,777.75,780.0,777.2,779.6,596469
2019-08-05 14:45:00+05:30,779.6,780.0,774.65,776.35,1109910
2019-08-05 15:15:00+05:30,776.35,778.45,774.85,776.8,767776
2019-08-06 09:15:00+05:30,778.8,780.3,773.65,774.1,1410541
2019-08-06 09:45:00+05:30,774.55,777.4,773.7,776.05,729980
2019-08-06 10:15:00+05:30,776.05,776.05,770.2,772.1,753711
2019-08-06 10:45:00+05:30,772.25,776.45,769.8,775.75,1284042
2019-08-06 11:15:00+05:30,775.8,779.9,775.75,779.55,356468
2019-08-06 11:45:00+05:30,779.6,780.0,777.85,779.6,345044
2019-08-06 12:15:00+05:30,779.7,780.3,778.0,780.05,370139
2019-08-06 12:45:00+05:30,780.05,780.75,776.65,778.15,513266
2019-08-06 13:15:00+05:30,778.15,778.8,775.55,778.15,313510
2019-08-06 13:45:00+05:30,778.25,783.4,776.85,782.25,561849
2019-08-06 14:15:00+05:30,782.25,783.7,776.75,777.3,919856
2019-08-06 14:45:00+05:30,777.25,778.25,773.05,773.65,1092441
2019-08-06 15:15:00+05:30,773.55,775.8,773.15,775.3,674734
2019-08-07 09:15:00+05:30,778.9,782.65,772.5,779.3,651460
2019-08-07 09:45:00+05:30,779.25,782.25,779.2,781.15,487667
2019-08-07 10:15:00+05:30,781.15,783.45,779.65,780.6,291709
2019-08-07 10:45:00+05:30,780.6,781.65,779.35,780.05,303390
2019-08-07 11:15:00+05:30,780.05,781.95,779.35,781.75,180490
2019-08-07 11:45:00+05:30,781.75,782.0,776.55,778.7,351600
2019-08-07 12:15:00+05:30,778.75,780.4,776.1,778.7,317652
2019-08-07 12:45:00+05:30,778.7,778.9,776.1,777.75,324498
2019-08-07 13:15:00+05:30,777.75,780.35,777.3,778.3,266115
2019-08-07 13:45:00+05:30,778.3,781.95,778.25,780.2,268482
2019-08-07 14:15:00+05:30,780.15,781.0,779.05,780.8,405595
2019-08-07 14:45:00+05:30,780.8,781.15,775.0,776.0,765409
2019-08-07 15:15:00+05:30,776.1,776.95,774.85,776.05,490581
2019-08-08 09:15:00+05:30,782.7,792.2,781.4,788.0,1337749
2019-08-08 09:45:00+05:30,788.0,788.1,784.1,784.85,707496
2019-08-08 10:15:00+05:30,784.8,784.8,782.25,784.75,506701
2019-08-08 10:45:00+05:30,784.75,788.6,784.7,787.6,435211
2019-08-08 11:15:00+05:30,787.7,787.7,784.15,785.2,359386
2019-08-08 11:45:00+05:30,785.25,789.0,785.2,788.0,377022
2019-08-08 12:15:00+05:30,788.0,788.25,785.5,787.0,383759
2019-08-08 12:45:00+05:30,787.05,787.5,785.25,785.4,394379
2019-08-08 13:15:00+05:30,785.35,787.7,785.05,787.25,394852
2019-08-08 13:45:00+05:30,787.25,790.15,787.2,789.2,545334
2019-08-08 14:15:00+05:30,789.25,792.75,788.6,791.1,661445
2019-08-08 14:45:00+05:30,791.1,792.45,787.0,788.35,1270989
2019-08-08 15:15:00+05:30,788.35,788.65,785.3,787.1,611679
2019-08-09 09:15:00+05:30,792.0,792.5,785.15,787.15,448813
2019-08-09 09:45:00+05:30,787.15,788.25,785.65,787.3,273295
2019-08-09 10:15:00+05:30,787.3,789.9,786.05,788.9,233264
2019-08-09 10:45:00+05:30,788.9,790.0,787.5,787.8,263542
2019-08-09 11:15:00+05:30,787.8,791.95,787.25,791.4,424213
2019-08-09 11:45:00+05:30,791.45,793.0,790.1,792.0,356092
2019-08-09 12:15:00+05:30,792.0,792.0,788.65,790.5,260920
2019-08-09 12:45:00+05:30,790.5,790.9,788.2,788.45,127138
2019-08-09 13:15:00+05:30,788.45,790.0,788.1,789.8,168509
2019-08-09 13:45:00+05:30,789.8,791.75,789.0,790.65,210141
2019-08-09 14:15:00+05:30,790.8,792.15,789.1,792.15,247158
2019-08-09 14:45:00+05:30,792.45,796.4,789.0,789.6,1006522
2019-08-09 15:15:00+05:30,789.7,790.4,788.15,790.0,338315
2019-08-13 09:15:00+05:30,784.15,785.75,770.8,773.3,1135132
2019-08-13 09:45:00+05:30,773.3,774.35,769.5,769.65,640038
2019-08-13 10:15:00+05:30,769.5,774.8,767.8,774.55,434025
2019-08-13 10:45:00+05:30,774.6,775.75,769.4,772.8,595082
2019-08-13 11:15:00+05:30,772.85,773.25,765.6,772.5,617797
2019-08-13 11:45:00+05:30,772.5,773.5,770.8,772.7,399458
2019-08-13 12:15:00+05:30,772.7,777.55,772.5,776.25,339415
2019-08-13 12:45:00+05:30,776.6,778.4,775.0,776.15,275421
2019-08-13 13:15:00+05:30,776.15,778.25,774.3,777.9,379303
2019-08-13 13:45:00+05:30,778.0,781.3,777.55,780.85,423257
2019-08-13 14:15:00+05:30,781.0,781.4,772.95,773.5,491756
2019-08-13 14:45:00+05:30,773.45,773.8,765.0,765.1,1061800
2019-08-13 15:15:00+05:30,764.9,765.05,760.15,764.1,695670
2019-08-14 09:15:00+05:30,775.1,776.0,768.0,768.8,669234
2019-08-14 09:45:00+05:30,768.8,778.25,768.8,774.55,569595
2019-08-14 10:15:00+05:30,774.7,776.9,772.05,775.55,577456
2019-08-14 10:45:00+05:30,775.6,776.05,772.1,772.7,358390
2019-08-14 11:15:00+05:30,772.7,775.2,772.5,773.55,222397
2019-08-14 11:45:00+05:30,773.55,774.65,771.4,773.4,527768
2019-08-14 12:15:00+05:30,773.4,774.1,770.45,770.5,340226
2019-08-14 12:45:00+05:30,770.5,772.0,770.25,770.65,217113
2019-08-14 13:15:00+05:30,770.65,772.4,769.7,771.95,296668
2019-08-14 13:45:00+05:30,771.95,775.0,771.4,774.3,434325
2019-08-14 14:15:00+05:30,774.35,775.05,771.4,773.5,461916
2019-08-14 14:45:00+05:30,773.55,777.9,773.5,774.4,857345
2019-08-14 15:15:00+05:30,774.5,775.55,770.9,772.8,395249
2019-08-16 09:15:00+05:30,780.0,780.0,765.2,766.35,969122
2019-08-16 09:45:00+05:30,766.5,769.35,762.5,763.8,492183
2019-08-16 10:15:00+05:30,764.15,766.4,763.6,765.9,276326
2019-08-16 10:45:00+05:30,765.95,771.6,765.9,771.25,284548
2019-08-16 11:15:00+05:30,771.3,771.8,769.0,769.1,245119
2019-08-16 11:45:00+05:30,769.1,773.45,769.0,772.75,294305
2019-08-16 12:15:00+05:30,772.75,773.8,771.6,773.55,254891
2019-08-16 12:45:00+05:30,773.55,775.55,773.3,774.8,294514
2019-08-16 13:15:00+05:30,774.8,776.0,774.3,775.35,180271
2019-08-16 13:45:00+05:30,775.35,779.85,775.35,778.7,246153
2019-08-16 14:15:00+05:30,778.7,779.0,772.5,776.3,504848
2019-08-16 14:45:00+05:30,776.55,776.9,772.5,773.6,604717
2019-08-16 15:15:00+05:30,773.55,775.8,773.4,775.0,398987
2019-08-19 09:15:00+05:30,775.6,779.2,773.5,779.2,367899
2019-08-19 09:45:00+05:30,779.2,782.0,777.6,781.6,328486
2019-08-19 10:15:00+05:30,781.6,783.0,780.4,780.6,214325
2019-08-19 10:45:00+05:30,780.5,781.0,777.4,778.15,266580
2019-08-19 11:15:00+05:30,778.05,779.1,777.2,777.85,357218
2019-08-19 11:45:00+05:30,777.75,780.15,777.35,779.7,301026
2019-08-19 12:15:00+05:30,779.75,781.9,779.6,781.3,264645
2019-08-19 12:45:00+05:30,781.2,781.4,780.0,781.15,166679
2019-08-19 13:15:00+05:30,781.15,781.95,779.25,780.35,188730
2019-08-19 13:45:00+05:30,780.7,781.45,779.4,781.0,206556
2019-08-19 14:15:00+05:30,781.0,781.4,776.35,777.8,380863
2019-08-19 14:45:00+05:30,777.35,779.2,776.15,777.8,475017
2019-08-19 15:15:00+05:30,777.8,778.5,776.1,778.0,343226
2019-08-20 09:15:00+05:30,785.2,796.0,783.85,793.3,1320940
2019-08-20 09:45:00+05:30,793.3,796.9,791.6,795.75,833907
2019-08-20 10:15:00+05:30,795.8,798.0,795.1,795.9,912717
2019-08-20 10:45:00+05:30,795.9,796.2,794.15,794.95,269531
2019-08-20 11:15:00+05:30,794.95,794.95,792.55,793.0,521902
2019-08-20 11:45:00+05:30,793.0,795.05,792.05,792.8,975243
2019-08-20 12:15:00+05:30,792.8,793.7,791.25,792.1,552808
2019-08-20 12:45:00+05:30,792.1,793.0,790.7,792.4,403088
2019-08-20 13:15:00+05:30,792.45,793.5,792.0,792.85,458950
2019-08-20 13:45:00+05:30,792.9,793.0,792.05,793.0,380831
2019-08-20 14:15:00+05:30,792.95,793.25,792.0,792.3,393032
2019-08-20 14:45:00+05:30,792.5,793.25,791.15,793.0,771507
2019-08-20 15:15:00+05:30,792.85,793.5,792.0,792.5,614558
2019-08-21 09:15:00+05:30,793.0,803.1,793.0,801.7,974813
2019-08-21 09:45:00+05:30,801.7,802.0,798.2,799.75,465229
2019-08-21 10:15:00+05:30,799.75,800.05,798.5,799.4,318137
2019-08-21 10:45:00+05:30,799.4,801.0,797.45,797.65,512634
2019-08-21 11:15:00+05:30,797.65,799.2,797.6,798.7,233795
2019-08-21 11:45:00+05:30,798.7,799.05,796.25,798.95,293542
2019-08-21 12:15:00+05:30,799.0,799.4,798.15,798.6,225617
2019-08-21 12:45:00+05:30,798.6,799.2,798.15,798.7,222934
2019-08-21 13:15:00+05:30,798.7,799.25,797.35,798.75,332293
2019-08-21 13:45:00+05:30,798.95,799.3,798.1,799.0,281122
2019-08-21 14:15:00+05:30,799.0,799.25,798.0,798.5,318605
2019-08-21 14:45:00+05:30,798.5,800.5,798.45,799.8,883663
2019-08-21 15:15:00+05:30,799.8,800.4,798.5,799.25,851091
2019-08-22 09:15:00+05:30,799.9,801.25,793.7,798.9,571462
2019-08-22 09:45:00+05:30,798.9,799.5,797.05,797.55,203545
2019-08-22 10:15:00+05:30,797.55,798.8,796.2,796.85,252371
2019-08-22 10:45:00+05:30,796.85,798.2,795.95,796.9,193111
2019-08-22 11:15:00+05:30,796.9,797.0,792.4,794.85,309405
2019-08-22 11:45:00+05:30,794.85,795.75,793.3,795.5,184997
2019-08-22 12:15:00+05:30,795.2,798.6,795.2,797.8,446638
2019-08-22 12:45:00+05:30,797.75,799.5,796.6,796.7,319128
2019-08-22 13:15:00+05:30,796.65,798.4,796.5,797.95,226817
2019-08-22 13:45:00+05:30,797.75,798.4,796.0,798.1,554134
2019-08-22 14:15:00+05:30,797.85,798.35,796.65,797.55,421652
2019-08-22 14:45:00+05:30,797.6,798.5,796.0,796.35,862914
2019-08-22 15:15:00+05:30,796.25,796.45,792.8,795.4,651794
2019-08-23 09:15:00+05:30,796.45,809.9,796.4,806.2,1701638
2019-08-23 09:45:00+05:30,806.3,806.3,803.0,803.75,678408
2019-08-23 10:15:00+05:30,803.7,805.3,800.6,801.7,369397
2019-08-23 10:45:00+05:30,802.0,802.2,797.65,800.3,424556
2019-08-23 11:15:00+05:30,800.3,801.95,799.0,801.5,313169
2019-08-23 11:45:00+05:30,801.55,801.85,799.75,801.5,224414
2019-08-23 12:15:00+05:30,801.5,801.75,800.9,801.35,189267
2019-08-23 12:45:00+05:30,801.35,803.0,801.25,802.0,273314
2019-08-23 13:15:00+05:30,802.15,802.4,799.75,800.1,343729
2019-08-23 13:45:00+05:30,800.05,800.3,796.25,798.85,406388
2019-08-23 14:15:00+05:30,798.8,800.0,798.1,799.25,351309
2019-08-23 14:45:00+05:30,799.3,802.45,798.55,801.95,801355
2019-08-23 15:15:00+05:30,801.95,804.9,800.15,801.25,810235
2019-08-26 09:15:00+05:30,795.9,795.9,786.9,791.35,660891
2019-08-26 09:45:00+05:30,791.35,793.3,788.35,792.45,549977
2019-08-26 10:15:00+05:30,792.2,798.1,790.75,794.95,413364
2019-08-26 10:45:00+05:30,794.95,797.5,794.9,796.6,340683
2019-08-26 11:15:00+05:30,796.95,800.0,796.55,799.8,362911
2019-08-26 11:45:00+05:30,799.9,805.25,798.0,803.6,431033
2019-08-26 12:15:00+05:30,803.6,804.85,800.25,801.6,266184
2019-08-26 12:45:00+05:30,801.65,804.3,801.2,803.1,262854
2019-08-26 13:15:00+05:30,803.1,805.85,803.0,805.2,306361
2019-08-26 13:45:00+05:30,805.2,806.8,804.0,804.15,378288
2019-08-26 14:15:00+05:30,804.2,805.8,804.1,804.9,275884
2019-08-26 14:45:00+05:30,805.1,805.5,801.1,801.8,839711
2019-08-26 15:15:00+05:30,801.8,804.95,801.65,804.3,306059
2019-08-27 09:15:00+05:30,791.0,794.85,784.45,785.1,1645082
2019-08-27 09:45:00+05:30,785.05,785.65,781.3,782.6,925650
2019-08-27 10:15:00+05:30,782.65,786.25,781.1,786.15,482008
2019-08-27 10:45:00+05:30,786.05,786.05,783.0,783.1,293904
2019-08-27 11:15:00+05:30,783.05,785.6,782.15,783.65,265999
2019-08-27 11:45:00+05:30,783.65,785.75,783.35,785.6,312024
2019-08-27 12:15:00+05:30,785.6,787.75,784.55,786.0,395944
2019-08-27 12:45:00+05:30,786.0,786.5,784.25,786.1,350382
2019-08-27 13:15:00+05:30,786.1,786.95,784.4,785.15,311372
2019-08-27 13:45:00+05:30,785.15,786.55,785.05,785.7,276750
2019-08-27 14:15:00+05:30,785.7,788.0,784.95,787.6,468366
2019-08-27 14:45:00+05:30,787.6,789.15,782.4,784.85,5677644
2019-08-27 15:15:00+05:30,784.85,786.9,784.1,785.5,4635714
2019-08-28 09:15:00+05:30,787.4,792.0,786.4,790.45,717866
2019-08-28 09:45:00+05:30,790.4,794.0,789.6,793.9,492337
2019-08-28 10:15:00+05:30,793.9,795.3,793.0,794.8,396933
2019-08-28 10:45:00+05:30,794.7,795.5,793.25,795.2,291872
2019-08-28 11:15:00+05:30,795.1,797.3,794.8,796.95,326292
2019-08-28 11:45:00+05:30,796.95,799.35,796.1,797.7,486736
2019-08-28 12:15:00+05:30,797.7,799.1,794.55,796.35,421431
2019-08-28 12:45:00+05:30,796.4,798.5,795.85,797.65,284727
2019-08-28 13:15:00+05:30,797.65,799.0,796.5,798.2,316941
2019-08-28 13:45:00+05:30,798.2,798.9,797.0,797.35,245804
2019-08-28 14:15:00+05:30,797.35,798.4,796.05,797.9,240953
2019-08-28 14:45:00+05:30,797.95,802.4,797.9,801.6,817326
2019-08-28 15:15:00+05:30,801.55,805.0,801.4,803.5,828991
2019-08-29 09:15:00+05:30,795.5,803.85,795.5,798.65,575950
2019-08-29 09:45:00+05:30,798.65,800.85,797.9,798.3,422888
2019-08-29 10:15:00+05:30,798.3,798.7,796.05,797.45,253851
2019-08-29 10:45:00+05:30,797.45,802.0,797.1,801.2,344102
2019-08-29 11:15:00+05:30,801.15,805.0,800.3,805.0,372580
2019-08-29 11:45:00+05:30,805.0,807.8,804.55,806.85,528207
2019-08-29 12:15:00+05:30,806.85,808.7,805.6,808.25,420016
2019-08-29 12:45:00+05:30,808.2,809.0,806.1,806.5,385290
2019-08-29 13:15:00+05:30,806.5,807.1,803.9,804.55,443816
2019-08-29 13:45:00+05:30,804.25,808.95,804.0,808.8,414239
2019-08-29 14:15:00+05:30,808.8,809.7,805.55,807.1,375038
2019-08-29 14:45:00+05:30,807.4,808.6,804.3,805.0,1708357
2019-08-29 15:15:00+05:30,805.0,809.35,804.65,808.3,1471026
2019-08-30 09:15:00+05:30,810.0,810.0,803.6,804.8,781529
2019-08-30 09:45:00+05:30,804.85,805.6,802.4,802.5,565800
2019-08-30 10:15:00+05:30,802.5,805.15,802.0,804.15,396158
2019-08-30 10:45:00+05:30,804.15,805.95,803.1,805.55,415682
2019-08-30 11:15:00+05:30,805.85,807.9,804.9,807.85,401374
2019-08-30 11:45:00+05:30,807.45,809.85,807.3,808.05,481067
2019-08-30 12:15:00+05:30,808.05,809.25,807.65,808.1,321996
2019-08-30 12:45:00+05:30,808.1,808.2,806.75,807.55,344207
2019-08-30 13:15:00+05:30,807.55,809.9,805.55,809.75,675522
2019-08-30 13:45:00+05:30,809.75,811.2,809.0,809.55,467298
2019-08-30 14:15:00+05:30,809.5,810.45,807.2,807.3,663239
2019-08-30 14:45:00+05:30,807.2,816.0,806.9,814.9,1633405
2019-08-30 15:15:00+05:30,814.9,817.2,814.35,814.75,906720
2019-09-03 09:15:00+05:30,815.0,820.75,813.55,818.7,835895
2019-09-03 09:45:00+05:30,818.7,818.85,816.7,817.3,330727
2019-09-03 10:15:00+05:30,817.1,818.35,815.65,818.1,287962
2019-09-03 10:45:00+05:30,818.1,822.1,817.75,821.35,544544
2019-09-03 11:15:00+05:30,821.45,821.5,817.75,819.95,274149
2019-09-03 11:45:00+05:30,819.9,820.0,818.05,818.25,208729
2019-09-03 12:15:00+05:30,818.15,819.0,816.5,818.75,267336
2019-09-03 12:45:00+05:30,818.7,818.8,816.1,816.35,240366
2019-09-03 13:15:00+05:30,816.15,818.5,814.95,816.95,364509
2019-09-03 13:45:00+05:30,816.65,817.2,814.75,816.45,283716
2019-09-03 14:15:00+05:30,816.45,818.65,816.25,816.55,344919
2019-09-03 14:45:00+05:30,816.5,817.6,813.3,815.5,948021
2019-09-03 15:15:00+05:30,815.5,815.75,812.25,812.7,696940
2019-09-04 09:15:00+05:30,810.75,822.2,810.6,819.5,870131
2019-09-04 09:45:00+05:30,819.5,819.85,815.5,815.9,317110
2019-09-04 10:15:00+05:30,815.95,818.4,814.65,816.1,358655
2019-09-04 10:45:00+05:30,816.1,817.35,814.15,815.05,336795
2019-09-04 11:15:00+05:30,815.05,817.8,815.0,817.1,307841
2019-09-04 11:45:00+05:30,817.1,817.85,816.0,816.65,433111
2019-09-04 12:15:00+05:30,816.65,817.5,816.0,816.05,270314
2019-09-04 12:45:00+05:30,816.1,816.55,816.05,816.5,315280
2019-09-04 13:15:00+05:30,816.55,818.4,815.7,817.1,816080
2019-09-04 13:45:00+05:30,817.25,817.9,816.1,817.8,164720
2019-09-04 14:15:00+05:30,817.8,817.85,816.6,817.7,288000
2019-09-04 14:45:00+05:30,817.7,822.3,817.5,822.1,850996
2019-09-04 15:15:00+05:30,822.1,822.45,818.95,819.9,854406
2019-09-05 09:15:00+05:30,830.1,835.5,826.65,835.0,1406429
2019-09-05 09:45:00+05:30,835.0,837.5,834.65,835.5,665738
2019-09-05 10:15:00+05:30,835.5,836.15,833.5,835.0,431041
2019-09-05 10:45:00+05:30,834.9,836.9,834.3,834.6,340332
2019-09-05 11:15:00+05:30,834.55,834.95,832.75,834.15,405199
2019-09-05 11:45:00+05:30,834.05,834.75,832.15,832.95,730882
2019-09-05 12:15:00+05:30,833.0,833.0,829.6,831.3,668472
2019-09-05 12:45:00+05:30,831.3,832.5,830.05,832.3,453188
2019-09-05 13:15:00+05:30,832.35,832.35,830.3,831.5,397563
2019-09-05 13:45:00+05:30,831.5,832.1,829.75,830.0,485664
2019-09-05 14:15:00+05:30,830.0,831.7,829.9,830.3,437291
2019-09-05 14:45:00+05:30,830.5,835.0,830.2,834.0,858795
2019-09-05 15:15:00+05:30,834.05,835.75,834.05,835.1,594891
2019-09-06 09:15:00+05:30,843.3,847.0,842.35,842.5,1027699
2019-09-06 09:45:00+05:30,842.5,842.9,841.0,842.0,396475
2019-09-06 10:15:00+05:30,842.1,843.95,841.3,843.7,301498
2019-09-06 10:45:00+05:30,843.65,844.3,839.7,839.85,504583
2019-09-06 11:15:00+05:30,840.0,843.4,839.9,841.55,313952
2019-09-06 11:45:00+05:30,841.55,841.95,839.7,840.0,265427
2019-09-06 12:15:00+05:30,840.0,840.0,836.2,836.65,386643
2019-09-06 12:45:00+05:30,836.65,838.8,836.6,837.45,307199
2019-09-06 13:15:00+05:30,837.45,837.65,835.05,835.5,457856
2019-09-06 13:45:00+05:30,835.6,839.35,835.25,838.25,315978
2019-09-06 14:15:00+05:30,838.25,839.65,836.3,838.15,442668
2019-09-06 14:45:00+05:30,838.15,841.8,838.1,839.2,780500
2019-09-06 15:15:00+05:30,839.2,841.0,838.95,840.25,563141
2019-09-09 09:15:00+05:30,836.8,838.6,834.2,835.3,335561
2019-09-09 09:45:00+05:30,835.15,840.3,832.3,836.95,294500
2019-09-09 10:15:00+05:30,836.95,837.5,834.0,835.0,143008
2019-09-09 10:45:00+05:30,835.0,837.15,835.0,835.8,150486
2019-09-09 11:15:00+05:30,835.8,836.35,833.25,833.3,113050
2019-09-09 11:45:00+05:30,833.3,833.8,831.2,831.6,134087
2019-09-09 12:15:00+05:30,831.7,832.9,830.6,832.15,201490
2019-09-09 12:45:00+05:30,832.15,832.6,830.2,830.7,208754
2019-09-09 13:15:00+05:30,830.65,831.35,829.3,830.0,311212
2019-09-09 13:45:00+05:30,830.05,830.45,827.85,828.45,326723
2019-09-09 14:15:00+05:30,828.35,829.65,827.55,827.8,423654
2019-09-09 14:45:00+05:30,827.8,830.0,827.6,829.3,889534
2019-09-09 15:15:00+05:30,829.25,830.55,828.3,829.5,835680
2019-09-11 09:15:00+05:30,822.3,828.05,819.0,819.9,914715
2019-09-11 09:45:00+05:30,819.9,821.85,818.6,819.1,474032
2019-09-11 10:15:00+05:30,819.05,819.1,814.25,817.4,1382851
2019-09-11 10:45:00+05:30,817.4,818.5,816.85,817.25,485750
2019-09-11 11:15:00+05:30,817.25,820.4,816.95,820.0,426755
2019-09-11 11:45:00+05:30,820.0,820.4,818.2,818.85,382459
2019-09-11 12:15:00+05:30,818.8,820.85,818.65,819.8,444998
2019-09-11 12:45:00+05:30,819.8,820.05,818.5,818.65,240192
2019-09-11 13:15:00+05:30,818.65,819.3,818.45,818.5,313744
2019-09-11 13:45:00+05:30,818.5,819.1,817.5,817.85,470096
2019-09-11 14:15:00+05:30,817.85,818.45,815.75,817.25,604717
2019-09-11 14:45:00+05:30,817.25,820.5,816.5,819.95,1039934
2019-09-11 15:15:00+05:30,819.8,823.0,819.45,822.1,761145
2019-09-12 09:15:00+05:30,816.4,818.1,812.4,817.0,663270
2019-09-12 09:45:00+05:30,817.0,817.75,816.35,817.0,430345
2019-09-12 10:15:00+05:30,817.0,819.85,816.0,816.3,356169
2019-09-12 10:45:00+05:30,816.25,818.65,815.75,817.0,233871
2019-09-12 11:15:00+05:30,817.0,817.7,816.7,817.0,221420
2019-09-12 11:45:00+05:30,817.0,817.75,816.25,817.0,204246
2019-09-12 12:15:00+05:30,817.0,817.2,815.3,817.15,314517
2019-09-12 12:45:00+05:30,817.15,817.15,814.5,815.2,246616
2019-09-12 13:15:00+05:30,815.2,816.3,814.75,815.9,163774
2019-09-12 13:45:00+05:30,815.9,817.25,814.0,814.15,312943
2019-09-12 14:15:00+05:30,814.15,816.5,810.85,815.3,344442
2019-09-12 14:45:00+05:30,815.25,817.3,814.95,816.55,538934
2019-09-12 15:15:00+05:30,816.55,817.8,815.45,817.6,351074
2019-09-13 09:15:00+05:30,818.1,828.0,817.8,825.3,902204
2019-09-13 09:45:00+05:30,825.3,826.45,819.35,820.85,604547
2019-09-13 10:15:00+05:30,821.0,821.65,819.75,820.7,353550
2019-09-13 10:45:00+05:30,820.7,822.5,820.0,822.45,188505
2019-09-13 11:15:00+05:30,822.45,822.8,820.4,820.8,256667
2019-09-13 11:45:00+05:30,820.8,822.7,820.5,821.85,184532
2019-09-13 12:15:00+05:30,822.0,822.25,820.4,821.3,243479
2019-09-13 12:45:00+05:30,821.4,823.2,820.8,822.7,195670
2019-09-13 13:15:00+05:30,822.7,825.6,822.6,824.8,284515
2019-09-13 13:45:00+05:30,824.8,826.0,824.0,825.7,256036
2019-09-13 14:15:00+05:30,825.75,826.0,824.3,825.85,264893
2019-09-13 14:45:00+05:30,825.95,829.8,825.55,829.8,578477
2019-09-13 15:15:00+05:30,829.65,831.05,828.65,829.8,513342
2019-09-16 09:15:00+05:30,832.05,837.95,830.1,832.75,660535
2019-09-16 09:45:00+05:30,832.6,832.9,829.6,831.4,284827
2019-09-16 10:15:00+05:30,831.4,831.6,825.35,826.55,455615
2019-09-16 10:45:00+05:30,826.45,828.2,824.25,827.9,516144
2019-09-16 11:15:00+05:30,827.9,827.9,822.75,822.85,209708
2019-09-16 11:45:00+05:30,822.9,825.3,822.3,824.35,228392
2019-09-16 12:15:00+05:30,824.5,825.05,823.0,823.4,219025
2019-09-16 12:45:00+05:30,823.4,823.45,820.55,821.95,199570
2019-09-16 13:15:00+05:30,821.9,823.05,821.1,821.55,156417
2019-09-16 13:45:00+05:30,821.75,824.8,821.45,823.15,244137
2019-09-16 14:15:00+05:30,823.15,825.0,823.0,824.6,214330
2019-09-16 14:45:00+05:30,824.6,828.25,824.5,827.45,750125
2019-09-16 15:15:00+05:30,827.35,828.85,826.6,827.6,698777
2019-09-17 09:15:00+05:30,831.5,831.5,822.6,827.9,490496
2019-09-17 09:45:00+05:30,827.9,829.2,826.6,828.15,218523
2019-09-17 10:15:00+05:30,827.5,828.6,825.0,825.1,161653
2019-09-17 10:45:00+05:30,825.1,826.6,823.5,826.1,196620
2019-09-17 11:15:00+05:30,826.1,827.45,824.65,825.0,285271
2019-09-17 11:45:00+05:30,825.0,825.35,822.9,822.95,231592
2019-09-17 12:15:00+05:30,822.95,823.3,821.0,821.5,183729
2019-09-17 12:45:00+05:30,821.25,822.5,821.0,821.75,172015
2019-09-17 13:15:00+05:30,821.7,824.25,821.0,823.5,300173
2019-09-17 13:45:00+05:30,823.5,825.25,823.4,824.2,260097
2019-09-17 14:15:00+05:30,824.2,825.7,822.05,825.7,459853
2019-09-17 14:45:00+05:30,825.65,832.95,824.7,831.6,1268944
2019-09-17 15:15:00+05:30,831.75,834.65,830.45,832.85,1298225
2019-09-18 09:15:00+05:30,829.9,832.95,824.1,830.65,529973
2019-09-18 09:45:00+05:30,830.65,832.0,827.6,829.9,297169
2019-09-18 10:15:00+05:30,829.7,830.75,828.1,829.15,169100
2019-09-18 10:45:00+05:30,829.05,830.35,827.0,828.95,341234
2019-09-18 11:15:00+05:30,828.85,829.1,826.5,827.2,144500
2019-09-18 11:45:00+05:30,827.1,828.2,826.0,827.2,114239
2019-09-18 12:15:00+05:30,827.15,828.95,825.65,827.75,122534
2019-09-18 12:45:00+05:30,827.75,828.9,827.75,828.9,72306
2019-09-18 13:15:00+05:30,828.8,830.15,827.55,827.6,208614
2019-09-18 13:45:00+05:30,827.9,828.9,827.35,828.1,176384
2019-09-18 14:15:00+05:30,828.25,828.3,825.0,827.15,183105
2019-09-18 14:45:00+05:30,827.15,830.45,826.25,830.0,490001
2019-09-18 15:15:00+05:30,829.9,831.95,829.7,831.45,337972
2019-09-19 09:15:00+05:30,824.85,826.95,820.1,820.85,785039
2019-09-19 09:45:00+05:30,820.6,823.45,820.6,823.05,349619
2019-09-19 10:15:00+05:30,823.05,825.9,822.7,825.0,540977
2019-09-19 10:45:00+05:30,825.15,825.35,822.15,823.1,413042
2019-09-19 11:15:00+05:30,823.1,823.6,820.7,821.0,689116
2019-09-19 11:45:00+05:30,821.0,822.3,820.0,821.9,347986
2019-09-19 12:15:00+05:30,821.9,821.9,818.5,819.0,395205
2019-09-19 12:45:00+05:30,818.9,821.4,818.2,819.95,1276393
2019-09-19 13:15:00+05:30,819.85,821.0,818.9,819.3,163215
2019-09-19 13:45:00+05:30,819.3,820.25,818.3,818.65,315579
2019-09-19 14:15:00+05:30,818.65,820.2,816.1,816.3,376060
2019-09-19 14:45:00+05:30,816.3,821.7,815.2,820.9,580329
2019-09-19 15:15:00+05:30,820.95,822.45,820.05,820.3,358507
2019-09-20 09:15:00+05:30,822.9,823.6,819.9,821.9,642417
2019-09-20 09:45:00+05:30,821.8,823.35,820.5,822.1,197236
2019-09-20 10:15:00+05:30,822.1,822.25,817.35,818.35,613621
2019-09-20 10:45:00+05:30,818.35,835.0,818.35,829.05,1314411
2019-09-20 11:15:00+05:30,828.9,829.5,815.0,822.0,1447639
2019-09-20 11:45:00+05:30,822.0,829.9,820.0,821.1,1318889
2019-09-20 12:15:00+05:30,821.1,822.7,815.0,817.8,865762
2019-09-20 12:45:00+05:30,817.8,823.0,816.1,817.7,1189548
2019-09-20 13:15:00+05:30,817.7,820.4,816.45,817.95,332598
2019-09-20 13:45:00+05:30,817.75,817.9,812.0,813.7,553019
2019-09-20 14:15:00+05:30,813.7,815.35,812.0,813.0,660588
2019-09-20 14:45:00+05:30,813.15,813.95,802.55,804.35,7798488
2019-09-20 15:15:00+05:30,804.35,809.0,802.0,807.3,5519859
2019-09-23 09:15:00+05:30,806.9,806.9,742.3,776.5,4204010
2019-09-23 09:45:00+05:30,776.75,781.75,771.9,777.3,1700702
2019-09-23 10:15:00+05:30,777.3,782.35,775.25,776.65,1016228
2019-09-23 10:45:00+05:30,776.65,777.1,774.0,775.3,605518
2019-09-23 11:15:00+05:30,775.6,777.75,775.15,775.8,866303
2019-09-23 11:45:00+05:30,775.8,776.65,770.0,770.35,937064
2019-09-23 12:15:00+05:30,770.1,773.1,769.55,772.1,880371
2019-09-23 12:45:00+05:30,772.1,773.7,765.0,765.65,1005986
2019-09-23 13:15:00+05:30,765.65,770.15,765.55,769.0,1147761
2019-09-23 13:45:00+05:30,769.05,770.6,764.55,765.85,1140609
2019-09-23 14:15:00+05:30,765.7,769.6,764.75,766.0,1353341
2019-09-23 14:45:00+05:30,766.0,767.95,762.5,765.1,1594307
2019-09-23 15:15:00+05:30,763.9,765.4,761.0,763.0,784481
2019-09-24 09:15:00+05:30,765.0,783.0,765.0,782.25,2441436
2019-09-24 09:45:00+05:30,782.25,784.2,778.35,779.05,1005319
2019-09-24 10:15:00+05:30,779.05,782.1,778.5,782.0,1200241
2019-09-24 10:45:00+05:30,782.0,785.3,779.6,784.7,870069
2019-09-24 11:15:00+05:30,784.7,788.5,784.0,786.25,962779
2019-09-24 11:45:00+05:30,786.7,789.0,784.7,786.5,766494
2019-09-24 12:15:00+05:30,786.5,787.3,783.9,784.5,648209
2019-09-24 12:45:00+05:30,784.5,786.95,784.45,786.1,412666
2019-09-24 13:15:00+05:30,786.1,788.8,786.0,787.95,663912
2019-09-24 13:45:00+05:30,787.6,788.7,785.55,785.7,510799
2019-09-24 14:15:00+05:30,785.65,798.65,785.55,797.8,2195427
2019-09-24 14:45:00+05:30,797.65,797.65,792.45,793.45,1251353
2019-09-24 15:15:00+05:30,793.5,794.9,792.55,794.05,592010
2019-09-25 09:15:00+05:30,787.7,790.05,781.8,786.6,1067304
2019-09-25 09:45:00+05:30,786.55,791.85,785.3,789.7,833455
2019-09-25 10:15:00+05:30,789.7,796.25,789.55,793.85,956148
2019-09-25 10:45:00+05:30,793.55,795.15,790.6,794.15,698596
2019-09-25 11:15:00+05:30,794.15,796.3,794.0,795.1,638060
2019-09-25 11:45:00+05:30,795.15,798.6,795.05,798.2,631416
2019-09-25 12:15:00+05:30,798.2,799.8,795.2,798.3,569890
2019-09-25 12:45:00+05:30,798.4,801.0,798.25,799.9,527499
2019-09-25 13:15:00+05:30,799.9,800.0,795.0,797.25,512624
2019-09-25 13:45:00+05:30,797.3,799.0,796.7,798.95,401772
2019-09-25 14:15:00+05:30,798.95,799.45,797.25,797.65,478583
2019-09-25 14:45:00+05:30,797.65,798.3,792.5,793.6,1039481
2019-09-25 15:15:00+05:30,793.6,793.65,788.05,790.05,906971
2019-09-26 09:15:00+05:30,787.75,797.0,785.3,793.25,1382415
2019-09-26 09:45:00+05:30,793.25,793.95,781.6,782.6,1199056
2019-09-26 10:15:00+05:30,782.75,785.0,778.3,782.1,569696
2019-09-26 10:45:00+05:30,782.1,783.8,781.0,781.95,314573
2019-09-26 11:15:00+05:30,782.0,787.65,781.95,787.0,478221
2019-09-26 11:45:00+05:30,787.05,787.8,784.35,787.05,668730
2019-09-26 12:15:00+05:30,787.05,788.3,786.4,786.9,366518
2019-09-26 12:45:00+05:30,786.9,787.5,785.95,787.0,555296
2019-09-26 13:15:00+05:30,787.05,787.6,786.5,786.75,328232
2019-09-26 13:45:00+05:30,786.75,786.95,781.0,781.2,655216
2019-09-26 14:15:00+05:30,781.1,785.8,781.05,785.55,378064
2019-09-26 14:45:00+05:30,785.55,785.95,779.4,781.9,6873984
2019-09-26 15:15:00+05:30,781.9,785.8,781.0,784.5,4639118
2019-09-27 09:15:00+05:30,787.05,794.25,785.0,787.7,864012
2019-09-27 09:45:00+05:30,787.8,788.0,782.8,783.85,366373
2019-09-27 10:15:00+05:30,784.2,784.5,783.45,784.35,317758
2019-09-27 10:45:00+05:30,784.3,788.4,784.25,787.0,305460
2019-09-27 11:15:00+05:30,787.0,787.75,784.3,785.0,639387
2019-09-27 11:45:00+05:30,785.1,785.75,784.05,785.15,190888
2019-09-27 12:15:00+05:30,785.15,786.8,784.7,785.5,227892
2019-09-27 12:45:00+05:30,785.5,786.5,785.0,786.1,256841
2019-09-27 13:15:00+05:30,786.0,787.35,783.8,784.85,418275
2019-09-27 13:45:00+05:30,784.85,786.0,781.7,782.2,232847
2019-09-27 14:15:00+05:30,782.05,784.35,780.25,780.95,332929
2019-09-27 14:45:00+05:30,780.95,783.75,780.75,781.45,535248
2019-09-27 15:15:00+05:30,781.45,783.95,780.1,782.2,389041
2019-09-30 09:15:00+05:30,785.1,792.65,784.2,790.65,700861
2019-09-30 09:45:00+05:30,790.7,791.4,789.0,790.25,234832
2019-09-30 10:15:00+05:30,790.3,793.3,790.3,792.65,286910
2019-09-30 10:45:00+05:30,792.65,796.75,791.7,796.4,410900
2019-09-30 11:15:00+05:30,796.2,802.8,796.1,802.65,749768
2019-09-30 11:45:00+05:30,802.7,803.45,799.3,801.5,536318
2019-09-30 12:15:00+05:30,801.5,805.85,800.05,805.1,650833
2019-09-30 12:45:00+05:30,805.1,808.0,803.1,805.4,852772
2019-09-30 13:15:00+05:30,805.15,806.3,803.35,805.15,437254
2019-09-30 13:45:00+05:30,804.9,806.4,803.2,804.1,687781
2019-09-30 14:15:00+05:30,804.1,806.85,803.9,804.2,342485
2019-09-30 14:45:00+05:30,804.2,806.75,803.35,804.95,1353061
2019-09-30 15:15:00+05:30,805.0,807.5,802.0,804.45,905497
2019-10-01 09:15:00+05:30,807.0,807.55,794.3,796.5,540277
2019-10-01 09:45:00+05:30,796.5,799.8,794.55,795.3,639958
2019-10-01 10:15:00+05:30,795.3,796.4,792.15,795.95,393963
2019-10-01 10:45:00+05:30,795.9,801.7,795.0,800.6,797459
2019-10-01 11:15:00+05:30,800.55,801.45,799.25,800.55,239872
2019-10-01 11:45:00+05:30,800.5,802.15,799.2,799.8,244722
2019-10-01 12:15:00+05:30,799.8,801.0,796.3,798.3,245479
2019-10-01 12:45:00+05:30,798.1,798.1,795.25,796.3,221986
2019-10-01 13:15:00+05:30,796.6,797.5,794.5,794.5,302789
2019-10-01 13:45:00+05:30,794.1,799.95,793.65,798.7,627329
2019-10-01 14:15:00+05:30,798.5,798.7,792.25,792.9,375533
2019-10-01 14:45:00+05:30,792.85,797.25,792.0,792.35,786295
2019-10-01 15:15:00+05:30,792.15,795.35,791.85,794.0,455435
2019-10-03 09:15:00+05:30,792.55,797.85,788.2,797.1,1364577
2019-10-03 09:45:00+05:30,797.1,797.15,793.35,795.35,274733
2019-10-03 10:15:00+05:30,795.35,797.2,793.15,794.55,231162
2019-10-03 10:45:00+05:30,794.55,795.65,792.35,792.9,238434
2019-10-03 11:15:00+05:30,792.9,794.1,791.8,793.5,302783
2019-10-03 11:45:00+05:30,793.55,795.9,793.2,795.55,295403
2019-10-03 12:15:00+05:30,795.55,795.65,793.15,794.5,240142
2019-10-03 12:45:00+05:30,794.7,795.25,794.0,794.25,256318
2019-10-03 13:15:00+05:30,794.35,794.8,793.0,793.9,286230
2019-10-03 13:45:00+05:30,793.95,794.6,793.5,794.05,259874
2019-10-03 14:15:00+05:30,794.0,794.05,786.8,788.0,521385
2019-10-03 14:45:00+05:30,788.1,788.7,784.15,785.1,727928
2019-10-03 15:15:00+05:30,785.3,786.9,784.6,786.4,455213
2019-10-04 09:15:00+05:30,790.0,792.8,787.7,791.5,788966
2019-10-04 09:45:00+05:30,791.6,797.0,791.5,796.5,411583
2019-10-04 10:15:00+05:30,796.6,797.6,792.8,794.8,349406
2019-10-04 10:45:00+05:30,794.8,795.95,793.05,795.55,176300
2019-10-04 11:15:00+05:30,795.55,796.7,793.95,793.95,224231
2019-10-04 11:45:00+05:30,793.6,795.25,793.0,794.3,321122
2019-10-04 12:15:00+05:30,794.15,795.25,794.05,795.0,275760
2019-10-04 12:45:00+05:30,795.0,795.65,793.95,795.2,2786336
2019-10-04 13:15:00+05:30,795.2,795.75,793.4,794.3,703802
2019-10-04 13:45:00+05:30,794.3,794.3,793.05,793.9,327111
2019-10-04 14:15:00+05:30,794.0,794.75,793.45,794.1,398651
2019-10-04 14:45:00+05:30,794.15,794.5,792.0,792.5,521370
2019-10-04 15:15:00+05:30,792.5,794.75,790.0,790.55,901033
2019-10-07 09:15:00+05:30,794.85,802.0,789.3,790.9,709200
2019-10-07 09:45:00+05:30,790.9,790.9,786.25,787.0,235315
2019-10-07 10:15:00+05:30,786.95,790.4,786.7,789.9,171263
2019-10-07 10:45:00+05:30,789.9,790.1,787.45,788.6,162197
2019-10-07 11:15:00+05:30,788.7,789.9,787.5,789.9,92657
2019-10-07 11:45:00+05:30,789.9,791.0,788.8,790.25,215470
2019-10-07 12:15:00+05:30,789.95,791.95,789.05,791.65,257570
2019-10-07 12:45:00+05:30,791.85,793.0,789.05,789.4,252588
2019-10-07 13:15:00+05:30,789.4,790.3,787.5,789.15,202607
2019-10-07 13:45:00+05:30,789.5,790.65,788.95,790.25,149018
2019-10-07 14:15:00+05:30,790.25,794.0,789.5,790.2,389936
2019-10-07 14:45:00+05:30,790.2,792.45,787.85,789.8,464219
2019-10-07 15:15:00+05:30,789.4,790.35,787.1,788.8,364970
2019-10-09 09:15:00+05:30,795.45,795.9,784.1,786.0,659282
2019-10-09 09:45:00+05:30,786.0,786.5,782.0,783.4,314874
2019-10-09 10:15:00+05:30,783.4,785.45,781.2,785.1,261890
2019-10-09 10:45:00+05:30,784.75,785.1,781.5,782.4,210447
2019-10-09 11:15:00+05:30,782.35,782.4,778.8,779.3,332645
2019-10-09 11:45:00+05:30,779.3,782.5,779.0,782.05,265458
2019-10-09 12:15:00+05:30,782.1,783.65,781.15,783.3,213464
2019-10-09 12:45:00+05:30,783.5,784.55,781.25,784.3,273322
2019-10-09 13:15:00+05:30,784.3,784.85,782.7,783.95,187255
2019-10-09 13:45:00+05:30,784.35,785.9,781.35,783.85,1249155
2019-10-09 14:15:00+05:30,783.85,784.25,781.0,783.6,260833
2019-10-09 14:45:00+05:30,783.55,785.0,781.3,784.95,987868
2019-10-09 15:15:00+05:30,784.9,785.2,783.1,783.75,1103347
2019-10-10 09:15:00+05:30,785.4,793.55,784.0,793.0,1787845
2019-10-10 09:45:00+05:30,793.0,794.5,791.2,791.6,3378409
2019-10-10 10:15:00+05:30,791.4,792.55,788.8,790.75,258437
2019-10-10 10:45:00+05:30,790.8,790.8,787.25,788.5,235771
2019-10-10 11:15:00+05:30,788.5,789.4,783.1,783.6,1001525
2019-10-10 11:45:00+05:30,783.25,784.15,778.55,782.3,634173
2019-10-10 12:15:00+05:30,782.15,782.4,776.7,778.05,563379
2019-10-10 12:45:00+05:30,778.2,781.85,777.55,781.5,563975
2019-10-10 13:15:00+05:30,781.75,782.2,779.6,780.0,433328
2019-10-10 13:45:00+05:30,779.85,781.5,779.35,780.1,590884
2019-10-10 14:15:00+05:30,780.1,783.35,780.0,781.05,239237
2019-10-10 14:45:00+05:30,781.25,783.75,780.05,782.9,354305
2019-10-10 15:15:00+05:30,783.0,784.35,782.0,782.5,352599
2019-10-11 09:15:00+05:30,781.5,800.4,776.7,798.4,2360899
2019-10-11 09:45:00+05:30,798.65,813.5,798.3,811.55,3486629
2019-10-11 10:15:00+05:30,811.55,811.9,805.1,805.1,1493623
2019-10-11 10:45:00+05:30,805.1,806.9,798.55,805.1,1918555
2019-10-11 11:15:00+05:30,805.1,809.9,804.1,808.35,1052519
2019-10-11 11:45:00+05:30,808.2,809.0,804.5,805.1,844978
2019-10-11 12:15:00+05:30,804.6,806.0,802.5,805.05,534865
2019-10-11 12:45:00+05:30,805.0,805.5,802.4,803.5,511997
2019-10-11 13:15:00+05:30,803.6,808.6,803.4,805.2,582516
2019-10-11 13:45:00+05:30,805.2,807.0,803.15,804.95,512715
2019-10-11 14:15:00+05:30,804.95,805.45,803.0,804.0,680476
2019-10-11 14:45:00+05:30,804.0,823.4,803.0,815.1,3876371
2019-10-11 15:15:00+05:30,815.1,815.7,811.0,815.7,2677430
2019-10-14 09:15:00+05:30,786.75,797.0,781.0,791.5,3969753
2019-10-14 09:45:00+05:30,791.5,794.4,791.0,791.6,953868
2019-10-14 10:15:00+05:30,791.65,792.5,790.9,791.7,843284
2019-10-14 10:45:00+05:30,791.7,792.2,791.2,791.7,847646
2019-10-14 11:15:00+05:30,791.75,791.75,785.85,789.25,1207175
2019-10-14 11:45:00+05:30,789.1,790.0,787.0,787.3,561598
2019-10-14 12:15:00+05:30,787.5,789.65,785.4,786.5,791710
2019-10-14 12:45:00+05:30,786.5,786.75,784.3,784.95,869844
2019-10-14 13:15:00+05:30,784.8,789.15,784.6,787.3,714091
2019-10-14 13:45:00+05:30,787.15,789.5,787.0,789.15,707654
2019-10-14 14:15:00+05:30,789.0,790.4,787.45,788.0,1319343
2019-10-14 14:45:00+05:30,788.0,790.0,785.0,785.0,1323330
2019-10-14 15:15:00+05:30,785.2,787.0,783.6,786.5,902143
2019-10-15 09:15:00+05:30,773.1,774.1,765.0,770.0,2912477
2019-10-15 09:45:00+05:30,769.95,772.8,769.95,771.0,1083113
2019-10-15 10:15:00+05:30,771.1,771.25,769.35,770.7,733067
2019-10-15 10:45:00+05:30,770.8,772.3,770.0,770.6,757213
2019-10-15 11:15:00+05:30,770.7,771.75,770.15,770.75,416418
2019-10-15 11:45:00+05:30,770.75,771.65,770.3,771.1,397793
2019-10-15 12:15:00+05:30,771.15,771.4,769.5,770.15,660980
2019-10-15 12:45:00+05:30,770.35,770.65,768.05,770.4,586349
2019-10-15 13:15:00+05:30,770.4,771.1,770.0,770.0,668648
2019-10-15 13:45:00+05:30,770.0,770.7,768.0,768.3,680672
2019-10-15 14:15:00+05:30,768.3,769.85,767.5,769.15,886788
2019-10-15 14:45:00+05:30,769.2,769.4,766.2,766.85,1669283
2019-10-15 15:15:00+05:30,766.85,770.1,766.55,769.0,2197496
2019-10-16 09:15:00+05:30,765.25,770.75,761.6,770.15,2544806
2019-10-16 09:45:00+05:30,770.2,773.5,768.7,770.0,1262774
2019-10-16 10:15:00+05:30,770.3,771.2,769.8,770.5,580586
2019-10-16 10:45:00+05:30,770.55,770.6,767.3,768.4,386688
2019-10-16 11:15:00+05:30,768.25,769.5,766.65,769.45,370760
2019-10-16 11:45:00+05:30,769.45,770.65,769.3,770.05,708286
2019-10-16 12:15:00+05:30,770.05,772.35,770.0,771.85,384543
2019-10-16 12:45:00+05:30,771.9,774.0,771.5,772.55,609712
2019-10-16 13:15:00+05:30,772.65,775.2,772.45,773.65,559539
2019-10-16 13:45:00+05:30,773.6,775.95,773.1,774.9,652360
2019-10-16 14:15:00+05:30,774.85,775.45,770.65,772.35,676326
2019-10-16 14:45:00+05:30,772.4,772.5,770.2,772.2,1050074
2019-10-16 15:15:00+05:30,772.2,772.25,770.0,771.0,925267
2019-10-17 09:15:00+05:30,767.0,769.4,765.25,768.5,1258702
2019-10-17 09:45:00+05:30,768.5,768.95,765.55,766.0,408945
2019-10-17 10:15:00+05:30,766.0,767.7,765.95,767.1,238092
2019-10-17 10:45:00+05:30,767.35,768.25,766.5,767.2,337233
2019-10-17 11:15:00+05:30,767.35,768.15,766.7,767.85,188459
2019-10-17 11:45:00+05:30,767.85,767.9,766.1,766.9,308281
2019-10-17 12:15:00+05:30,766.95,767.95,766.05,767.85,354264
2019-10-17 12:45:00+05:30,767.85,768.0,766.4,767.4,383153
2019-10-17 13:15:00+05:30,767.5,768.3,766.7,768.2,488483
2019-10-17 13:45:00+05:30,768.2,769.7,768.0,768.6,1017466
2019-10-17 14:15:00+05:30,768.7,770.45,767.75,768.05,1923961
2019-10-17 14:45:00+05:30,768.0,769.55,766.7,769.25,996302
2019-10-17 15:15:00+05:30,769.15,770.3,769.15,769.45,1922161
2019-10-18 09:15:00+05:30,763.8,769.0,760.0,760.85,1748174
2019-10-18 09:45:00+05:30,760.9,765.3,760.8,764.55,718167
2019-10-18 10:15:00+05:30,764.5,767.4,763.65,766.15,627025
2019-10-18 10:45:00+05:30,766.15,770.85,765.6,770.65,940107
2019-10-18 11:15:00+05:30,770.65,773.8,768.2,768.6,1097272
2019-10-18 11:45:00+05:30,768.6,770.6,767.4,769.85,423169
2019-10-18 12:15:00+05:30,769.8,770.45,767.55,767.95,309956
2019-10-18 12:45:00+05:30,768.0,769.95,767.45,769.9,286934
2019-10-18 13:15:00+05:30,769.9,770.6,769.0,770.55,306335
2019-10-18 13:45:00+05:30,770.5,771.75,769.2,769.8,443912
2019-10-18 14:15:00+05:30,769.8,771.0,768.3,768.6,454230
2019-10-18 14:45:00+05:30,768.7,769.35,767.0,767.9,1383885
2019-10-18 15:15:00+05:30,767.95,768.3,766.9,768.0,1224152
2019-10-22 09:15:00+05:30,691.1,691.1,646.0,670.2,24900838
2019-10-22 09:45:00+05:30,670.25,671.75,662.25,668.15,12948343
2019-10-22 10:15:00+05:30,668.25,668.75,663.05,663.05,6190828
2019-10-22 10:45:00+05:30,663.05,663.1,654.75,655.0,6862368
2019-10-22 11:15:00+05:30,655.0,658.3,654.3,657.0,3905263
2019-10-22 11:45:00+05:30,656.9,659.5,653.35,657.6,3613168
2019-10-22 12:15:00+05:30,657.8,660.25,656.65,657.05,2975961
2019-10-22 12:45:00+05:30,657.05,658.1,656.0,657.0,2571624
2019-10-22 13:15:00+05:30,657.0,657.2,655.0,655.65,3266392
2019-10-22 13:45:00+05:30,655.75,655.75,650.65,651.3,4081868
2019-10-22 14:15:00+05:30,651.15,654.5,650.0,652.3,2623567
2019-10-22 14:45:00+05:30,652.3,653.2,640.65,644.35,9895746
2019-10-22 15:15:00+05:30,644.35,644.55,638.5,640.0,5669516
2019-10-23 09:15:00+05:30,630.0,650.0,615.2,649.45,19131974
2019-10-23 09:45:00+05:30,649.3,651.7,638.45,647.0,10395292
2019-10-23 10:15:00+05:30,647.3,652.5,644.15,650.35,8650853
2019-10-23 10:45:00+05:30,650.2,655.35,650.0,652.0,5164508
2019-10-23 11:15:00+05:30,651.85,652.25,649.55,651.25,1751671
2019-10-23 11:45:00+05:30,651.0,652.6,650.7,652.1,1393110
2019-10-23 12:15:00+05:30,652.1,652.15,646.0,650.05,2296859
2019-10-23 12:45:00+05:30,650.05,652.6,649.9,651.4,1179197
2019-10-23 13:15:00+05:30,651.4,656.0,650.6,655.45,1667340
2019-10-23 13:45:00+05:30,655.6,656.65,650.95,651.85,1833399
2019-10-23 14:15:00+05:30,652.0,653.0,650.0,651.0,1308071
2019-10-23 14:45:00+05:30,651.0,652.3,648.7,651.45,3135245
2019-10-23 15:15:00+05:30,651.25,651.65,650.0,650.3,2371038
2019-10-24 09:15:00+05:30,650.0,653.0,638.05,643.0,5426166
2019-10-24 09:45:00+05:30,643.0,647.45,640.1,647.4,2289978
2019-10-24 10:15:00+05:30,647.45,652.5,646.35,651.05,3085867
2019-10-24 10:45:00+05:30,651.0,651.1,643.25,644.1,1345497
2019-10-24 11:15:00+05:30,644.2,645.8,642.4,643.45,1003672
2019-10-24 11:45:00+05:30,643.3,644.45,641.0,643.3,1228893
2019-10-24 12:15:00+05:30,643.25,644.85,642.1,644.8,1054983
2019-10-24 12:45:00+05:30,644.8,645.5,643.6,644.15,1429745
2019-10-24 13:15:00+05:30,644.2,645.35,643.25,643.25,968036
2019-10-24 13:45:00+05:30,643.3,644.4,640.15,642.1,1446795
2019-10-24 14:15:00+05:30,642.1,642.6,640.0,640.55,1596579
2019-10-24 14:45:00+05:30,640.5,640.9,632.0,635.05,2998656
2019-10-24 15:15:00+05:30,635.05,636.1,634.0,634.2,1709849
2019-10-25 09:15:00+05:30,647.0,652.45,644.7,650.25,3279185
2019-10-25 09:45:00+05:30,650.0,650.25,643.25,647.5,1883687
2019-10-25 10:15:00+05:30,647.5,648.0,643.05,644.6,1116322
2019-10-25 10:45:00+05:30,644.55,646.0,643.7,645.0,611269
2019-10-25 11:15:00+05:30,645.0,645.7,644.1,645.2,1044989
2019-10-25 11:45:00+05:30,645.2,645.2,641.4,641.55,1089861
2019-10-25 12:15:00+05:30,641.5,642.95,640.0,641.25,782278
2019-10-25 12:45:00+05:30,641.25,642.7,640.3,641.1,442840
2019-10-25 13:15:00+05:30,641.1,644.75,639.0,643.65,1069290
2019-10-25 13:45:00+05:30,643.65,643.7,641.6,642.65,589599
2019-10-25 14:15:00+05:30,642.7,644.6,642.35,643.65,799559
2019-10-25 14:45:00+05:30,643.65,644.1,636.1,639.0,2086264
2019-10-25 15:15:00+05:30,639.0,639.0,636.0,637.1,1674351
2019-10-27 18:15:00+05:30,652.0,652.15,645.7,648.35,2088255
2019-10-27 18:45:00+05:30,648.45,650.0,647.35,649.75,1041267
2019-10-29 09:15:00+05:30,651.0,653.7,648.45,648.8,3353174
2019-10-29 09:45:00+05:30,648.7,652.0,647.0,650.4,1143239
2019-10-29 10:15:00+05:30,650.1,652.0,650.1,651.4,1824401
2019-10-29 10:45:00+05:30,651.4,651.6,649.2,650.1,996882
2019-10-29 11:15:00+05:30,650.0,650.45,648.3,648.7,1550741
2019-10-29 11:45:00+05:30,648.5,650.1,648.0,649.35,813053
2019-10-29 12:15:00+05:30,649.35,649.35,647.25,648.1,675903
2019-10-29 12:45:00+05:30,648.1,649.9,647.9,649.6,770121
2019-10-29 13:15:00+05:30,649.7,651.1,649.3,650.2,816131
2019-10-29 13:45:00+05:30,650.05,650.35,649.35,649.8,931563
2019-10-29 14:15:00+05:30,649.7,651.0,648.75,651.0,1053213
2019-10-29 14:45:00+05:30,650.9,651.5,649.5,650.8,1491418
2019-10-29 15:15:00+05:30,650.85,651.15,650.0,650.9,1240496
2019-10-30 09:15:00+05:30,660.4,663.45,656.3,663.3,3545949
2019-10-30 09:45:00+05:30,663.3,671.0,663.05,664.95,5524280
2019-10-30 10:15:00+05:30,665.0,667.8,663.05,665.9,1211047
2019-10-30 10:45:00+05:30,665.8,668.85,665.8,666.8,1025950
2019-10-30 11:15:00+05:30,667.1,668.3,666.55,666.8,943180
2019-10-30 11:45:00+05:30,666.8,670.95,666.2,668.7,1336963
2019-10-30 12:15:00+05:30,668.7,669.1,665.45,666.25,1343561
2019-10-30 12:45:00+05:30,666.25,668.1,665.65,668.1,981932
2019-10-30 13:15:00+05:30,668.05,668.2,661.6,663.0,1262877
2019-10-30 13:45:00+05:30,663.0,664.2,660.9,662.45,1209976
2019-10-30 14:15:00+05:30,662.6,662.75,658.05,659.5,1551357
2019-10-30 14:45:00+05:30,659.5,661.8,658.6,661.25,1553235
2019-10-30 15:15:00+05:30,661.3,662.5,660.0,662.1,1306881
2019-10-31 09:15:00+05:30,668.4,677.4,666.1,676.9,4538867
2019-10-31 09:45:00+05:30,676.8,679.5,674.55,679.05,1857113
2019-10-31 10:15:00+05:30,679.15,689.75,679.0,685.3,4531660
2019-10-31 10:45:00+05:30,685.3,689.0,685.3,687.3,1638677
2019-10-31 11:15:00+05:30,687.2,695.4,687.2,692.55,3668020
2019-10-31 11:45:00+05:30,692.7,692.8,687.3,690.7,1670464
2019-10-31 12:15:00+05:30,690.7,693.8,690.65,692.25,994279
2019-10-31 12:45:00+05:30,692.3,693.5,691.35,693.35,725338
2019-10-31 13:15:00+05:30,693.25,693.5,691.2,692.4,835982
2019-10-31 13:45:00+05:30,692.4,693.05,690.1,692.5,903412
2019-10-31 14:15:00+05:30,692.35,692.8,685.05,686.15,1617115
2019-10-31 14:45:00+05:30,686.1,688.85,682.65,687.6,2429365
2019-10-31 15:15:00+05:30,687.6,687.6,684.0,687.0,1947212
2019-11-01 09:15:00+05:30,690.0,693.95,683.0,688.0,2680076
2019-11-01 09:45:00+05:30,688.0,690.8,687.0,688.35,612759
2019-11-01 10:15:00+05:30,688.45,689.0,682.6,684.85,879261
2019-11-01 10:45:00+05:30,684.95,686.5,683.6,686.4,556412
2019-11-01 11:15:00+05:30,686.35,689.35,685.5,688.0,648845
2019-11-01 11:45:00+05:30,687.95,690.0,687.9,689.5,544826
2019-11-01 12:15:00+05:30,689.4,691.5,688.65,689.9,626293
2019-11-01 12:45:00+05:30,689.9,690.95,689.25,690.45,442492
2019-11-01 13:15:00+05:30,690.45,690.8,690.0,690.05,364849
2019-11-01 13:45:00+05:30,690.0,690.3,689.55,690.1,479284
2019-11-01 14:15:00+05:30,690.0,690.2,689.0,689.7,390195
2019-11-01 14:45:00+05:30,689.55,689.9,687.0,687.6,805606
2019-11-01 15:15:00+05:30,687.85,689.0,686.7,688.6,641227
2019-11-04 09:15:00+05:30,681.8,686.25,678.25,682.2,1051338
2019-11-04 09:45:00+05:30,682.3,683.9,680.45,681.85,539156
2019-11-04 10:15:00+05:30,681.85,683.85,681.2,682.6,285092
2019-11-04 10:45:00+05:30,682.65,717.95,682.25,716.2,5115649
2019-11-04 11:15:00+05:30,716.45,732.3,716.0,718.55,11787630
2019-11-04 11:45:00+05:30,718.25,720.95,710.0,715.8,2827229
2019-11-04 12:15:00+05:30,715.6,716.0,711.0,712.75,1021231
2019-11-04 12:45:00+05:30,712.75,715.2,711.25,712.1,989799
2019-11-04 13:15:00+05:30,712.1,714.45,712.1,713.15,498245
2019-11-04 13:45:00+05:30,713.15,713.15,705.95,710.3,1569450
2019-11-04 14:15:00+05:30,710.3,711.0,708.0,709.95,840321
2019-11-04 14:45:00+05:30,709.95,715.0,708.7,709.0,1542880
2019-11-04 15:15:00+05:30,708.9,711.0,707.0,710.1,1219509
2019-11-05 09:15:00+05:30,708.75,708.75,700.05,703.7,2884349
2019-11-05 09:45:00+05:30,703.7,705.0,700.25,701.0,933180
2019-11-05 10:15:00+05:30,701.0,703.5,700.65,701.55,655423
2019-11-05 10:45:00+05:30,701.65,702.7,700.0,701.2,614686
2019-11-05 11:15:00+05:30,701.35,701.6,700.2,700.6,387266
2019-11-05 11:45:00+05:30,700.6,701.2,695.2,696.45,1191093
2019-11-05 12:15:00+05:30,696.5,699.7,696.1,698.2,850587
2019-11-05 12:45:00+05:30,698.0,698.2,692.1,693.95,879390
2019-11-05 13:15:00+05:30,693.7,697.2,691.55,697.0,763205
2019-11-05 13:45:00+05:30,697.0,697.9,695.25,697.5,448764
2019-11-05 14:15:00+05:30,697.35,698.55,695.65,696.9,722630
2019-11-05 14:45:00+05:30,696.8,697.95,695.55,696.8,1221367
2019-11-05 15:15:00+05:30,696.8,696.85,694.8,695.1,1195543
2019-11-06 09:15:00+05:30,695.8,702.75,692.0,700.5,2178957
2019-11-06 09:45:00+05:30,700.35,702.6,699.25,700.05,642107
2019-11-06 10:15:00+05:30,700.05,700.85,699.25,700.05,500087
2019-11-06 10:45:00+05:30,700.15,708.0,700.05,706.2,1958551
2019-11-06 11:15:00+05:30,706.25,716.2,706.2,715.9,4196641
2019-11-06 11:45:00+05:30,715.8,721.45,710.25,713.55,4926207
2019-11-06 12:15:00+05:30,713.6,714.2,711.0,714.05,902450
2019-11-06 12:45:00+05:30,714.1,714.5,712.05,712.7,854061
2019-11-06 13:15:00+05:30,712.8,714.0,711.35,713.9,571971
2019-11-06 13:45:00+05:30,713.9,714.25,712.55,712.95,531826
2019-11-06 14:15:00+05:30,712.9,716.45,712.8,714.4,997846
2019-11-06 14:45:00+05:30,714.35,714.7,711.2,713.15,1608488
2019-11-06 15:15:00+05:30,713.15,713.8,710.25,712.5,1311337
2019-11-07 09:15:00+05:30,717.0,717.0,712.45,715.8,2294710
2019-11-07 09:45:00+05:30,715.6,716.0,713.1,713.75,740109
2019-11-07 10:15:00+05:30,713.4,715.95,712.3,715.3,659950
2019-11-07 10:45:00+05:30,715.3,715.7,714.0,715.5,474310
2019-11-07 11:15:00+05:30,715.5,721.15,715.45,719.45,1814288
2019-11-07 11:45:00+05:30,719.45,721.6,719.0,721.0,1147808
2019-11-07 12:15:00+05:30,721.1,722.0,719.9,720.5,1121597
2019-11-07 12:45:00+05:30,720.55,721.9,718.05,721.25,734863
2019-11-07 13:15:00+05:30,721.25,724.3,721.0,722.15,1288567
2019-11-07 13:45:00+05:30,722.1,722.25,720.0,720.95,653779
2019-11-07 14:15:00+05:30,720.95,721.0,718.5,719.95,582177
2019-11-07 14:45:00+05:30,719.95,721.3,719.05,720.0,1207612
2019-11-07 15:15:00+05:30,719.8,720.4,719.3,720.1,928912
2019-11-08 09:15:00+05:30,722.0,724.25,721.0,722.2,1948531
2019-11-08 09:45:00+05:30,722.25,722.35,716.5,717.45,908795
2019-11-08 10:15:00+05:30,717.45,718.2,712.75,714.3,854080
2019-11-08 10:45:00+05:30,714.2,716.5,713.95,716.15,447646
2019-11-08 11:15:00+05:30,716.2,718.1,715.8,716.8,491288
2019-11-08 11:45:00+05:30,716.65,717.55,715.25,717.0,298059
2019-11-08 12:15:00+05:30,717.0,717.95,716.6,717.5,299276
2019-11-08 12:45:00+05:30,717.5,717.9,716.55,717.4,361659
2019-11-08 13:15:00+05:30,717.4,718.85,714.0,715.7,516391
2019-11-08 13:45:00+05:30,715.7,716.4,715.35,715.95,304079
2019-11-08 14:15:00+05:30,715.95,715.95,711.1,713.5,466901
2019-11-08 14:45:00+05:30,713.5,714.6,707.9,708.0,795283
2019-11-08 15:15:00+05:30,707.95,708.5,705.5,708.3,852563
2019-11-11 09:15:00+05:30,698.9,707.0,698.0,704.45,1593885
2019-11-11 09:45:00+05:30,704.4,706.0,701.9,703.45,518583
2019-11-11 10:15:00+05:30,703.45,704.0,700.5,701.35,395439
2019-11-11 10:45:00+05:30,701.35,702.0,700.1,701.15,245069
2019-11-11 11:15:00+05:30,701.15,703.4,699.8,702.1,447371
2019-11-11 11:45:00+05:30,702.0,702.95,701.25,701.35,364609
2019-11-11 12:15:00+05:30,701.35,702.0,700.5,701.6,152468
2019-11-11 12:45:00+05:30,701.6,703.8,701.55,703.05,203945
2019-11-11 13:15:00+05:30,703.0,705.0,702.05,705.0,339904
2019-11-11 13:45:00+05:30,705.0,706.75,703.55,706.55,465663
2019-11-11 14:15:00+05:30,706.7,706.75,703.55,705.3,667119
2019-11-11 14:45:00+05:30,705.3,706.4,704.05,704.9,828488
2019-11-11 15:15:00+05:30,704.95,706.0,702.65,703.5,680912
2019-11-13 09:15:00+05:30,696.5,700.0,692.35,694.8,2274427
2019-11-13 09:45:00+05:30,694.9,698.5,694.05,697.7,979867
2019-11-13 10:15:00+05:30,697.7,698.45,696.65,697.15,423080
2019-11-13 10:45:00+05:30,697.25,697.8,695.1,696.8,586179
2019-11-13 11:15:00+05:30,696.8,697.4,695.45,696.55,339050
2019-11-13 11:45:00+05:30,696.55,700.0,696.05,697.85,648713
2019-11-13 12:15:00+05:30,697.9,698.15,695.55,696.45,456276
2019-11-13 12:45:00+05:30,696.4,697.45,695.85,696.35,367098
2019-11-13 13:15:00+05:30,696.35,696.85,695.1,695.95,403466
2019-11-13 13:45:00+05:30,696.05,696.7,695.1,696.05,427423
2019-11-13 14:15:00+05:30,696.05,696.05,691.25,691.95,817579
2019-11-13 14:45:00+05:30,692.0,693.0,687.8,691.75,1421174
2019-11-13 15:15:00+05:30,691.75,691.9,690.0,691.2,757348
2019-11-14 09:15:00+05:30,696.35,708.3,696.35,704.5,2261699
2019-11-14 09:45:00+05:30,704.5,706.65,703.25,704.5,755272
2019-11-14 10:15:00+05:30,704.65,709.75,704.55,708.05,1045193
2019-11-14 10:45:00+05:30,708.05,708.1,706.0,706.65,738392
2019-11-14 11:15:00+05:30,706.5,709.0,706.5,708.05,461476
2019-11-14 11:45:00+05:30,708.05,708.45,705.65,706.8,646248
2019-11-14 12:15:00+05:30,706.8,708.35,706.3,707.9,404507
2019-11-14 12:45:00+05:30,708.05,708.2,706.95,707.9,424434
2019-11-14 13:15:00+05:30,707.9,707.95,706.45,707.25,417840
2019-11-14 13:45:00+05:30,707.25,707.8,704.0,707.65,733837
2019-11-14 14:15:00+05:30,707.5,708.8,706.5,707.75,701145
2019-11-14 14:45:00+05:30,707.75,708.5,704.8,705.6,1059547
2019-11-14 15:15:00+05:30,705.65,705.65,703.55,705.1,877280
2019-11-15 09:15:00+05:30,709.05,712.35,706.0,708.1,779942
2019-11-15 09:45:00+05:30,708.25,709.1,702.3,703.2,648899
2019-11-15 10:15:00+05:30,703.2,706.95,702.5,704.6,500579
2019-11-15 10:45:00+05:30,704.6,705.35,703.15,703.45,234353
2019-11-15 11:15:00+05:30,703.45,706.15,703.2,706.15,204359
2019-11-15 11:45:00+05:30,706.0,706.65,705.4,706.0,284751
2019-11-15 12:15:00+05:30,706.0,706.75,705.5,706.2,236062
2019-11-15 12:45:00+05:30,706.2,707.3,706.05,706.65,251747
2019-11-15 13:15:00+05:30,706.7,707.0,705.5,705.65,319581
2019-11-15 13:45:00+05:30,705.65,706.75,705.55,706.75,366614
2019-11-15 14:15:00+05:30,707.0,708.0,705.1,706.3,645079
2019-11-15 14:45:00+05:30,706.3,706.65,702.65,703.1,1684458
2019-11-15 15:15:00+05:30,703.1,705.3,702.95,704.5,1183422
2019-11-18 09:15:00+05:30,705.0,705.7,699.5,700.75,1166899
2019-11-18 09:45:00+05:30,701.0,702.55,700.2,702.0,407500
2019-11-18 10:15:00+05:30,702.0,703.9,700.1,702.8,354489
2019-11-18 10:45:00+05:30,702.8,703.6,702.0,702.05,206850
2019-11-18 11:15:00+05:30,702.05,702.55,701.0,701.5,208284
2019-11-18 11:45:00+05:30,701.5,703.2,701.2,702.5,294139
2019-11-18 12:15:00+05:30,702.5,703.15,701.5,702.55,456660
2019-11-18 12:45:00+05:30,702.55,704.3,702.0,703.95,489129
2019-11-18 13:15:00+05:30,703.95,705.1,702.3,702.4,545891
2019-11-18 13:45:00+05:30,702.45,704.2,702.3,704.0,370956
2019-11-18 14:15:00+05:30,704.0,705.0,702.8,704.6,799699
2019-11-18 14:45:00+05:30,704.2,705.15,703.75,704.75,1190208
2019-11-18 15:15:00+05:30,704.75,709.9,704.2,709.9,974052
2019-11-19 09:15:00+05:30,709.9,712.5,706.0,709.35,1193275
2019-11-19 09:45:00+05:30,709.35,709.65,707.15,708.9,254780
2019-11-19 10:15:00+05:30,708.9,709.95,707.35,709.5,260445
2019-11-19 10:45:00+05:30,709.55,709.6,708.25,708.55,215013
2019-11-19 11:15:00+05:30,708.5,711.0,708.0,709.8,357771
2019-11-19 11:45:00+05:30,709.8,712.0,709.55,711.2,304680
2019-11-19 12:15:00+05:30,711.2,711.95,710.25,711.55,300946
2019-11-19 12:45:00+05:30,711.55,714.0,710.0,712.3,610812
2019-11-19 13:15:00+05:30,712.25,712.9,709.4,709.65,349777
2019-11-19 13:45:00+05:30,709.7,710.25,708.5,709.15,271413
2019-11-19 14:15:00+05:30,709.15,710.4,709.0,709.2,284816
2019-11-19 14:45:00+05:30,709.2,713.35,709.2,713.1,1110332
2019-11-19 15:15:00+05:30,713.1,713.8,712.2,712.85,920560
2019-11-20 09:15:00+05:30,712.8,712.8,705.5,708.35,821893
2019-11-20 09:45:00+05:30,708.5,709.3,707.2,709.3,326139
2019-11-20 10:15:00+05:30,709.3,710.95,708.15,709.75,453026
2019-11-20 10:45:00+05:30,709.75,712.0,709.45,709.7,557425
2019-11-20 11:15:00+05:30,709.7,710.9,708.5,709.8,605665
2019-11-20 11:45:00+05:30,709.8,710.25,709.2,710.05,243363
2019-11-20 12:15:00+05:30,710.0,710.55,709.5,710.5,205767
2019-11-20 12:45:00+05:30,710.55,712.3,710.0,711.5,245029
2019-11-20 13:15:00+05:30,711.5,713.4,710.55,711.2,349535
2019-11-20 13:45:00+05:30,711.2,712.5,711.0,712.3,217379
2019-11-20 14:15:00+05:30,712.25,715.0,712.0,713.35,484163
2019-11-20 14:45:00+05:30,713.35,713.85,711.5,713.25,778431
2019-11-20 15:15:00+05:30,713.2,713.55,711.6,713.0,837509
2019-11-21 09:15:00+05:30,715.5,721.4,711.3,716.95,1531722
2019-11-21 09:45:00+05:30,716.95,717.2,712.15,714.0,452358
2019-11-21 10:15:00+05:30,714.0,715.55,713.5,714.4,509856
2019-11-21 10:45:00+05:30,714.25,714.5,713.0,713.2,227822
2019-11-21 11:15:00+05:30,713.2,714.5,712.4,714.3,283548
2019-11-21 11:45:00+05:30,714.3,715.35,714.0,714.4,250787
2019-11-21 12:15:00+05:30,714.4,715.4,713.95,714.75,216570
2019-11-21 12:45:00+05:30,714.75,715.2,713.55,714.15,404550
2019-11-21 13:15:00+05:30,714.15,715.15,713.0,714.95,502685
2019-11-21 13:45:00+05:30,714.95,716.9,714.2,716.15,470600
2019-11-21 14:15:00+05:30,716.0,718.0,714.5,716.65,773562
2019-11-21 14:45:00+05:30,716.95,717.7,712.75,715.2,1529570
2019-11-21 15:15:00+05:30,715.2,716.05,711.0,711.0,2507499
2019-11-22 09:15:00+05:30,711.75,711.75,687.5,689.5,4235052
2019-11-22 09:45:00+05:30,689.5,693.9,685.1,687.95,2110630
2019-11-22 10:15:00+05:30,688.0,692.25,686.5,691.65,1451517
2019-11-22 10:45:00+05:30,691.65,695.25,690.2,694.6,917573
2019-11-22 11:15:00+05:30,694.65,695.9,692.1,692.6,618932
2019-11-22 11:45:00+05:30,692.6,694.0,691.1,692.0,383025
2019-11-22 12:15:00+05:30,692.2,692.6,690.5,691.25,287286
2019-11-22 12:45:00+05:30,691.25,692.5,689.7,690.95,391085
2019-11-22 13:15:00+05:30,690.75,693.5,690.0,691.25,465920
2019-11-22 13:45:00+05:30,691.15,692.75,690.85,692.35,323622
2019-11-22 14:15:00+05:30,692.35,692.5,691.05,692.1,449416
2019-11-22 14:45:00+05:30,692.05,692.45,691.0,692.3,1195531
2019-11-22 15:15:00+05:30,692.35,695.45,691.5,692.95,1559085
2019-11-25 09:15:00+05:30,693.35,705.0,693.35,698.25,1748599
2019-11-25 09:45:00+05:30,698.3,700.75,696.45,697.0,411143
2019-11-25 10:15:00+05:30,697.0,698.7,694.3,697.0,482358
2019-11-25 10:45:00+05:30,697.0,697.65,695.2,696.3,289653
2019-11-25 11:15:00+05:30,696.3,698.0,695.5,697.4,273772
2019-11-25 11:45:00+05:30,697.4,697.6,695.05,695.55,252841
2019-11-25 12:15:00+05:30,695.6,698.5,695.2,696.6,484236
2019-11-25 12:45:00+05:30,696.6,696.95,695.0,695.6,329017
2019-11-25 13:15:00+05:30,695.65,698.0,695.5,696.65,384118
2019-11-25 13:45:00+05:30,696.7,697.9,696.0,697.9,458234
2019-11-25 14:15:00+05:30,697.75,697.95,696.5,696.55,415682
2019-11-25 14:45:00+05:30,696.6,698.65,696.55,698.65,858920
2019-11-25 15:15:00+05:30,698.65,699.0,697.6,699.0,930325
2019-11-26 09:15:00+05:30,705.0,707.2,701.6,704.9,1155917
2019-11-26 09:45:00+05:30,704.95,705.7,702.0,702.75,670131
2019-11-26 10:15:00+05:30,702.75,704.0,701.3,701.4,326585
2019-11-26 10:45:00+05:30,701.85,703.45,701.85,702.45,227402
2019-11-26 11:15:00+05:30,702.45,703.25,701.1,701.7,347415
2019-11-26 11:45:00+05:30,701.75,702.5,700.05,700.2,353854
2019-11-26 12:15:00+05:30,700.2,701.0,698.0,700.65,475520
2019-11-26 12:45:00+05:30,700.6,701.3,700.35,700.85,231940
2019-11-26 13:15:00+05:30,700.85,702.15,700.75,701.1,354129
2019-11-26 13:45:00+05:30,701.2,701.85,698.5,700.05,565534
2019-11-26 14:15:00+05:30,700.05,700.05,694.8,696.2,1264123
2019-11-26 14:45:00+05:30,696.2,697.2,688.75,688.8,11316848
2019-11-26 15:15:00+05:30,688.75,693.0,686.0,692.6,9944414
2019-11-27 09:15:00+05:30,694.25,696.0,690.1,695.3,1043638
2019-11-27 09:45:00+05:30,695.3,695.5,693.0,694.0,284684
2019-11-27 10:15:00+05:30,694.0,695.45,692.6,694.35,270221
2019-11-27 10:45:00+05:30,694.35,694.35,692.9,693.4,154532
2019-11-27 11:15:00+05:30,693.45,695.0,692.95,694.75,133810
2019-11-27 11:45:00+05:30,694.75,694.75,693.6,694.05,159421
2019-11-27 12:15:00+05:30,694.25,694.9,693.8,694.45,121713
2019-11-27 12:45:00+05:30,694.35,694.7,693.7,693.8,84898
2019-11-27 13:15:00+05:30,693.8,694.5,693.6,693.95,126609
2019-11-27 13:45:00+05:30,694.0,694.25,693.0,693.6,172571
2019-11-27 14:15:00+05:30,693.65,694.5,693.45,694.1,164987
2019-11-27 14:45:00+05:30,694.2,696.7,693.25,695.55,687558
2019-11-27 15:15:00+05:30,695.55,697.6,695.45,696.1,438072
2019-11-28 09:15:00+05:30,699.1,699.4,695.75,697.1,634746
2019-11-28 09:45:00+05:30,697.1,697.5,696.0,696.75,251879
2019-11-28 10:15:00+05:30,696.75,697.25,696.0,696.2,199204
2019-11-28 10:45:00+05:30,696.2,696.5,694.2,696.5,284454
2019-11-28 11:15:00+05:30,696.5,697.3,696.0,696.85,145520
2019-11-28 11:45:00+05:30,696.85,698.7,696.35,698.3,289057
2019-11-28 12:15:00+05:30,698.3,698.9,697.65,698.45,160537
2019-11-28 12:45:00+05:30,698.45,698.65,697.2,697.9,193243
2019-11-28 13:15:00+05:30,697.9,698.0,695.5,695.9,285722
2019-11-28 13:45:00+05:30,695.9,696.4,694.5,696.1,256873
2019-11-28 14:15:00+05:30,696.1,700.15,695.2,697.6,507369
2019-11-28 14:45:00+05:30,697.75,703.25,697.1,701.4,937370
2019-11-28 15:15:00+05:30,701.3,703.0,700.9,701.45,682558
2019-11-29 09:15:00+05:30,700.9,702.2,696.1,698.1,472617
2019-11-29 09:45:00+05:30,698.1,698.4,696.6,696.95,210017
2019-11-29 10:15:00+05:30,696.95,697.95,695.05,695.2,308476
2019-11-29 10:45:00+05:30,695.25,696.6,695.0,696.6,190803
2019-11-29 11:15:00+05:30,696.5,696.95,693.4,693.45,305006
2019-11-29 11:45:00+05:30,693.4,694.0,691.6,693.8,300817
2019-11-29 12:15:00+05:30,693.75,694.55,692.7,694.3,159745
2019-11-29 12:45:00+05:30,694.3,695.0,694.0,694.3,167092
2019-11-29 13:15:00+05:30,694.3,694.85,694.0,694.45,185599
2019-11-29 13:45:00+05:30,694.45,695.9,693.45,695.0,264756
2019-11-29 14:15:00+05:30,695.05,695.6,694.5,695.5,245982
2019-11-29 14:45:00+05:30,695.5,697.9,694.05,696.15,821809
2019-11-29 15:15:00+05:30,696.15,696.5,695.05,696.0,566499
2019-12-02 09:15:00+05:30,703.1,703.95,696.75,696.95,912340
2019-12-02 09:45:00+05:30,696.95,697.85,694.3,694.55,610485
2019-12-02 10:15:00+05:30,694.6,694.75,691.85,692.0,758463
2019-12-02 10:45:00+05:30,692.1,693.95,691.8,692.9,688285
2019-12-02 11:15:00+05:30,693.0,694.85,692.4,694.0,620221
2019-12-02 11:45:00+05:30,694.0,694.25,693.5,694.0,679122
2019-12-02 12:15:00+05:30,694.0,694.0,692.05,692.15,441630
2019-12-02 12:45:00+05:30,692.15,692.15,690.4,690.75,616188
2019-12-02 13:15:00+05:30,690.75,692.75,690.3,692.25,638919
2019-12-02 13:45:00+05:30,692.25,693.3,690.65,692.4,738263
2019-12-02 14:15:00+05:30,692.35,692.8,691.0,692.6,582748
2019-12-02 14:45:00+05:30,692.5,693.75,692.0,692.95,1160920
2019-12-02 15:15:00+05:30,692.9,692.95,691.8,692.75,913059
2019-12-03 09:15:00+05:30,692.7,694.0,688.85,692.85,665392
2019-12-03 09:45:00+05:30,692.85,696.0,690.7,695.65,475003
2019-12-03 10:15:00+05:30,695.75,696.15,694.05,695.15,379882
2019-12-03 10:45:00+05:30,695.05,699.0,694.0,698.3,468167
2019-12-03 11:15:00+05:30,698.2,698.7,697.0,697.3,525894
2019-12-03 11:45:00+05:30,697.45,698.3,695.5,697.1,296250
2019-12-03 12:15:00+05:30,697.1,698.0,696.4,696.75,213011
2019-12-03 12:45:00+05:30,696.75,697.45,695.75,697.0,258574
2019-12-03 13:15:00+05:30,697.1,699.55,696.3,697.85,307076
2019-12-03 13:45:00+05:30,697.95,698.25,696.6,698.0,306934
2019-12-03 14:15:00+05:30,697.85,698.5,696.6,698.0,317012
2019-12-03 14:45:00+05:30,698.0,699.1,696.55,697.4,598599
2019-12-03 15:15:00+05:30,697.5,699.2,697.25,699.0,419959
2019-12-04 09:15:00+05:30,697.0,705.8,693.5,705.6,1303559
2019-12-04 09:45:00+05:30,705.4,706.0,702.25,702.75,499262
2019-12-04 10:15:00+05:30,702.65,704.0,701.35,701.95,309347
2019-12-04 10:45:00+05:30,701.95,703.45,701.5,703.0,176256
2019-12-04 11:15:00+05:30,703.0,704.0,702.8,703.7,189008
2019-12-04 11:45:00+05:30,703.7,703.95,703.25,703.85,170707
2019-12-04 12:15:00+05:30,703.85,704.5,701.7,701.95,257278
2019-12-04 12:45:00+05:30,702.15,704.7,701.9,704.35,221372
2019-12-04 13:15:00+05:30,704.35,705.0,703.15,704.55,379339
2019-12-04 13:45:00+05:30,704.55,708.0,704.5,707.8,568016
2019-12-04 14:15:00+05:30,707.85,710.5,707.3,708.8,1423103
2019-12-04 14:45:00+05:30,708.8,710.0,707.95,708.8,1122959
2019-12-04 15:15:00+05:30,708.8,709.4,707.3,708.25,795758
2019-12-05 09:15:00+05:30,706.45,711.95,704.0,711.7,644642
2019-12-05 09:45:00+05:30,711.7,712.65,709.2,711.6,394234
2019-12-05 10:15:00+05:30,711.55,711.6,708.0,708.85,187281
2019-12-05 10:45:00+05:30,708.85,710.5,708.25,709.75,140706
2019-12-05 11:15:00+05:30,709.75,709.95,708.45,709.1,99608
2019-12-05 11:45:00+05:30,709.3,711.6,706.1,711.1,335882
2019-12-05 12:15:00+05:30,711.3,711.4,708.7,710.75,239302
2019-12-05 12:45:00+05:30,710.5,714.0,710.25,713.95,316074
2019-12-05 13:15:00+05:30,713.85,715.65,712.15,712.6,498794
2019-12-05 13:45:00+05:30,712.5,714.35,712.2,713.5,191433
2019-12-05 14:15:00+05:30,713.5,715.45,712.9,713.25,385692
2019-12-05 14:45:00+05:30,713.25,715.9,712.55,715.4,785125
2019-12-05 15:15:00+05:30,715.35,715.8,714.0,714.1,580984
2019-12-06 09:15:00+05:30,715.95,715.95,709.7,710.35,543946
2019-12-06 09:45:00+05:30,710.05,712.5,709.75,711.1,176388
2019-12-06 10:15:00+05:30,711.3,713.5,710.8,711.05,140063
2019-12-06 10:45:00+05:30,710.8,714.35,710.8,713.35,228292
2019-12-06 11:15:00+05:30,713.4,714.8,713.1,714.0,263739
2019-12-06 11:45:00+05:30,714.0,714.45,713.25,714.0,161891
2019-12-06 12:15:00+05:30,714.0,717.7,714.0,717.1,408532
2019-12-06 12:45:00+05:30,717.3,720.0,716.2,719.15,760553
2019-12-06 13:15:00+05:30,719.15,719.35,716.5,716.9,337354
2019-12-06 13:45:00+05:30,717.0,717.4,713.9,716.3,493248
2019-12-06 14:15:00+05:30,716.3,718.3,714.5,718.0,473848
2019-12-06 14:45:00+05:30,718.0,718.8,714.3,714.35,698512
2019-12-06 15:15:00+05:30,714.4,715.5,713.7,714.5,519788
2019-12-09 09:15:00+05:30,716.0,721.1,714.9,716.45,943606
2019-12-09 09:45:00+05:30,716.45,720.55,715.0,720.4,922490
2019-12-09 10:15:00+05:30,720.3,722.3,717.75,717.95,893391
2019-12-09 10:45:00+05:30,718.0,721.3,717.75,720.7,394675
2019-12-09 11:15:00+05:30,720.6,721.9,719.6,719.95,387549
2019-12-09 11:45:00+05:30,719.9,720.9,719.4,719.6,144716
2019-12-09 12:15:00+05:30,719.45,721.5,719.35,721.0,164301
2019-12-09 12:45:00+05:30,721.0,721.35,719.6,720.5,168593
2019-12-09 13:15:00+05:30,720.6,720.75,719.35,720.0,208835
2019-12-09 13:45:00+05:30,720.0,720.0,715.3,716.8,459883
2019-12-09 14:15:00+05:30,716.85,718.5,716.05,717.8,248808
2019-12-09 14:45:00+05:30,717.8,718.5,716.2,717.55,714627
2019-12-09 15:15:00+05:30,717.6,718.05,715.6,716.05,769116
2019-12-10 09:15:00+05:30,713.0,714.5,710.1,714.25,732491
2019-12-10 09:45:00+05:30,714.35,718.5,713.2,718.25,520072
2019-12-10 10:15:00+05:30,718.25,718.35,716.55,717.65,455971
2019-12-10 10:45:00+05:30,717.65,718.0,715.95,716.3,161514
2019-12-10 11:15:00+05:30,716.2,717.5,715.55,717.2,317274
2019-12-10 11:45:00+05:30,717.1,717.35,713.6,715.3,230977
2019-12-10 12:15:00+05:30,715.3,716.5,714.6,714.8,156461
2019-12-10 12:45:00+05:30,714.8,716.25,714.6,715.1,171336
2019-12-10 13:15:00+05:30,715.35,717.0,714.7,716.25,220341
2019-12-10 13:45:00+05:30,716.3,717.45,715.65,716.3,332081
2019-12-10 14:15:00+05:30,716.3,717.15,715.05,715.9,274644
2019-12-10 14:45:00+05:30,715.9,716.2,714.3,714.3,458972
2019-12-10 15:15:00+05:30,714.35,715.0,713.1,713.45,410011
2019-12-11 09:15:00+05:30,716.6,722.65,713.2,719.8,807995
2019-12-11 09:45:00+05:30,719.8,720.6,715.8,717.65,447147
2019-12-11 10:15:00+05:30,717.6,717.9,714.3,715.1,380660
2019-12-11 10:45:00+05:30,715.0,715.65,713.6,714.1,215461
2019-12-11 11:15:00+05:30,714.1,716.25,714.0,714.7,160908
2019-12-11 11:45:00+05:30,714.55,715.7,714.45,715.0,208145
2019-12-11 12:15:00+05:30,715.0,716.05,714.75,715.05,183533
2019-12-11 12:45:00+05:30,715.0,717.0,714.35,716.75,254914
2019-12-11 13:15:00+05:30,716.85,717.75,716.7,716.8,285542
2019-12-11 13:45:00+05:30,716.8,717.75,716.7,716.8,317553
2019-12-11 14:15:00+05:30,716.8,719.0,716.7,718.4,417653
2019-12-11 14:45:00+05:30,718.45,721.8,718.4,721.1,1378976
2019-12-11 15:15:00+05:30,721.0,721.6,720.0,720.0,979354
2019-12-12 09:15:00+05:30,718.5,720.35,716.1,718.85,613095
2019-12-12 09:45:00+05:30,719.05,720.55,718.5,719.95,250458
2019-12-12 10:15:00+05:30,719.95,719.95,718.5,718.8,175925
2019-12-12 10:45:00+05:30,718.8,718.85,706.55,708.75,1275002
2019-12-12 11:15:00+05:30,709.0,709.85,702.45,705.9,1397544
2019-12-12 11:45:00+05:30,705.9,710.2,704.3,704.85,911105
2019-12-12 12:15:00+05:30,704.85,707.0,701.15,701.6,980424
2019-12-12 12:45:00+05:30,701.75,703.6,699.65,702.65,1227798
2019-12-12 13:15:00+05:30,702.7,703.5,702.05,703.25,426161
2019-12-12 13:45:00+05:30,703.0,704.9,703.0,704.7,486899
2019-12-12 14:15:00+05:30,704.75,706.35,702.5,703.0,691113
2019-12-12 14:45:00+05:30,703.0,704.9,700.0,701.7,1347566
2019-12-12 15:15:00+05:30,701.5,703.25,701.1,702.1,1314978
2019-12-13 09:15:00+05:30,700.6,711.6,700.35,710.05,2244699
2019-12-13 09:45:00+05:30,710.0,711.65,705.5,705.55,1391374
2019-12-13 10:15:00+05:30,705.7,707.5,704.65,705.7,459441
2019-12-13 10:45:00+05:30,705.75,708.0,705.7,707.2,509719
2019-12-13 11:15:00+05:30,707.15,709.25,706.75,709.2,386396
2019-12-13 11:45:00+05:30,709.2,710.25,708.0,709.05,557504
2019-12-13 12:15:00+05:30,709.1,709.8,708.1,709.35,273390
2019-12-13 12:45:00+05:30,709.4,709.5,708.4,708.9,327035
2019-12-13 13:15:00+05:30,708.9,710.45,708.9,710.2,481537
2019-12-13 13:45:00+05:30,710.05,710.9,709.0,709.55,391799
2019-12-13 14:15:00+05:30,709.5,712.9,709.15,711.9,875318
2019-12-13 14:45:00+05:30,711.9,712.6,709.65,711.2,1227579
2019-12-13 15:15:00+05:30,711.2,712.0,709.65,711.5,1097953
2019-12-16 09:15:00+05:30,712.3,716.7,710.2,714.5,652400
2019-12-16 09:45:00+05:30,714.5,715.7,714.2,715.3,281101
2019-12-16 10:15:00+05:30,715.3,716.0,714.25,714.95,161732
2019-12-16 10:45:00+05:30,714.95,717.7,714.8,717.5,347722
2019-12-16 11:15:00+05:30,717.5,717.9,716.6,716.85,246012
2019-12-16 11:45:00+05:30,716.85,717.0,715.25,716.7,195766
2019-12-16 12:15:00+05:30,716.7,717.75,715.95,717.4,186145
2019-12-16 12:45:00+05:30,717.65,719.6,717.1,719.6,481892
2019-12-16 13:15:00+05:30,719.6,720.2,718.9,719.75,450181
2019-12-16 13:45:00+05:30,719.75,719.85,717.5,718.8,215097
2019-12-16 14:15:00+05:30,718.8,719.5,717.15,717.4,339745
2019-12-16 14:45:00+05:30,717.15,718.0,712.3,713.65,1098404
2019-12-16 15:15:00+05:30,713.65,715.0,713.4,714.25,950017
2019-12-17 09:15:00+05:30,719.7,724.75,715.1,724.0,1496717
2019-12-17 09:45:00+05:30,723.95,728.0,723.85,725.85,1257987
2019-12-17 10:15:00+05:30,725.85,727.8,725.0,727.5,599743
2019-12-17 10:45:00+05:30,727.5,729.15,725.2,725.2,894656
2019-12-17 11:15:00+05:30,725.2,726.2,723.15,723.9,644273
2019-12-17 11:45:00+05:30,723.9,727.0,723.9,726.75,417359
2019-12-17 12:15:00+05:30,726.75,726.85,725.75,726.55,268510
2019-12-17 12:45:00+05:30,726.5,727.75,724.95,725.15,439035
2019-12-17 13:15:00+05:30,725.15,728.6,725.15,727.35,577063
2019-12-17 13:45:00+05:30,727.4,728.5,727.1,728.0,399303
2019-12-17 14:15:00+05:30,728.0,728.8,727.2,727.85,483581
2019-12-17 14:45:00+05:30,727.85,730.0,726.35,729.9,1500411
2019-12-17 15:15:00+05:30,729.9,731.25,728.95,730.5,1492984
2019-12-18 09:15:00+05:30,731.0,736.7,731.0,732.95,1415597
2019-12-18 09:45:00+05:30,732.95,737.05,732.85,735.95,908754
2019-12-18 10:15:00+05:30,735.95,736.6,734.05,735.75,428761
2019-12-18 10:45:00+05:30,735.6,736.25,734.8,735.3,382482
2019-12-18 11:15:00+05:30,735.3,735.8,732.45,733.85,2750330
2019-12-18 11:45:00+05:30,733.85,734.0,728.3,730.8,497122
2019-12-18 12:15:00+05:30,731.0,731.75,728.15,730.05,550728
2019-12-18 12:45:00+05:30,730.15,731.4,728.8,729.15,366605
2019-12-18 13:15:00+05:30,729.2,729.6,726.5,729.2,576217
2019-12-18 13:45:00+05:30,729.1,729.95,725.25,726.2,578105
2019-12-18 14:15:00+05:30,726.35,726.45,724.25,725.0,711688
2019-12-18 14:45:00+05:30,724.95,733.9,723.05,733.85,1846414
2019-12-18 15:15:00+05:30,733.8,735.5,732.95,734.0,1177577
2019-12-19 09:15:00+05:30,733.5,735.95,729.05,729.3,800789
2019-12-19 09:45:00+05:30,729.35,729.65,725.65,726.7,532602
2019-12-19 10:15:00+05:30,726.7,727.0,724.6,726.15,517655
2019-12-19 10:45:00+05:30,726.05,727.4,724.7,726.55,325791
2019-12-19 11:15:00+05:30,726.55,733.0,726.25,730.5,783517
2019-12-19 11:45:00+05:30,730.3,731.7,729.1,729.7,435434
2019-12-19 12:15:00+05:30,729.75,730.7,728.6,730.55,548898
2019-12-19 12:45:00+05:30,730.4,731.45,728.45,728.6,537401
2019-12-19 13:15:00+05:30,728.65,729.9,728.0,729.2,184058
2019-12-19 13:45:00+05:30,729.2,729.95,728.65,729.0,488150
2019-12-19 14:15:00+05:30,729.0,731.45,728.9,729.9,278960
2019-12-19 14:45:00+05:30,729.9,731.3,729.0,731.2,1048734
2019-12-19 15:15:00+05:30,731.25,732.9,730.45,732.0,699711
2019-12-20 09:15:00+05:30,731.0,735.0,731.0,734.5,703948
2019-12-20 09:45:00+05:30,734.35,734.55,731.55,731.85,239210
2019-12-20 10:15:00+05:30,731.85,732.85,731.0,731.9,192560
2019-12-20 10:45:00+05:30,731.9,733.5,729.95,730.45,408442
2019-12-20 11:15:00+05:30,730.45,731.5,729.5,730.95,262681
2019-12-20 11:45:00+05:30,730.95,731.55,730.55,731.0,171237
2019-12-20 12:15:00+05:30,731.0,731.25,730.5,731.0,155057
2019-12-20 12:45:00+05:30,731.0,732.25,730.45,730.55,390823
2019-12-20 13:15:00+05:30,730.5,731.8,728.65,730.0,359349
2019-12-20 13:45:00+05:30,730.0,730.35,728.25,729.9,243338
2019-12-20 14:15:00+05:30,729.9,730.5,728.55,729.05,278517
2019-12-20 14:45:00+05:30,729.05,733.45,729.0,732.0,2083550
2019-12-20 15:15:00+05:30,732.4,733.0,730.0,730.0,2276842
2019-12-23 09:15:00+05:30,732.15,735.7,731.65,733.6,548576
2019-12-23 09:45:00+05:30,733.6,737.15,733.4,736.1,424808
2019-12-23 10:15:00+05:30,736.15,736.6,734.15,735.95,259301
2019-12-23 10:45:00+05:30,736.0,736.4,735.0,735.8,150324
2019-12-23 11:15:00+05:30,735.75,735.85,734.1,735.0,162706
2019-12-23 11:45:00+05:30,735.0,735.0,733.1,734.4,147431
2019-12-23 12:15:00+05:30,734.15,735.05,734.1,734.1,167943
2019-12-23 12:45:00+05:30,734.1,734.75,731.8,733.6,328654
2019-12-23 13:15:00+05:30,733.6,734.3,732.1,733.65,249105
2019-12-23 13:45:00+05:30,733.8,734.35,732.65,733.25,699409
2019-12-23 14:15:00+05:30,733.35,734.1,732.0,732.55,474813
2019-12-23 14:45:00+05:30,732.5,736.55,732.45,735.9,782185
2019-12-23 15:15:00+05:30,735.9,736.5,735.3,735.95,564325
2019-12-24 09:15:00+05:30,736.95,736.95,731.8,733.65,382846
2019-12-24 09:45:00+05:30,733.5,733.85,732.15,732.65,131454
2019-12-24 10:15:00+05:30,732.65,732.7,730.2,732.0,238781
2019-12-24 10:45:00+05:30,732.0,732.0,728.3,730.4,211016
2019-12-24 11:15:00+05:30,730.35,731.45,730.0,731.4,118988
2019-12-24 11:45:00+05:30,731.35,732.5,730.85,731.6,180691
2019-12-24 12:15:00+05:30,731.6,731.95,730.8,731.85,105882
2019-12-24 12:45:00+05:30,731.9,732.4,731.2,731.9,125283
2019-12-24 13:15:00+05:30,731.9,733.8,731.75,733.05,212828
2019-12-24 13:45:00+05:30,733.0,734.95,732.8,733.55,198619
2019-12-24 14:15:00+05:30,733.8,734.4,732.85,734.2,227942
2019-12-24 14:45:00+05:30,734.2,734.95,732.0,732.9,412327
2019-12-24 15:15:00+05:30,732.9,734.9,732.6,734.25,332986
2019-12-26 09:15:00+05:30,732.0,732.85,729.05,730.35,301924
2019-12-26 09:45:00+05:30,730.35,730.7,729.15,729.5,432172
2019-12-26 10:15:00+05:30,729.45,731.5,729.45,730.2,296247
2019-12-26 10:45:00+05:30,730.2,731.45,730.0,730.7,289241
2019-12-26 11:15:00+05:30,730.7,731.75,730.25,731.15,220193
2019-12-26 11:45:00+05:30,731.1,732.5,730.5,730.75,115765
2019-12-26 12:15:00+05:30,730.75,731.0,729.4,730.5,78509
2019-12-26 12:45:00+05:30,730.45,731.4,730.15,731.0,85276
2019-12-26 13:15:00+05:30,731.0,732.85,730.7,732.5,130709
2019-12-26 13:45:00+05:30,732.4,734.55,732.0,734.0,289805
2019-12-26 14:15:00+05:30,734.0,734.0,731.1,731.1,187337
2019-12-26 14:45:00+05:30,731.4,731.75,727.0,727.6,735426
2019-12-26 15:15:00+05:30,728.25,733.3,727.6,729.25,647070
2019-12-27 09:15:00+05:30,729.75,732.0,728.85,730.4,303096
2019-12-27 09:45:00+05:30,730.4,732.35,729.7,731.2,138453
2019-12-27 10:15:00+05:30,731.45,733.0,730.0,732.3,278878
2019-12-27 10:45:00+05:30,732.3,734.0,731.3,734.0,237960
2019-12-27 11:15:00+05:30,734.0,734.35,732.6,733.5,106220
2019-12-27 11:45:00+05:30,733.45,734.85,733.0,734.6,104449
2019-12-27 12:15:00+05:30,734.6,734.9,733.2,734.0,85969
2019-12-27 12:45:00+05:30,734.0,734.5,732.6,734.35,116739
2019-12-27 13:15:00+05:30,734.35,735.0,734.05,735.0,185307
2019-12-27 13:45:00+05:30,735.0,736.0,732.75,734.4,368742
2019-12-27 14:15:00+05:30,734.45,734.95,733.0,734.3,99395
2019-12-27 14:45:00+05:30,734.3,737.2,733.9,736.35,761421
2019-12-27 15:15:00+05:30,736.3,737.45,736.3,736.55,602125
2019-12-30 09:15:00+05:30,736.1,737.2,734.25,735.75,600548
2019-12-30 09:45:00+05:30,735.65,735.85,733.35,733.6,291476
2019-12-30 10:15:00+05:30,733.55,736.0,733.35,734.1,238563
2019-12-30 10:45:00+05:30,734.1,736.0,733.6,734.0,309950
2019-12-30 11:15:00+05:30,734.0,735.45,731.9,733.0,674940
2019-12-30 11:45:00+05:30,732.9,733.25,732.4,732.6,205754
2019-12-30 12:15:00+05:30,732.55,733.0,730.65,731.0,279837
2019-12-30 12:45:00+05:30,730.95,732.6,730.2,732.25,292811
2019-12-30 13:15:00+05:30,732.25,732.3,730.1,730.65,349977
2019-12-30 13:45:00+05:30,730.6,730.85,728.0,728.45,492301
2019-12-30 14:15:00+05:30,728.45,729.8,727.3,728.65,404775
2019-12-30 14:45:00+05:30,728.65,734.0,728.45,733.55,737334
2019-12-30 15:15:00+05:30,733.5,733.65,732.3,732.5,480467
2019-12-31 09:15:00+05:30,729.7,731.35,728.0,728.0,376507
2019-12-31 09:45:00+05:30,728.0,728.1,725.45,725.65,422429
2019-12-31 10:15:00+05:30,725.7,731.5,725.6,730.0,588908
2019-12-31 10:45:00+05:30,730.0,733.5,729.4,733.0,401089
2019-12-31 11:15:00+05:30,733.1,736.3,731.5,735.4,529231
2019-12-31 11:45:00+05:30,735.4,737.05,735.05,735.85,671126
2019-12-31 12:15:00+05:30,736.1,736.2,735.0,735.4,203105
2019-12-31 12:45:00+05:30,735.2,736.8,734.3,736.15,194069
2019-12-31 13:15:00+05:30,736.15,737.0,735.05,735.8,311813
2019-12-31 13:45:00+05:30,735.8,736.6,734.55,736.4,275125
2019-12-31 14:15:00+05:30,736.4,736.8,734.75,736.05,410116
2019-12-31 14:45:00+05:30,736.0,737.0,729.9,730.3,1613992
2019-12-31 15:15:00+05:30,730.3,732.9,729.6,732.0,918761
2020-01-01 09:15:00+05:30,735.0,739.3,732.55,734.3,366748
2020-01-01 09:45:00+05:30,734.3,736.0,733.45,735.2,137319
2020-01-01 10:15:00+05:30,735.45,736.45,734.5,735.35,104211
2020-01-01 10:45:00+05:30,735.35,736.05,733.1,734.35,246368
2020-01-01 11:15:00+05:30,734.35,735.3,733.6,734.35,79558
2020-01-01 11:45:00+05:30,734.35,735.0,734.1,734.6,81793
2020-01-01 12:15:00+05:30,734.6,734.9,733.65,734.75,91598
2020-01-01 12:45:00+05:30,734.75,734.85,734.2,734.25,54291
2020-01-01 13:15:00+05:30,734.5,734.85,733.3,734.6,88161
2020-01-01 13:45:00+05:30,734.6,735.9,733.8,735.55,116455
2020-01-01 14:15:00+05:30,735.5,736.0,735.45,735.85,113532
2020-01-01 14:45:00+05:30,735.85,737.45,735.5,736.4,300415
2020-01-01 15:15:00+05:30,736.5,739.95,735.5,739.35,325706
2020-01-02 09:15:00+05:30,738.9,740.25,738.05,739.3,627221
2020-01-02 09:45:00+05:30,739.25,739.4,737.6,738.6,213260
2020-01-02 10:15:00+05:30,738.5,739.0,736.3,737.0,215106
2020-01-02 10:45:00+05:30,736.95,737.85,736.25,737.0,152176
2020-01-02 11:15:00+05:30,736.95,739.4,736.7,739.1,258248
2020-01-02 11:45:00+05:30,739.0,739.25,737.2,737.6,405851
2020-01-02 12:15:00+05:30,737.65,737.9,735.5,736.0,211504
2020-01-02 12:45:00+05:30,736.0,736.35,734.2,734.5,223350
2020-01-02 13:15:00+05:30,734.5,736.0,732.55,734.5,763772
2020-01-02 13:45:00+05:30,734.5,735.85,734.0,734.15,197478
2020-01-02 14:15:00+05:30,734.15,735.45,733.15,734.05,254466
2020-01-02 14:45:00+05:30,734.05,735.45,731.4,735.3,1715973
2020-01-02 15:15:00+05:30,735.3,735.95,734.3,735.8,410055
2020-01-03 09:15:00+05:30,733.9,744.0,733.9,742.85,1189218
2020-01-03 09:45:00+05:30,742.9,747.2,742.85,745.4,1526125
2020-01-03 10:15:00+05:30,745.3,745.7,743.2,744.1,546433
2020-01-03 10:45:00+05:30,744.1,746.5,744.0,745.4,474967
2020-01-03 11:15:00+05:30,745.4,745.75,744.2,745.15,270259
2020-01-03 11:45:00+05:30,745.15,745.7,744.65,745.0,320154
2020-01-03 12:15:00+05:30,745.0,745.75,744.55,745.35,217306
2020-01-03 12:45:00+05:30,745.45,746.65,744.65,745.9,314558
2020-01-03 13:15:00+05:30,745.9,746.15,745.0,745.55,273700
2020-01-03 13:45:00+05:30,745.55,748.0,745.2,745.7,669998
2020-01-03 14:15:00+05:30,745.9,746.1,744.45,745.0,528813
2020-01-03 14:45:00+05:30,745.0,747.5,744.5,745.5,831160
2020-01-03 15:15:00+05:30,745.7,746.45,745.0,745.0,704724
2020-01-06 09:15:00+05:30,746.1,753.75,739.7,742.9,2022300
2020-01-06 09:45:00+05:30,743.15,744.35,736.6,742.9,785200
2020-01-06 10:15:00+05:30,742.7,745.75,742.15,745.4,342385
2020-01-06 10:45:00+05:30,745.45,745.45,743.0,744.2,265662
2020-01-06 11:15:00+05:30,744.2,744.4,741.2,743.85,225043
2020-01-06 11:45:00+05:30,743.75,744.05,742.25,742.7,192754
2020-01-06 12:15:00+05:30,743.0,744.75,742.6,743.0,184875
2020-01-06 12:45:00+05:30,743.0,743.7,742.1,743.0,181510
2020-01-06 13:15:00+05:30,743.1,743.2,742.25,742.35,129356
2020-01-06 13:45:00+05:30,742.4,742.7,738.75,738.9,509615
2020-01-06 14:15:00+05:30,739.0,740.0,738.5,739.05,369147
2020-01-06 14:45:00+05:30,739.05,740.45,737.8,738.95,655394
2020-01-06 15:15:00+05:30,739.0,739.7,737.2,738.5,637916
2020-01-07 09:15:00+05:30,738.0,741.55,725.7,740.9,1532746
2020-01-07 09:45:00+05:30,740.95,742.45,739.0,740.6,535710
2020-01-07 10:15:00+05:30,740.6,740.6,737.5,740.0,468733
2020-01-07 10:45:00+05:30,739.8,742.5,739.8,740.7,426116
2020-01-07 11:15:00+05:30,740.7,740.7,739.5,740.25,213712
2020-01-07 11:45:00+05:30,740.25,740.35,739.1,739.55,176206
2020-01-07 12:15:00+05:30,739.55,741.75,739.5,741.45,269564
2020-01-07 12:45:00+05:30,741.45,741.9,738.15,738.45,320990
2020-01-07 13:15:00+05:30,738.45,738.5,735.55,736.15,468238
2020-01-07 13:45:00+05:30,736.15,736.3,733.1,734.25,612538
2020-01-07 14:15:00+05:30,734.25,734.85,730.35,731.85,608924
2020-01-07 14:45:00+05:30,731.8,731.8,725.15,727.05,1284677
2020-01-07 15:15:00+05:30,727.15,730.8,725.55,728.6,959263
2020-01-08 09:15:00+05:30,724.95,728.9,722.7,727.0,944929
2020-01-08 09:45:00+05:30,727.0,727.25,723.35,723.9,779973
2020-01-08 10:15:00+05:30,723.9,724.6,719.1,720.35,626830
2020-01-08 10:45:00+05:30,720.35,720.7,710.75,712.0,1261066
2020-01-08 11:15:00+05:30,712.1,714.6,708.4,713.95,1005887
2020-01-08 11:45:00+05:30,713.9,716.65,713.9,714.85,635152
2020-01-08 12:15:00+05:30,714.8,717.55,713.35,716.35,450166
2020-01-08 12:45:00+05:30,716.35,717.4,715.0,715.45,276675
2020-01-08 13:15:00+05:30,715.4,716.3,714.5,715.15,212795
2020-01-08 13:45:00+05:30,715.1,715.5,714.35,715.05,251599
2020-01-08 14:15:00+05:30,715.05,716.9,713.1,715.95,567745
2020-01-08 14:45:00+05:30,715.9,718.9,715.7,718.5,845627
2020-01-08 15:15:00+05:30,718.25,719.3,717.4,718.9,748685
2020-01-09 09:15:00+05:30,721.7,726.8,721.35,722.8,947719
2020-01-09 09:45:00+05:30,722.7,725.95,714.35,725.85,1819637
2020-01-09 10:15:00+05:30,725.7,728.8,724.2,726.15,1366536
2020-01-09 10:45:00+05:30,726.3,727.95,725.0,727.4,528442
2020-01-09 11:15:00+05:30,727.4,730.9,726.05,729.7,654665
2020-01-09 11:45:00+05:30,729.65,731.45,728.3,729.0,470391
2020-01-09 12:15:00+05:30,728.95,729.95,727.05,727.4,278194
2020-01-09 12:45:00+05:30,727.5,728.4,726.45,728.2,470119
2020-01-09 13:15:00+05:30,728.2,728.5,725.6,726.6,457946
2020-01-09 13:45:00+05:30,726.35,727.0,723.9,724.5,436392
2020-01-09 14:15:00+05:30,724.5,725.75,723.4,723.4,590266
2020-01-09 14:45:00+05:30,723.4,728.6,722.5,728.0,4762635
2020-01-09 15:15:00+05:30,728.2,728.35,727.0,727.6,724891
2020-01-10 09:15:00+05:30,740.45,740.45,733.15,738.65,1907852
2020-01-10 09:45:00+05:30,738.65,739.05,730.5,732.8,1227550
2020-01-10 10:15:00+05:30,732.75,735.4,731.35,734.6,542647
2020-01-10 10:45:00+05:30,734.55,737.85,733.0,737.85,570854
2020-01-10 11:15:00+05:30,738.0,741.8,737.35,740.05,1066810
2020-01-10 11:45:00+05:30,740.05,741.0,738.5,739.75,454441
2020-01-10 12:15:00+05:30,739.6,742.9,739.35,742.0,631219
2020-01-10 12:45:00+05:30,742.0,742.5,738.1,740.1,521050
2020-01-10 13:15:00+05:30,740.1,741.0,739.1,740.55,286648
2020-01-10 13:45:00+05:30,740.6,740.8,738.0,738.4,320369
2020-01-10 14:15:00+05:30,738.45,739.85,736.2,737.75,400162
2020-01-10 14:45:00+05:30,737.7,740.3,736.4,737.75,648993
2020-01-10 15:15:00+05:30,737.75,740.95,736.0,740.0,700779
2020-01-13 09:15:00+05:30,760.0,767.8,755.35,767.4,10290798
2020-01-13 09:45:00+05:30,767.35,769.6,767.0,769.0,3667054
2020-01-13 10:15:00+05:30,768.95,774.55,768.3,773.7,3398900
2020-01-13 10:45:00+05:30,773.8,775.7,771.25,775.0,3411713
2020-01-13 11:15:00+05:30,775.0,777.45,773.05,773.75,2480710
2020-01-13 11:45:00+05:30,773.8,774.65,770.15,770.25,2261480
2020-01-13 12:15:00+05:30,770.1,772.2,769.35,771.15,1684622
2020-01-13 12:45:00+05:30,771.15,773.2,770.9,772.25,839908
2020-01-13 13:15:00+05:30,772.2,772.8,771.1,772.1,1462143
2020-01-13 13:45:00+05:30,772.05,774.8,770.7,772.85,1309934
2020-01-13 14:15:00+05:30,772.85,773.95,771.25,773.4,925558
2020-01-13 14:45:00+05:30,773.4,776.0,772.7,773.5,2799988
2020-01-13 15:15:00+05:30,773.2,773.6,771.6,772.5,2155164
2020-01-14 09:15:00+05:30,769.95,775.3,768.2,771.5,2075672
2020-01-14 09:45:00+05:30,771.5,774.65,771.25,773.95,717035
2020-01-14 10:15:00+05:30,774.0,775.0,772.25,773.7,843780
2020-01-14 10:45:00+05:30,773.7,773.85,770.55,771.5,588856
2020-01-14 11:15:00+05:30,771.75,772.45,771.35,772.0,286356
2020-01-14 11:45:00+05:30,772.05,772.2,771.0,771.75,406113
2020-01-14 12:15:00+05:30,771.65,771.95,767.25,768.45,1284611
2020-01-14 12:45:00+05:30,768.45,769.95,767.5,769.25,583638
2020-01-14 13:15:00+05:30,769.5,770.4,768.3,769.75,524747
2020-01-14 13:45:00+05:30,769.8,773.1,768.65,771.65,750247
2020-01-14 14:15:00+05:30,771.65,774.0,770.55,773.3,906903
2020-01-14 14:45:00+05:30,773.35,776.75,772.1,776.05,1500998
2020-01-14 15:15:00+05:30,776.0,776.5,774.25,775.55,891488
2020-01-15 09:15:00+05:30,773.85,773.85,766.0,768.55,1152061
2020-01-15 09:45:00+05:30,768.55,769.05,767.0,767.15,312771
2020-01-15 10:15:00+05:30,767.15,767.95,766.1,767.8,272406
2020-01-15 10:45:00+05:30,767.8,768.75,767.4,767.9,213490
2020-01-15 11:15:00+05:30,767.9,768.0,766.5,767.95,255229
2020-01-15 11:45:00+05:30,767.95,768.5,767.0,767.0,217042
2020-01-15 12:15:00+05:30,767.0,767.25,764.05,765.8,465780
2020-01-15 12:45:00+05:30,765.8,767.0,764.95,765.65,281882
2020-01-15 13:15:00+05:30,765.5,765.7,762.6,763.2,448463
2020-01-15 13:45:00+05:30,763.15,765.0,762.65,763.15,352469
2020-01-15 14:15:00+05:30,763.2,765.95,763.0,765.25,292841
2020-01-15 14:45:00+05:30,765.2,769.4,764.3,767.9,1103032
2020-01-15 15:15:00+05:30,768.0,768.5,765.85,766.5,655726
2020-01-16 09:15:00+05:30,770.7,772.3,767.0,768.0,715816
2020-01-16 09:45:00+05:30,767.95,768.0,764.0,764.5,474523
2020-01-16 10:15:00+05:30,764.5,764.9,761.85,763.9,483808
2020-01-16 10:45:00+05:30,763.85,764.05,760.4,761.15,380936
2020-01-16 11:15:00+05:30,761.15,764.2,760.7,763.5,205379
2020-01-16 11:45:00+05:30,763.5,763.6,761.6,762.5,199786
2020-01-16 12:15:00+05:30,762.55,763.0,762.05,762.75,210708
2020-01-16 12:45:00+05:30,762.8,766.15,762.75,765.35,319080
2020-01-16 13:15:00+05:30,765.4,767.0,765.35,766.95,363853
2020-01-16 13:45:00+05:30,766.95,769.35,766.95,768.45,543049
2020-01-16 14:15:00+05:30,768.5,769.95,768.1,769.0,444338
2020-01-16 14:45:00+05:30,769.0,769.3,765.35,766.4,772069
2020-01-16 15:15:00+05:30,766.45,767.8,766.0,767.2,615830
2020-01-17 09:15:00+05:30,770.7,772.4,764.4,765.0,537174
2020-01-17 09:45:00+05:30,765.0,767.1,764.6,766.95,252557
2020-01-17 10:15:00+05:30,766.95,768.25,765.0,766.15,240952
2020-01-17 10:45:00+05:30,766.2,766.9,765.1,765.15,106306
2020-01-17 11:15:00+05:30,765.3,765.95,764.2,765.1,148928
2020-01-17 11:45:00+05:30,765.3,765.7,763.0,763.9,153617
2020-01-17 12:15:00+05:30,763.95,765.25,763.65,764.8,157524
2020-01-17 12:45:00+05:30,764.8,765.25,762.25,764.1,201544
2020-01-17 13:15:00+05:30,764.1,764.35,762.9,763.85,164825
2020-01-17 13:45:00+05:30,763.85,765.2,763.7,764.85,252176
2020-01-17 14:15:00+05:30,764.9,767.5,764.7,767.2,383183
2020-01-17 14:45:00+05:30,767.2,768.5,766.5,767.95,656793
2020-01-17 15:15:00+05:30,768.15,768.55,766.9,767.45,487434
2020-01-20 09:15:00+05:30,771.6,774.4,767.2,769.85,706062
2020-01-20 09:45:00+05:30,769.85,769.85,765.1,766.4,272060
2020-01-20 10:15:00+05:30,766.3,767.2,764.35,764.95,273652
2020-01-20 10:45:00+05:30,764.95,765.05,763.65,764.35,154050
2020-01-20 11:15:00+05:30,764.35,765.05,763.85,765.0,148911
2020-01-20 11:45:00+05:30,765.0,765.05,764.0,764.8,132571
2020-01-20 12:15:00+05:30,764.8,765.0,763.5,764.65,134912
2020-01-20 12:45:00+05:30,764.65,765.0,762.95,763.9,228080
2020-01-20 13:15:00+05:30,763.9,764.75,763.5,764.2,146763
2020-01-20 13:45:00+05:30,764.2,767.4,764.15,766.2,616628
2020-01-20 14:15:00+05:30,766.2,767.95,766.0,766.8,266412
2020-01-20 14:45:00+05:30,766.9,769.5,766.05,768.15,496045
2020-01-20 15:15:00+05:30,768.05,768.95,767.8,768.85,296040
2020-01-21 09:15:00+05:30,768.45,770.5,765.0,765.85,559886
2020-01-21 09:45:00+05:30,765.9,766.45,764.05,764.35,281210
2020-01-21 10:15:00+05:30,764.35,765.4,764.25,765.0,232421
2020-01-21 10:45:00+05:30,764.95,765.0,763.05,764.7,278786
2020-01-21 11:15:00+05:30,764.7,765.55,763.9,764.2,245822
2020-01-21 11:45:00+05:30,764.15,764.75,763.5,763.85,235419
2020-01-21 12:15:00+05:30,763.85,764.1,762.0,762.05,533231
2020-01-21 12:45:00+05:30,762.1,764.0,762.0,763.75,256404
2020-01-21 13:15:00+05:30,763.8,764.8,763.2,763.75,411006
2020-01-21 13:45:00+05:30,763.75,764.1,763.0,763.8,147483
2020-01-21 14:15:00+05:30,763.8,764.1,762.2,763.15,205023
2020-01-21 14:45:00+05:30,763.15,763.65,762.25,762.9,423118
2020-01-21 15:15:00+05:30,762.8,763.5,760.8,761.15,621783
2020-01-22 09:15:00+05:30,768.45,778.0,766.7,776.2,2060157
2020-01-22 09:45:00+05:30,776.0,776.25,774.35,774.8,501456
2020-01-22 10:15:00+05:30,774.8,775.0,771.75,773.8,481424
2020-01-22 10:45:00+05:30,773.8,775.0,773.7,774.75,288362
2020-01-22 11:15:00+05:30,774.65,775.0,773.25,774.0,217526
2020-01-22 11:45:00+05:30,773.95,775.0,773.0,773.55,219021
2020-01-22 12:15:00+05:30,773.65,774.0,771.35,771.35,355838
2020-01-22 12:45:00+05:30,771.55,771.6,767.15,767.95,1382156
2020-01-22 13:15:00+05:30,767.95,770.9,766.0,770.7,1081472
2020-01-22 13:45:00+05:30,770.7,772.4,769.5,772.2,901502
2020-01-22 14:15:00+05:30,772.1,772.4,769.5,769.5,413749
2020-01-22 14:45:00+05:30,770.15,771.45,768.6,769.95,1036122
2020-01-22 15:15:00+05:30,770.0,771.2,769.65,769.8,764770
2020-01-23 09:15:00+05:30,777.1,783.4,776.85,781.95,1800162
2020-01-23 09:45:00+05:30,781.95,784.2,780.8,781.3,581297
2020-01-23 10:15:00+05:30,781.3,782.3,779.55,782.05,560854
2020-01-23 10:45:00+05:30,782.1,782.1,779.8,780.45,555471
2020-01-23 11:15:00+05:30,780.4,781.35,780.1,781.0,443614
2020-01-23 11:45:00+05:30,781.0,781.55,779.95,781.3,883208
2020-01-23 12:15:00+05:30,781.3,782.0,778.3,779.0,1358410
2020-01-23 12:45:00+05:30,779.0,780.3,776.8,780.05,1933904
2020-01-23 13:15:00+05:30,780.05,781.0,779.9,780.75,808529
2020-01-23 13:45:00+05:30,780.8,782.5,780.75,782.4,636862
2020-01-23 14:15:00+05:30,782.3,783.5,781.5,782.85,605879
2020-01-23 14:45:00+05:30,782.85,785.45,782.05,785.45,1483547
2020-01-23 15:15:00+05:30,785.4,785.45,782.0,782.35,822455
2020-01-24 09:15:00+05:30,775.75,782.15,775.75,781.55,1741309
2020-01-24 09:45:00+05:30,781.5,782.45,778.55,778.7,394403
2020-01-24 10:15:00+05:30,778.7,780.0,776.35,777.2,461516
2020-01-24 10:45:00+05:30,777.25,780.45,776.65,777.15,463543
2020-01-24 11:15:00+05:30,777.1,777.95,773.65,774.9,524973
2020-01-24 11:45:00+05:30,774.9,776.6,774.0,775.55,213957
2020-01-24 12:15:00+05:30,775.55,777.8,774.35,777.0,256752
2020-01-24 12:45:00+05:30,777.05,777.85,775.65,777.4,251751
2020-01-24 13:15:00+05:30,777.45,777.85,774.55,776.9,491947
2020-01-24 13:45:00+05:30,777.25,781.2,776.65,780.75,558099
2020-01-24 14:15:00+05:30,780.8,786.5,779.2,785.85,729435
2020-01-24 14:45:00+05:30,786.15,786.15,780.25,782.3,886667
2020-01-24 15:15:00+05:30,782.6,784.25,782.3,783.0,458663
2020-01-27 09:15:00+05:30,779.05,784.8,778.0,779.0,424821
2020-01-27 09:45:00+05:30,779.0,780.0,777.4,778.25,245296
2020-01-27 10:15:00+05:30,778.3,779.3,776.75,778.0,248829
2020-01-27 10:45:00+05:30,778.0,778.0,774.65,775.9,393740
2020-01-27 11:15:00+05:30,775.9,777.0,775.0,775.1,210900
2020-01-27 11:45:00+05:30,775.1,776.8,775.0,775.9,195121
2020-01-27 12:15:00+05:30,775.95,777.5,775.9,776.65,161592
2020-01-27 12:45:00+05:30,776.65,778.0,776.3,776.4,189109
2020-01-27 13:15:00+05:30,776.45,778.9,776.05,778.9,276356
2020-01-27 13:45:00+05:30,778.85,780.0,778.55,779.15,319351
2020-01-27 14:15:00+05:30,779.2,779.2,777.8,778.1,196823
2020-01-27 14:45:00+05:30,778.1,778.8,777.1,778.25,403868
2020-01-27 15:15:00+05:30,778.3,779.0,777.55,778.05,462455
2020-01-28 09:15:00+05:30,781.0,781.8,773.3,774.1,598402
2020-01-28 09:45:00+05:30,774.0,776.8,773.0,775.8,298631
2020-01-28 10:15:00+05:30,775.8,776.8,774.55,775.2,305342
2020-01-28 10:45:00+05:30,775.2,775.2,773.25,774.0,647379
2020-01-28 11:15:00+05:30,773.95,776.2,772.1,772.55,464099
2020-01-28 11:45:00+05:30,772.55,775.85,772.0,775.35,342440
2020-01-28 12:15:00+05:30,775.2,775.95,774.3,775.1,221166
2020-01-28 12:45:00+05:30,775.0,775.9,774.65,775.3,217247
2020-01-28 13:15:00+05:30,775.3,777.15,774.8,776.6,242649
2020-01-28 13:45:00+05:30,776.6,779.9,776.45,778.1,353577
2020-01-28 14:15:00+05:30,778.05,778.6,776.5,777.55,257399
2020-01-28 14:45:00+05:30,777.6,779.25,776.7,778.35,684789
2020-01-28 15:15:00+05:30,778.35,778.7,777.1,778.0,482976
2020-01-29 09:15:00+05:30,786.6,792.75,785.05,787.15,1302815
2020-01-29 09:45:00+05:30,787.15,788.25,784.25,784.8,701461
2020-01-29 10:15:00+05:30,784.9,786.5,784.7,785.3,416490
2020-01-29 10:45:00+05:30,785.25,787.0,784.6,786.75,485531
2020-01-29 11:15:00+05:30,786.85,788.5,786.7,788.05,416271
2020-01-29 11:45:00+05:30,788.05,788.5,785.8,785.9,317781
2020-01-29 12:15:00+05:30,785.95,788.5,785.7,788.15,330053
2020-01-29 12:45:00+05:30,788.3,789.9,787.7,789.8,282626
2020-01-29 13:15:00+05:30,789.95,789.95,786.5,787.4,337622
2020-01-29 13:45:00+05:30,787.4,790.85,787.2,788.1,327182
2020-01-29 14:15:00+05:30,788.3,789.0,785.5,785.8,209637
2020-01-29 14:45:00+05:30,785.8,790.1,785.15,789.75,628250
2020-01-29 15:15:00+05:30,789.7,791.0,789.1,790.0,1056049
2020-01-30 09:15:00+05:30,789.7,789.7,781.3,781.45,664881
2020-01-30 09:45:00+05:30,781.45,784.5,781.3,781.65,239328
2020-01-30 10:15:00+05:30,781.65,783.6,781.2,783.3,173742
2020-01-30 10:45:00+05:30,783.6,783.95,781.5,782.0,145511
2020-01-30 11:15:00+05:30,782.0,782.0,778.0,778.65,418732
2020-01-30 11:45:00+05:30,778.65,780.0,778.2,779.15,165581
2020-01-30 12:15:00+05:30,779.15,780.2,778.5,779.1,144481
2020-01-30 12:45:00+05:30,779.1,779.8,778.55,778.95,190647
2020-01-30 13:15:00+05:30,778.95,780.7,778.9,779.75,225621
2020-01-30 13:45:00+05:30,779.75,780.55,779.6,780.4,193564
2020-01-30 14:15:00+05:30,780.4,782.05,780.1,782.0,200504
2020-01-30 14:45:00+05:30,782.0,782.45,778.25,779.5,569900
2020-01-30 15:15:00+05:30,779.7,783.0,778.1,780.6,510296
2020-01-31 09:15:00+05:30,780.55,784.65,777.55,779.05,920552
2020-01-31 09:45:00+05:30,779.2,779.85,776.8,778.05,382262
2020-01-31 10:15:00+05:30,778.05,779.5,774.25,774.85,387843
2020-01-31 10:45:00+05:30,774.85,776.0,771.85,772.8,404051
2020-01-31 11:15:00+05:30,772.8,775.2,772.5,774.1,172507
2020-01-31 11:45:00+05:30,774.05,775.1,772.7,773.65,190180
2020-01-31 12:15:00+05:30,773.65,774.15,773.5,773.95,101195
2020-01-31 12:45:00+05:30,773.95,777.95,773.8,776.3,204284
2020-01-31 13:15:00+05:30,776.55,777.35,775.6,776.6,98566
2020-01-31 13:45:00+05:30,776.95,779.0,775.75,778.75,179709
2020-01-31 14:15:00+05:30,778.75,779.35,776.0,776.85,181891
2020-01-31 14:45:00+05:30,776.85,778.5,774.0,775.6,1438378
2020-01-31 15:15:00+05:30,775.6,777.7,775.15,777.7,1388379
2020-02-01 09:15:00+05:30,775.1,777.0,769.7,773.15,121067
2020-02-01 09:45:00+05:30,773.15,774.7,772.0,774.0,154133
2020-02-01 10:15:00+05:30,774.0,777.9,773.85,776.3,133373
2020-02-01 10:45:00+05:30,776.3,777.0,773.0,773.55,159870
2020-02-01 11:15:00+05:30,773.75,774.95,771.6,773.4,181885
2020-02-01 11:45:00+05:30,773.3,774.0,770.65,771.4,144590
2020-02-01 12:15:00+05:30,771.55,776.95,771.25,773.35,192055
2020-02-01 12:45:00+05:30,773.4,778.6,770.4,775.85,252003
2020-02-01 13:15:00+05:30,775.6,791.1,773.15,781.7,1096419
2020-02-01 13:45:00+05:30,781.95,786.45,778.55,780.4,542547
2020-02-01 14:15:00+05:30,780.4,784.35,779.95,782.7,412827
2020-02-01 14:45:00+05:30,782.5,784.1,779.4,781.4,674295
2020-02-01 15:15:00+05:30,781.4,783.55,775.3,777.0,1035429
2020-02-03 09:15:00+05:30,782.0,790.75,780.25,781.85,695348
2020-02-03 09:45:00+05:30,781.6,782.25,776.45,778.35,386379
2020-02-03 10:15:00+05:30,778.0,778.7,774.0,774.45,797325
2020-02-03 10:45:00+05:30,774.2,776.75,771.1,771.65,329580
2020-02-03 11:15:00+05:30,771.5,771.75,768.5,769.0,372349
2020-02-03 11:45:00+05:30,768.85,769.3,764.6,766.0,434683
2020-02-03 12:15:00+05:30,765.9,768.5,764.5,767.85,489953
2020-02-03 12:45:00+05:30,768.0,768.25,765.95,766.8,414699
2020-02-03 13:15:00+05:30,766.8,766.85,765.15,766.3,170037
2020-02-03 13:45:00+05:30,766.3,767.55,766.0,766.75,228579
2020-02-03 14:15:00+05:30,766.75,769.0,765.35,768.85,390402
2020-02-03 14:45:00+05:30,768.85,769.8,767.1,767.7,840421
2020-02-03 15:15:00+05:30,767.7,768.55,766.05,768.05,858205
2020-02-04 09:15:00+05:30,770.1,779.85,770.1,778.5,892737
2020-02-04 09:45:00+05:30,778.45,782.0,777.05,781.15,473544
2020-02-04 10:15:00+05:30,781.2,781.5,779.7,780.9,257343
2020-02-04 10:45:00+05:30,780.95,782.0,779.5,779.8,219558
2020-02-04 11:15:00+05:30,779.8,781.0,778.3,779.7,215348
2020-02-04 11:45:00+05:30,779.7,779.9,776.55,776.6,836533
2020-02-04 12:15:00+05:30,776.5,779.7,775.4,779.0,282650
2020-02-04 12:45:00+05:30,779.05,779.7,777.65,779.1,201285
2020-02-04 13:15:00+05:30,779.1,780.45,778.5,780.0,247073
2020-02-04 13:45:00+05:30,780.05,785.9,779.7,784.5,415044
2020-02-04 14:15:00+05:30,784.35,785.25,782.4,784.1,237633
2020-02-04 14:45:00+05:30,784.1,788.5,784.0,787.45,735795
2020-02-04 15:15:00+05:30,787.45,789.9,787.0,787.85,742629
2020-02-05 09:15:00+05:30,781.0,784.5,775.25,778.95,942156
2020-02-05 09:45:00+05:30,779.0,779.15,777.3,777.8,425673
2020-02-05 10:15:00+05:30,777.8,778.0,774.5,776.05,620903
2020-02-05 10:45:00+05:30,776.05,779.2,775.45,776.25,364762
2020-02-05 11:15:00+05:30,776.25,777.0,775.5,776.15,299267
2020-02-05 11:45:00+05:30,776.15,776.8,774.4,774.9,233699
2020-02-05 12:15:00+05:30,774.9,777.35,774.85,776.7,221070
2020-02-05 12:45:00+05:30,776.8,777.0,774.5,776.25,357538
2020-02-05 13:15:00+05:30,776.25,778.0,776.0,777.1,192804
2020-02-05 13:45:00+05:30,777.15,780.45,777.05,780.3,551322
2020-02-05 14:15:00+05:30,780.35,783.0,779.9,781.7,441881
2020-02-05 14:45:00+05:30,781.65,785.95,781.4,784.3,902441
2020-02-05 15:15:00+05:30,784.3,785.2,784.0,784.5,745752
2020-02-06 09:15:00+05:30,784.35,786.75,780.1,785.8,623612
2020-02-06 09:45:00+05:30,785.8,786.0,778.45,779.35,1005187
2020-02-06 10:15:00+05:30,779.35,779.55,776.1,777.55,484016
2020-02-06 10:45:00+05:30,777.55,779.85,776.65,776.7,277061
2020-02-06 11:15:00+05:30,776.7,778.0,775.25,775.6,483859
2020-02-06 11:45:00+05:30,775.55,776.6,773.15,774.75,376068
2020-02-06 12:15:00+05:30,774.75,774.9,771.85,774.4,453501
2020-02-06 12:45:00+05:30,774.45,775.2,773.0,773.25,300526
2020-02-06 13:15:00+05:30,773.3,777.5,773.25,777.3,355241
2020-02-06 13:45:00+05:30,777.25,777.5,773.05,774.5,503914
2020-02-06 14:15:00+05:30,774.45,774.5,771.1,771.15,620752
2020-02-06 14:45:00+05:30,771.1,773.0,770.35,771.0,1008746
2020-02-06 15:15:00+05:30,770.95,772.0,770.0,772.0,841754
2020-02-07 09:15:00+05:30,775.95,776.25,771.0,772.9,401581
2020-02-07 09:45:00+05:30,772.9,776.75,772.5,775.7,249620
2020-02-07 10:15:00+05:30,775.7,776.3,772.25,773.55,169329
2020-02-07 10:45:00+05:30,773.55,774.7,772.55,773.95,118068
2020-02-07 11:15:00+05:30,773.95,775.0,773.5,773.6,97912
2020-02-07 11:45:00+05:30,773.6,775.35,773.5,775.1,107495
2020-02-07 12:15:00+05:30,775.2,778.35,774.9,778.35,202012
2020-02-07 12:45:00+05:30,778.3,778.85,775.0,776.6,140241
2020-02-07 13:15:00+05:30,776.65,777.8,775.1,776.65,146052
2020-02-07 13:45:00+05:30,776.7,777.3,775.75,775.95,97325
2020-02-07 14:15:00+05:30,776.1,778.0,775.15,777.45,161148
2020-02-07 14:45:00+05:30,777.4,778.8,777.0,777.35,465637
2020-02-07 15:15:00+05:30,777.25,777.6,775.65,776.0,483463
2020-02-10 09:15:00+05:30,774.0,777.95,771.5,777.85,386645
2020-02-10 09:45:00+05:30,777.55,778.0,772.0,772.2,226341
2020-02-10 10:15:00+05:30,772.2,773.9,771.0,771.1,223785
2020-02-10 10:45:00+05:30,771.05,771.95,769.8,771.0,214544
2020-02-10 11:15:00+05:30,771.0,771.5,770.5,771.25,77708
2020-02-10 11:45:00+05:30,771.25,772.5,770.05,772.1,167740
2020-02-10 12:15:00+05:30,772.1,774.45,771.75,773.0,175310
2020-02-10 12:45:00+05:30,773.0,774.0,772.0,772.6,136934
2020-02-10 13:15:00+05:30,772.6,772.6,771.05,772.05,146417
2020-02-10 13:45:00+05:30,772.05,772.25,771.1,771.3,141721
2020-02-10 14:15:00+05:30,771.3,772.0,770.05,770.3,220520
2020-02-10 14:45:00+05:30,770.3,773.85,770.05,773.8,944121
2020-02-10 15:15:00+05:30,773.75,774.1,772.8,773.0,760094
2020-02-11 09:15:00+05:30,779.0,779.0,772.45,774.1,761486
2020-02-11 09:45:00+05:30,774.1,775.4,772.8,772.85,279888
2020-02-11 10:15:00+05:30,772.85,773.0,769.2,772.9,466617
2020-02-11 10:45:00+05:30,772.7,774.05,772.4,773.9,204591
2020-02-11 11:15:00+05:30,773.95,774.2,772.6,773.05,161309
2020-02-11 11:45:00+05:30,773.15,774.9,771.5,774.05,211128
2020-02-11 12:15:00+05:30,774.05,775.85,773.15,775.15,243143
2020-02-11 12:45:00+05:30,775.1,775.15,772.55,772.95,227780
2020-02-11 13:15:00+05:30,773.0,774.35,771.8,772.5,335785
2020-02-11 13:45:00+05:30,772.5,774.0,772.35,772.7,134284
2020-02-11 14:15:00+05:30,772.65,773.35,771.0,772.6,280085
2020-02-11 14:45:00+05:30,772.6,774.0,772.3,773.55,522200
2020-02-11 15:15:00+05:30,773.6,776.05,772.75,775.0,475429
2020-02-12 09:15:00+05:30,775.8,779.8,775.1,777.85,306011
2020-02-12 09:45:00+05:30,777.85,781.6,776.6,781.45,328641
2020-02-12 10:15:00+05:30,781.2,781.65,778.5,779.3,179749
2020-02-12 10:45:00+05:30,779.15,782.2,778.65,781.85,230224
2020-02-12 11:15:00+05:30,781.9,783.0,781.0,782.1,152332
2020-02-12 11:45:00+05:30,782.1,783.0,781.5,782.85,136023
2020-02-12 12:15:00+05:30,783.25,783.25,780.65,782.0,177337
2020-02-12 12:45:00+05:30,782.0,782.95,781.4,782.1,112398
2020-02-12 13:15:00+05:30,781.9,782.1,780.6,781.15,74697
2020-02-12 13:45:00+05:30,781.15,783.0,779.7,782.5,149252
2020-02-12 14:15:00+05:30,782.4,782.85,780.95,782.05,176682
2020-02-12 14:45:00+05:30,782.05,783.0,780.35,781.5,509207
2020-02-12 15:15:00+05:30,781.4,781.4,780.2,780.95,409693
2020-02-13 09:15:00+05:30,785.0,789.4,785.0,785.5,530779
2020-02-13 09:45:00+05:30,785.5,786.55,783.5,785.1,386201
2020-02-13 10:15:00+05:30,785.1,788.5,784.85,787.5,206446
2020-02-13 10:45:00+05:30,787.5,788.5,785.95,786.15,177352
2020-02-13 11:15:00+05:30,786.15,787.15,784.25,785.05,251298
2020-02-13 11:45:00+05:30,785.05,785.8,784.4,785.05,215316
2020-02-13 12:15:00+05:30,785.05,786.35,784.5,784.95,191695
2020-02-13 12:45:00+05:30,784.9,785.3,782.9,783.25,239143
2020-02-13 13:15:00+05:30,783.25,784.25,782.8,783.85,170393
2020-02-13 13:45:00+05:30,783.85,784.2,782.2,783.8,165220
2020-02-13 14:15:00+05:30,783.45,788.45,783.25,787.75,403621
2020-02-13 14:45:00+05:30,787.75,792.85,787.45,792.8,950082
2020-02-13 15:15:00+05:30,792.8,794.0,791.45,793.2,489298
2020-02-14 09:15:00+05:30,794.5,799.15,792.05,796.5,914356
2020-02-14 09:45:00+05:30,796.5,798.5,795.75,796.1,511411
2020-02-14 10:15:00+05:30,796.2,796.25,794.0,794.95,339474
2020-02-14 10:45:00+05:30,794.95,796.5,794.0,796.0,447956
2020-02-14 11:15:00+05:30,796.0,796.85,794.1,794.15,222705
2020-02-14 11:45:00+05:30,794.15,794.7,790.65,791.2,362360
2020-02-14 12:15:00+05:30,791.2,793.45,791.0,792.2,155208
2020-02-14 12:45:00+05:30,792.2,792.85,788.4,789.35,345416
2020-02-14 13:15:00+05:30,789.45,789.5,785.6,787.55,436387
2020-02-14 13:45:00+05:30,787.8,788.5,786.0,788.05,228635
2020-02-14 14:15:00+05:30,788.05,788.3,784.95,785.95,219263
2020-02-14 14:45:00+05:30,786.0,788.5,785.25,786.8,572795
2020-02-14 15:15:00+05:30,786.85,787.5,784.85,786.3,536080
2020-02-17 09:15:00+05:30,790.3,791.9,786.75,790.3,410762
2020-02-17 09:45:00+05:30,790.2,793.45,790.0,791.35,372748
2020-02-17 10:15:00+05:30,791.35,791.75,787.8,788.3,211728
2020-02-17 10:45:00+05:30,788.3,789.35,787.5,788.65,116180
2020-02-17 11:15:00+05:30,788.6,790.0,787.5,788.25,94461
2020-02-17 11:45:00+05:30,788.2,788.7,787.35,787.75,184398
2020-02-17 12:15:00+05:30,787.7,787.85,783.5,785.6,250212
2020-02-17 12:45:00+05:30,785.55,787.8,784.5,787.8,123285
2020-02-17 13:15:00+05:30,787.75,789.75,787.0,788.7,154609
2020-02-17 13:45:00+05:30,788.7,791.5,788.6,790.95,226626
2020-02-17 14:15:00+05:30,790.95,791.05,788.0,789.3,178335
2020-02-17 14:45:00+05:30,789.2,790.5,788.5,789.2,276941
2020-02-17 15:15:00+05:30,789.4,790.35,788.3,788.85,321691
2020-02-18 09:15:00+05:30,785.0,793.35,783.7,786.65,422563
2020-02-18 09:45:00+05:30,786.55,790.5,785.0,790.5,172928
2020-02-18 10:15:00+05:30,790.5,791.0,787.45,790.25,194798
2020-02-18 10:45:00+05:30,790.25,791.0,788.4,788.65,304105
2020-02-18 11:15:00+05:30,788.7,790.5,787.55,790.0,533746
2020-02-18 11:45:00+05:30,790.0,791.0,789.1,790.2,264307
2020-02-18 12:15:00+05:30,790.15,793.4,789.75,793.0,529712
2020-02-18 12:45:00+05:30,793.0,797.35,792.6,796.95,638396
2020-02-18 13:15:00+05:30,796.65,796.85,794.75,795.15,392334
2020-02-18 13:45:00+05:30,795.2,797.0,795.0,796.5,320356
2020-02-18 14:15:00+05:30,796.35,798.2,796.0,797.5,311422
2020-02-18 14:45:00+05:30,797.75,798.0,796.0,797.6,495442
2020-02-18 15:15:00+05:30,797.5,799.05,797.25,798.5,499395
2020-02-19 09:15:00+05:30,800.0,804.85,800.0,802.0,579618
2020-02-19 09:45:00+05:30,802.0,802.25,798.4,802.0,224440
2020-02-19 10:15:00+05:30,801.9,802.3,796.2,797.65,269456
2020-02-19 10:45:00+05:30,797.65,798.9,796.7,796.8,148949
2020-02-19 11:15:00+05:30,796.8,799.95,796.15,799.4,219283
2020-02-19 11:45:00+05:30,799.4,800.0,797.6,799.55,184006
2020-02-19 12:15:00+05:30,799.6,799.9,797.15,798.4,122716
2020-02-19 12:45:00+05:30,798.4,799.6,797.05,797.2,212967
2020-02-19 13:15:00+05:30,797.2,798.45,797.0,797.95,171272
2020-02-19 13:45:00+05:30,797.95,799.0,797.05,797.85,200996
2020-02-19 14:15:00+05:30,797.85,799.85,796.55,799.5,284603
2020-02-19 14:45:00+05:30,799.45,801.5,798.25,800.0,908823
2020-02-19 15:15:00+05:30,800.0,802.0,800.0,801.0,439622
2020-02-20 09:15:00+05:30,803.25,805.0,801.85,802.8,714905
2020-02-20 09:45:00+05:30,802.8,804.15,800.35,801.25,274744
2020-02-20 10:15:00+05:30,801.25,802.0,800.0,800.45,139881
2020-02-20 10:45:00+05:30,800.45,801.2,798.75,800.45,251135
2020-02-20 11:15:00+05:30,800.4,806.1,800.0,803.6,396172
2020-02-20 11:45:00+05:30,803.6,805.25,803.1,804.6,146052
2020-02-20 12:15:00+05:30,804.5,806.0,803.1,803.75,261859
2020-02-20 12:45:00+05:30,803.7,804.2,801.05,801.95,167680
2020-02-20 13:15:00+05:30,801.95,802.1,800.0,800.55,264478
2020-02-20 13:45:00+05:30,800.55,800.8,798.0,798.0,322020
2020-02-20 14:15:00+05:30,798.15,800.2,798.0,798.3,202795
2020-02-20 14:45:00+05:30,798.3,800.9,793.9,795.65,932331
2020-02-20 15:15:00+05:30,795.65,799.75,795.35,796.8,477141
2020-02-24 09:15:00+05:30,800.1,810.35,800.1,808.1,1276338
2020-02-24 09:45:00+05:30,808.05,811.5,807.0,809.9,638926
2020-02-24 10:15:00+05:30,809.95,810.0,808.1,808.7,320664
2020-02-24 10:45:00+05:30,808.7,809.5,807.1,808.7,397856
2020-02-24 11:15:00+05:30,808.7,808.95,806.5,808.3,288172
2020-02-24 11:45:00+05:30,808.3,809.15,805.1,805.95,368170
2020-02-24 12:15:00+05:30,805.95,806.4,804.65,804.95,351633
2020-02-24 12:45:00+05:30,804.9,805.0,803.5,803.65,391034
2020-02-24 13:15:00+05:30,803.55,806.15,803.5,804.0,324296
2020-02-24 13:45:00+05:30,804.0,804.7,802.75,803.1,306938
2020-02-24 14:15:00+05:30,803.1,803.55,796.15,797.0,598740
2020-02-24 14:45:00+05:30,797.0,798.0,792.4,796.7,750173
2020-02-24 15:15:00+05:30,796.4,797.0,794.4,795.9,581185
2020-02-25 09:15:00+05:30,799.0,802.95,797.1,798.6,1078084
2020-02-25 09:45:00+05:30,798.55,800.95,795.4,800.5,715609
2020-02-25 10:15:00+05:30,800.5,802.5,797.2,797.85,728826
2020-02-25 10:45:00+05:30,797.85,798.95,797.15,797.7,467095
2020-02-25 11:15:00+05:30,797.8,799.7,796.1,797.1,367952
2020-02-25 11:45:00+05:30,797.2,798.8,796.5,798.65,392075
2020-02-25 12:15:00+05:30,798.65,804.7,798.55,802.25,503351
2020-02-25 12:45:00+05:30,802.15,802.85,801.6,801.75,231272
2020-02-25 13:15:00+05:30,801.75,803.7,801.5,802.55,350148
2020-02-25 13:45:00+05:30,802.7,805.9,801.5,801.5,455431
2020-02-25 14:15:00+05:30,801.5,803.2,799.6,801.85,348113
2020-02-25 14:45:00+05:30,801.85,803.0,797.0,798.9,833758
2020-02-25 15:15:00+05:30,798.95,802.0,797.15,799.5,514861
2020-02-26 09:15:00+05:30,793.95,794.4,789.25,791.45,596841
2020-02-26 09:45:00+05:30,791.45,792.95,787.8,790.55,419600
2020-02-26 10:15:00+05:30,790.55,791.8,789.7,791.65,255207
2020-02-26 10:45:00+05:30,791.75,792.55,789.4,792.5,324355
2020-02-26 11:15:00+05:30,792.55,794.9,792.5,793.7,561019
2020-02-26 11:45:00+05:30,793.7,796.45,793.45,796.0,789142
2020-02-26 12:15:00+05:30,796.0,797.5,793.8,795.65,631395
2020-02-26 12:45:00+05:30,795.65,798.8,793.85,797.5,781342
2020-02-26 13:15:00+05:30,797.9,801.45,795.0,800.9,632412
2020-02-26 13:45:00+05:30,800.9,801.05,796.6,796.6,597059
2020-02-26 14:15:00+05:30,797.35,797.9,783.6,787.0,1139773
2020-02-26 14:45:00+05:30,787.05,789.7,780.8,782.75,1213582
2020-02-26 15:15:00+05:30,782.65,784.4,780.9,782.25,806617
2020-02-27 09:15:00+05:30,778.0,780.75,775.5,780.05,599870
2020-02-27 09:45:00+05:30,780.0,780.15,775.5,776.2,306031
2020-02-27 10:15:00+05:30,776.1,777.65,773.45,774.65,331055
2020-02-27 10:45:00+05:30,774.65,778.35,774.4,778.05,261178
2020-02-27 11:15:00+05:30,778.0,778.5,776.3,776.8,346104
2020-02-27 11:45:00+05:30,776.75,778.2,774.0,777.75,269671
2020-02-27 12:15:00+05:30,777.75,780.15,776.5,779.45,214618
2020-02-27 12:45:00+05:30,779.65,780.0,777.4,778.35,293041
2020-02-27 13:15:00+05:30,778.35,779.9,775.4,776.7,275117
2020-02-27 13:45:00+05:30,776.75,777.05,772.25,774.15,384179
2020-02-27 14:15:00+05:30,773.75,777.25,772.8,777.15,345531
2020-02-27 14:45:00+05:30,777.2,780.4,773.95,779.75,1011434
2020-02-27 15:15:00+05:30,779.45,780.45,776.4,776.55,572681
2020-02-28 09:15:00+05:30,750.0,756.5,722.05,733.45,1667136
2020-02-28 09:45:00+05:30,733.4,749.8,733.25,745.65,1542416
2020-02-28 10:15:00+05:30,745.65,748.45,744.25,747.05,702757
2020-02-28 10:45:00+05:30,747.1,747.45,742.05,745.0,659195
2020-02-28 11:15:00+05:30,745.2,746.45,743.5,744.5,473694
2020-02-28 11:45:00+05:30,744.55,748.35,733.65,735.35,1004663
2020-02-28 12:15:00+05:30,735.55,737.7,731.3,736.05,610045
2020-02-28 12:45:00+05:30,736.1,739.45,735.0,737.3,678908
2020-02-28 13:15:00+05:30,737.45,742.9,733.8,741.75,770983
2020-02-28 13:45:00+05:30,741.8,743.7,738.0,740.7,619826
2020-02-28 14:15:00+05:30,740.55,742.0,736.85,740.4,761193
2020-02-28 14:45:00+05:30,740.35,740.5,727.25,729.2,2634641
2020-02-28 15:15:00+05:30,729.15,738.9,729.05,732.0,1969717
2020-03-02 09:15:00+05:30,737.0,745.7,736.6,741.95,1275742
2020-03-02 09:45:00+05:30,741.9,749.65,741.6,746.25,627627
2020-03-02 10:15:00+05:30,746.25,758.65,745.1,757.35,900780
2020-03-02 10:45:00+05:30,757.35,760.35,756.5,757.85,519816
2020-03-02 11:15:00+05:30,757.7,759.9,757.55,759.0,319914
2020-03-02 11:45:00+05:30,759.0,765.9,758.8,763.65,776332
2020-03-02 12:15:00+05:30,763.9,764.45,761.7,763.2,336357
2020-03-02 12:45:00+05:30,763.35,763.95,759.6,759.6,405098
2020-03-02 13:15:00+05:30,759.6,761.9,758.45,758.55,450919
2020-03-02 13:45:00+05:30,758.5,760.75,755.35,756.1,567019
2020-03-02 14:15:00+05:30,756.1,757.0,752.2,753.05,759148
2020-03-02 14:45:00+05:30,753.0,755.5,734.5,735.45,1920266
2020-03-02 15:15:00+05:30,735.45,742.95,733.75,739.25,934740
2020-03-03 09:15:00+05:30,755.0,759.0,749.2,752.1,1158266
2020-03-03 09:45:00+05:30,752.1,752.75,748.7,751.25,530292
2020-03-03 10:15:00+05:30,751.25,752.05,743.5,747.0,499340
2020-03-03 10:45:00+05:30,747.0,749.15,741.25,746.25,668312
2020-03-03 11:15:00+05:30,746.2,748.35,744.4,745.35,243908
2020-03-03 11:45:00+05:30,744.95,747.85,744.0,746.1,365311
2020-03-03 12:15:00+05:30,746.2,749.85,745.65,749.35,303135
2020-03-03 12:45:00+05:30,749.35,749.7,745.0,747.0,404873
2020-03-03 13:15:00+05:30,747.15,750.7,746.0,750.35,307716
2020-03-03 13:45:00+05:30,750.35,756.7,749.95,755.0,455222
2020-03-03 14:15:00+05:30,755.0,755.5,751.05,754.5,433384
2020-03-03 14:45:00+05:30,754.5,755.4,744.6,744.7,1468783
2020-03-03 15:15:00+05:30,744.7,751.6,744.0,750.35,963720
2020-03-04 09:15:00+05:30,753.9,757.15,746.35,749.45,993697
2020-03-04 09:45:00+05:30,749.5,753.5,749.0,751.0,1446711
2020-03-04 10:15:00+05:30,751.5,753.15,750.4,751.25,409898
2020-03-04 10:45:00+05:30,751.25,751.8,745.55,748.0,942822
2020-03-04 11:15:00+05:30,748.05,750.15,747.2,749.6,676618
2020-03-04 11:45:00+05:30,749.65,754.6,749.1,754.05,500818
2020-03-04 12:15:00+05:30,753.95,758.9,753.3,756.75,641044
2020-03-04 12:45:00+05:30,756.8,757.5,750.1,750.1,563412
2020-03-04 13:15:00+05:30,750.25,753.4,748.85,751.25,543398
2020-03-04 13:45:00+05:30,751.3,755.6,750.9,752.9,468807
2020-03-04 14:15:00+05:30,752.9,757.4,752.65,756.3,1095510
2020-03-04 14:45:00+05:30,756.7,761.45,751.95,759.25,1675275
2020-03-04 15:15:00+05:30,759.3,760.0,757.55,758.0,1040101
2020-03-05 09:15:00+05:30,763.75,765.8,760.6,763.4,855868
2020-03-05 09:45:00+05:30,763.3,764.5,760.45,762.75,454783
2020-03-05 10:15:00+05:30,762.7,770.75,762.25,766.35,829916
2020-03-05 10:45:00+05:30,766.2,769.5,765.55,767.25,486944
2020-03-05 11:15:00+05:30,767.3,771.9,765.7,771.9,877793
2020-03-05 11:45:00+05:30,771.9,773.55,768.2,769.55,466453
2020-03-05 12:15:00+05:30,769.55,769.8,766.0,766.45,344523
2020-03-05 12:45:00+05:30,766.45,769.95,766.0,768.0,364285
2020-03-05 13:15:00+05:30,768.0,768.2,766.25,767.55,253873
2020-03-05 13:45:00+05:30,767.55,767.75,761.5,764.0,538673
2020-03-05 14:15:00+05:30,764.0,765.1,761.25,762.85,409388
2020-03-05 14:45:00+05:30,762.9,763.65,753.25,754.8,1104999
2020-03-05 15:15:00+05:30,754.8,755.4,751.95,754.15,753741
2020-03-06 09:15:00+05:30,741.0,743.95,732.0,741.55,815593
2020-03-06 09:45:00+05:30,741.8,742.0,739.1,739.85,439370
2020-03-06 10:15:00+05:30,739.65,741.35,736.6,737.95,599433
2020-03-06 10:45:00+05:30,737.5,740.0,736.55,738.0,1255012
2020-03-06 11:15:00+05:30,738.4,739.75,737.2,739.6,439437
2020-03-06 11:45:00+05:30,739.7,740.5,739.1,740.5,608481
2020-03-06 12:15:00+05:30,740.5,741.25,737.15,738.15,914114
2020-03-06 12:45:00+05:30,738.15,740.5,737.75,739.6,527224
2020-03-06 13:15:00+05:30,739.55,740.35,737.35,738.9,511621
2020-03-06 13:45:00+05:30,738.9,742.35,729.2,739.1,1370025
2020-03-06 14:15:00+05:30,739.05,741.0,736.85,739.85,403641
2020-03-06 14:45:00+05:30,739.6,743.75,738.4,740.35,736776
2020-03-06 15:15:00+05:30,740.35,740.5,734.5,739.0,582883
2020-03-09 09:15:00+05:30,724.5,725.85,710.6,712.15,843351
2020-03-09 09:45:00+05:30,712.0,714.8,708.8,709.55,592495
2020-03-09 10:15:00+05:30,709.55,709.75,702.05,702.8,738846
2020-03-09 10:45:00+05:30,702.8,705.75,701.0,705.7,538971
2020-03-09 11:15:00+05:30,705.85,708.5,703.3,705.1,781857
2020-03-09 11:45:00+05:30,705.1,708.05,704.0,707.65,394555
2020-03-09 12:15:00+05:30,707.5,709.55,703.85,705.05,759273
2020-03-09 12:45:00+05:30,705.05,707.85,700.0,702.4,809715
2020-03-09 13:15:00+05:30,702.4,706.0,697.0,698.1,742015
2020-03-09 13:45:00+05:30,698.2,703.25,697.35,702.55,707202
2020-03-09 14:15:00+05:30,702.55,706.95,700.55,706.9,807905
2020-03-09 14:45:00+05:30,706.8,709.45,703.35,706.0,1442209
2020-03-09 15:15:00+05:30,706.2,707.7,700.45,707.0,1137892
2020-03-11 09:15:00+05:30,690.65,691.9,669.45,689.7,3527231
2020-03-11 09:45:00+05:30,690.3,693.0,681.1,683.8,1319352
2020-03-11 10:15:00+05:30,683.5,684.85,680.9,681.8,569620
2020-03-11 10:45:00+05:30,681.9,684.6,681.2,682.8,580660
2020-03-11 11:15:00+05:30,682.85,684.9,681.6,682.6,879715
2020-03-11 11:45:00+05:30,682.6,687.55,682.35,686.55,865001
2020-03-11 12:15:00+05:30,687.0,690.9,686.05,687.2,648239
2020-03-11 12:45:00+05:30,687.3,693.75,687.2,690.3,856184
2020-03-11 13:15:00+05:30,690.3,693.75,689.0,690.65,725979
2020-03-11 13:45:00+05:30,691.0,692.65,689.0,691.8,1519947
2020-03-11 14:15:00+05:30,691.9,695.45,691.8,694.55,659387
2020-03-11 14:45:00+05:30,694.55,695.0,684.25,686.2,2276514
2020-03-11 15:15:00+05:30,686.1,686.4,680.6,682.15,1631729
2020-03-12 09:15:00+05:30,668.0,668.0,642.25,651.8,2260746
2020-03-12 09:45:00+05:30,651.6,654.4,646.45,653.6,775348
2020-03-12 10:15:00+05:30,653.65,654.0,650.0,652.5,538766
2020-03-12 10:45:00+05:30,652.65,653.0,646.1,649.6,1853390
2020-03-12 11:15:00+05:30,649.4,652.35,649.0,650.15,805218
2020-03-12 11:45:00+05:30,650.0,650.7,644.5,644.9,771166
2020-03-12 12:15:00+05:30,644.6,651.3,644.5,646.05,467357
2020-03-12 12:45:00+05:30,646.0,646.85,643.85,645.5,515321
2020-03-12 13:15:00+05:30,645.5,649.35,645.05,648.05,544802
2020-03-12 13:45:00+05:30,648.05,648.7,646.4,646.8,832310
2020-03-12 14:15:00+05:30,646.75,647.15,629.0,633.3,1589608
2020-03-12 14:45:00+05:30,633.7,637.75,627.5,630.4,1632611
2020-03-12 15:15:00+05:30,630.4,634.5,628.2,631.0,1301455
2020-03-13 09:15:00+05:30,592.0,595.65,570.0,571.05,929968
2020-03-13 10:15:00+05:30,572.0,630.0,570.85,611.9,2476970
2020-03-13 10:45:00+05:30,611.9,644.6,602.65,620.6,2672366
2020-03-13 11:15:00+05:30,620.35,625.25,615.75,624.05,1279323
2020-03-13 11:45:00+05:30,623.95,640.85,623.45,635.45,993187
2020-03-13 12:15:00+05:30,635.1,644.8,631.6,634.3,852973
2020-03-13 12:45:00+05:30,634.85,648.4,633.0,643.25,895026
2020-03-13 13:15:00+05:30,643.15,667.0,642.95,654.25,1080306
2020-03-13 13:45:00+05:30,654.6,659.55,646.7,648.35,836753
2020-03-13 14:15:00+05:30,648.95,650.7,632.0,640.65,921031
2020-03-13 14:45:00+05:30,640.6,645.4,635.3,642.4,1965084
2020-03-13 15:15:00+05:30,642.4,655.0,640.4,652.15,1804392
2020-03-16 09:15:00+05:30,622.0,622.0,602.3,607.1,2812024
2020-03-16 09:45:00+05:30,607.4,612.55,603.45,607.65,1030012
2020-03-16 10:15:00+05:30,607.6,609.4,604.25,605.45,1037843
2020-03-16 10:45:00+05:30,605.2,607.2,598.15,601.7,1364400
2020-03-16 11:15:00+05:30,601.85,603.6,595.15,597.0,1588441
2020-03-16 11:45:00+05:30,596.65,599.45,593.5,599.2,1384111
2020-03-16 12:15:00+05:30,599.35,601.0,595.35,600.7,901348
2020-03-16 12:45:00+05:30,600.7,602.05,596.05,597.5,636690
2020-03-16 13:15:00+05:30,597.5,601.9,596.0,598.4,793823
2020-03-16 13:45:00+05:30,598.35,600.3,591.4,591.6,1315116
2020-03-16 14:15:00+05:30,591.7,596.55,588.55,594.35,1504676
2020-03-16 14:45:00+05:30,594.15,595.8,580.0,580.5,2983509
2020-03-16 15:15:00+05:30,580.55,587.0,580.0,583.2,1756305
2020-03-17 09:15:00+05:30,588.1,591.8,568.85,583.3,2474569
2020-03-17 09:45:00+05:30,583.3,589.3,575.85,576.8,1632534
2020-03-17 10:15:00+05:30,576.7,583.4,572.0,576.1,928033
2020-03-17 10:45:00+05:30,576.0,577.6,570.0,571.2,670605
2020-03-17 11:15:00+05:30,571.2,572.45,564.85,568.5,915085
2020-03-17 11:45:00+05:30,568.5,577.0,568.5,575.0,697707
2020-03-17 12:15:00+05:30,575.05,579.35,574.7,576.4,489990
2020-03-17 12:45:00+05:30,576.4,580.95,576.0,578.5,590960
2020-03-17 13:15:00+05:30,578.55,581.65,577.4,580.75,710551
2020-03-17 13:45:00+05:30,580.55,581.65,578.0,580.8,1214917
2020-03-17 14:15:00+05:30,580.7,581.8,573.0,573.8,1143235
2020-03-17 14:45:00+05:30,573.8,573.8,550.0,551.95,2858084
2020-03-17 15:15:00+05:30,551.7,561.9,550.6,560.0,1673753
2020-03-18 09:15:00+05:30,568.0,578.0,567.55,568.85,1578218
2020-03-18 09:45:00+05:30,568.7,569.3,563.35,565.15,1113759
2020-03-18 10:15:00+05:30,565.1,571.95,564.3,567.05,597284
2020-03-18 10:45:00+05:30,567.05,567.2,560.0,560.4,744713
2020-03-18 11:15:00+05:30,560.45,565.0,560.0,562.05,605818
2020-03-18 11:45:00+05:30,561.75,566.0,558.55,559.85,873637
2020-03-18 12:15:00+05:30,559.7,564.65,556.25,558.05,1031211
2020-03-18 12:45:00+05:30,558.05,561.45,552.35,555.1,1167544
2020-03-18 13:15:00+05:30,555.1,556.8,550.2,553.6,858156
2020-03-18 13:45:00+05:30,553.95,556.2,546.55,548.85,868444
2020-03-18 14:15:00+05:30,548.85,553.0,547.8,552.35,826035
2020-03-18 14:45:00+05:30,552.75,554.25,528.6,540.75,2814748
2020-03-18 15:15:00+05:30,540.75,540.75,528.4,531.5,2242128
2020-03-19 09:15:00+05:30,509.25,534.7,509.25,531.8,1710820
2020-03-19 09:45:00+05:30,531.75,544.9,525.5,540.25,1301826
2020-03-19 10:15:00+05:30,539.95,540.45,530.5,531.15,797328
2020-03-19 10:45:00+05:30,531.0,547.9,530.25,547.9,1263915
2020-03-19 11:15:00+05:30,547.95,555.9,540.15,546.25,1709983
2020-03-19 11:45:00+05:30,546.1,549.9,530.9,536.0,974076
2020-03-19 12:15:00+05:30,536.5,539.95,534.4,538.25,1222493
2020-03-19 12:45:00+05:30,538.85,549.0,538.3,542.25,851116
2020-03-19 13:15:00+05:30,542.25,542.85,535.15,535.75,906141
2020-03-19 13:45:00+05:30,535.65,557.95,535.45,555.9,1312137
2020-03-19 14:15:00+05:30,556.5,556.75,545.0,550.9,1415100
2020-03-19 14:45:00+05:30,550.7,555.35,542.35,542.35,1606805
2020-03-19 15:15:00+05:30,542.35,552.55,540.65,551.8,1444913
2020-03-20 09:15:00+05:30,549.5,563.8,549.0,559.2,1982665
2020-03-20 09:45:00+05:30,559.2,574.55,558.0,572.75,1692107
2020-03-20 10:15:00+05:30,572.6,581.0,572.05,578.0,1211929
2020-03-20 10:45:00+05:30,578.0,580.75,576.25,580.0,932557
2020-03-20 11:15:00+05:30,580.3,585.6,579.05,585.6,896482
2020-03-20 11:45:00+05:30,585.55,593.0,581.75,593.0,948106
2020-03-20 12:15:00+05:30,593.0,596.65,588.1,595.0,956238
2020-03-20 12:45:00+05:30,595.3,601.4,593.8,599.5,1275612
2020-03-20 13:15:00+05:30,599.75,617.3,599.3,613.45,1866409
2020-03-20 13:45:00+05:30,613.8,615.2,586.5,589.5,2451506
2020-03-20 14:15:00+05:30,589.5,593.5,580.8,586.65,1423448
2020-03-20 14:45:00+05:30,586.5,594.9,583.1,585.55,2716580
2020-03-20 15:15:00+05:30,585.05,590.0,578.6,580.9,2977047
2020-03-23 09:15:00+05:30,540.0,560.95,535.1,535.55,2206351
2020-03-23 09:45:00+05:30,535.25,540.0,533.3,535.0,416987
2020-03-23 10:45:00+05:30,537.05,544.95,526.7,528.0,1236488
2020-03-23 11:15:00+05:30,528.45,532.0,515.9,527.15,1709188
2020-03-23 11:45:00+05:30,527.25,533.0,524.25,532.0,1280618
2020-03-23 12:15:00+05:30,531.3,537.05,527.25,535.5,1377563
2020-03-23 12:45:00+05:30,535.6,536.25,526.0,527.7,1235238
2020-03-23 13:15:00+05:30,527.75,535.25,527.0,533.2,996011
2020-03-23 13:45:00+05:30,532.85,533.2,529.0,530.15,868103
2020-03-23 14:15:00+05:30,530.15,535.5,529.0,533.85,2020169
2020-03-23 14:45:00+05:30,533.65,535.0,524.15,524.2,2296639
2020-03-23 15:15:00+05:30,524.15,530.4,524.05,529.15,1420311
2020-03-24 09:15:00+05:30,522.0,579.05,522.0,565.4,2069677
2020-03-24 09:45:00+05:30,565.5,572.9,557.2,562.35,1489775
2020-03-24 10:15:00+05:30,562.45,562.85,554.0,561.85,1811235
2020-03-24 10:45:00+05:30,561.8,566.7,561.0,566.5,1026586
2020-03-24 11:15:00+05:30,566.5,570.0,565.2,568.3,953310
2020-03-24 11:45:00+05:30,568.3,568.7,560.0,564.6,1189599
2020-03-24 12:15:00+05:30,564.6,574.1,563.6,570.55,991135
2020-03-24 12:45:00+05:30,570.65,574.5,568.1,573.0,1199312
2020-03-24 13:15:00+05:30,572.8,578.85,572.0,578.05,1149664
2020-03-24 13:45:00+05:30,578.0,579.0,570.55,575.6,845224
2020-03-24 14:15:00+05:30,575.6,588.85,569.25,587.9,2643712
2020-03-24 14:45:00+05:30,587.9,589.0,578.55,587.4,2309327
2020-03-24 15:15:00+05:30,587.85,601.0,586.6,600.0,2217369
2020-03-25 09:15:00+05:30,597.0,609.85,575.8,576.9,2529311
2020-03-25 09:45:00+05:30,576.65,581.2,571.15,575.85,1082152
2020-03-25 10:15:00+05:30,576.15,579.7,572.0,572.6,700078
2020-03-25 10:45:00+05:30,572.6,575.9,565.75,575.55,1089026
2020-03-25 11:15:00+05:30,575.5,582.45,571.5,577.0,1350570
2020-03-25 11:45:00+05:30,576.8,581.65,574.05,580.35,728026
2020-03-25 12:15:00+05:30,580.5,591.0,577.1,591.0,1043602
2020-03-25 12:45:00+05:30,591.1,602.8,591.0,598.55,1015065
2020-03-25 13:15:00+05:30,598.2,606.85,595.0,605.4,1092336
2020-03-25 13:45:00+05:30,605.2,634.7,604.1,622.05,2315424
2020-03-25 14:15:00+05:30,622.0,622.5,604.55,608.15,1975909
2020-03-25 14:45:00+05:30,608.15,609.8,603.6,606.5,2252250
2020-03-25 15:15:00+05:30,606.25,608.45,602.65,607.0,1117951
2020-03-26 09:15:00+05:30,615.0,649.0,614.9,649.0,2508009
2020-03-26 09:45:00+05:30,648.6,650.6,631.5,635.0,1589327
2020-03-26 10:15:00+05:30,635.25,639.0,628.5,634.15,1264055
2020-03-26 10:45:00+05:30,634.1,640.0,629.1,636.45,1342315
2020-03-26 11:15:00+05:30,636.5,646.5,635.95,642.55,756248
2020-03-26 11:45:00+05:30,642.35,643.2,639.8,642.2,433377
2020-03-26 12:15:00+05:30,642.0,642.8,636.65,642.5,1141296
2020-03-26 12:45:00+05:30,642.8,644.9,639.0,640.8,643159
2020-03-26 13:15:00+05:30,640.8,642.8,631.1,636.3,886025
2020-03-26 13:45:00+05:30,636.1,640.1,634.2,639.35,885398
2020-03-26 14:15:00+05:30,639.5,643.15,636.0,642.5,627323
2020-03-26 14:45:00+05:30,642.4,650.0,640.85,643.5,1448859
2020-03-26 15:15:00+05:30,643.55,647.55,638.0,640.0,1300062
2020-03-27 09:15:00+05:30,665.05,674.85,660.35,662.45,1362734
2020-03-27 09:45:00+05:30,663.0,666.45,651.0,653.5,1015112
2020-03-27 10:15:00+05:30,652.8,655.25,647.0,653.8,1023518
2020-03-27 10:45:00+05:30,653.8,659.3,649.15,649.7,1208900
2020-03-27 11:15:00+05:30,649.25,653.05,644.0,651.05,825258
2020-03-27 11:45:00+05:30,651.05,657.95,647.4,655.3,847583
2020-03-27 12:15:00+05:30,655.6,655.6,647.0,647.0,644471
2020-03-27 12:45:00+05:30,647.0,650.35,646.05,648.0,518248
2020-03-27 13:15:00+05:30,647.4,653.0,642.4,648.75,1738118
2020-03-27 13:45:00+05:30,648.85,657.5,647.4,654.85,1374185
2020-03-27 14:15:00+05:30,654.85,659.5,648.25,649.95,885914
2020-03-27 14:45:00+05:30,649.85,653.8,648.1,652.15,1175982
2020-03-27 15:15:00+05:30,652.8,658.9,652.15,654.1,825841
2020-03-30 09:15:00+05:30,625.1,663.15,625.1,656.4,1720832
2020-03-30 09:45:00+05:30,656.2,659.3,646.05,647.0,920656
2020-03-30 10:15:00+05:30,647.0,653.5,644.0,652.0,789238
2020-03-30 10:45:00+05:30,652.0,652.0,638.0,639.65,953632
2020-03-30 11:15:00+05:30,639.8,648.75,638.0,642.35,1246565
2020-03-30 11:45:00+05:30,642.0,645.5,634.25,637.05,1105988
2020-03-30 12:15:00+05:30,637.35,642.45,636.1,641.9,659102
2020-03-30 12:45:00+05:30,641.9,641.95,638.1,640.4,412006
2020-03-30 13:15:00+05:30,640.4,643.25,637.55,641.35,1504340
2020-03-30 13:45:00+05:30,640.95,641.75,636.0,639.75,828682
2020-03-30 14:15:00+05:30,639.8,640.0,633.0,635.4,723323
2020-03-30 14:45:00+05:30,635.1,635.4,622.0,630.0,2456393
2020-03-30 15:15:00+05:30,629.9,630.0,622.1,624.0,1274004
2020-03-31 09:15:00+05:30,650.0,650.0,634.35,640.95,1028803
2020-03-31 09:45:00+05:30,640.45,656.1,640.45,653.25,1463503
2020-03-31 10:15:00+05:30,653.45,662.0,652.5,658.45,1182493
2020-03-31 10:45:00+05:30,658.65,661.0,650.0,651.75,1049919
2020-03-31 11:15:00+05:30,651.55,654.0,646.65,650.7,769367
2020-03-31 11:45:00+05:30,650.4,653.5,645.1,646.6,1062447
2020-03-31 12:15:00+05:30,646.6,647.6,644.5,647.1,642358
2020-03-31 12:45:00+05:30,647.1,647.75,645.3,646.5,499637
2020-03-31 13:15:00+05:30,646.95,650.0,646.0,647.6,502335
2020-03-31 13:45:00+05:30,647.65,655.0,647.0,650.85,861107
2020-03-31 14:15:00+05:30,650.85,654.6,650.3,653.95,946554
2020-03-31 14:45:00+05:30,654.0,656.85,638.1,642.2,3722723
2020-03-31 15:15:00+05:30,642.3,642.3,637.05,639.6,1425662
2020-04-01 09:15:00+05:30,634.35,637.45,615.35,620.7,2471806
2020-04-01 09:45:00+05:30,620.55,623.0,616.25,618.15,673943
2020-04-01 10:15:00+05:30,618.5,621.4,610.1,615.0,1057788
2020-04-01 10:45:00+05:30,615.0,616.2,610.6,611.8,442283
2020-04-01 11:15:00+05:30,611.65,617.2,610.5,617.2,1020983
2020-04-01 11:45:00+05:30,617.2,618.5,613.75,614.65,550535
2020-04-01 12:15:00+05:30,614.3,614.8,612.0,613.3,425843
2020-04-01 12:45:00+05:30,613.2,613.8,606.0,606.65,778999
2020-04-01 13:15:00+05:30,606.7,606.7,601.9,602.95,719961
2020-04-01 13:45:00+05:30,603.0,603.7,594.3,600.6,1233668
2020-04-01 14:15:00+05:30,600.55,607.9,600.0,605.4,1369018
2020-04-01 14:45:00+05:30,605.45,606.6,601.85,601.85,1431641
2020-04-01 15:15:00+05:30,601.85,604.5,600.0,604.0,893621
2020-04-03 09:15:00+05:30,603.5,605.85,587.75,598.25,2240171
2020-04-03 09:45:00+05:30,598.25,599.45,592.0,596.9,764624
2020-04-03 10:15:00+05:30,596.85,599.8,593.0,593.95,542242
2020-04-03 10:45:00+05:30,593.95,599.3,592.2,596.95,508615
2020-04-03 11:15:00+05:30,597.0,598.0,594.05,594.55,332283
2020-04-03 11:45:00+05:30,594.7,595.6,592.85,593.25,474239
2020-04-03 12:15:00+05:30,593.2,594.0,588.1,588.5,540432
2020-04-03 12:45:00+05:30,588.5,591.8,585.1,591.5,606888
2020-04-03 13:15:00+05:30,591.2,598.65,589.15,595.3,826521
2020-04-03 13:45:00+05:30,595.55,598.65,589.05,590.35,1137832
2020-04-03 14:15:00+05:30,590.1,590.65,586.3,588.5,525123
2020-04-03 14:45:00+05:30,588.25,592.25,582.15,584.95,1092984
2020-04-03 15:15:00+05:30,585.25,588.75,584.45,588.6,594177
2020-04-07 09:15:00+05:30,615.0,623.1,613.6,622.35,2506783
2020-04-07 09:45:00+05:30,622.35,626.35,620.25,622.3,1226650
2020-04-07 10:15:00+05:30,623.0,623.4,618.2,620.7,1164472
2020-04-07 10:45:00+05:30,620.8,626.0,620.1,623.5,1081888
2020-04-07 11:15:00+05:30,623.6,629.5,623.5,624.8,924625
2020-04-07 11:45:00+05:30,624.9,627.0,624.75,625.1,573379
2020-04-07 12:15:00+05:30,625.2,630.0,625.1,628.0,660531
2020-04-07 12:45:00+05:30,628.1,628.65,624.5,625.3,759984
2020-04-07 13:15:00+05:30,625.35,627.95,625.15,626.75,745141
2020-04-07 13:45:00+05:30,626.85,632.0,626.0,628.75,1063744
2020-04-07 14:15:00+05:30,628.6,634.95,627.3,634.8,831491
2020-04-07 14:45:00+05:30,634.8,644.25,633.25,644.25,1836431
2020-04-07 15:15:00+05:30,644.25,644.25,631.0,634.0,1681445
2020-04-08 09:15:00+05:30,630.0,655.65,628.3,643.4,2240302
2020-04-08 09:45:00+05:30,643.4,647.65,638.1,641.35,1148013
2020-04-08 10:15:00+05:30,641.55,651.7,641.3,644.65,757611
2020-04-08 10:45:00+05:30,644.5,645.0,640.0,641.35,547878
2020-04-08 11:15:00+05:30,641.35,643.45,635.5,635.55,781713
2020-04-08 11:45:00+05:30,635.85,638.9,633.8,638.35,890944
2020-04-08 12:15:00+05:30,638.1,639.8,635.3,635.6,467239
2020-04-08 12:45:00+05:30,635.45,636.7,628.4,634.35,858627
2020-04-08 13:15:00+05:30,634.35,635.35,630.0,631.25,562546
2020-04-08 13:45:00+05:30,631.25,632.0,626.35,629.2,723586
2020-04-08 14:15:00+05:30,629.2,632.3,628.4,630.85,520002
2020-04-08 14:45:00+05:30,630.85,632.05,629.35,631.6,1223230
2020-04-08 15:15:00+05:30,631.6,633.5,629.95,632.25,1072752
2020-04-09 09:15:00+05:30,646.8,647.8,640.2,643.55,887204
2020-04-09 09:45:00+05:30,643.5,652.8,639.4,641.05,2099439
2020-04-09 10:15:00+05:30,640.75,642.9,634.1,636.15,886555
2020-04-09 10:45:00+05:30,636.3,637.0,632.75,635.65,452461
2020-04-09 11:15:00+05:30,635.5,642.0,634.0,638.55,872136
2020-04-09 11:45:00+05:30,638.8,643.4,638.6,641.25,693682
2020-04-09 12:15:00+05:30,641.25,644.0,640.0,640.15,1514041
2020-04-09 12:45:00+05:30,640.15,640.8,637.0,639.7,429918
2020-04-09 13:15:00+05:30,639.7,642.8,638.0,638.25,546325
2020-04-09 13:45:00+05:30,638.0,639.0,634.3,635.6,451584
2020-04-09 14:15:00+05:30,635.4,638.9,632.3,638.15,469337
2020-04-09 14:45:00+05:30,638.4,640.7,636.0,636.0,1421636
2020-04-09 15:15:00+05:30,636.05,636.05,632.8,635.6,1187393
2020-04-13 09:15:00+05:30,629.0,646.7,627.05,644.0,1255505
2020-04-13 09:45:00+05:30,644.0,651.7,640.35,641.25,1457443
2020-04-13 10:15:00+05:30,641.1,645.8,637.75,643.85,820106
2020-04-13 10:45:00+05:30,643.7,645.8,639.55,644.85,541376
2020-04-13 11:15:00+05:30,644.85,647.0,641.55,641.8,598003
2020-04-13 11:45:00+05:30,642.0,644.8,639.1,640.75,460122
2020-04-13 12:15:00+05:30,640.95,641.6,639.4,640.1,519145
2020-04-13 12:45:00+05:30,640.2,642.7,638.3,639.95,294522
2020-04-13 13:15:00+05:30,639.9,640.0,636.0,639.7,447115
2020-04-13 13:45:00+05:30,639.95,640.0,637.1,638.65,351345
2020-04-13 14:15:00+05:30,638.65,641.0,636.6,640.4,411240
2020-04-13 14:45:00+05:30,640.3,641.0,636.15,636.8,702319
2020-04-13 15:15:00+05:30,636.95,637.5,636.2,637.0,454542
2020-04-15 09:15:00+05:30,651.4,653.3,641.05,644.9,1648617
2020-04-15 09:45:00+05:30,644.95,651.0,644.85,650.0,1052376
2020-04-15 10:15:00+05:30,650.05,652.0,648.0,648.45,799282
2020-04-15 10:45:00+05:30,648.4,650.15,645.75,647.9,1101961
2020-04-15 11:15:00+05:30,647.95,648.5,646.0,646.1,416054
2020-04-15 11:45:00+05:30,646.15,646.95,644.7,646.3,359993
2020-04-15 12:15:00+05:30,646.55,650.75,646.25,649.05,533009
2020-04-15 12:45:00+05:30,649.05,650.1,647.05,647.95,423065
2020-04-15 13:15:00+05:30,648.0,651.8,646.55,651.75,924991
2020-04-15 13:45:00+05:30,651.8,651.8,645.0,645.7,1016268
2020-04-15 14:15:00+05:30,645.9,648.0,642.1,646.45,641639
2020-04-15 14:45:00+05:30,646.5,647.5,635.8,638.6,1786164
2020-04-15 15:15:00+05:30,638.7,641.0,636.35,640.0,1234429
2020-04-16 09:15:00+05:30,619.95,627.85,604.0,615.75,4310029
2020-04-16 09:45:00+05:30,615.65,616.6,608.05,614.7,1835712
2020-04-16 10:15:00+05:30,614.85,621.6,614.7,617.65,1183252
2020-04-16 10:45:00+05:30,617.85,623.0,616.6,620.2,989458
2020-04-16 11:15:00+05:30,620.2,625.85,620.0,623.5,1104009
2020-04-16 11:45:00+05:30,623.5,626.0,621.3,624.0,899730
2020-04-16 12:15:00+05:30,624.05,625.0,622.35,623.15,679153
2020-04-16 12:45:00+05:30,623.15,634.55,623.0,628.5,986548
2020-04-16 13:15:00+05:30,628.55,629.4,626.0,626.0,788025
2020-04-16 13:45:00+05:30,626.05,627.5,624.25,624.7,534734
2020-04-16 14:15:00+05:30,624.85,627.95,624.3,624.65,639693
2020-04-16 14:45:00+05:30,624.55,627.2,621.0,624.55,2285131
2020-04-16 15:15:00+05:30,624.55,626.9,624.0,626.9,1512352
2020-04-17 09:15:00+05:30,644.0,645.95,633.6,642.7,1373820
2020-04-17 09:45:00+05:30,643.05,645.1,638.0,639.65,807591
2020-04-17 10:15:00+05:30,640.6,642.0,635.4,636.1,557667
2020-04-17 10:45:00+05:30,636.1,637.75,632.1,632.1,677454
2020-04-17 11:15:00+05:30,632.05,633.4,628.2,631.1,519014
2020-04-17 11:45:00+05:30,630.95,631.0,626.1,630.0,422981
2020-04-17 12:15:00+05:30,630.0,632.5,629.1,631.65,466259
2020-04-17 12:45:00+05:30,631.65,634.5,629.15,629.6,439098
2020-04-17 13:15:00+05:30,629.6,631.25,628.15,629.6,301327
2020-04-17 13:45:00+05:30,629.55,631.0,629.05,630.5,334426
2020-04-17 14:15:00+05:30,630.45,632.5,629.05,629.65,521048
2020-04-17 14:45:00+05:30,629.65,631.45,626.0,629.2,1336368
2020-04-17 15:15:00+05:30,629.15,635.0,628.1,633.5,1089417
2020-04-20 09:15:00+05:30,640.0,654.5,639.4,649.9,2284447
2020-04-20 09:45:00+05:30,649.45,653.0,646.6,652.8,1082251
2020-04-20 10:15:00+05:30,652.55,658.45,651.5,656.4,1231111
2020-04-20 10:45:00+05:30,656.0,661.0,655.5,658.65,1292543
2020-04-20 11:15:00+05:30,659.0,659.5,655.55,656.75,813039
2020-04-20 11:45:00+05:30,657.0,658.5,656.0,657.0,512759
2020-04-20 12:15:00+05:30,657.0,657.2,651.15,654.6,958682
2020-04-20 12:45:00+05:30,654.6,657.5,652.65,656.75,502826
2020-04-20 13:15:00+05:30,656.5,657.0,655.25,656.0,310966
2020-04-20 13:45:00+05:30,656.0,656.2,652.15,653.7,665411
2020-04-20 14:15:00+05:30,653.7,654.5,650.25,653.95,749476
2020-04-20 14:45:00+05:30,653.95,656.9,652.3,652.4,1659417
2020-04-20 15:15:00+05:30,652.4,654.0,650.25,650.95,1214009
2020-04-21 09:15:00+05:30,627.8,646.45,627.8,643.1,3534657
2020-04-21 09:45:00+05:30,642.65,645.7,635.0,637.05,1475680
2020-04-21 10:15:00+05:30,637.7,641.85,636.5,638.5,605461
2020-04-21 10:45:00+05:30,638.5,640.75,637.45,639.15,445039
2020-04-21 11:15:00+05:30,639.1,642.5,638.5,640.7,553439
2020-04-21 11:45:00+05:30,640.6,642.0,639.5,640.0,297603
2020-04-21 12:15:00+05:30,640.15,641.0,637.1,638.2,380734
2020-04-21 12:45:00+05:30,638.25,640.2,636.75,639.35,514647
2020-04-21 13:15:00+05:30,639.35,639.75,637.0,639.3,363361
2020-04-21 13:45:00+05:30,639.25,639.75,637.5,638.1,383660
2020-04-21 14:15:00+05:30,638.05,641.0,632.2,633.75,1140491
2020-04-21 14:45:00+05:30,633.8,635.45,630.7,633.75,1137818
2020-04-21 15:15:00+05:30,633.75,634.2,631.9,632.8,680946
2020-04-22 09:15:00+05:30,633.2,644.5,628.3,639.0,1917557
2020-04-22 09:45:00+05:30,639.0,641.55,636.25,637.45,651078
2020-04-22 10:15:00+05:30,637.5,641.65,634.0,640.45,803911
2020-04-22 10:45:00+05:30,640.45,641.5,637.55,638.8,359277
2020-04-22 11:15:00+05:30,638.6,640.9,638.0,640.8,294166
2020-04-22 11:45:00+05:30,640.9,641.55,639.25,639.5,303310
2020-04-22 12:15:00+05:30,639.75,641.0,637.4,640.7,329596
2020-04-22 12:45:00+05:30,640.5,645.0,639.55,642.45,614354
2020-04-22 13:15:00+05:30,642.45,643.0,640.55,642.45,377240
2020-04-22 13:45:00+05:30,642.5,642.95,641.0,641.75,616727
2020-04-22 14:15:00+05:30,641.55,643.5,641.05,642.5,602323
2020-04-22 14:45:00+05:30,642.5,643.5,641.25,641.65,638501
2020-04-22 15:15:00+05:30,641.65,642.95,639.15,641.5,744907
2020-04-23 09:15:00+05:30,647.05,647.4,638.1,643.2,819942
2020-04-23 09:45:00+05:30,643.65,651.0,642.35,644.65,924771
2020-04-23 10:15:00+05:30,644.8,645.6,642.65,645.0,339748
2020-04-23 10:45:00+05:30,644.95,650.0,644.9,648.6,486961
2020-04-23 11:15:00+05:30,648.6,653.75,648.55,653.0,683613
2020-04-23 11:45:00+05:30,652.8,657.7,652.0,655.95,769056
2020-04-23 12:15:00+05:30,655.95,658.3,653.5,658.1,677121
2020-04-23 12:45:00+05:30,658.15,659.55,656.0,656.5,820180
2020-04-23 13:15:00+05:30,656.5,657.4,654.0,657.0,407374
2020-04-23 13:45:00+05:30,657.0,674.0,656.95,671.9,2116593
2020-04-23 14:15:00+05:30,671.85,677.65,670.35,675.0,2437271
2020-04-23 14:45:00+05:30,675.1,683.5,674.5,680.35,2655217
2020-04-23 15:15:00+05:30,680.35,680.85,674.2,675.15,1299494
2020-04-24 09:15:00+05:30,668.55,675.0,665.4,666.2,1404432
2020-04-24 09:45:00+05:30,666.15,667.1,662.0,663.65,625884
2020-04-24 10:15:00+05:30,663.65,663.8,657.95,659.05,621714
2020-04-24 10:45:00+05:30,659.3,662.6,658.85,660.55,368557
2020-04-24 11:15:00+05:30,660.8,661.9,656.85,658.35,417556
2020-04-24 11:45:00+05:30,658.65,664.0,658.25,661.9,455445
2020-04-24 12:15:00+05:30,661.75,666.0,661.0,661.35,590713
2020-04-24 12:45:00+05:30,661.3,661.75,658.0,661.6,327360
2020-04-24 13:15:00+05:30,661.6,662.0,659.6,660.5,195659
2020-04-24 13:45:00+05:30,660.5,661.8,657.2,660.75,414734
2020-04-24 14:15:00+05:30,660.75,663.65,656.5,662.0,601380
2020-04-24 14:45:00+05:30,662.3,663.85,655.5,656.25,726575
2020-04-24 15:15:00+05:30,656.35,661.45,655.8,661.0,547216
2020-04-27 09:15:00+05:30,661.05,674.9,661.05,671.75,1118189
2020-04-27 09:45:00+05:30,671.5,675.0,669.15,672.0,586306
2020-04-27 10:15:00+05:30,671.95,681.0,671.95,677.45,1036416
2020-04-27 10:45:00+05:30,677.15,677.5,670.5,671.0,590028
2020-04-27 11:15:00+05:30,671.15,674.55,671.0,672.5,346542
2020-04-27 11:45:00+05:30,672.65,673.45,670.85,672.1,217575
2020-04-27 12:15:00+05:30,672.0,674.15,671.6,674.0,386793
2020-04-27 12:45:00+05:30,673.9,674.05,670.35,670.75,338084
2020-04-27 13:15:00+05:30,670.6,671.0,668.0,669.75,337835
2020-04-27 13:45:00+05:30,669.75,670.0,667.5,668.45,236146
2020-04-27 14:15:00+05:30,668.45,669.55,665.1,665.6,337230
2020-04-27 14:45:00+05:30,665.6,667.85,662.3,664.65,1005393
2020-04-27 15:15:00+05:30,664.75,665.6,662.5,665.1,605371
2020-04-28 09:15:00+05:30,673.0,677.0,658.45,661.5,1159916
2020-04-28 09:45:00+05:30,661.35,663.7,659.0,661.8,432724
2020-04-28 10:15:00+05:30,662.0,663.5,660.75,661.35,292707
2020-04-28 10:45:00+05:30,661.35,662.75,659.3,659.6,290622
2020-04-28 11:15:00+05:30,659.75,660.3,656.2,657.4,517798
2020-04-28 11:45:00+05:30,657.75,663.0,656.8,657.2,468172
2020-04-28 12:15:00+05:30,657.2,658.45,653.25,655.4,480974
2020-04-28 12:45:00+05:30,655.4,660.75,653.35,659.4,533454
2020-04-28 13:15:00+05:30,659.4,659.5,656.5,657.4,413362
2020-04-28 13:45:00+05:30,657.4,658.0,655.1,657.5,772172
2020-04-28 14:15:00+05:30,657.5,659.5,656.15,657.75,428742
2020-04-28 14:45:00+05:30,657.75,662.85,657.35,661.1,927236
2020-04-28 15:15:00+05:30,661.2,664.9,660.45,664.05,570592
2020-04-29 09:15:00+05:30,666.0,669.75,658.0,661.85,905670
2020-04-29 09:45:00+05:30,662.0,665.65,661.55,665.2,356898
2020-04-29 10:15:00+05:30,665.35,674.0,665.0,671.05,1014042
2020-04-29 10:45:00+05:30,671.3,672.5,668.15,670.65,462007
2020-04-29 11:15:00+05:30,670.4,672.0,669.0,669.0,305857
2020-04-29 11:45:00+05:30,669.0,671.4,668.55,670.0,830668
2020-04-29 12:15:00+05:30,670.1,671.2,669.55,670.65,234618
2020-04-29 12:45:00+05:30,670.6,671.2,669.7,670.85,408049
2020-04-29 13:15:00+05:30,670.85,671.2,670.25,670.55,247887
2020-04-29 13:45:00+05:30,670.55,673.0,670.3,672.1,311072
2020-04-29 14:15:00+05:30,672.1,679.7,671.5,678.3,1098552
2020-04-29 14:45:00+05:30,678.5,682.0,677.55,677.65,1204180
2020-04-29 15:15:00+05:30,677.5,679.25,669.6,677.0,1249470
2020-04-30 09:15:00+05:30,700.0,715.85,699.75,713.7,2805306
2020-04-30 09:45:00+05:30,714.0,716.1,709.05,714.6,1511573
2020-04-30 10:15:00+05:30,714.6,718.5,710.65,713.4,1745521
2020-04-30 10:45:00+05:30,713.4,714.15,711.2,713.1,691211
2020-04-30 11:15:00+05:30,713.0,714.65,711.0,712.8,807967
2020-04-30 11:45:00+05:30,713.0,714.85,712.0,712.15,527139
2020-04-30 12:15:00+05:30,712.5,714.4,709.2,710.8,711794
2020-04-30 12:45:00+05:30,711.0,713.5,710.2,710.2,837247
2020-04-30 13:15:00+05:30,710.0,711.2,702.45,704.6,1185021
2020-04-30 13:45:00+05:30,704.6,711.8,704.15,708.0,757552
2020-04-30 14:15:00+05:30,708.2,709.85,705.0,707.1,800330
2020-04-30 14:45:00+05:30,706.95,719.45,704.5,718.0,2373617
2020-04-30 15:15:00+05:30,718.05,720.0,714.55,715.45,1408844
2020-05-04 09:15:00+05:30,689.8,699.8,682.1,695.25,1754315
2020-05-04 09:45:00+05:30,695.25,701.1,692.0,693.9,1033380
2020-05-04 10:15:00+05:30,693.7,694.8,690.95,692.5,593904
2020-05-04 10:45:00+05:30,692.65,693.5,689.15,690.6,449871
2020-05-04 11:15:00+05:30,690.6,691.55,684.5,685.0,661879
2020-05-04 11:45:00+05:30,685.0,689.25,684.05,685.85,415080
2020-05-04 12:15:00+05:30,685.8,686.8,682.5,683.2,464071
2020-05-04 12:45:00+05:30,683.15,685.3,681.05,682.55,499449
2020-05-04 13:15:00+05:30,682.55,683.8,680.15,681.85,411511
2020-05-04 13:45:00+05:30,681.95,682.9,678.25,679.25,449067
2020-05-04 14:15:00+05:30,679.2,680.4,675.0,675.5,653999
2020-05-04 14:45:00+05:30,675.5,678.2,671.1,671.7,900309
2020-05-04 15:15:00+05:30,671.75,676.7,670.35,675.15,782133
2020-05-05 09:15:00+05:30,681.75,682.4,675.25,679.45,871176
2020-05-05 09:45:00+05:30,679.5,682.4,677.45,681.2,415785
2020-05-05 10:15:00+05:30,681.2,683.6,680.25,682.05,377530
2020-05-05 10:45:00+05:30,682.0,685.5,680.8,683.7,479080
2020-05-05 11:15:00+05:30,683.9,684.75,680.3,680.55,505773
2020-05-05 11:45:00+05:30,680.55,684.15,678.35,683.5,501602
2020-05-05 12:15:00+05:30,683.7,683.7,680.55,682.2,299375
2020-05-05 12:45:00+05:30,682.35,683.9,681.1,683.35,352691
2020-05-05 13:15:00+05:30,683.25,683.45,679.15,681.35,323706
2020-05-05 13:45:00+05:30,681.2,683.0,679.15,679.8,263227
2020-05-05 14:15:00+05:30,679.8,680.0,675.1,677.3,425543
2020-05-05 14:45:00+05:30,677.3,678.0,670.0,674.25,929761
2020-05-05 15:15:00+05:30,674.25,676.1,672.2,674.5,633244
2020-05-06 09:15:00+05:30,676.9,678.9,668.0,669.2,716358
2020-05-06 09:45:00+05:30,669.25,679.5,665.25,678.1,818951
2020-05-06 10:15:00+05:30,677.5,681.4,675.3,679.0,505957
2020-05-06 10:45:00+05:30,679.0,681.25,675.0,675.65,446079
2020-05-06 11:15:00+05:30,675.75,678.25,672.0,673.2,388420
2020-05-06 11:45:00+05:30,673.2,675.6,671.25,674.3,448459
2020-05-06 12:15:00+05:30,674.15,675.6,672.35,672.9,236782
2020-05-06 12:45:00+05:30,672.95,673.9,669.15,669.25,365022
2020-05-06 13:15:00+05:30,669.2,675.5,668.35,674.3,633667
2020-05-06 13:45:00+05:30,674.3,677.3,668.35,669.4,595538
2020-05-06 14:15:00+05:30,669.75,670.0,666.3,668.45,423946
2020-05-06 14:45:00+05:30,668.45,668.9,664.2,666.35,1704092
2020-05-06 15:15:00+05:30,666.4,668.0,665.0,667.0,645463
2020-05-07 09:15:00+05:30,665.55,674.35,665.55,668.45,997069
2020-05-07 09:45:00+05:30,668.5,672.0,666.05,670.1,381281
2020-05-07 10:15:00+05:30,670.1,671.3,668.25,669.45,225351
2020-05-07 10:45:00+05:30,669.7,670.8,668.35,670.2,287140
2020-05-07 11:15:00+05:30,670.25,670.45,668.6,670.0,134656
2020-05-07 11:45:00+05:30,670.0,670.0,667.0,669.15,189548
2020-05-07 12:15:00+05:30,669.2,671.45,668.25,670.55,291124
2020-05-07 12:45:00+05:30,670.5,673.8,668.8,673.5,306985
2020-05-07 13:15:00+05:30,673.5,674.0,669.0,669.45,305027
2020-05-07 13:45:00+05:30,669.55,671.5,668.1,668.3,271289
2020-05-07 14:15:00+05:30,668.25,670.95,667.5,668.1,333343
2020-05-07 14:45:00+05:30,668.1,668.25,663.15,665.25,645649
2020-05-07 15:15:00+05:30,665.1,666.7,663.4,666.7,393825
2020-05-08 09:15:00+05:30,672.25,677.55,668.55,669.5,1256522
2020-05-08 09:45:00+05:30,669.5,676.0,668.55,672.95,710557
2020-05-08 10:15:00+05:30,672.9,677.7,672.1,676.05,509575
2020-05-08 10:45:00+05:30,676.15,680.9,674.5,678.95,1001068
2020-05-08 11:15:00+05:30,678.95,679.3,675.6,676.3,461299
2020-05-08 11:45:00+05:30,676.5,676.85,673.6,676.05,357152
2020-05-08 12:15:00+05:30,676.05,678.0,675.2,677.5,363009
2020-05-08 12:45:00+05:30,677.5,677.8,675.55,676.6,232999
2020-05-08 13:15:00+05:30,676.65,676.8,674.25,675.15,297619
2020-05-08 13:45:00+05:30,675.1,677.0,675.0,676.6,661349
2020-05-08 14:15:00+05:30,676.85,677.0,671.5,672.2,725373
2020-05-08 14:45:00+05:30,672.2,675.9,671.55,673.45,1173581
2020-05-08 15:15:00+05:30,673.55,677.0,672.8,676.0,630591
2020-05-11 09:15:00+05:30,682.5,696.0,678.35,693.8,1252482
2020-05-11 09:45:00+05:30,693.8,698.55,693.0,695.0,728871
2020-05-11 10:15:00+05:30,695.2,697.35,693.15,695.0,442461
2020-05-11 10:45:00+05:30,694.95,695.25,690.3,690.9,574558
2020-05-11 11:15:00+05:30,690.85,693.5,689.75,690.85,314926
2020-05-11 11:45:00+05:30,690.9,693.0,690.05,692.9,221791
2020-05-11 12:15:00+05:30,693.0,695.45,687.5,687.85,783949
2020-05-11 12:45:00+05:30,688.25,688.95,684.6,685.0,769977
2020-05-11 13:15:00+05:30,684.85,686.0,683.35,684.55,512297
2020-05-11 13:45:00+05:30,684.75,685.5,684.25,684.75,310074
2020-05-11 14:15:00+05:30,684.85,685.45,683.5,685.0,341433
2020-05-11 14:45:00+05:30,685.0,685.05,680.85,684.0,763851
2020-05-11 15:15:00+05:30,683.95,685.25,682.25,683.75,345086
2020-05-12 09:15:00+05:30,678.5,681.0,676.0,677.7,666308
2020-05-12 09:45:00+05:30,677.9,689.15,675.55,688.7,969597
2020-05-12 10:15:00+05:30,688.65,689.1,682.75,684.4,676033
2020-05-12 10:45:00+05:30,684.4,687.15,684.1,687.0,366260
2020-05-12 11:15:00+05:30,686.95,691.0,685.35,687.25,741641
2020-05-12 11:45:00+05:30,687.15,690.0,686.2,687.7,499507
2020-05-12 12:15:00+05:30,687.7,689.1,686.8,687.75,399439
2020-05-12 12:45:00+05:30,687.75,689.0,684.75,686.15,291612
2020-05-12 13:15:00+05:30,686.15,686.4,680.45,682.2,480097
2020-05-12 13:45:00+05:30,682.2,683.5,678.65,680.25,377355
2020-05-12 14:15:00+05:30,680.3,688.0,680.1,686.7,605637
2020-05-12 14:45:00+05:30,686.7,690.0,685.15,686.85,790715
2020-05-12 15:15:00+05:30,687.0,687.9,685.6,687.1,476202
2020-05-13 09:15:00+05:30,694.8,694.8,684.15,693.15,1878447
2020-05-13 09:45:00+05:30,693.15,699.0,692.6,698.35,1033498
2020-05-13 10:15:00+05:30,698.4,699.9,695.2,695.9,649755
2020-05-13 10:45:00+05:30,696.0,697.0,692.85,694.95,547648
2020-05-13 11:15:00+05:30,694.95,696.45,693.0,696.1,423038
2020-05-13 11:45:00+05:30,696.1,697.0,693.4,694.0,399827
2020-05-13 12:15:00+05:30,694.0,694.05,693.0,693.05,357437
2020-05-13 12:45:00+05:30,693.05,695.55,693.0,695.5,268708
2020-05-13 13:15:00+05:30,695.5,697.95,695.2,696.9,407772
2020-05-13 13:45:00+05:30,696.85,697.9,694.65,695.6,274879
2020-05-13 14:15:00+05:30,695.55,696.65,693.75,693.95,400325
2020-05-13 14:45:00+05:30,694.15,696.8,693.65,695.4,784687
2020-05-13 15:15:00+05:30,695.4,695.7,692.75,694.0,815510
2020-05-14 09:15:00+05:30,659.0,670.7,652.6,670.0,4736863
2020-05-14 09:45:00+05:30,669.95,671.75,667.0,670.8,1638119
2020-05-14 10:15:00+05:30,670.8,671.55,666.55,668.15,1148058
2020-05-14 10:45:00+05:30,668.0,668.2,665.15,666.3,683032
2020-05-14 11:15:00+05:30,666.3,669.0,659.25,662.3,1224320
2020-05-14 11:45:00+05:30,662.3,664.5,661.85,663.95,379059
2020-05-14 12:15:00+05:30,663.95,664.0,660.1,660.75,488049
2020-05-14 12:45:00+05:30,660.8,662.25,659.5,661.8,646864
2020-05-14 13:15:00+05:30,661.9,662.5,660.2,662.05,774298
2020-05-14 13:45:00+05:30,662.05,662.3,659.7,660.1,765364
2020-05-14 14:15:00+05:30,660.05,660.5,654.0,655.5,1851794
2020-05-14 14:45:00+05:30,655.4,658.85,655.2,658.6,1435917
2020-05-14 15:15:00+05:30,658.7,659.45,655.55,658.2,1001437
2020-05-15 09:15:00+05:30,664.8,664.8,654.1,656.55,1603013
2020-05-15 09:45:00+05:30,656.4,656.4,651.55,653.75,622864
2020-05-15 10:15:00+05:30,653.7,654.0,646.85,649.7,968951
2020-05-15 10:45:00+05:30,649.7,651.35,647.15,647.55,744730
2020-05-15 11:15:00+05:30,647.5,650.85,647.4,650.2,558382
2020-05-15 11:45:00+05:30,650.15,652.0,649.15,650.55,524998
2020-05-15 12:15:00+05:30,650.5,651.9,650.25,651.8,301179
2020-05-15 12:45:00+05:30,651.7,652.1,650.25,650.85,400117
2020-05-15 13:15:00+05:30,650.7,653.6,650.7,651.6,433639
2020-05-15 13:45:00+05:30,651.55,653.45,650.75,653.35,535987
2020-05-15 14:15:00+05:30,653.35,654.9,651.75,653.0,720043
2020-05-15 14:45:00+05:30,653.2,653.45,651.2,652.65,997714
2020-05-15 15:15:00+05:30,652.6,653.3,651.75,653.0,818123
2020-05-18 09:15:00+05:30,659.85,663.6,653.55,659.15,1523290
2020-05-18 09:45:00+05:30,659.0,659.65,655.15,657.2,786964
2020-05-18 10:15:00+05:30,657.05,659.0,657.05,658.0,249735
2020-05-18 10:45:00+05:30,658.05,660.15,656.2,660.15,479094
2020-05-18 11:15:00+05:30,660.2,664.25,658.7,663.5,840502
2020-05-18 11:45:00+05:30,663.3,667.75,663.25,665.5,858303
2020-05-18 12:15:00+05:30,665.85,666.8,664.1,665.0,471821
2020-05-18 12:45:00+05:30,665.0,668.95,664.0,668.0,770159
2020-05-18 13:15:00+05:30,667.9,669.75,665.0,666.6,788294
2020-05-18 13:45:00+05:30,666.9,669.45,666.6,668.9,530283
2020-05-18 14:15:00+05:30,669.0,670.5,667.45,668.65,668260
2020-05-18 14:45:00+05:30,668.65,670.5,664.3,664.4,1445684
2020-05-18 15:15:00+05:30,664.35,664.4,658.4,659.45,973965
2020-05-19 09:15:00+05:30,664.0,672.85,655.25,670.0,1276108
2020-05-19 09:45:00+05:30,670.0,673.95,668.35,671.0,687084
2020-05-19 10:15:00+05:30,670.9,674.75,669.25,670.1,429715
2020-05-19 10:45:00+05:30,670.05,670.15,664.0,665.85,490376
2020-05-19 11:15:00+05:30,665.85,668.85,664.0,666.3,392353
2020-05-19 11:45:00+05:30,666.25,669.9,665.8,667.65,309149
2020-05-19 12:15:00+05:30,667.65,668.75,665.4,666.7,163527
2020-05-19 12:45:00+05:30,666.65,668.6,665.0,666.65,232281
2020-05-19 13:15:00+05:30,666.6,668.15,666.45,667.35,194500
2020-05-19 13:45:00+05:30,667.1,669.0,665.65,667.5,289193
2020-05-19 14:15:00+05:30,667.7,669.55,666.9,668.6,359899
2020-05-19 14:45:00+05:30,668.4,668.95,667.25,668.15,597274
2020-05-19 15:15:00+05:30,668.05,671.0,668.0,670.0,447748
2020-05-20 09:15:00+05:30,668.5,669.8,665.0,666.6,496569
2020-05-20 09:45:00+05:30,666.7,667.0,662.6,663.35,371680
2020-05-20 10:15:00+05:30,663.45,663.45,659.65,661.75,568312
2020-05-20 10:45:00+05:30,661.75,663.8,660.5,662.5,298188
2020-05-20 11:15:00+05:30,662.5,664.85,662.35,663.0,332165
2020-05-20 11:45:00+05:30,663.0,663.5,661.35,662.4,188046
2020-05-20 12:15:00+05:30,662.4,667.6,661.4,667.55,535111
2020-05-20 12:45:00+05:30,667.5,668.6,665.25,667.35,455980
2020-05-20 13:15:00+05:30,667.35,667.75,664.0,665.35,211923
2020-05-20 13:45:00+05:30,665.35,668.0,664.65,667.1,241917
2020-05-20 14:15:00+05:30,667.1,672.0,667.0,670.0,486372
2020-05-20 14:45:00+05:30,670.0,671.65,668.4,670.5,664721
2020-05-20 15:15:00+05:30,670.4,673.0,665.6,666.0,929493
2020-05-21 09:15:00+05:30,666.5,672.4,666.25,667.1,682093
2020-05-21 09:45:00+05:30,667.2,668.5,665.6,666.8,342081
2020-05-21 10:15:00+05:30,666.8,669.25,665.4,668.95,536969
2020-05-21 10:45:00+05:30,669.0,671.7,668.5,670.1,636136
2020-05-21 11:15:00+05:30,670.0,672.0,669.15,671.9,423687
2020-05-21 11:45:00+05:30,671.75,672.0,670.5,671.45,289920
2020-05-21 12:15:00+05:30,671.45,674.0,670.0,672.8,585851
2020-05-21 12:45:00+05:30,672.75,677.0,672.6,677.0,700395
2020-05-21 13:15:00+05:30,676.9,679.45,675.05,678.15,560635
2020-05-21 13:45:00+05:30,678.2,678.75,676.15,677.85,502354
2020-05-21 14:15:00+05:30,677.9,677.9,673.05,673.55,521680
2020-05-21 14:45:00+05:30,673.55,675.1,670.5,673.05,671917
2020-05-21 15:15:00+05:30,673.05,674.9,670.9,674.2,735540
2020-05-22 09:15:00+05:30,675.0,687.75,675.0,681.5,1952703
2020-05-22 09:45:00+05:30,681.5,683.8,680.0,682.0,769311
2020-05-22 10:15:00+05:30,681.9,685.0,680.5,683.55,711764
2020-05-22 10:45:00+05:30,683.75,692.5,682.5,690.2,1799265
2020-05-22 11:15:00+05:30,689.9,694.5,688.5,693.0,1616400
2020-05-22 11:45:00+05:30,693.0,694.25,689.0,690.1,903970
2020-05-22 12:15:00+05:30,690.1,690.2,687.05,688.6,536603
2020-05-22 12:45:00+05:30,688.65,690.25,688.0,689.4,413090
2020-05-22 13:15:00+05:30,689.45,690.8,689.0,690.45,313420
2020-05-22 13:45:00+05:30,690.45,693.9,690.05,693.05,512905
2020-05-22 14:15:00+05:30,693.3,694.5,689.0,691.5,774829
2020-05-22 14:45:00+05:30,691.45,693.15,689.3,691.6,773680
2020-05-22 15:15:00+05:30,691.75,695.6,690.7,691.9,757792
2020-05-26 09:15:00+05:30,693.0,697.0,688.5,694.3,1088251
2020-05-26 09:45:00+05:30,694.55,699.45,694.3,697.3,607095
2020-05-26 10:15:00+05:30,697.5,697.65,691.7,694.45,367228
2020-05-26 10:45:00+05:30,694.45,697.65,694.05,697.2,314218
2020-05-26 11:15:00+05:30,697.25,697.5,695.75,697.25,547077
2020-05-26 11:45:00+05:30,697.2,697.45,693.3,693.4,355663
2020-05-26 12:15:00+05:30,693.3,694.95,692.0,693.05,323653
2020-05-26 12:45:00+05:30,693.05,693.9,687.35,687.6,432092
2020-05-26 13:15:00+05:30,687.65,688.3,683.8,686.55,559578
2020-05-26 13:45:00+05:30,686.55,687.55,680.55,681.05,425437
2020-05-26 14:15:00+05:30,681.3,684.45,680.45,682.85,478564
2020-05-26 14:45:00+05:30,683.0,685.9,679.25,679.5,765226
2020-05-26 15:15:00+05:30,679.5,682.4,679.0,681.95,816583
2020-05-27 09:15:00+05:30,686.05,686.7,675.0,676.2,766085
2020-05-27 09:45:00+05:30,676.0,683.0,675.75,681.95,465780
2020-05-27 10:15:00+05:30,682.0,691.3,682.0,690.45,987871
2020-05-27 10:45:00+05:30,690.5,693.05,688.2,688.6,552833
2020-05-27 11:15:00+05:30,688.6,691.65,684.65,691.05,460407
2020-05-27 11:45:00+05:30,691.25,691.65,689.0,689.45,246939
2020-05-27 12:15:00+05:30,689.5,692.25,689.25,692.25,397072
2020-05-27 12:45:00+05:30,692.5,695.8,692.4,695.15,689445
2020-05-27 13:15:00+05:30,695.1,696.7,693.05,696.3,438534
2020-05-27 13:45:00+05:30,696.3,703.7,695.2,698.7,1191638
2020-05-27 14:15:00+05:30,698.5,701.55,694.3,697.6,695439
2020-05-27 14:45:00+05:30,697.55,706.7,696.8,706.35,1108589
2020-05-27 15:15:00+05:30,706.35,709.2,705.15,706.2,765099
2020-05-28 09:15:00+05:30,707.0,709.95,693.0,695.5,1137390
2020-05-28 09:45:00+05:30,695.5,697.0,692.15,694.0,1042230
2020-05-28 10:15:00+05:30,694.0,694.1,690.5,691.1,635430
2020-05-28 10:45:00+05:30,691.1,702.0,690.0,701.9,1028538
2020-05-28 11:15:00+05:30,701.9,702.0,697.0,698.45,485738
2020-05-28 11:45:00+05:30,698.25,700.0,696.2,699.7,304714
2020-05-28 12:15:00+05:30,699.85,701.35,699.45,701.0,708038
2020-05-28 12:45:00+05:30,701.0,704.4,700.4,702.2,526912
2020-05-28 13:15:00+05:30,702.2,705.35,700.0,703.45,712221
2020-05-28 13:45:00+05:30,703.25,704.3,701.8,702.2,465888
2020-05-28 14:15:00+05:30,702.35,702.55,700.5,701.65,619192
2020-05-28 14:45:00+05:30,701.8,710.0,701.65,708.8,1007651
2020-05-28 15:15:00+05:30,708.4,709.15,705.2,706.9,753509
2020-05-29 09:15:00+05:30,692.5,697.0,683.9,696.35,1673794
2020-05-29 09:45:00+05:30,696.35,697.75,694.85,696.35,694082
2020-05-29 10:15:00+05:30,696.5,700.7,696.05,698.85,1113598
2020-05-29 10:45:00+05:30,698.9,699.4,692.25,692.55,874139
2020-05-29 11:15:00+05:30,693.0,694.5,690.2,691.2,812424
2020-05-29 11:45:00+05:30,691.15,691.5,685.3,687.35,1027826
2020-05-29 12:15:00+05:30,687.35,689.2,685.0,685.65,839634
2020-05-29 12:45:00+05:30,685.65,688.0,685.0,685.2,658829
2020-05-29 13:15:00+05:30,685.25,686.95,682.55,685.65,1038827
2020-05-29 13:45:00+05:30,685.7,690.0,685.65,689.85,1456268
2020-05-29 14:15:00+05:30,689.95,691.0,685.6,690.65,1952512
2020-05-29 14:45:00+05:30,690.55,694.2,689.45,689.5,9661494
2020-05-29 15:15:00+05:30,689.5,695.6,687.8,692.0,6453288
2020-06-01 09:15:00+05:30,698.75,699.0,691.5,697.6,2052677
2020-06-01 09:45:00+05:30,697.4,701.95,696.2,701.5,1194769
2020-06-01 10:15:00+05:30,701.65,703.1,699.35,702.25,1388534
2020-06-01 10:45:00+05:30,702.25,706.65,700.75,702.85,1418501
2020-06-01 11:15:00+05:30,702.7,704.0,697.5,699.1,950399
2020-06-01 11:45:00+05:30,699.1,701.85,698.5,701.6,573347
2020-06-01 12:15:00+05:30,701.5,702.1,697.5,698.0,657042
2020-06-01 12:45:00+05:30,698.0,702.0,696.35,701.25,571576
2020-06-01 13:15:00+05:30,701.25,701.7,699.0,701.2,517262
2020-06-01 13:45:00+05:30,701.2,704.8,698.05,702.45,834394
2020-06-01 14:15:00+05:30,702.4,705.75,702.2,703.35,669473
2020-06-01 14:45:00+05:30,703.5,704.5,698.55,700.2,851765
2020-06-01 15:15:00+05:30,700.15,700.85,697.0,699.55,561432
2020-06-02 09:15:00+05:30,700.5,705.75,697.55,703.0,812368
2020-06-02 09:45:00+05:30,703.2,703.75,700.5,700.85,382334
2020-06-02 10:15:00+05:30,700.85,702.8,699.1,700.5,370581
2020-06-02 10:45:00+05:30,700.5,705.8,700.5,705.8,434937
2020-06-02 11:15:00+05:30,705.7,708.6,705.7,707.0,880231
2020-06-02 11:45:00+05:30,707.0,708.9,706.0,708.15,461050
2020-06-02 12:15:00+05:30,708.0,709.4,706.5,707.55,597090
2020-06-02 12:45:00+05:30,707.55,709.7,707.0,707.7,428433
2020-06-02 13:15:00+05:30,707.85,709.3,706.1,708.6,527123
2020-06-02 13:45:00+05:30,708.9,711.6,708.0,708.6,736377
2020-06-02 14:15:00+05:30,708.6,710.4,706.65,708.4,372595
2020-06-02 14:45:00+05:30,708.35,709.0,706.35,707.8,618238
2020-06-02 15:15:00+05:30,707.7,709.0,707.7,708.2,427702
2020-06-03 09:15:00+05:30,710.7,711.9,705.0,706.65,1452279
2020-06-03 09:45:00+05:30,706.5,706.65,702.5,704.55,973952
2020-06-03 10:15:00+05:30,704.55,705.5,703.65,704.7,684188
2020-06-03 10:45:00+05:30,704.7,705.0,701.4,702.65,791262
2020-06-03 11:15:00+05:30,702.6,704.0,700.45,703.4,766005
2020-06-03 11:45:00+05:30,703.4,706.5,702.0,704.8,688940
2020-06-03 12:15:00+05:30,704.8,704.95,701.4,702.8,631338
2020-06-03 12:45:00+05:30,702.75,703.45,699.25,701.0,703349
2020-06-03 13:15:00+05:30,701.0,701.8,699.15,699.3,546307
2020-06-03 13:45:00+05:30,699.25,700.0,696.1,698.9,867405
2020-06-03 14:15:00+05:30,698.6,701.2,698.1,699.0,844457
2020-06-03 14:45:00+05:30,699.0,702.0,698.5,700.9,1413456
2020-06-03 15:15:00+05:30,700.95,703.5,700.8,702.5,1005394
2020-06-04 09:15:00+05:30,702.0,705.7,699.35,700.65,1322424
2020-06-04 09:45:00+05:30,700.6,701.8,697.75,701.8,1016410
2020-06-04 10:15:00+05:30,701.75,703.35,701.55,702.0,644626
2020-06-04 10:45:00+05:30,702.25,703.15,701.3,703.05,577243
2020-06-04 11:15:00+05:30,703.05,706.9,702.9,705.75,898667
2020-06-04 11:45:00+05:30,705.75,707.0,703.4,704.2,683575
2020-06-04 12:15:00+05:30,704.15,704.9,702.55,703.95,621943
2020-06-04 12:45:00+05:30,703.95,706.0,703.3,704.8,616410
2020-06-04 13:15:00+05:30,704.8,705.15,704.0,704.8,598918
2020-06-04 13:45:00+05:30,704.8,705.15,701.55,703.75,749830
2020-06-04 14:15:00+05:30,703.75,705.1,703.1,704.1,452945
2020-06-04 14:45:00+05:30,704.1,708.9,703.2,708.55,1705269
2020-06-04 15:15:00+05:30,708.55,709.45,707.05,707.85,879539
2020-06-05 09:15:00+05:30,707.0,707.8,702.45,703.4,988701
2020-06-05 09:45:00+05:30,703.35,706.0,703.05,704.4,426495
2020-06-05 10:15:00+05:30,704.4,705.8,703.4,703.95,325971
2020-06-05 10:45:00+05:30,703.95,704.05,702.0,702.5,359321
2020-06-05 11:15:00+05:30,702.5,703.1,700.6,702.6,367684
2020-06-05 11:45:00+05:30,702.4,703.05,700.65,701.1,367720
2020-06-05 12:15:00+05:30,701.05,706.35,700.75,706.0,584980
2020-06-05 12:45:00+05:30,706.0,710.15,706.0,709.5,870628
2020-06-05 13:15:00+05:30,709.5,711.7,708.0,711.0,646657
2020-06-05 13:45:00+05:30,711.05,711.4,708.5,710.45,772882
2020-06-05 14:15:00+05:30,710.45,711.0,705.8,706.4,536396
2020-06-05 14:45:00+05:30,706.35,707.2,702.15,703.8,937403
2020-06-05 15:15:00+05:30,703.75,704.95,702.25,704.75,518156
2020-06-08 09:15:00+05:30,707.65,711.25,704.0,708.4,1071317
2020-06-08 09:45:00+05:30,708.05,715.0,707.95,715.0,1234806
2020-06-08 10:15:00+05:30,715.0,720.5,715.0,718.85,1517452
2020-06-08 10:45:00+05:30,718.85,723.5,718.7,722.15,1039120
2020-06-08 11:15:00+05:30,722.35,723.85,721.2,723.85,577463
2020-06-08 11:45:00+05:30,723.75,725.3,721.7,723.25,681800
2020-06-08 12:15:00+05:30,723.25,725.8,721.65,721.75,643646
2020-06-08 12:45:00+05:30,721.75,722.9,721.5,721.7,748679
2020-06-08 13:15:00+05:30,721.7,722.7,719.2,722.3,640981
2020-06-08 13:45:00+05:30,722.0,723.9,719.15,719.45,452886
2020-06-08 14:15:00+05:30,719.25,722.9,717.6,721.8,538474
2020-06-08 14:45:00+05:30,721.7,721.95,718.25,718.6,756381
2020-06-08 15:15:00+05:30,718.8,723.35,717.45,722.0,792979
2020-06-09 09:15:00+05:30,720.0,724.9,717.5,719.65,1599014
2020-06-09 09:45:00+05:30,719.65,722.0,715.95,718.6,706593
2020-06-09 10:15:00+05:30,718.6,723.0,718.3,721.4,1248910
2020-06-09 10:45:00+05:30,721.45,722.45,719.0,722.05,451696
2020-06-09 11:15:00+05:30,722.15,723.7,721.0,723.25,567818
2020-06-09 11:45:00+05:30,723.25,725.95,723.0,725.0,806540
2020-06-09 12:15:00+05:30,725.0,729.6,725.0,727.3,1139798
2020-06-09 12:45:00+05:30,727.25,727.55,721.35,721.8,876373
2020-06-09 13:15:00+05:30,721.8,722.75,719.3,720.45,596246
2020-06-09 13:45:00+05:30,720.6,721.65,717.0,718.7,538087
2020-06-09 14:15:00+05:30,718.95,719.8,717.2,718.6,318124
2020-06-09 14:45:00+05:30,718.55,718.8,715.25,717.6,690592
2020-06-09 15:15:00+05:30,717.95,718.65,715.05,715.75,496602
2020-06-10 09:15:00+05:30,715.0,715.9,709.35,713.9,1083961
2020-06-10 09:45:00+05:30,713.9,714.55,712.8,713.8,359881
2020-06-10 10:15:00+05:30,713.95,718.25,713.85,715.5,747234
2020-06-10 10:45:00+05:30,715.5,717.45,714.25,716.85,412032
2020-06-10 11:15:00+05:30,716.85,717.8,715.5,715.5,420143
2020-06-10 11:45:00+05:30,715.5,715.75,713.5,715.4,328230
2020-06-10 12:15:00+05:30,715.5,718.25,715.0,717.9,350652
2020-06-10 12:45:00+05:30,717.9,717.95,712.45,716.35,658966
2020-06-10 13:15:00+05:30,716.4,717.9,716.0,717.4,409124
2020-06-10 13:45:00+05:30,717.4,717.5,716.5,716.8,275539
2020-06-10 14:15:00+05:30,716.65,719.45,716.5,717.05,628620
2020-06-10 14:45:00+05:30,717.05,717.65,715.0,716.05,1026564
2020-06-10 15:15:00+05:30,716.05,716.4,714.4,714.95,531607
2020-06-11 09:15:00+05:30,712.0,712.0,707.1,709.8,1390924
2020-06-11 09:45:00+05:30,709.8,710.3,705.45,706.65,467798
2020-06-11 10:15:00+05:30,706.65,707.5,704.3,705.6,438791
2020-06-11 10:45:00+05:30,705.95,706.0,700.3,702.7,662861
2020-06-11 11:15:00+05:30,702.6,712.0,701.6,712.0,2115199
2020-06-11 11:45:00+05:30,712.2,713.15,710.0,710.7,820579
2020-06-11 12:15:00+05:30,710.7,712.45,708.35,708.7,406569
2020-06-11 12:45:00+05:30,708.7,710.5,708.0,708.8,260742
2020-06-11 13:15:00+05:30,709.0,709.65,706.85,707.25,292532
2020-06-11 13:45:00+05:30,707.25,708.35,705.9,707.85,311858
2020-06-11 14:15:00+05:30,708.0,708.15,704.0,707.7,556003
2020-06-11 14:45:00+05:30,707.5,709.45,702.65,704.65,664241
2020-06-11 15:15:00+05:30,704.5,705.0,702.1,704.0,416105
2020-06-12 09:15:00+05:30,675.8,689.35,675.8,684.7,1236368
2020-06-12 09:45:00+05:30,684.65,686.0,681.7,682.8,843833
2020-06-12 10:15:00+05:30,682.8,683.25,680.1,681.95,570085
2020-06-12 10:45:00+05:30,682.15,684.5,680.0,682.05,852785
2020-06-12 11:15:00+05:30,682.05,685.0,681.95,684.15,640988
2020-06-12 11:45:00+05:30,684.3,688.0,683.6,685.3,751840
2020-06-12 12:15:00+05:30,685.3,685.5,682.5,684.0,384491
2020-06-12 12:45:00+05:30,683.85,686.6,683.85,686.5,519427
2020-06-12 13:15:00+05:30,686.25,688.0,684.6,685.6,646859
2020-06-12 13:45:00+05:30,685.75,689.8,685.6,687.8,472483
2020-06-12 14:15:00+05:30,687.5,693.0,687.5,690.1,1028882
2020-06-12 14:45:00+05:30,690.1,695.15,689.55,692.0,1198982
2020-06-12 15:15:00+05:30,691.8,692.55,689.55,691.0,578339
2020-06-15 09:15:00+05:30,693.0,704.2,691.65,697.85,1678093
2020-06-15 09:45:00+05:30,697.9,698.85,692.4,695.85,475440
2020-06-15 10:15:00+05:30,695.6,695.85,688.05,689.8,470693
2020-06-15 10:45:00+05:30,689.75,690.0,686.4,687.45,351168
2020-06-15 11:15:00+05:30,687.45,689.7,685.25,688.8,532460
2020-06-15 11:45:00+05:30,688.8,689.7,686.75,686.9,214626
2020-06-15 12:15:00+05:30,686.9,691.25,686.5,690.1,294851
2020-06-15 12:45:00+05:30,690.1,690.2,687.4,689.35,215039
2020-06-15 13:15:00+05:30,689.35,693.9,689.15,693.1,620008
2020-06-15 13:45:00+05:30,693.1,695.7,693.0,694.8,490578
2020-06-15 14:15:00+05:30,694.9,696.6,692.8,693.15,672759
2020-06-15 14:45:00+05:30,693.15,693.8,685.8,686.7,1127915
2020-06-15 15:15:00+05:30,687.0,688.65,686.05,688.1,703571
2020-06-16 09:15:00+05:30,702.0,705.0,699.7,703.4,909436
2020-06-16 09:45:00+05:30,703.4,704.85,700.5,703.1,416799
2020-06-16 10:15:00+05:30,703.2,709.5,701.6,709.0,886621
2020-06-16 10:45:00+05:30,709.25,711.9,708.2,708.95,819415
2020-06-16 11:15:00+05:30,709.0,712.0,707.2,707.25,689629
2020-06-16 11:45:00+05:30,707.5,709.0,706.4,707.3,342164
2020-06-16 12:15:00+05:30,707.2,709.7,705.65,708.85,475595
2020-06-16 12:45:00+05:30,708.8,710.9,704.35,707.25,695482
2020-06-16 13:15:00+05:30,707.3,707.3,699.15,700.0,1159957
2020-06-16 13:45:00+05:30,700.05,705.6,700.0,704.6,996221
2020-06-16 14:15:00+05:30,704.7,708.0,703.5,705.8,455527
2020-06-16 14:45:00+05:30,705.9,706.35,700.2,701.15,1624572
2020-06-16 15:15:00+05:30,701.0,701.55,699.35,700.0,639636
2020-06-17 09:15:00+05:30,699.9,707.8,698.0,706.65,1075290
2020-06-17 09:45:00+05:30,706.7,707.0,704.85,705.65,466958
2020-06-17 10:15:00+05:30,705.75,705.95,703.55,704.75,373382
2020-06-17 10:45:00+05:30,704.75,705.5,703.9,704.8,332692
2020-06-17 11:15:00+05:30,704.85,707.75,704.5,706.95,642410
2020-06-17 11:45:00+05:30,707.0,707.1,705.25,705.75,239044
2020-06-17 12:15:00+05:30,705.85,706.1,703.0,704.5,319902
2020-06-17 12:45:00+05:30,704.5,705.45,703.25,704.85,260919
2020-06-17 13:15:00+05:30,704.9,710.25,704.5,706.8,1193047
2020-06-17 13:45:00+05:30,706.95,708.0,705.25,706.55,325432
2020-06-17 14:15:00+05:30,706.7,707.15,704.2,705.0,400448
2020-06-17 14:45:00+05:30,705.05,705.45,700.6,703.6,1061775
2020-06-17 15:15:00+05:30,703.6,704.6,702.35,704.6,591272
2020-06-18 09:15:00+05:30,708.2,713.45,708.2,710.1,986194
2020-06-18 09:45:00+05:30,710.1,711.0,707.15,710.5,488608
2020-06-18 10:15:00+05:30,710.5,710.5,707.8,708.0,269683
2020-06-18 10:45:00+05:30,708.0,708.25,706.0,707.95,295894
2020-06-18 11:15:00+05:30,708.0,710.4,707.75,710.0,332680
2020-06-18 11:45:00+05:30,710.0,712.0,708.2,711.0,356424
2020-06-18 12:15:00+05:30,711.0,712.85,709.2,712.15,659944
2020-06-18 12:45:00+05:30,712.3,712.6,711.6,711.8,228918
2020-06-18 13:15:00+05:30,711.8,714.2,710.7,712.2,401458
2020-06-18 13:45:00+05:30,712.15,714.8,712.0,714.25,636224
2020-06-18 14:15:00+05:30,714.25,716.0,713.0,713.0,643305
2020-06-18 14:45:00+05:30,713.0,716.6,712.4,713.6,902805
2020-06-18 15:15:00+05:30,713.6,714.0,712.0,713.9,443964
2020-06-19 09:15:00+05:30,709.0,710.0,701.35,703.0,1452062
2020-06-19 09:45:00+05:30,703.0,703.65,701.0,702.15,789328
2020-06-19 10:15:00+05:30,702.0,704.25,701.05,703.0,744700
2020-06-19 10:45:00+05:30,703.0,703.0,701.2,701.6,644356
2020-06-19 11:15:00+05:30,701.6,704.65,701.3,704.25,818937
2020-06-19 11:45:00+05:30,704.25,706.15,703.3,705.15,853909
2020-06-19 12:15:00+05:30,705.15,705.2,703.0,703.65,639206
2020-06-19 12:45:00+05:30,703.65,705.5,702.0,702.2,640529
2020-06-19 13:15:00+05:30,702.2,704.3,701.7,703.9,665217
2020-06-19 13:45:00+05:30,703.8,705.3,703.15,704.45,1011842
2020-06-19 14:15:00+05:30,704.45,707.35,704.0,705.75,1578679
2020-06-19 14:45:00+05:30,705.75,710.4,702.1,704.65,7425975
2020-06-19 15:15:00+05:30,704.55,710.0,703.1,708.0,5163715
2020-06-22 09:15:00+05:30,707.1,708.7,702.5,702.75,1096504
2020-06-22 09:45:00+05:30,702.75,703.4,701.05,701.45,541662
2020-06-22 10:15:00+05:30,701.15,703.95,700.0,703.3,691869
2020-06-22 10:45:00+05:30,703.3,704.5,702.25,702.25,1025301
2020-06-22 11:15:00+05:30,702.25,703.95,701.6,702.9,661512
2020-06-22 11:45:00+05:30,702.9,703.3,701.0,701.15,281840
2020-06-22 12:15:00+05:30,701.3,703.5,701.15,703.05,287761
2020-06-22 12:45:00+05:30,703.05,703.5,702.1,703.05,358621
2020-06-22 13:15:00+05:30,703.0,703.3,700.65,702.0,407595
2020-06-22 13:45:00+05:30,701.85,702.5,700.5,702.05,331268
2020-06-22 14:15:00+05:30,702.0,702.65,701.0,702.1,380092
2020-06-22 14:45:00+05:30,702.1,704.3,700.5,704.0,935124
2020-06-22 15:15:00+05:30,704.0,705.25,703.0,703.25,786101
2020-06-23 09:15:00+05:30,695.7,703.85,692.25,703.05,2079323
2020-06-23 09:45:00+05:30,703.1,707.0,701.8,703.65,913870
2020-06-23 10:15:00+05:30,703.45,711.0,703.45,710.25,871341
2020-06-23 10:45:00+05:30,710.25,710.85,708.6,708.8,485041
2020-06-23 11:15:00+05:30,708.8,713.35,708.55,713.0,557743
2020-06-23 11:45:00+05:30,713.05,718.7,712.65,716.2,1172424
2020-06-23 12:15:00+05:30,716.2,721.95,715.8,721.0,1032666
2020-06-23 12:45:00+05:30,721.1,721.9,719.8,720.9,672580
2020-06-23 13:15:00+05:30,720.8,721.0,719.1,720.0,676596
2020-06-23 13:45:00+05:30,720.0,721.75,719.65,720.25,680895
2020-06-23 14:15:00+05:30,720.25,724.5,720.25,720.55,931057
2020-06-23 14:45:00+05:30,720.7,722.3,719.85,720.3,1172594
2020-06-23 15:15:00+05:30,720.3,723.35,719.5,720.05,873485
2020-06-24 09:15:00+05:30,716.9,725.55,714.1,717.15,1092999
2020-06-24 09:45:00+05:30,717.1,720.55,715.3,716.1,581960
2020-06-24 10:15:00+05:30,716.0,718.0,712.5,713.6,492137
2020-06-24 10:45:00+05:30,713.65,720.5,712.75,720.05,731443
2020-06-24 11:15:00+05:30,720.1,726.7,720.0,725.6,1213848
2020-06-24 11:45:00+05:30,725.55,726.5,720.0,720.1,957997
2020-06-24 12:15:00+05:30,720.1,721.75,719.7,720.0,676078
2020-06-24 12:45:00+05:30,720.0,721.0,718.15,718.75,513046
2020-06-24 13:15:00+05:30,718.75,718.8,713.0,713.25,708278
2020-06-24 13:45:00+05:30,713.25,715.3,710.05,714.1,697226
2020-06-24 14:15:00+05:30,714.25,715.2,711.9,713.85,490061
2020-06-24 14:45:00+05:30,713.85,714.85,709.55,714.4,1246497
2020-06-24 15:15:00+05:30,714.4,716.8,713.25,715.25,809389
2020-06-25 09:15:00+05:30,704.85,704.85,693.6,695.4,1752568
2020-06-25 09:45:00+05:30,695.3,700.55,695.0,696.05,1120229
2020-06-25 10:15:00+05:30,696.05,699.95,695.35,698.0,1097644
2020-06-25 10:45:00+05:30,698.25,703.6,698.0,701.8,968503
2020-06-25 11:15:00+05:30,701.8,702.55,700.1,701.85,540700
2020-06-25 11:45:00+05:30,701.75,703.8,701.05,702.0,578715
2020-06-25 12:15:00+05:30,702.0,702.25,696.0,696.15,843960
2020-06-25 12:45:00+05:30,696.2,700.45,695.4,700.05,894803
2020-06-25 13:15:00+05:30,700.0,701.6,699.15,700.75,814022
2020-06-25 13:45:00+05:30,700.4,703.8,700.1,702.65,1198650
2020-06-25 14:15:00+05:30,702.65,705.55,701.4,703.25,1311871
2020-06-25 14:45:00+05:30,703.3,705.3,696.6,701.45,2114330
2020-06-25 15:15:00+05:30,701.25,702.9,699.8,700.7,1686270
2020-06-26 09:15:00+05:30,710.2,729.0,710.0,728.75,3374888
2020-06-26 09:45:00+05:30,729.0,739.0,727.6,736.75,3340868
2020-06-26 10:15:00+05:30,736.8,738.5,734.5,735.65,1639080
2020-06-26 10:45:00+05:30,735.75,744.5,734.4,743.95,2331042
2020-06-26 11:15:00+05:30,744.0,745.0,740.8,743.5,1639085
2020-06-26 11:45:00+05:30,743.5,747.65,743.25,744.5,1718859
2020-06-26 12:15:00+05:30,744.8,748.4,743.0,746.3,1521129
2020-06-26 12:45:00+05:30,746.15,747.8,744.5,746.4,1753679
2020-06-26 13:15:00+05:30,746.4,747.25,741.6,744.8,1511872
2020-06-26 13:45:00+05:30,744.65,746.5,742.7,745.2,1009548
2020-06-26 14:15:00+05:30,745.5,748.3,745.0,745.55,1111406
2020-06-26 14:45:00+05:30,745.55,751.0,745.0,748.6,2990780
2020-06-26 15:15:00+05:30,748.85,751.05,745.25,747.0,2058485
2020-06-29 09:15:00+05:30,735.4,744.65,732.5,735.0,1859061
2020-06-29 09:45:00+05:30,734.7,737.45,734.15,736.5,513462
2020-06-29 10:15:00+05:30,736.5,737.0,732.9,735.8,567584
2020-06-29 10:45:00+05:30,735.5,736.2,731.0,733.2,808186
2020-06-29 11:15:00+05:30,733.45,733.95,731.0,732.65,503087
2020-06-29 11:45:00+05:30,732.65,736.8,732.5,736.55,418354
2020-06-29 12:15:00+05:30,736.6,739.4,736.3,738.6,581283
2020-06-29 12:45:00+05:30,738.75,740.0,736.15,736.6,505295
2020-06-29 13:15:00+05:30,736.4,737.7,734.0,734.45,383272
2020-06-29 13:45:00+05:30,734.45,735.05,732.05,732.55,323623
2020-06-29 14:15:00+05:30,732.55,735.5,731.0,733.45,621235
2020-06-29 14:45:00+05:30,733.35,734.3,730.5,731.75,1094920
2020-06-29 15:15:00+05:30,731.9,732.5,730.2,731.1,717797
2020-06-30 09:15:00+05:30,732.8,735.35,724.75,725.1,1055303
2020-06-30 09:45:00+05:30,725.05,731.0,724.25,730.0,638792
2020-06-30 10:15:00+05:30,730.2,731.95,728.3,731.75,416563
2020-06-30 10:45:00+05:30,731.85,734.0,731.0,733.6,553823
2020-06-30 11:15:00+05:30,733.65,734.0,731.1,731.3,478656
2020-06-30 11:45:00+05:30,731.5,732.6,729.0,732.4,567648
2020-06-30 12:15:00+05:30,732.55,734.55,732.0,733.8,396008
2020-06-30 12:45:00+05:30,733.85,737.0,733.35,737.0,683763
2020-06-30 13:15:00+05:30,736.95,738.95,736.1,737.7,684086
2020-06-30 13:45:00+05:30,737.7,738.5,736.1,736.5,620719
2020-06-30 14:15:00+05:30,736.3,737.4,732.45,734.3,1160850
2020-06-30 14:45:00+05:30,734.3,737.45,733.6,735.2,1753469
2020-06-30 15:15:00+05:30,735.3,737.1,732.35,733.7,1387216
2020-07-01 09:15:00+05:30,737.25,742.3,736.55,738.25,714778
2020-07-01 09:45:00+05:30,738.2,739.5,734.6,736.7,407727
2020-07-01 10:15:00+05:30,736.9,737.9,735.05,735.6,236329
2020-07-01 10:45:00+05:30,735.6,736.75,733.75,734.75,339993
2020-07-01 11:15:00+05:30,734.65,736.4,733.05,736.3,300089
2020-07-01 11:45:00+05:30,736.3,739.15,735.0,737.3,428111
2020-07-01 12:15:00+05:30,737.35,739.9,737.35,739.85,348453
2020-07-01 12:45:00+05:30,739.65,741.0,737.7,739.1,414681
2020-07-01 13:15:00+05:30,739.2,739.4,737.0,737.0,221573
2020-07-01 13:45:00+05:30,737.05,739.45,735.65,738.1,257755
2020-07-01 14:15:00+05:30,738.25,738.45,734.1,734.75,307269
2020-07-01 14:45:00+05:30,734.8,734.8,730.95,732.6,760451
2020-07-01 15:15:00+05:30,732.7,734.35,729.9,730.85,726596
2020-07-02 09:15:00+05:30,737.35,745.7,735.45,745.15,1095258
2020-07-02 09:45:00+05:30,745.0,755.45,744.95,754.85,3914245
2020-07-02 10:15:00+05:30,755.0,760.3,755.0,756.3,2394427
2020-07-02 10:45:00+05:30,756.6,758.45,756.0,758.0,947874
2020-07-02 11:15:00+05:30,758.0,759.0,756.0,757.75,536297
2020-07-02 11:45:00+05:30,757.85,761.5,756.1,759.55,1398051
2020-07-02 12:15:00+05:30,759.6,762.55,759.0,761.85,833602
2020-07-02 12:45:00+05:30,761.95,762.85,761.05,761.6,585067
2020-07-02 13:15:00+05:30,761.6,764.35,761.5,763.65,588138
2020-07-02 13:45:00+05:30,763.7,765.45,763.05,765.0,1070433
2020-07-02 14:15:00+05:30,765.0,765.1,759.25,761.55,1319477
2020-07-02 14:45:00+05:30,761.55,761.7,756.25,756.4,1569295
2020-07-02 15:15:00+05:30,756.3,757.5,753.8,756.0,1003540
2020-07-03 09:15:00+05:30,755.0,760.25,752.5,759.6,1546265
2020-07-03 09:45:00+05:30,759.3,763.8,758.05,762.5,998960
2020-07-03 10:15:00+05:30,762.3,762.5,757.25,758.35,416649
2020-07-03 10:45:00+05:30,758.25,761.8,757.75,761.0,481420
2020-07-03 11:15:00+05:30,761.0,761.85,760.25,761.15,391323
2020-07-03 11:45:00+05:30,761.35,761.8,759.15,759.6,427928
2020-07-03 12:15:00+05:30,760.0,760.25,758.5,758.85,271680
2020-07-03 12:45:00+05:30,758.85,759.5,756.85,757.8,349202
2020-07-03 13:15:00+05:30,757.8,758.0,755.65,756.05,777497
2020-07-03 13:45:00+05:30,756.05,760.0,755.3,759.3,522253
2020-07-03 14:15:00+05:30,759.45,760.0,757.4,760.0,186864
2020-07-03 14:45:00+05:30,759.9,763.55,759.3,762.1,846256
2020-07-03 15:15:00+05:30,762.1,764.0,760.35,762.15,562833
2020-07-06 09:15:00+05:30,765.2,769.7,764.0,766.9,735208
2020-07-06 09:45:00+05:30,766.9,770.0,766.9,768.6,902823
2020-07-06 10:15:00+05:30,768.3,769.65,767.55,768.85,558122
2020-07-06 10:45:00+05:30,769.0,769.25,765.95,766.7,417409
2020-07-06 11:15:00+05:30,766.8,768.0,765.25,767.7,322782
2020-07-06 11:45:00+05:30,767.7,769.45,767.0,769.0,270305
2020-07-06 12:15:00+05:30,768.95,772.35,768.1,772.1,674702
2020-07-06 12:45:00+05:30,771.95,775.0,771.7,771.9,1009807
2020-07-06 13:15:00+05:30,771.9,773.1,769.05,769.95,759330
2020-07-06 13:45:00+05:30,769.9,769.95,766.1,766.6,742151
2020-07-06 14:15:00+05:30,766.65,767.8,762.55,762.95,800526
2020-07-06 14:45:00+05:30,762.95,766.6,762.3,763.0,1057305
2020-07-06 15:15:00+05:30,762.9,765.0,761.5,764.4,548943
2020-07-07 09:15:00+05:30,769.4,788.7,765.65,788.45,3059278
2020-07-07 09:45:00+05:30,788.4,791.4,783.5,784.5,2604528
2020-07-07 10:15:00+05:30,784.35,786.5,781.95,783.0,1100275
2020-07-07 10:45:00+05:30,783.0,784.1,778.3,778.65,1266977
2020-07-07 11:15:00+05:30,778.65,779.5,774.15,778.5,1239100
2020-07-07 11:45:00+05:30,778.35,783.0,778.35,782.3,1037810
2020-07-07 12:15:00+05:30,782.35,783.9,779.6,783.35,1094140
2020-07-07 12:45:00+05:30,783.3,788.2,782.35,786.75,1353757
2020-07-07 13:15:00+05:30,786.95,787.9,785.0,785.5,729554
2020-07-07 13:45:00+05:30,785.7,787.65,785.0,786.7,632735
2020-07-07 14:15:00+05:30,786.8,791.0,786.2,790.4,1109721
2020-07-07 14:45:00+05:30,790.35,796.95,790.0,795.05,2831759
2020-07-07 15:15:00+05:30,795.1,795.9,789.0,789.9,1278486
2020-07-08 09:15:00+05:30,784.9,784.9,774.2,780.05,1753507
2020-07-08 09:45:00+05:30,780.05,781.85,778.0,779.1,613934
2020-07-08 10:15:00+05:30,779.0,783.5,777.45,782.0,592232
2020-07-08 10:45:00+05:30,782.0,782.95,778.55,779.45,440806
2020-07-08 11:15:00+05:30,779.2,783.2,779.0,780.9,386034
2020-07-08 11:45:00+05:30,781.0,782.25,780.55,781.7,312660
2020-07-08 12:15:00+05:30,781.35,782.0,777.65,780.95,486122
2020-07-08 12:45:00+05:30,780.95,782.0,778.65,780.75,439196
2020-07-08 13:15:00+05:30,780.8,780.8,778.0,779.45,451530
2020-07-08 13:45:00+05:30,779.45,780.35,776.6,778.15,455990
2020-07-08 14:15:00+05:30,778.1,778.5,773.2,773.5,778725
2020-07-08 14:45:00+05:30,773.75,777.3,773.0,775.0,1007904
2020-07-08 15:15:00+05:30,775.05,775.5,772.2,774.5,739239
2020-07-09 09:15:00+05:30,780.0,790.0,779.5,783.25,1630480
2020-07-09 09:45:00+05:30,783.7,783.75,775.7,777.0,883586
2020-07-09 10:15:00+05:30,777.05,779.55,776.0,778.2,456490
2020-07-09 10:45:00+05:30,778.2,778.5,775.15,776.8,270992
2020-07-09 11:15:00+05:30,776.8,780.75,776.45,780.1,399422
2020-07-09 11:45:00+05:30,779.7,780.3,775.75,776.65,292256
2020-07-09 12:15:00+05:30,776.65,781.65,776.65,780.35,408429
2020-07-09 12:45:00+05:30,780.05,784.0,779.55,780.0,504695
2020-07-09 13:15:00+05:30,780.0,783.05,779.7,781.65,253194
2020-07-09 13:45:00+05:30,781.7,783.8,781.6,782.55,248069
2020-07-09 14:15:00+05:30,782.5,785.0,781.55,782.1,423883
2020-07-09 14:45:00+05:30,782.25,784.0,780.5,781.3,599985
2020-07-09 15:15:00+05:30,781.3,783.9,780.55,782.05,466046
2020-07-10 09:15:00+05:30,773.5,789.8,773.5,780.75,1214169
2020-07-10 09:45:00+05:30,781.0,782.7,779.5,779.7,306432
2020-07-10 10:15:00+05:30,779.7,780.75,777.0,780.4,262440
2020-07-10 10:45:00+05:30,780.1,781.8,778.2,779.0,197119
2020-07-10 11:15:00+05:30,779.0,781.0,778.0,779.8,208854
2020-07-10 11:45:00+05:30,779.8,780.7,778.5,779.5,153334
2020-07-10 12:15:00+05:30,779.8,785.7,778.15,785.0,571543
2020-07-10 12:45:00+05:30,784.85,788.95,784.05,785.0,623903
2020-07-10 13:15:00+05:30,785.0,785.2,782.3,783.0,348158
2020-07-10 13:45:00+05:30,783.1,783.65,780.05,780.7,267529
2020-07-10 14:15:00+05:30,780.7,782.95,780.5,781.6,210449
2020-07-10 14:45:00+05:30,781.6,784.5,780.5,780.65,416995
2020-07-10 15:15:00+05:30,780.7,782.8,778.2,779.9,375838
2020-07-13 09:15:00+05:30,788.0,804.95,786.3,793.7,3017154
2020-07-13 09:45:00+05:30,793.75,799.9,793.6,799.4,762743
2020-07-13 10:15:00+05:30,799.5,802.0,794.5,796.45,830739
2020-07-13 10:45:00+05:30,796.05,800.7,795.75,797.8,574235
2020-07-13 11:15:00+05:30,798.0,802.8,796.75,799.2,782718
2020-07-13 11:45:00+05:30,799.15,801.6,798.65,800.0,634089
2020-07-13 12:15:00+05:30,800.0,801.0,796.85,797.8,637304
2020-07-13 12:45:00+05:30,797.8,798.4,795.75,797.5,375357
2020-07-13 13:15:00+05:30,797.5,797.8,792.05,792.9,762107
2020-07-13 13:45:00+05:30,792.9,796.0,791.5,795.7,447668
2020-07-13 14:15:00+05:30,795.7,797.0,793.75,796.5,297430
2020-07-13 14:45:00+05:30,796.7,797.5,794.55,795.7,900344
2020-07-13 15:15:00+05:30,795.75,800.0,795.2,796.1,755770
2020-07-14 09:15:00+05:30,792.95,806.4,792.55,800.7,1991212
2020-07-14 09:45:00+05:30,800.6,803.85,800.05,802.75,562926
2020-07-14 10:15:00+05:30,802.75,803.0,798.05,799.3,546813
2020-07-14 10:45:00+05:30,799.3,800.1,798.4,798.55,527700
2020-07-14 11:15:00+05:30,798.55,798.65,796.15,797.5,471326
2020-07-14 11:45:00+05:30,797.5,797.6,794.2,794.7,445423
2020-07-14 12:15:00+05:30,794.95,797.65,792.7,793.45,581505
2020-07-14 12:45:00+05:30,793.35,793.5,789.4,789.6,532017
2020-07-14 13:15:00+05:30,789.6,793.55,788.95,792.5,516354
2020-07-14 13:45:00+05:30,792.55,792.95,789.3,790.0,244996
2020-07-14 14:15:00+05:30,790.05,790.8,786.9,789.0,348042
2020-07-14 14:45:00+05:30,789.0,789.95,781.5,782.55,1124170
2020-07-14 15:15:00+05:30,782.55,785.55,782.0,784.95,1051151
2020-07-15 09:15:00+05:30,799.0,810.0,794.85,804.9,2783385
2020-07-15 09:45:00+05:30,804.65,823.45,803.55,821.85,3318807
2020-07-15 10:15:00+05:30,821.55,848.1,821.5,843.4,7303465
2020-07-15 10:45:00+05:30,843.3,847.65,830.6,830.75,3873915
2020-07-15 11:15:00+05:30,830.9,836.45,828.05,833.9,2445810
2020-07-15 11:45:00+05:30,833.85,835.0,829.25,831.4,1194786
2020-07-15 12:15:00+05:30,831.25,833.9,830.1,831.9,736462
2020-07-15 12:45:00+05:30,831.9,836.9,831.55,835.5,999903
2020-07-15 13:15:00+05:30,835.0,835.6,831.2,832.5,643625
2020-07-15 13:45:00+05:30,832.55,834.4,829.45,830.5,843232
2020-07-15 14:15:00+05:30,830.7,831.0,823.2,826.95,1805568
2020-07-15 14:45:00+05:30,827.0,835.05,825.55,828.3,2440460
2020-07-15 15:15:00+05:30,828.3,835.4,825.25,833.7,1596575
2020-07-16 09:15:00+05:30,900.1,936.35,896.8,919.0,20069429
2020-07-16 09:45:00+05:30,919.4,939.6,914.0,936.4,10530818
2020-07-16 10:15:00+05:30,936.45,952.0,934.25,939.55,12970144
2020-07-16 10:45:00+05:30,938.8,941.0,923.0,926.6,7326204
2020-07-16 11:15:00+05:30,926.4,928.15,918.15,920.85,5532382
2020-07-16 11:45:00+05:30,920.9,923.0,914.0,917.0,4154822
2020-07-16 12:15:00+05:30,916.65,917.05,903.6,906.85,6056131
2020-07-16 12:45:00+05:30,906.8,914.0,906.5,908.85,3001987
2020-07-16 13:15:00+05:30,908.8,917.9,908.0,913.2,2866025
2020-07-16 13:45:00+05:30,913.05,913.4,900.0,905.6,5550617
2020-07-16 14:15:00+05:30,905.1,909.9,899.6,905.7,4370526
2020-07-16 14:45:00+05:30,905.45,914.2,902.9,912.75,4875071
2020-07-16 15:15:00+05:30,912.85,914.3,909.75,910.0,2501521
2020-07-17 09:15:00+05:30,911.0,913.9,897.35,900.9,5526575
2020-07-17 09:45:00+05:30,900.95,910.0,892.15,895.8,4992856
2020-07-17 10:15:00+05:30,895.1,908.6,894.0,903.75,2903648
2020-07-17 10:45:00+05:30,903.7,919.0,900.6,914.1,3876737
2020-07-17 11:15:00+05:30,914.3,919.9,906.4,907.45,3297000
2020-07-17 11:45:00+05:30,907.45,911.45,897.5,898.8,3099591
2020-07-17 12:15:00+05:30,899.15,903.0,898.55,899.7,1273614
2020-07-17 12:45:00+05:30,899.7,901.7,896.1,898.7,1136035
2020-07-17 13:15:00+05:30,899.2,902.0,897.45,899.9,816619
2020-07-17 13:45:00+05:30,899.9,900.65,897.35,898.0,790751
2020-07-17 14:15:00+05:30,897.9,900.9,897.9,899.55,886032
2020-07-17 14:45:00+05:30,899.5,904.7,899.5,903.3,1911545
2020-07-17 15:15:00+05:30,903.3,906.8,902.45,905.65,1052834
2020-07-20 09:15:00+05:30,908.5,924.45,908.5,919.7,2690501
2020-07-20 09:45:00+05:30,919.7,920.8,914.2,914.2,1481800
2020-07-20 10:15:00+05:30,914.2,917.9,914.15,916.6,709970
2020-07-20 10:45:00+05:30,916.6,917.7,911.1,912.7,1321839
2020-07-20 11:15:00+05:30,912.7,915.6,912.2,913.9,472303
2020-07-20 11:45:00+05:30,913.9,915.55,913.1,913.85,566155
2020-07-20 12:15:00+05:30,913.85,914.0,909.6,910.0,900435
2020-07-20 12:45:00+05:30,909.95,918.6,907.15,915.6,1660786
2020-07-20 13:15:00+05:30,915.3,917.75,911.85,913.8,833789
2020-07-20 13:45:00+05:30,914.0,917.0,913.2,915.7,618605
2020-07-20 14:15:00+05:30,916.0,919.0,914.6,919.0,997833
2020-07-20 14:45:00+05:30,919.0,940.9,916.55,939.65,3739919
2020-07-20 15:15:00+05:30,939.65,945.0,937.05,943.75,2384845
2020-07-21 09:15:00+05:30,945.0,949.55,939.05,940.5,2221119
2020-07-21 09:45:00+05:30,940.15,941.55,936.5,939.4,954328
2020-07-21 10:15:00+05:30,939.65,942.65,937.3,937.8,635039
2020-07-21 10:45:00+05:30,938.05,939.3,935.4,936.85,519871
2020-07-21 11:15:00+05:30,936.8,937.95,929.2,930.8,2107413
2020-07-21 11:45:00+05:30,930.9,939.7,930.35,936.8,1139416
2020-07-21 12:15:00+05:30,936.75,940.0,932.5,932.7,1039743
2020-07-21 12:45:00+05:30,932.8,936.75,932.5,934.6,410450
2020-07-21 13:15:00+05:30,934.6,937.65,934.5,935.0,462900
2020-07-21 13:45:00+05:30,935.0,936.75,933.0,934.5,513338
2020-07-21 14:15:00+05:30,934.5,936.95,934.0,935.95,455626
2020-07-21 14:45:00+05:30,936.0,939.8,934.5,936.7,1386259
2020-07-21 15:15:00+05:30,936.3,939.5,934.75,937.35,959366
2020-07-22 09:15:00+05:30,938.95,938.95,927.35,929.35,2126914
2020-07-22 09:45:00+05:30,929.4,930.0,923.8,924.8,1061375
2020-07-22 10:15:00+05:30,924.8,927.4,921.45,922.8,1490299
2020-07-22 10:45:00+05:30,922.8,924.0,921.5,923.65,629903
2020-07-22 11:15:00+05:30,923.65,923.65,921.5,922.95,438304
2020-07-22 11:45:00+05:30,922.95,923.0,920.05,921.0,590469
2020-07-22 12:15:00+05:30,921.0,923.0,920.5,923.0,452166
2020-07-22 12:45:00+05:30,923.0,923.0,917.0,917.95,890530
2020-07-22 13:15:00+05:30,917.85,921.7,916.4,919.2,799401
2020-07-22 13:45:00+05:30,919.2,921.0,916.35,917.15,748916
2020-07-22 14:15:00+05:30,916.65,918.95,911.55,912.8,1386217
2020-07-22 14:45:00+05:30,912.8,920.5,911.5,919.8,2075246
2020-07-22 15:15:00+05:30,919.75,921.7,916.75,919.15,1630720
2020-07-23 09:15:00+05:30,915.65,915.8,907.5,909.25,1527626
2020-07-23 09:45:00+05:30,909.25,910.0,906.35,909.5,945136
2020-07-23 10:15:00+05:30,909.5,911.15,908.2,908.95,701982
2020-07-23 10:45:00+05:30,908.75,909.95,906.75,908.0,812015
2020-07-23 11:15:00+05:30,908.05,909.25,906.2,907.45,897632
2020-07-23 11:45:00+05:30,907.3,910.5,906.0,906.85,1036158
2020-07-23 12:15:00+05:30,906.9,908.0,906.25,907.35,570987
2020-07-23 12:45:00+05:30,907.35,908.0,903.8,906.15,942339
2020-07-23 13:15:00+05:30,905.75,906.1,902.5,902.8,967055
2020-07-23 13:45:00+05:30,903.0,907.45,900.65,906.45,1207796
2020-07-23 14:15:00+05:30,906.2,907.0,904.3,905.1,652601
2020-07-23 14:45:00+05:30,905.1,909.5,904.85,909.1,1908965
2020-07-23 15:15:00+05:30,909.35,911.5,908.3,911.25,840607
2020-07-24 09:15:00+05:30,903.25,916.7,903.25,911.95,2604178
2020-07-24 09:45:00+05:30,911.5,914.0,907.2,913.7,1531129
2020-07-24 10:15:00+05:30,913.75,923.8,911.15,920.45,1956993
2020-07-24 10:45:00+05:30,920.3,920.45,909.4,917.15,2723460
2020-07-24 11:15:00+05:30,917.0,919.5,913.3,917.7,1236522
2020-07-24 11:45:00+05:30,917.85,917.95,913.0,914.1,753674
2020-07-24 12:15:00+05:30,914.25,914.4,909.75,910.85,1097289
2020-07-24 12:45:00+05:30,910.85,912.5,908.65,909.2,831082
2020-07-24 13:15:00+05:30,909.2,914.8,909.0,914.35,808697
2020-07-24 13:45:00+05:30,914.25,917.9,913.5,917.2,878151
2020-07-24 14:15:00+05:30,917.45,919.5,913.7,916.75,1018034
2020-07-24 14:45:00+05:30,916.75,925.5,916.0,925.35,2036792
2020-07-24 15:15:00+05:30,925.05,925.6,921.0,921.2,690497
2020-07-27 09:15:00+05:30,921.55,934.5,918.75,929.0,2051393
2020-07-27 09:45:00+05:30,928.65,933.0,922.15,931.7,1866505
2020-07-27 10:15:00+05:30,931.7,938.6,931.7,938.15,1625916
2020-07-27 10:45:00+05:30,938.0,938.45,934.3,935.3,930128
2020-07-27 11:15:00+05:30,935.3,941.9,934.45,939.9,1152647
2020-07-27 11:45:00+05:30,939.9,943.8,939.5,941.0,1046947
2020-07-27 12:15:00+05:30,941.0,943.0,940.05,941.45,654001
2020-07-27 12:45:00+05:30,941.5,943.5,941.0,941.75,626569
2020-07-27 13:15:00+05:30,941.7,941.9,936.5,940.0,1012684
2020-07-27 13:45:00+05:30,940.1,942.0,938.0,941.45,654164
2020-07-27 14:15:00+05:30,941.2,950.0,940.25,950.0,1899106
2020-07-27 14:45:00+05:30,949.95,952.65,947.0,947.9,2263493
2020-07-27 15:15:00+05:30,948.0,950.0,945.45,947.15,1020578
2020-07-28 09:15:00+05:30,946.0,956.55,942.0,944.0,3621769
2020-07-28 09:45:00+05:30,943.9,951.5,943.4,949.3,860053
2020-07-28 10:15:00+05:30,949.15,955.55,947.0,954.8,1696101
2020-07-28 10:45:00+05:30,954.75,958.0,952.55,953.85,1442275
2020-07-28 11:15:00+05:30,953.8,954.9,950.55,952.25,614174
2020-07-28 11:45:00+05:30,952.25,953.9,948.0,950.9,652462
2020-07-28 12:15:00+05:30,951.0,953.8,950.0,950.55,534014
2020-07-28 12:45:00+05:30,950.55,951.5,948.65,951.15,691016
2020-07-28 13:15:00+05:30,950.7,955.65,950.65,953.9,881918
2020-07-28 13:45:00+05:30,953.9,955.8,952.55,954.7,776219
2020-07-28 14:15:00+05:30,954.7,957.85,954.15,956.1,742776
2020-07-28 14:45:00+05:30,956.1,967.35,955.0,963.2,2221008
2020-07-28 15:15:00+05:30,963.75,965.5,959.9,960.6,1044095
2020-07-29 09:15:00+05:30,953.25,957.35,946.25,953.0,1807531
2020-07-29 09:45:00+05:30,953.0,955.9,949.6,952.55,770244
2020-07-29 10:15:00+05:30,952.55,953.5,948.1,949.55,570259
2020-07-29 10:45:00+05:30,949.5,953.45,943.7,945.9,1747439
2020-07-29 11:15:00+05:30,945.9,950.0,945.0,949.95,880197
2020-07-29 11:45:00+05:30,949.95,953.45,949.85,952.05,569869
2020-07-29 12:15:00+05:30,952.05,952.7,949.95,951.15,439924
2020-07-29 12:45:00+05:30,951.15,953.45,950.95,953.0,499809
2020-07-29 13:15:00+05:30,953.0,958.95,953.0,955.25,876356
2020-07-29 13:45:00+05:30,955.25,960.0,953.4,955.5,631006
2020-07-29 14:15:00+05:30,955.5,957.8,952.0,953.2,546396
2020-07-29 14:45:00+05:30,953.2,958.4,952.05,955.0,1089375
2020-07-29 15:15:00+05:30,954.95,955.0,951.0,951.95,625140
2020-07-30 09:15:00+05:30,962.0,971.4,961.5,968.05,2063132
2020-07-30 09:45:00+05:30,968.35,968.35,964.3,965.6,881515
2020-07-30 10:15:00+05:30,965.6,970.95,965.35,970.6,823022
2020-07-30 10:45:00+05:30,970.5,972.6,963.1,963.95,1598665
2020-07-30 11:15:00+05:30,963.25,968.8,963.2,968.5,612702
2020-07-30 11:45:00+05:30,968.5,969.2,965.7,968.0,446088
2020-07-30 12:15:00+05:30,967.95,968.5,967.0,968.5,458665
2020-07-30 12:45:00+05:30,968.3,968.5,964.5,965.75,538570
2020-07-30 13:15:00+05:30,965.75,969.95,964.9,965.6,680530
2020-07-30 13:45:00+05:30,965.6,966.05,960.75,964.6,954443
2020-07-30 14:15:00+05:30,964.6,967.75,962.1,964.65,766999
2020-07-30 14:45:00+05:30,964.65,966.0,960.65,961.2,1350305
2020-07-30 15:15:00+05:30,961.2,963.0,959.05,962.15,1283137
2020-07-31 09:15:00+05:30,969.25,984.6,967.7,981.0,2661399
2020-07-31 09:45:00+05:30,981.0,983.55,980.35,981.9,806117
2020-07-31 10:15:00+05:30,981.9,986.3,978.1,978.9,1048164
2020-07-31 10:45:00+05:30,978.9,980.0,972.0,974.0,1325429
2020-07-31 11:15:00+05:30,973.95,974.0,967.4,970.05,811489
2020-07-31 11:45:00+05:30,970.05,972.4,965.75,968.1,546500
2020-07-31 12:15:00+05:30,968.0,970.0,963.55,965.35,596374
2020-07-31 12:45:00+05:30,965.45,969.75,964.35,965.25,354976
2020-07-31 13:15:00+05:30,965.25,965.75,953.4,955.25,1494111
2020-07-31 13:45:00+05:30,955.7,966.5,955.0,964.55,819013
2020-07-31 14:15:00+05:30,964.4,966.0,960.0,962.6,451890
2020-07-31 14:45:00+05:30,962.6,967.5,960.15,966.0,970514
2020-07-31 15:15:00+05:30,965.95,968.95,965.05,967.8,791288
2020-08-03 09:15:00+05:30,960.0,963.6,953.1,957.55,973988
2020-08-03 09:45:00+05:30,957.6,958.45,951.25,951.55,858138
2020-08-03 10:15:00+05:30,951.9,956.85,950.5,952.4,590898
2020-08-03 10:45:00+05:30,952.4,953.9,951.5,952.75,349194
2020-08-03 11:15:00+05:30,952.75,954.0,951.35,953.4,413050
2020-08-03 11:45:00+05:30,953.35,953.4,950.8,951.25,425956
2020-08-03 12:15:00+05:30,951.25,952.05,948.45,950.55,792863
2020-08-03 12:45:00+05:30,950.45,954.95,950.0,954.35,527240
2020-08-03 13:15:00+05:30,954.35,954.35,950.5,951.8,330558
2020-08-03 13:45:00+05:30,951.8,952.0,947.65,949.9,433269
2020-08-03 14:15:00+05:30,949.95,955.8,948.75,955.15,476064
2020-08-03 14:45:00+05:30,955.15,965.3,954.1,957.1,1737269
2020-08-03 15:15:00+05:30,957.05,957.1,953.9,955.3,552891
2020-08-04 09:15:00+05:30,960.45,970.15,952.45,953.6,2188270
2020-08-04 09:45:00+05:30,953.6,953.6,942.0,943.0,1670122
2020-08-04 10:15:00+05:30,943.0,948.6,940.65,946.15,915256
2020-08-04 10:45:00+05:30,946.05,949.8,942.35,942.45,745470
2020-08-04 11:15:00+05:30,942.4,945.9,941.7,943.85,556178
2020-08-04 11:45:00+05:30,944.0,944.75,942.0,943.2,513023
2020-08-04 12:15:00+05:30,943.2,947.05,942.8,945.55,460848
2020-08-04 12:45:00+05:30,945.6,946.0,944.5,945.25,421789
2020-08-04 13:15:00+05:30,945.5,946.75,943.15,946.45,352451
2020-08-04 13:45:00+05:30,946.55,948.9,946.25,948.2,447836
2020-08-04 14:15:00+05:30,948.25,951.05,947.75,950.9,563611
2020-08-04 14:45:00+05:30,950.8,954.0,947.7,949.9,1277837
2020-08-04 15:15:00+05:30,949.65,953.1,948.15,951.6,980818
2020-08-05 09:15:00+05:30,952.0,960.9,950.35,954.4,1383834
2020-08-05 09:45:00+05:30,954.95,959.6,953.0,958.35,645171
2020-08-05 10:15:00+05:30,958.35,959.75,951.55,952.4,1024960
2020-08-05 10:45:00+05:30,952.3,952.3,945.0,945.25,1019365
2020-08-05 11:15:00+05:30,945.65,948.1,943.35,944.15,601872
2020-08-05 11:45:00+05:30,944.2,945.95,940.9,945.7,1240799
2020-08-05 12:15:00+05:30,945.9,947.0,941.1,943.7,404703
2020-08-05 12:45:00+05:30,943.7,944.5,942.0,943.15,380788
2020-08-05 13:15:00+05:30,942.8,943.65,941.5,942.8,246712
2020-08-05 13:45:00+05:30,942.75,943.0,938.3,940.1,592495
2020-08-05 14:15:00+05:30,940.1,942.95,939.5,941.7,396409
2020-08-05 14:45:00+05:30,941.7,946.35,940.0,946.25,1053750
2020-08-05 15:15:00+05:30,946.35,946.4,944.0,944.5,602795
2020-08-06 09:15:00+05:30,953.5,956.0,942.6,953.7,1300443
2020-08-06 09:45:00+05:30,953.7,955.05,951.2,954.85,475728
2020-08-06 10:15:00+05:30,954.9,962.0,954.5,961.7,813600
2020-08-06 10:45:00+05:30,961.7,963.75,958.5,959.8,775217
2020-08-06 11:15:00+05:30,959.5,960.25,957.1,957.85,493790
2020-08-06 11:45:00+05:30,957.95,959.0,956.5,958.95,443647
2020-08-06 12:15:00+05:30,958.9,960.0,958.05,960.0,596637
2020-08-06 12:45:00+05:30,960.0,966.0,959.8,964.75,958251
2020-08-06 13:15:00+05:30,964.75,966.95,962.65,965.6,709160
2020-08-06 13:45:00+05:30,965.75,968.0,962.85,967.75,692124
2020-08-06 14:15:00+05:30,967.75,969.45,961.6,965.2,948460
2020-08-06 14:45:00+05:30,965.2,972.5,960.15,972.1,1527581
2020-08-06 15:15:00+05:30,972.15,974.35,971.05,972.3,1214653
2020-08-07 09:15:00+05:30,969.45,969.45,952.35,959.5,1737357
2020-08-07 09:45:00+05:30,959.5,961.95,957.85,961.0,550396
2020-08-07 10:15:00+05:30,961.0,961.65,956.0,957.45,459136
2020-08-07 10:45:00+05:30,957.45,958.3,953.5,956.8,482186
2020-08-07 11:15:00+05:30,956.8,958.0,955.2,955.75,277774
2020-08-07 11:45:00+05:30,955.75,956.25,953.5,953.85,479400
2020-08-07 12:15:00+05:30,953.85,955.7,951.25,953.85,536875
2020-08-07 12:45:00+05:30,953.85,957.0,952.7,956.9,352677
2020-08-07 13:15:00+05:30,956.85,957.5,952.2,952.7,534964
2020-08-07 13:45:00+05:30,952.7,955.95,952.7,953.7,355577
2020-08-07 14:15:00+05:30,953.75,955.75,952.6,954.25,381120
2020-08-07 14:45:00+05:30,954.4,955.65,950.4,950.75,743001
2020-08-07 15:15:00+05:30,950.8,951.8,949.0,951.8,1069107
2020-08-10 09:15:00+05:30,948.9,955.7,945.35,954.8,1094164
2020-08-10 09:45:00+05:30,954.15,955.35,952.45,955.15,279619
2020-08-10 10:15:00+05:30,955.2,956.45,952.2,952.6,315571
2020-08-10 10:45:00+05:30,952.9,955.0,952.6,954.3,200501
2020-08-10 11:15:00+05:30,954.3,956.45,952.8,954.8,298323
2020-08-10 11:45:00+05:30,954.65,955.0,951.15,952.1,232251
2020-08-10 12:15:00+05:30,952.1,953.0,947.65,951.35,544397
2020-08-10 12:45:00+05:30,951.4,956.8,951.3,955.35,521547
2020-08-10 13:15:00+05:30,955.4,955.55,953.6,954.95,327291
2020-08-10 13:45:00+05:30,954.95,955.0,952.35,953.75,199373
2020-08-10 14:15:00+05:30,954.0,954.75,953.1,954.0,327974
2020-08-10 14:45:00+05:30,954.0,954.0,950.35,951.3,713977
2020-08-10 15:15:00+05:30,951.35,953.0,950.45,950.55,634097
2020-08-11 09:15:00+05:30,949.9,961.7,947.05,960.0,1406023
2020-08-11 09:45:00+05:30,960.0,960.25,955.0,957.2,434518
2020-08-11 10:15:00+05:30,957.2,960.55,957.0,959.45,323192
2020-08-11 10:45:00+05:30,959.55,962.0,954.45,954.95,835692
2020-08-11 11:15:00+05:30,955.0,955.4,953.0,954.4,500652
2020-08-11 11:45:00+05:30,954.4,954.4,950.3,953.35,342453
2020-08-11 12:15:00+05:30,953.4,953.4,949.05,949.65,365799
2020-08-11 12:45:00+05:30,950.0,953.0,949.05,949.9,276856
2020-08-11 13:15:00+05:30,949.95,952.4,949.35,951.1,207249
2020-08-11 13:45:00+05:30,951.1,952.0,949.65,951.8,187128
2020-08-11 14:15:00+05:30,951.7,952.9,949.5,949.75,252514
2020-08-11 14:45:00+05:30,949.7,950.85,946.4,949.1,965334
2020-08-11 15:15:00+05:30,949.3,951.5,947.05,950.5,687722
2020-08-12 09:15:00+05:30,948.0,952.0,942.25,945.0,1039571
2020-08-12 09:45:00+05:30,944.9,945.0,942.55,943.7,347040
2020-08-12 10:15:00+05:30,943.9,947.9,943.5,947.7,341667
2020-08-12 10:45:00+05:30,947.8,949.6,945.6,948.95,285906
2020-08-12 11:15:00+05:30,949.05,949.25,946.2,947.95,428063
2020-08-12 11:45:00+05:30,947.75,952.95,946.5,948.75,557855
2020-08-12 12:15:00+05:30,949.0,953.0,948.5,950.95,672996
2020-08-12 12:45:00+05:30,950.95,952.45,948.0,948.9,537038
2020-08-12 13:15:00+05:30,948.8,951.0,948.65,950.3,243515
2020-08-12 13:45:00+05:30,950.35,952.85,948.7,951.65,366488
2020-08-12 14:15:00+05:30,951.65,956.0,950.15,955.5,494974
2020-08-12 14:45:00+05:30,955.8,958.8,952.6,956.3,799446
2020-08-12 15:15:00+05:30,956.2,956.25,951.7,952.85,762234
2020-08-13 09:15:00+05:30,954.8,968.5,954.75,963.5,1104362
2020-08-13 09:45:00+05:30,963.5,964.4,960.15,960.7,348353
2020-08-13 10:15:00+05:30,960.4,961.8,958.25,959.45,261009
2020-08-13 10:45:00+05:30,959.45,959.5,954.85,956.35,436988
2020-08-13 11:15:00+05:30,956.35,956.45,951.85,952.45,387189
2020-08-13 11:45:00+05:30,952.35,955.2,952.35,953.35,223932
2020-08-13 12:15:00+05:30,953.45,954.05,951.0,953.85,258457
2020-08-13 12:45:00+05:30,953.85,954.0,951.6,953.95,249466
2020-08-13 13:15:00+05:30,953.95,954.0,952.5,953.45,197319
2020-08-13 13:45:00+05:30,953.45,954.0,951.55,951.85,190083
2020-08-13 14:15:00+05:30,951.75,953.5,951.05,951.45,207893
2020-08-13 14:45:00+05:30,951.25,952.3,948.65,950.85,735287
2020-08-13 15:15:00+05:30,950.9,953.0,950.1,952.3,485659
2020-08-14 09:15:00+05:30,955.85,961.0,953.9,957.95,673180
2020-08-14 09:45:00+05:30,957.95,961.6,955.0,961.2,333740
2020-08-14 10:15:00+05:30,961.0,963.0,958.55,958.95,378632
2020-08-14 10:45:00+05:30,958.9,961.0,955.85,956.25,384905
2020-08-14 11:15:00+05:30,956.35,957.0,954.35,956.0,321927
2020-08-14 11:45:00+05:30,956.0,958.85,955.7,958.6,310592
2020-08-14 12:15:00+05:30,958.85,961.0,958.55,959.0,328824
2020-08-14 12:45:00+05:30,959.0,959.95,957.6,959.6,189438
2020-08-14 13:15:00+05:30,959.75,960.0,956.0,958.3,305193
2020-08-14 13:45:00+05:30,958.3,959.0,956.1,956.8,275532
2020-08-14 14:15:00+05:30,956.8,956.85,952.1,955.8,431871
2020-08-14 14:45:00+05:30,955.4,955.8,952.1,953.95,402302
2020-08-14 15:15:00+05:30,954.0,954.5,953.0,954.15,312989
2020-08-17 09:15:00+05:30,954.1,964.5,954.1,963.25,899415
2020-08-17 09:45:00+05:30,962.8,972.45,961.55,969.7,1683128
2020-08-17 10:15:00+05:30,969.7,969.8,965.45,967.45,603954
2020-08-17 10:45:00+05:30,967.4,970.25,959.2,960.15,1745272
2020-08-17 11:15:00+05:30,960.1,961.4,957.35,959.6,527785
2020-08-17 11:45:00+05:30,959.5,960.45,958.4,959.2,267386
2020-08-17 12:15:00+05:30,959.2,960.0,956.0,957.05,336845
2020-08-17 12:45:00+05:30,957.05,958.15,954.5,956.5,388889
2020-08-17 13:15:00+05:30,956.5,958.1,956.0,957.45,231669
2020-08-17 13:45:00+05:30,957.5,960.55,956.5,957.9,505855
2020-08-17 14:15:00+05:30,957.7,960.5,957.35,959.05,287867
2020-08-17 14:45:00+05:30,959.05,959.45,956.0,956.35,856420
2020-08-17 15:15:00+05:30,956.5,959.5,955.2,958.3,656523
2020-08-18 09:15:00+05:30,963.9,968.65,961.0,967.55,956212
2020-08-18 09:45:00+05:30,967.9,969.0,964.35,967.7,445333
2020-08-18 10:15:00+05:30,967.75,968.0,964.0,966.05,291168
2020-08-18 10:45:00+05:30,966.05,966.55,960.0,960.95,697917
2020-08-18 11:15:00+05:30,960.95,963.0,960.5,961.0,316599
2020-08-18 11:45:00+05:30,961.0,961.0,958.7,960.6,368342
2020-08-18 12:15:00+05:30,960.6,961.5,959.8,961.0,345150
2020-08-18 12:45:00+05:30,961.0,963.65,960.2,963.6,258012
2020-08-18 13:15:00+05:30,963.55,964.75,961.5,961.95,271187
2020-08-18 13:45:00+05:30,961.95,965.7,961.0,964.65,346938
2020-08-18 14:15:00+05:30,964.7,966.6,964.0,965.7,317996
2020-08-18 14:45:00+05:30,965.75,969.0,964.5,968.0,863918
2020-08-18 15:15:00+05:30,967.5,968.75,966.05,967.1,646747
2020-08-19 09:15:00+05:30,970.9,971.3,962.05,967.7,861777
2020-08-19 09:45:00+05:30,968.0,968.0,962.8,963.6,346250
2020-08-19 10:15:00+05:30,963.5,966.0,962.0,962.25,456314
2020-08-19 10:45:00+05:30,962.25,963.7,961.05,962.75,406425
2020-08-19 11:15:00+05:30,962.75,962.75,960.25,962.0,385286
2020-08-19 11:45:00+05:30,962.0,967.85,961.2,964.6,1238118
2020-08-19 12:15:00+05:30,964.8,965.65,964.0,964.5,202693
2020-08-19 12:45:00+05:30,964.5,964.75,963.45,963.95,192928
2020-08-19 13:15:00+05:30,963.95,964.0,962.2,963.15,207294
2020-08-19 13:45:00+05:30,963.2,964.0,962.65,962.7,198870
2020-08-19 14:15:00+05:30,962.7,962.75,960.3,961.35,297092
2020-08-19 14:45:00+05:30,961.45,962.85,958.6,959.45,976466
2020-08-19 15:15:00+05:30,959.1,961.8,957.55,960.8,841202
2020-08-20 09:15:00+05:30,958.9,965.35,955.05,960.9,1172050
2020-08-20 09:45:00+05:30,961.0,961.25,958.15,958.6,307418
2020-08-20 10:15:00+05:30,958.6,961.55,956.45,960.85,338541
2020-08-20 10:45:00+05:30,960.9,961.1,958.0,958.2,238247
2020-08-20 11:15:00+05:30,958.2,958.3,954.5,955.6,395337
2020-08-20 11:45:00+05:30,955.6,957.4,955.0,956.9,364694
2020-08-20 12:15:00+05:30,956.9,958.0,955.25,955.95,247001
2020-08-20 12:45:00+05:30,955.9,957.25,954.85,956.65,262718
2020-08-20 13:15:00+05:30,956.65,958.0,955.45,955.65,290742
2020-08-20 13:45:00+05:30,955.45,956.1,953.05,954.75,341999
2020-08-20 14:15:00+05:30,955.1,957.55,954.55,956.5,305759
2020-08-20 14:45:00+05:30,956.5,959.0,955.55,956.95,579567
2020-08-20 15:15:00+05:30,957.2,957.3,951.7,951.8,792789
2020-08-21 09:15:00+05:30,963.05,963.4,957.6,959.95,743742
2020-08-21 09:45:00+05:30,959.95,960.5,956.35,958.5,366799
2020-08-21 10:15:00+05:30,958.4,958.9,953.55,954.7,452170
2020-08-21 10:45:00+05:30,954.7,954.85,952.15,952.9,405814
2020-08-21 11:15:00+05:30,952.8,953.0,950.2,950.5,394927
2020-08-21 11:45:00+05:30,950.5,952.0,949.55,950.95,480006
2020-08-21 12:15:00+05:30,950.95,951.3,950.05,950.45,252339
2020-08-21 12:45:00+05:30,950.35,950.45,947.55,948.95,406580
2020-08-21 13:15:00+05:30,948.85,949.95,946.55,948.7,426264
2020-08-21 13:45:00+05:30,948.75,950.0,947.9,948.7,308026
2020-08-21 14:15:00+05:30,948.7,949.8,947.8,949.55,256356
2020-08-21 14:45:00+05:30,949.55,950.05,947.2,948.45,1225082
2020-08-21 15:15:00+05:30,948.35,950.05,948.3,950.0,773962
2020-08-24 09:15:00+05:30,947.0,948.45,939.6,942.35,893292
2020-08-24 09:45:00+05:30,942.45,946.0,942.2,943.35,397794
2020-08-24 10:15:00+05:30,943.1,944.4,942.05,943.05,356323
2020-08-24 10:45:00+05:30,943.05,944.0,942.4,943.75,244753
2020-08-24 11:15:00+05:30,943.65,945.5,943.5,944.05,421654
2020-08-24 11:45:00+05:30,944.1,945.9,943.25,945.1,323533
2020-08-24 12:15:00+05:30,944.95,948.75,944.95,947.6,684699
2020-08-24 12:45:00+05:30,947.6,948.4,945.75,947.55,330060
2020-08-24 13:15:00+05:30,947.6,950.8,947.25,949.2,331287
2020-08-24 13:45:00+05:30,949.3,951.85,947.85,949.45,326188
2020-08-24 14:15:00+05:30,949.45,952.0,949.2,950.95,341923
2020-08-24 14:45:00+05:30,950.95,951.4,946.55,946.55,739797
2020-08-24 15:15:00+05:30,946.55,949.6,945.6,948.55,381160
2020-08-25 09:15:00+05:30,947.5,948.65,941.6,942.85,928607
2020-08-25 09:45:00+05:30,942.85,945.0,942.5,944.05,344442
2020-08-25 10:15:00+05:30,944.1,946.45,943.15,944.45,353742
2020-08-25 10:45:00+05:30,944.25,945.0,941.4,942.2,447353
2020-08-25 11:15:00+05:30,941.95,943.65,940.9,942.0,366260
2020-08-25 11:45:00+05:30,942.05,942.7,941.15,941.4,334967
2020-08-25 12:15:00+05:30,941.55,942.0,940.6,940.85,263197
2020-08-25 12:45:00+05:30,940.8,942.5,940.4,941.2,354194
2020-08-25 13:15:00+05:30,941.2,941.9,940.0,940.15,355055
2020-08-25 13:45:00+05:30,940.0,940.55,934.05,934.6,785212
2020-08-25 14:15:00+05:30,934.6,937.25,934.05,936.45,615739
2020-08-25 14:45:00+05:30,936.45,938.05,935.65,938.0,655384
2020-08-25 15:15:00+05:30,937.95,940.2,937.55,938.6,407269
2020-08-26 09:15:00+05:30,941.25,946.65,941.25,944.05,679087
2020-08-26 09:45:00+05:30,944.05,947.75,943.15,943.5,481729
2020-08-26 10:15:00+05:30,943.5,943.85,939.25,939.4,486833
2020-08-26 10:45:00+05:30,939.5,941.9,939.35,939.5,300229
2020-08-26 11:15:00+05:30,939.5,941.0,938.45,940.0,188288
2020-08-26 11:45:00+05:30,939.75,942.3,939.6,941.4,303575
2020-08-26 12:15:00+05:30,941.35,945.0,941.2,943.55,434332
2020-08-26 12:45:00+05:30,943.55,943.6,941.35,942.45,170798
2020-08-26 13:15:00+05:30,942.45,943.55,941.6,941.65,141238
2020-08-26 13:45:00+05:30,941.65,945.0,940.55,944.1,260662
2020-08-26 14:15:00+05:30,944.1,948.0,943.25,946.4,361796
2020-08-26 14:45:00+05:30,946.35,952.15,945.3,952.05,783829
2020-08-26 15:15:00+05:30,952.15,954.25,951.55,953.7,551058
2020-08-27 09:15:00+05:30,960.0,960.95,953.15,957.7,1224721
2020-08-27 09:45:00+05:30,957.6,959.45,954.7,956.8,541172
2020-08-27 10:15:00+05:30,956.95,957.3,954.95,955.0,316338
2020-08-27 10:45:00+05:30,955.1,956.5,954.3,954.65,395511
2020-08-27 11:15:00+05:30,954.65,955.1,950.35,952.4,421878
2020-08-27 11:45:00+05:30,952.4,952.45,949.35,951.4,295314
2020-08-27 12:15:00+05:30,951.5,952.45,949.5,950.2,210131
2020-08-27 12:45:00+05:30,950.4,953.35,950.2,951.45,207321
2020-08-27 13:15:00+05:30,951.4,952.0,949.5,949.55,320889
2020-08-27 13:45:00+05:30,949.6,950.0,948.1,948.7,279959
2020-08-27 14:15:00+05:30,948.65,949.0,945.35,947.85,447637
2020-08-27 14:45:00+05:30,947.8,948.5,945.2,947.25,907323
2020-08-27 15:15:00+05:30,947.3,951.0,945.65,950.8,547476
2020-08-28 09:15:00+05:30,951.45,952.0,942.15,943.3,930822
2020-08-28 09:45:00+05:30,943.3,944.8,941.0,942.05,534836
2020-08-28 10:15:00+05:30,942.15,944.8,941.5,943.35,402408
2020-08-28 10:45:00+05:30,943.05,944.05,941.8,943.1,261226
2020-08-28 11:15:00+05:30,943.05,945.65,940.1,945.15,647990
2020-08-28 11:45:00+05:30,945.15,945.8,941.55,943.0,407216
2020-08-28 12:15:00+05:30,943.0,943.45,941.5,941.5,405063
2020-08-28 12:45:00+05:30,941.55,942.35,940.6,941.75,302218
2020-08-28 13:15:00+05:30,941.55,941.8,938.55,940.5,449578
2020-08-28 13:45:00+05:30,940.5,941.35,939.25,940.0,301187
2020-08-28 14:15:00+05:30,939.95,940.9,938.5,939.95,398008
2020-08-28 14:45:00+05:30,940.0,941.5,934.05,935.8,1377767
2020-08-28 15:15:00+05:30,935.8,936.0,933.1,936.0,1149908
2020-08-31 09:15:00+05:30,935.25,946.55,935.25,945.6,1040458
2020-08-31 09:45:00+05:30,945.2,950.5,943.25,948.95,928084
2020-08-31 10:15:00+05:30,949.35,950.0,941.2,942.0,619776
2020-08-31 10:45:00+05:30,941.9,944.0,940.2,941.65,303636
2020-08-31 11:15:00+05:30,942.05,942.95,938.0,938.65,529477
2020-08-31 11:45:00+05:30,938.7,940.0,936.3,939.45,451554
2020-08-31 12:15:00+05:30,939.45,939.5,935.55,937.75,391984
2020-08-31 12:45:00+05:30,937.75,938.0,932.05,932.95,615275
2020-08-31 13:15:00+05:30,932.65,933.0,922.35,924.75,1330635
2020-08-31 13:45:00+05:30,924.95,931.15,924.1,930.0,528829
2020-08-31 14:15:00+05:30,930.0,931.15,925.8,927.85,445906
2020-08-31 14:45:00+05:30,927.6,937.55,927.4,936.9,2184021
2020-08-31 15:15:00+05:30,936.9,936.95,914.6,918.65,3415299
2020-09-01 09:15:00+05:30,926.25,929.85,918.5,928.35,935095
2020-09-01 09:45:00+05:30,928.3,930.9,923.25,927.2,466072
2020-09-01 10:15:00+05:30,927.15,932.75,927.15,931.9,414458
2020-09-01 10:45:00+05:30,931.7,935.0,928.85,929.85,366823
2020-09-01 11:15:00+05:30,929.75,933.9,929.75,932.0,313853
2020-09-01 11:45:00+05:30,931.95,932.3,928.6,929.3,189753
2020-09-01 12:15:00+05:30,929.1,929.3,921.3,922.35,533533
2020-09-01 12:45:00+05:30,922.3,925.0,921.0,922.15,395113
2020-09-01 13:15:00+05:30,922.15,923.25,918.7,919.55,382854
2020-09-01 13:45:00+05:30,919.55,921.65,918.4,919.4,351046
2020-09-01 14:15:00+05:30,919.4,919.75,914.6,915.0,583628
2020-09-01 14:45:00+05:30,915.0,917.4,912.15,912.85,1081571
2020-09-01 15:15:00+05:30,912.9,918.1,912.75,917.95,876832
2020-09-02 09:15:00+05:30,915.0,924.5,915.0,923.2,976513
2020-09-02 09:45:00+05:30,923.05,926.05,918.6,919.75,538598
2020-09-02 10:15:00+05:30,919.75,920.85,916.05,916.75,322921
2020-09-02 10:45:00+05:30,917.0,918.5,916.25,917.5,178263
2020-09-02 11:15:00+05:30,917.5,919.4,916.5,917.0,277727
2020-09-02 11:45:00+05:30,917.35,919.5,916.9,919.0,255332
2020-09-02 12:15:00+05:30,919.2,919.2,915.5,916.05,315093
2020-09-02 12:45:00+05:30,916.1,921.55,913.8,920.8,475710
2020-09-02 13:15:00+05:30,920.8,923.0,919.35,920.95,333525
2020-09-02 13:45:00+05:30,920.95,922.0,919.05,921.05,188000
2020-09-02 14:15:00+05:30,921.05,925.0,920.7,921.3,437736
2020-09-02 14:45:00+05:30,921.65,924.75,920.7,924.05,722023
2020-09-02 15:15:00+05:30,924.0,926.35,921.1,923.6,626127
2020-09-03 09:15:00+05:30,926.5,933.0,924.0,931.3,840004
2020-09-03 09:45:00+05:30,931.4,946.45,931.3,946.0,1640577
2020-09-03 10:15:00+05:30,945.7,949.4,938.4,943.7,1558183
2020-09-03 10:45:00+05:30,943.7,944.75,938.2,938.5,393704
2020-09-03 11:15:00+05:30,938.6,938.6,933.5,933.55,678744
2020-09-03 11:45:00+05:30,933.55,935.3,932.1,933.35,507490
2020-09-03 12:15:00+05:30,933.5,934.35,931.05,933.65,519737
2020-09-03 12:45:00+05:30,933.65,934.6,931.5,934.25,497639
2020-09-03 13:15:00+05:30,934.0,937.3,932.15,934.3,393959
2020-09-03 13:45:00+05:30,934.4,935.0,933.15,934.85,252688
2020-09-03 14:15:00+05:30,934.8,936.95,934.05,935.95,272350
2020-09-03 14:45:00+05:30,936.1,938.75,933.35,934.75,813475
2020-09-03 15:15:00+05:30,934.75,935.95,934.45,935.2,441130
2020-09-04 09:15:00+05:30,915.0,925.8,915.0,920.0,1536310
2020-09-04 09:45:00+05:30,920.05,927.6,919.35,926.55,1081762
2020-09-04 10:15:00+05:30,926.55,929.5,922.45,923.0,890728
2020-09-04 10:45:00+05:30,923.0,924.0,921.0,923.5,371554
2020-09-04 11:15:00+05:30,923.6,925.25,922.2,923.5,347271
2020-09-04 11:45:00+05:30,923.2,924.15,921.1,922.9,323042
2020-09-04 12:15:00+05:30,922.85,923.0,920.1,921.15,262979
2020-09-04 12:45:00+05:30,921.1,923.2,920.5,922.0,271109
2020-09-04 13:15:00+05:30,922.0,924.0,921.5,922.6,304150
2020-09-04 13:45:00+05:30,922.5,924.0,921.35,923.6,468750
2020-09-04 14:15:00+05:30,923.55,924.0,919.0,919.95,668227
2020-09-04 14:45:00+05:30,920.0,920.8,916.85,919.9,1197036
2020-09-04 15:15:00+05:30,920.0,921.5,918.2,920.5,861390
2020-09-07 09:15:00+05:30,918.9,922.9,914.75,916.05,1475262
2020-09-07 09:45:00+05:30,916.05,918.0,914.3,917.35,415576
2020-09-07 10:15:00+05:30,917.35,918.0,916.0,917.55,212246
2020-09-07 10:45:00+05:30,917.55,921.75,916.7,921.25,359344
2020-09-07 11:15:00+05:30,920.95,926.6,920.95,925.95,788948
2020-09-07 11:45:00+05:30,926.0,926.0,921.0,925.0,547975
2020-09-07 12:15:00+05:30,925.25,925.3,920.0,920.3,358403
2020-09-07 12:45:00+05:30,920.55,921.0,918.25,918.95,281529
2020-09-07 13:15:00+05:30,918.95,921.5,918.9,921.15,334385
2020-09-07 13:45:00+05:30,921.2,924.0,920.95,922.15,317136
2020-09-07 14:15:00+05:30,922.1,922.5,919.5,922.35,316166
2020-09-07 14:45:00+05:30,922.35,925.9,921.8,925.25,706966
2020-09-07 15:15:00+05:30,925.3,927.4,925.05,926.55,552851
2020-09-08 09:15:00+05:30,929.95,937.8,925.55,937.7,1726664
2020-09-08 09:45:00+05:30,937.3,946.0,937.25,945.2,2092062
2020-09-08 10:15:00+05:30,945.0,947.05,941.65,944.05,977702
2020-09-08 10:45:00+05:30,944.25,945.0,942.2,943.4,473048
2020-09-08 11:15:00+05:30,943.4,947.0,940.2,946.7,813410
2020-09-08 11:45:00+05:30,947.0,952.0,945.4,950.8,1940860
2020-09-08 12:15:00+05:30,950.95,951.45,947.1,947.25,656019
2020-09-08 12:45:00+05:30,947.25,949.9,945.65,949.25,492239
2020-09-08 13:15:00+05:30,949.3,951.0,946.5,947.65,407345
2020-09-08 13:45:00+05:30,947.7,949.85,944.2,949.0,457652
2020-09-08 14:15:00+05:30,949.0,949.5,943.35,944.35,644114
2020-09-08 14:45:00+05:30,944.5,945.5,937.35,937.65,1340759
2020-09-08 15:15:00+05:30,937.35,939.35,936.1,938.8,844017
2020-09-09 09:15:00+05:30,935.0,945.85,931.05,940.75,1073251
2020-09-09 09:45:00+05:30,940.65,942.0,934.2,935.7,503991
2020-09-09 10:15:00+05:30,935.7,937.0,931.75,934.0,332360
2020-09-09 10:45:00+05:30,933.9,935.1,931.65,932.4,258012
2020-09-09 11:15:00+05:30,932.4,935.0,931.9,933.9,227979
2020-09-09 11:45:00+05:30,934.0,934.6,931.5,933.0,227449
2020-09-09 12:15:00+05:30,932.75,935.7,932.5,934.6,256825
2020-09-09 12:45:00+05:30,934.75,936.0,933.5,935.9,178447
2020-09-09 13:15:00+05:30,935.6,937.0,932.65,934.75,288323
2020-09-09 13:45:00+05:30,934.75,935.5,933.05,933.9,212320
2020-09-09 14:15:00+05:30,933.95,936.65,931.7,936.0,293532
2020-09-09 14:45:00+05:30,935.8,936.0,926.3,928.0,987962
2020-09-09 15:15:00+05:30,927.7,929.0,926.0,928.2,666127
2020-09-10 09:15:00+05:30,935.3,937.25,924.8,928.5,1147294
2020-09-10 09:45:00+05:30,928.5,935.35,927.0,934.95,456526
2020-09-10 10:15:00+05:30,934.95,937.9,932.75,935.3,471354
2020-09-10 10:45:00+05:30,935.3,936.8,933.4,934.75,265555
2020-09-10 11:15:00+05:30,935.15,936.0,932.25,933.8,217901
2020-09-10 11:45:00+05:30,933.75,934.5,931.0,934.15,228792
2020-09-10 12:15:00+05:30,934.05,934.15,929.3,930.3,252603
2020-09-10 12:45:00+05:30,930.25,934.35,930.05,931.95,182505
2020-09-10 13:15:00+05:30,931.95,933.7,930.5,931.9,231195
2020-09-10 13:45:00+05:30,931.85,932.0,929.8,932.0,174658
2020-09-10 14:15:00+05:30,932.0,938.4,931.95,937.3,400790
2020-09-10 14:45:00+05:30,937.35,941.3,935.9,941.0,644191
2020-09-10 15:15:00+05:30,941.0,941.95,938.2,939.65,486357
2020-09-11 09:15:00+05:30,934.9,938.0,931.05,934.55,596028
2020-09-11 09:45:00+05:30,934.6,938.5,932.4,938.35,289042
2020-09-11 10:15:00+05:30,938.35,954.1,938.0,952.0,1731702
2020-09-11 10:45:00+05:30,951.8,952.15,944.75,946.3,483593
2020-09-11 11:15:00+05:30,946.25,949.2,945.6,947.05,371646
2020-09-11 11:45:00+05:30,947.05,948.95,943.55,943.55,351216
2020-09-11 12:15:00+05:30,943.55,945.9,942.65,944.4,323927
2020-09-11 12:45:00+05:30,944.3,947.95,943.5,945.15,303472
2020-09-11 13:15:00+05:30,945.2,947.5,944.0,946.9,266347
2020-09-11 13:45:00+05:30,946.9,951.0,946.25,951.0,376029
2020-09-11 14:15:00+05:30,950.95,951.0,946.2,947.75,357295
2020-09-11 14:45:00+05:30,947.65,949.0,944.25,946.2,643477
2020-09-11 15:15:00+05:30,945.95,946.5,942.9,944.5,565427
2020-09-14 09:15:00+05:30,957.0,959.3,948.4,957.8,2044150
2020-09-14 09:45:00+05:30,958.5,970.0,957.5,969.4,2416062
2020-09-14 10:15:00+05:30,969.8,979.75,969.35,978.35,2367012
2020-09-14 10:45:00+05:30,978.2,981.0,973.75,977.15,1405640
2020-09-14 11:15:00+05:30,977.25,985.8,976.05,982.9,1672687
2020-09-14 11:45:00+05:30,983.2,989.0,980.6,985.1,1832011
2020-09-14 12:15:00+05:30,985.15,985.8,981.3,983.8,1159062
2020-09-14 12:45:00+05:30,983.85,991.05,983.05,990.1,1621051
2020-09-14 13:15:00+05:30,990.2,990.3,981.1,981.85,1242482
2020-09-14 13:45:00+05:30,981.7,985.0,975.0,977.9,1250537
2020-09-14 14:15:00+05:30,977.9,978.5,967.8,977.75,1694426
2020-09-14 14:45:00+05:30,977.7,984.5,976.65,978.5,1918297
2020-09-14 15:15:00+05:30,978.6,979.0,971.9,975.4,1222546
2020-09-15 09:15:00+05:30,979.5,987.55,973.2,975.15,2403629
2020-09-15 09:45:00+05:30,975.55,980.5,971.85,976.05,1127033
2020-09-15 10:15:00+05:30,976.05,979.65,973.5,977.95,512463
2020-09-15 10:45:00+05:30,977.85,982.3,976.7,981.1,369875
2020-09-15 11:15:00+05:30,981.4,984.0,979.35,980.15,475653
2020-09-15 11:45:00+05:30,980.15,984.5,978.8,984.25,590592
2020-09-15 12:15:00+05:30,984.1,984.3,980.5,983.1,465115
2020-09-15 12:45:00+05:30,983.0,983.5,976.9,980.7,427266
2020-09-15 13:15:00+05:30,980.75,989.2,979.05,988.05,1083365
2020-09-15 13:45:00+05:30,988.25,992.7,985.25,992.25,956035
2020-09-15 14:15:00+05:30,992.65,993.95,983.5,983.95,1135058
2020-09-15 14:45:00+05:30,983.05,984.15,980.35,982.5,1207700
2020-09-15 15:15:00+05:30,982.6,984.05,980.2,981.4,825633
2020-09-16 09:15:00+05:30,986.0,989.75,982.0,983.55,1251767
2020-09-16 09:45:00+05:30,983.55,988.25,982.05,988.0,606479
2020-09-16 10:15:00+05:30,987.75,988.0,982.5,984.5,616147
2020-09-16 10:45:00+05:30,984.45,986.45,983.35,985.0,377226
2020-09-16 11:15:00+05:30,984.95,988.5,984.65,986.9,454825
2020-09-16 11:45:00+05:30,986.9,987.8,985.55,986.65,359433
2020-09-16 12:15:00+05:30,986.7,990.8,986.55,988.75,805996
2020-09-16 12:45:00+05:30,988.8,990.75,988.2,989.9,544544
2020-09-16 13:15:00+05:30,989.85,991.45,988.0,990.4,604447
2020-09-16 13:45:00+05:30,990.5,993.0,989.6,991.55,627889
2020-09-16 14:15:00+05:30,991.6,994.0,988.35,994.0,758055
2020-09-16 14:45:00+05:30,993.95,1003.5,993.0,1002.85,2009170
2020-09-16 15:15:00+05:30,1002.85,1005.65,999.65,1001.95,1018960
2020-09-17 09:15:00+05:30,995.0,1013.0,995.0,1012.8,2573445
2020-09-17 09:45:00+05:30,1012.45,1012.8,1003.7,1010.5,1333337
2020-09-17 10:15:00+05:30,1010.55,1014.9,1010.2,1011.85,1140602
2020-09-17 10:45:00+05:30,1011.55,1011.95,1005.5,1009.85,882682
2020-09-17 11:15:00+05:30,1009.95,1010.0,1007.05,1010.0,561261
2020-09-17 11:45:00+05:30,1010.0,1011.7,1002.15,1003.35,1317204
2020-09-17 12:15:00+05:30,1003.75,1008.95,1003.35,1007.8,543600
2020-09-17 12:45:00+05:30,1007.8,1012.9,1007.4,1010.2,747058
2020-09-17 13:15:00+05:30,1010.2,1014.0,1009.95,1012.65,668218
2020-09-17 13:45:00+05:30,1012.6,1018.55,1011.3,1017.7,1532780
2020-09-17 14:15:00+05:30,1017.7,1020.95,1016.2,1017.25,1454523
2020-09-17 14:45:00+05:30,1017.15,1017.2,1010.0,1010.9,1792674
2020-09-17 15:15:00+05:30,1011.0,1011.95,1008.5,1011.0,1034655
2020-09-18 09:15:00+05:30,1011.0,1016.95,1004.55,1012.5,1089719
2020-09-18 09:45:00+05:30,1012.7,1014.3,1007.95,1012.2,666228
2020-09-18 10:15:00+05:30,1012.15,1012.95,1010.0,1010.5,372499
2020-09-18 10:45:00+05:30,1010.5,1012.4,1008.65,1010.0,558332
2020-09-18 11:15:00+05:30,1010.0,1011.65,1006.6,1011.45,498471
2020-09-18 11:45:00+05:30,1011.4,1014.5,1010.15,1013.3,649120
2020-09-18 12:15:00+05:30,1013.35,1015.0,1012.2,1014.75,376204
2020-09-18 12:45:00+05:30,1014.7,1018.8,1012.75,1013.25,630459
2020-09-18 13:15:00+05:30,1013.7,1015.0,1011.15,1014.05,442430
2020-09-18 13:45:00+05:30,1014.0,1015.0,1011.6,1013.4,462749
2020-09-18 14:15:00+05:30,1013.4,1013.8,1005.0,1009.0,791325
2020-09-18 14:45:00+05:30,1008.95,1011.5,1000.4,1000.45,3368963
2020-09-18 15:15:00+05:30,1000.5,1007.0,999.2,1003.5,2968032
2020-09-21 09:15:00+05:30,1001.0,1027.9,1000.5,1025.6,2089903
2020-09-21 09:45:00+05:30,1025.8,1026.0,1016.6,1022.15,1014230
2020-09-21 10:15:00+05:30,1022.5,1025.0,1020.0,1022.9,658384
2020-09-21 10:45:00+05:30,1022.9,1029.35,1022.0,1023.1,1547707
2020-09-21 11:15:00+05:30,1023.6,1026.7,1021.35,1026.35,623552
2020-09-21 11:45:00+05:30,1026.5,1029.95,1025.25,1029.2,675049
2020-09-21 12:15:00+05:30,1029.2,1031.0,1025.55,1027.7,795567
2020-09-21 12:45:00+05:30,1027.7,1029.95,1024.05,1026.95,604168
2020-09-21 13:15:00+05:30,1026.95,1027.0,1020.3,1023.5,897543
2020-09-21 13:45:00+05:30,1023.6,1024.0,1002.0,1008.7,1760359
2020-09-21 14:15:00+05:30,1008.7,1015.9,1004.05,1015.5,1264632
2020-09-21 14:45:00+05:30,1015.05,1016.0,1008.25,1009.05,1481202
2020-09-21 15:15:00+05:30,1009.05,1010.25,1005.9,1007.0,705326
2020-09-22 09:15:00+05:30,1009.0,1016.05,1003.2,1004.05,2606374
2020-09-22 09:45:00+05:30,1004.1,1004.1,991.25,998.95,1510543
2020-09-22 10:15:00+05:30,999.2,1001.7,995.4,998.1,620234
2020-09-22 10:45:00+05:30,998.15,1003.75,998.0,998.95,659704
2020-09-22 11:15:00+05:30,998.95,1002.25,996.95,1001.85,371438
2020-09-22 11:45:00+05:30,1001.85,1005.8,1000.0,1004.85,559780
2020-09-22 12:15:00+05:30,1005.0,1014.1,1004.1,1011.3,745558
2020-09-22 12:45:00+05:30,1011.05,1015.75,1009.95,1012.8,658858
2020-09-22 13:15:00+05:30,1012.75,1022.5,1012.1,1018.0,1257718
2020-09-22 13:45:00+05:30,1018.1,1020.9,1010.9,1012.5,832649
2020-09-22 14:15:00+05:30,1012.35,1013.75,1006.3,1009.8,822697
2020-09-22 14:45:00+05:30,1009.8,1012.0,1004.05,1005.85,1057971
2020-09-22 15:15:00+05:30,1006.25,1011.0,1005.55,1008.0,876204
2020-09-23 09:15:00+05:30,1020.15,1037.0,1017.0,1035.0,2837724
2020-09-23 09:45:00+05:30,1034.95,1035.0,1023.4,1024.7,1326416
2020-09-23 10:15:00+05:30,1024.7,1035.0,1024.65,1033.9,950354
2020-09-23 10:45:00+05:30,1033.9,1033.9,1028.15,1030.4,669696
2020-09-23 11:15:00+05:30,1030.45,1034.05,1029.0,1030.55,673402
2020-09-23 11:45:00+05:30,1031.0,1032.9,1021.0,1021.45,1024096
2020-09-23 12:15:00+05:30,1021.3,1023.95,1012.4,1014.75,1152733
2020-09-23 12:45:00+05:30,1014.75,1021.0,1008.1,1019.45,932081
2020-09-23 13:15:00+05:30,1019.45,1021.0,1013.6,1015.15,679267
2020-09-23 13:45:00+05:30,1015.2,1018.45,1014.8,1017.4,579421
2020-09-23 14:15:00+05:30,1017.4,1019.6,1015.1,1017.1,696190
2020-09-23 14:45:00+05:30,1017.1,1020.7,1017.1,1019.55,1253249
2020-09-23 15:15:00+05:30,1019.65,1020.8,1018.7,1019.85,688183
2020-09-24 09:15:00+05:30,1003.0,1006.4,990.55,1003.2,2079956
2020-09-24 09:45:00+05:30,1003.7,1005.9,999.65,1002.15,803207
2020-09-24 10:15:00+05:30,1002.1,1003.0,994.1,996.7,615860
2020-09-24 10:45:00+05:30,996.9,997.3,982.5,988.2,1041820
2020-09-24 11:15:00+05:30,988.55,996.0,986.9,995.6,924895
2020-09-24 11:45:00+05:30,995.7,996.7,992.05,993.15,627645
2020-09-24 12:15:00+05:30,992.7,993.45,984.1,985.0,982406
2020-09-24 12:45:00+05:30,985.05,987.7,981.55,986.4,769119
2020-09-24 13:15:00+05:30,986.4,990.75,985.1,986.7,628503
2020-09-24 13:45:00+05:30,986.7,987.3,982.25,983.8,662241
2020-09-24 14:15:00+05:30,983.8,985.0,970.2,978.25,1490968
2020-09-24 14:45:00+05:30,978.2,981.9,970.15,974.25,2097540
2020-09-24 15:15:00+05:30,974.7,980.0,973.25,977.15,1672707
2020-09-25 09:15:00+05:30,975.8,995.35,975.8,991.35,2747800
2020-09-25 09:45:00+05:30,991.65,997.0,984.25,989.6,1439416
2020-09-25 10:15:00+05:30,989.9,991.5,985.0,987.4,790165
2020-09-25 10:45:00+05:30,987.45,994.6,986.6,992.95,734855
2020-09-25 11:15:00+05:30,992.85,996.6,990.2,995.9,623290
2020-09-25 11:45:00+05:30,995.85,1004.8,994.5,1004.0,950166
2020-09-25 12:15:00+05:30,1003.7,1008.45,1000.8,1006.7,934033
2020-09-25 12:45:00+05:30,1006.55,1007.4,1000.75,1002.0,455712
2020-09-25 13:15:00+05:30,1002.1,1004.95,1000.0,1000.8,381037
2020-09-25 13:45:00+05:30,1000.75,1006.8,1000.75,1004.8,355179
2020-09-25 14:15:00+05:30,1004.8,1008.0,1001.65,1007.0,474879
2020-09-25 14:45:00+05:30,1006.3,1014.0,1004.7,1011.95,1431860
2020-09-25 15:15:00+05:30,1011.95,1014.7,1005.0,1006.05,1915576
2020-09-28 09:15:00+05:30,1014.8,1015.6,998.5,1001.0,1530943
2020-09-28 09:45:00+05:30,1001.2,1006.85,1000.7,1002.95,724291
2020-09-28 10:15:00+05:30,1002.8,1004.35,998.9,1001.65,655545
2020-09-28 10:45:00+05:30,1001.95,1003.0,999.3,1000.6,488907
2020-09-28 11:15:00+05:30,1000.6,1002.0,999.65,1000.4,270929
2020-09-28 11:45:00+05:30,1000.55,1005.9,1000.3,1003.5,741961
2020-09-28 12:15:00+05:30,1003.35,1007.2,1000.7,1006.55,595026
2020-09-28 12:45:00+05:30,1006.55,1007.0,1002.25,1005.0,391990
2020-09-28 13:15:00+05:30,1005.0,1006.25,1003.65,1003.85,340540
2020-09-28 13:45:00+05:30,1003.9,1005.0,1003.65,1004.0,334098
2020-09-28 14:15:00+05:30,1004.0,1006.85,1003.7,1004.3,439621
2020-09-28 14:45:00+05:30,1004.35,1012.65,1003.7,1011.1,1322014
2020-09-28 15:15:00+05:30,1011.4,1013.2,1009.0,1011.5,694368
2020-09-29 09:15:00+05:30,1018.0,1023.5,1013.6,1022.6,1483949
2020-09-29 09:45:00+05:30,1022.4,1027.95,1021.55,1024.45,1218930
2020-09-29 10:15:00+05:30,1024.5,1026.5,1011.85,1013.0,897135
2020-09-29 10:45:00+05:30,1013.0,1016.95,1010.75,1015.1,454667
2020-09-29 11:15:00+05:30,1015.3,1018.6,1014.7,1016.55,349982
2020-09-29 11:45:00+05:30,1016.25,1016.85,1013.4,1014.95,330797
2020-09-29 12:15:00+05:30,1014.95,1017.75,1014.0,1016.15,284915
2020-09-29 12:45:00+05:30,1016.2,1019.9,1014.6,1015.55,387571
2020-09-29 13:15:00+05:30,1015.45,1016.5,1013.45,1016.0,302871
2020-09-29 13:45:00+05:30,1016.0,1019.4,1015.95,1018.05,414821
2020-09-29 14:15:00+05:30,1018.25,1021.4,1016.25,1016.5,450214
2020-09-29 14:45:00+05:30,1016.4,1017.15,1004.55,1007.65,1085036
2020-09-29 15:15:00+05:30,1007.65,1017.5,1005.55,1013.85,1033122
2020-09-30 09:15:00+05:30,1009.0,1012.5,1005.75,1006.95,707602
2020-09-30 09:45:00+05:30,1006.95,1011.1,1005.55,1010.1,423092
2020-09-30 10:15:00+05:30,1010.4,1023.9,1010.0,1019.05,871623
2020-09-30 10:45:00+05:30,1019.05,1020.95,1016.45,1017.35,414860
2020-09-30 11:15:00+05:30,1017.35,1018.4,1013.1,1013.55,718565
2020-09-30 11:45:00+05:30,1013.55,1015.85,1009.15,1010.0,384444
2020-09-30 12:15:00+05:30,1010.0,1011.7,1007.7,1010.5,373664
2020-09-30 12:45:00+05:30,1010.65,1014.4,1009.05,1012.05,336233
2020-09-30 13:15:00+05:30,1012.1,1018.25,1011.8,1015.0,594397
2020-09-30 13:45:00+05:30,1015.0,1016.4,1012.15,1012.45,385458
2020-09-30 14:15:00+05:30,1012.45,1013.65,1009.0,1009.4,515510
2020-09-30 14:45:00+05:30,1009.5,1013.5,1007.45,1009.1,1153939
2020-09-30 15:15:00+05:30,1009.1,1009.5,1005.0,1006.0,1154025
2020-10-01 09:15:00+05:30,1020.6,1026.15,1014.6,1019.5,970497
2020-10-01 09:45:00+05:30,1019.65,1020.85,1014.3,1017.75,363441
2020-10-01 10:15:00+05:30,1017.9,1018.7,1012.1,1012.95,384920
2020-10-01 10:45:00+05:30,1012.95,1015.05,1012.5,1013.75,246935
2020-10-01 11:15:00+05:30,1013.5,1016.75,1013.5,1015.9,467429
2020-10-01 11:45:00+05:30,1015.95,1016.55,1013.25,1013.4,211329
2020-10-01 12:15:00+05:30,1013.25,1014.8,1011.8,1013.55,225659
2020-10-01 12:45:00+05:30,1013.55,1015.4,1012.45,1013.05,335039
2020-10-01 13:15:00+05:30,1013.2,1015.0,1013.0,1014.4,157748
2020-10-01 13:45:00+05:30,1014.4,1015.9,1013.5,1013.65,234621
2020-10-01 14:15:00+05:30,1013.65,1015.55,1013.5,1014.3,426186
2020-10-01 14:45:00+05:30,1014.15,1019.35,1012.5,1019.35,942280
2020-10-01 15:15:00+05:30,1019.4,1020.0,1017.2,1018.55,587960
2020-10-05 09:15:00+05:30,1018.05,1049.0,1018.05,1048.65,3356317
2020-10-05 09:45:00+05:30,1048.95,1054.8,1047.15,1048.85,1474409
2020-10-05 10:15:00+05:30,1048.9,1049.0,1042.35,1043.55,987770
2020-10-05 10:45:00+05:30,1043.5,1045.5,1042.85,1044.45,856261
2020-10-05 11:15:00+05:30,1044.45,1044.7,1040.55,1042.3,535019
2020-10-05 11:45:00+05:30,1042.1,1043.5,1040.15,1042.35,600652
2020-10-05 12:15:00+05:30,1042.35,1042.5,1039.35,1040.2,609652
2020-10-05 12:45:00+05:30,1039.8,1040.85,1038.35,1039.45,557807
2020-10-05 13:15:00+05:30,1039.45,1042.0,1038.5,1041.25,546319
2020-10-05 13:45:00+05:30,1041.25,1052.05,1040.95,1049.45,1704719
2020-10-05 14:15:00+05:30,1049.0,1050.95,1045.8,1047.45,1001331
2020-10-05 14:45:00+05:30,1047.45,1050.9,1045.65,1048.95,928352
2020-10-05 15:15:00+05:30,1049.0,1050.0,1046.9,1048.1,1015538
2020-10-06 09:15:00+05:30,1055.0,1055.0,1031.6,1040.9,1760717
2020-10-06 09:45:00+05:30,1040.8,1042.7,1036.35,1037.1,537490
2020-10-06 10:15:00+05:30,1037.1,1041.0,1035.75,1039.55,570926
2020-10-06 10:45:00+05:30,1039.6,1040.1,1035.7,1038.9,421387
2020-10-06 11:15:00+05:30,1039.0,1039.75,1036.2,1036.3,457907
2020-10-06 11:45:00+05:30,1036.65,1038.0,1035.7,1037.5,436398
2020-10-06 12:15:00+05:30,1037.55,1042.25,1037.25,1039.85,574067
2020-10-06 12:45:00+05:30,1039.85,1041.9,1039.65,1041.0,335166
2020-10-06 13:15:00+05:30,1041.3,1045.5,1039.95,1044.05,542982
2020-10-06 13:45:00+05:30,1044.05,1045.9,1043.2,1044.75,417105
2020-10-06 14:15:00+05:30,1044.75,1050.0,1044.75,1048.2,761568
2020-10-06 14:45:00+05:30,1048.6,1056.3,1046.7,1055.55,1311776
2020-10-06 15:15:00+05:30,1055.2,1060.0,1054.2,1056.45,929367
2020-10-07 09:15:00+05:30,1044.9,1054.0,1039.45,1052.0,1598743
2020-10-07 09:45:00+05:30,1052.0,1054.7,1046.25,1049.75,742803
2020-10-07 10:15:00+05:30,1048.9,1049.55,1044.35,1046.95,739511
2020-10-07 10:45:00+05:30,1046.95,1050.75,1045.25,1049.45,630671
2020-10-07 11:15:00+05:30,1049.7,1050.35,1046.7,1048.9,322647
2020-10-07 11:45:00+05:30,1048.9,1049.5,1045.5,1046.0,310165
2020-10-07 12:15:00+05:30,1046.0,1050.0,1045.25,1048.0,376972
2020-10-07 12:45:00+05:30,1047.95,1050.0,1047.7,1048.9,244022
2020-10-07 13:15:00+05:30,1048.95,1053.45,1046.6,1048.2,538358
2020-10-07 13:45:00+05:30,1048.2,1050.0,1046.4,1048.7,354966
2020-10-07 14:15:00+05:30,1048.8,1062.35,1048.65,1060.45,1128210
2020-10-07 14:45:00+05:30,1060.8,1067.45,1058.45,1064.3,1386217
2020-10-07 15:15:00+05:30,1064.0,1072.0,1062.5,1071.0,886595
2020-10-08 09:15:00+05:30,1090.0,1109.8,1089.3,1103.8,5676237
2020-10-08 09:45:00+05:30,1104.1,1107.0,1100.0,1103.3,1262871
2020-10-08 10:15:00+05:30,1103.0,1104.45,1099.3,1102.8,1387698
2020-10-08 10:45:00+05:30,1102.8,1108.9,1102.6,1107.95,1213794
2020-10-08 11:15:00+05:30,1107.95,1118.5,1107.35,1116.9,2208039
2020-10-08 11:45:00+05:30,1116.95,1119.95,1113.0,1118.55,923616
2020-10-08 12:15:00+05:30,1118.55,1124.0,1115.25,1119.65,1427958
2020-10-08 12:45:00+05:30,1119.95,1123.0,1118.35,1118.75,1036947
2020-10-08 13:15:00+05:30,1118.75,1119.0,1110.25,1113.2,1200496
2020-10-08 13:45:00+05:30,1113.0,1113.25,1100.0,1107.0,1750339
2020-10-08 14:15:00+05:30,1107.0,1107.0,1096.5,1104.8,1126377
2020-10-08 14:45:00+05:30,1104.8,1104.9,1090.0,1092.45,1331564
2020-10-08 15:15:00+05:30,1092.55,1096.75,1092.0,1094.0,827680
2020-10-09 09:15:00+05:30,1095.1,1109.0,1092.6,1093.0,1956402
2020-10-09 09:45:00+05:30,1093.0,1100.6,1092.0,1098.4,744180
2020-10-09 10:15:00+05:30,1098.05,1099.4,1091.2,1093.4,551183
2020-10-09 10:45:00+05:30,1093.4,1093.75,1088.55,1090.5,616841
2020-10-09 11:15:00+05:30,1090.5,1102.6,1090.2,1100.55,992609
2020-10-09 11:45:00+05:30,1100.55,1101.0,1096.1,1098.25,418840
2020-10-09 12:15:00+05:30,1098.25,1104.9,1096.35,1101.0,685427
2020-10-09 12:45:00+05:30,1101.0,1102.9,1097.0,1097.15,417367
2020-10-09 13:15:00+05:30,1097.05,1099.0,1094.7,1096.65,373314
2020-10-09 13:45:00+05:30,1096.9,1106.0,1095.15,1102.35,1043846
2020-10-09 14:15:00+05:30,1102.35,1105.0,1099.05,1104.0,692142
2020-10-09 14:45:00+05:30,1104.0,1108.5,1100.9,1104.6,1395981
2020-10-09 15:15:00+05:30,1104.6,1113.3,1103.65,1112.45,626552
2020-10-12 09:15:00+05:30,1123.0,1130.0,1112.2,1124.65,2546762
2020-10-12 09:45:00+05:30,1125.2,1129.0,1121.05,1126.5,1168351
2020-10-12 10:15:00+05:30,1126.85,1131.8,1123.1,1125.0,1227986
2020-10-12 10:45:00+05:30,1125.0,1128.0,1120.35,1126.7,779060
2020-10-12 11:15:00+05:30,1126.65,1129.75,1124.0,1129.0,555590
2020-10-12 11:45:00+05:30,1129.35,1129.95,1126.0,1127.65,551819
2020-10-12 12:15:00+05:30,1127.9,1128.55,1126.1,1126.75,412348
2020-10-12 12:45:00+05:30,1126.75,1126.9,1118.6,1122.8,997544
2020-10-12 13:15:00+05:30,1122.8,1124.0,1116.55,1123.95,766913
2020-10-12 13:45:00+05:30,1123.5,1126.8,1120.45,1124.15,605187
2020-10-12 14:15:00+05:30,1124.0,1125.5,1117.8,1124.5,1376020
2020-10-12 14:45:00+05:30,1124.3,1133.8,1124.25,1131.05,2225281
2020-10-12 15:15:00+05:30,1131.05,1140.0,1130.65,1139.2,1293806
2020-10-13 09:15:00+05:30,1135.55,1146.55,1135.55,1139.65,2173147
2020-10-13 09:45:00+05:30,1139.5,1143.4,1136.55,1138.35,1226815
2020-10-13 10:15:00+05:30,1138.3,1140.8,1138.1,1140.75,451410
2020-10-13 10:45:00+05:30,1140.75,1145.8,1140.75,1143.8,935659
2020-10-13 11:15:00+05:30,1143.9,1144.8,1141.5,1143.75,528432
2020-10-13 11:45:00+05:30,1143.65,1144.45,1140.3,1141.85,712478
2020-10-13 12:15:00+05:30,1141.6,1147.05,1141.05,1142.95,1264238
2020-10-13 12:45:00+05:30,1142.85,1145.0,1142.0,1143.7,764773
2020-10-13 13:15:00+05:30,1143.7,1152.0,1143.7,1151.7,1669563
2020-10-13 13:45:00+05:30,1151.7,1154.3,1149.8,1152.25,1369921
2020-10-13 14:15:00+05:30,1152.25,1164.9,1150.5,1164.25,2159832
2020-10-13 14:45:00+05:30,1164.5,1166.0,1151.1,1156.55,3041397
2020-10-13 15:15:00+05:30,1156.55,1162.5,1156.05,1160.0,1162598
2020-10-14 09:15:00+05:30,1162.0,1163.8,1147.4,1154.7,3526897
2020-10-14 09:45:00+05:30,1154.75,1155.25,1134.75,1141.6,2479238
2020-10-14 10:15:00+05:30,1141.6,1150.0,1140.45,1148.15,782062
2020-10-14 10:45:00+05:30,1148.0,1148.2,1138.0,1139.25,753726
2020-10-14 11:15:00+05:30,1139.4,1142.85,1135.0,1138.6,733612
2020-10-14 11:45:00+05:30,1138.6,1143.8,1137.75,1142.6,416689
2020-10-14 12:15:00+05:30,1142.7,1146.0,1141.3,1145.5,516874
2020-10-14 12:45:00+05:30,1145.6,1145.7,1137.5,1139.55,413770
2020-10-14 13:15:00+05:30,1139.55,1141.6,1132.45,1138.0,781828
2020-10-14 13:45:00+05:30,1138.05,1143.8,1138.0,1142.95,591928
2020-10-14 14:15:00+05:30,1142.95,1143.8,1138.0,1141.35,752638
2020-10-14 14:45:00+05:30,1141.3,1143.85,1131.15,1133.7,2558859
2020-10-14 15:15:00+05:30,1133.7,1140.5,1133.3,1137.95,2230662
2020-10-15 09:15:00+05:30,1180.0,1185.2,1117.85,1122.9,16923641
2020-10-15 09:45:00+05:30,1123.6,1136.2,1120.8,1126.25,3899647
2020-10-15 10:15:00+05:30,1126.2,1126.25,1103.5,1106.2,4022246
2020-10-15 10:45:00+05:30,1105.45,1112.95,1101.0,1108.5,3023761
2020-10-15 11:15:00+05:30,1108.7,1118.5,1105.15,1106.4,2200958
2020-10-15 11:45:00+05:30,1106.4,1115.6,1105.25,1112.1,1067672
2020-10-15 12:15:00+05:30,1112.05,1114.5,1109.15,1112.75,609188
2020-10-15 12:45:00+05:30,1112.75,1115.85,1108.0,1108.95,1101335
2020-10-15 13:15:00+05:30,1108.45,1111.45,1104.3,1107.75,895324
2020-10-15 13:45:00+05:30,1107.75,1107.8,1093.1,1095.0,2742132
2020-10-15 14:15:00+05:30,1095.2,1105.45,1094.45,1102.1,2015128
2020-10-15 14:45:00+05:30,1102.0,1109.5,1102.0,1105.7,3027313
2020-10-15 15:15:00+05:30,1105.65,1115.0,1105.05,1113.25,2339242
2020-10-16 09:15:00+05:30,1113.85,1135.7,1109.1,1109.1,4428915
2020-10-16 09:45:00+05:30,1108.9,1118.9,1096.95,1116.5,3262582
2020-10-16 10:15:00+05:30,1116.5,1118.6,1111.0,1116.8,1087057
2020-10-16 10:45:00+05:30,1116.85,1129.0,1114.6,1127.0,1481373
2020-10-16 11:15:00+05:30,1126.55,1127.5,1115.0,1117.0,1021999
2020-10-16 11:45:00+05:30,1117.3,1121.9,1115.05,1116.0,830655
2020-10-16 12:15:00+05:30,1116.05,1117.5,1110.0,1115.55,873672
2020-10-16 12:45:00+05:30,1115.55,1116.0,1109.0,1113.35,903525
2020-10-16 13:15:00+05:30,1113.35,1115.9,1112.2,1115.45,435945
2020-10-16 13:45:00+05:30,1115.45,1124.95,1113.8,1122.55,912243
2020-10-16 14:15:00+05:30,1122.55,1124.0,1118.05,1121.9,640521
2020-10-16 14:45:00+05:30,1121.95,1126.95,1121.5,1126.15,1262069
2020-10-16 15:15:00+05:30,1126.0,1131.8,1126.0,1129.5,1182491
2020-10-19 09:15:00+05:30,1135.0,1138.8,1119.5,1122.65,1995950
2020-10-19 09:45:00+05:30,1122.5,1129.05,1120.05,1120.05,1331184
2020-10-19 10:15:00+05:30,1120.0,1124.85,1119.35,1122.55,815730
2020-10-19 10:45:00+05:30,1122.55,1124.9,1115.5,1123.95,1235227
2020-10-19 11:15:00+05:30,1123.95,1131.0,1123.1,1128.85,1078443
2020-10-19 11:45:00+05:30,1128.85,1129.95,1123.0,1124.2,473842
2020-10-19 12:15:00+05:30,1124.5,1127.8,1121.5,1123.4,434701
2020-10-19 12:45:00+05:30,1123.5,1124.5,1121.0,1124.1,542146
2020-10-19 13:15:00+05:30,1123.85,1124.3,1121.8,1123.0,513689
2020-10-19 13:45:00+05:30,1123.0,1126.2,1121.25,1124.15,768980
2020-10-19 14:15:00+05:30,1124.15,1127.2,1122.75,1124.35,979071
2020-10-19 14:45:00+05:30,1124.2,1126.5,1123.3,1126.5,1474936
2020-10-19 15:15:00+05:30,1126.5,1128.75,1124.9,1127.55,1226829
2020-10-20 09:15:00+05:30,1118.9,1141.0,1114.7,1137.0,2391091
2020-10-20 09:45:00+05:30,1137.1,1138.5,1134.3,1136.25,1114563
2020-10-20 10:15:00+05:30,1136.3,1144.65,1136.25,1140.4,1197821
2020-10-20 10:45:00+05:30,1140.4,1143.0,1138.3,1141.4,566699
2020-10-20 11:15:00+05:30,1141.1,1141.45,1135.0,1138.85,569525
2020-10-20 11:45:00+05:30,1138.75,1141.5,1137.55,1140.05,348018
2020-10-20 12:15:00+05:30,1140.05,1142.5,1136.8,1141.45,495020
2020-10-20 12:45:00+05:30,1141.45,1141.5,1136.05,1137.15,577082
2020-10-20 13:15:00+05:30,1137.6,1138.35,1133.5,1135.2,697933
2020-10-20 13:45:00+05:30,1135.25,1136.1,1133.45,1135.4,544428
2020-10-20 14:15:00+05:30,1135.65,1139.5,1135.3,1139.25,487380
2020-10-20 14:45:00+05:30,1139.3,1139.5,1136.0,1138.05,761635
2020-10-20 15:15:00+05:30,1138.05,1139.3,1135.15,1135.9,675424
2020-10-21 09:15:00+05:30,1141.15,1152.95,1139.0,1152.55,2773321
2020-10-21 09:45:00+05:30,1152.55,1154.2,1147.0,1151.15,1895453
2020-10-21 10:15:00+05:30,1151.4,1152.5,1149.0,1149.35,1056681
2020-10-21 10:45:00+05:30,1149.45,1150.45,1146.0,1148.35,1340240
2020-10-21 11:15:00+05:30,1148.1,1149.2,1146.0,1147.85,975652
2020-10-21 11:45:00+05:30,1147.8,1150.4,1147.25,1149.6,633996
2020-10-21 12:15:00+05:30,1149.6,1150.9,1148.1,1149.85,808989
2020-10-21 12:45:00+05:30,1149.85,1150.6,1148.6,1150.15,641489
2020-10-21 13:15:00+05:30,1150.05,1150.7,1141.25,1145.2,2340721
2020-10-21 13:45:00+05:30,1145.3,1148.7,1144.1,1145.4,1398531
2020-10-21 14:15:00+05:30,1145.4,1146.0,1135.15,1142.1,1695159
2020-10-21 14:45:00+05:30,1142.1,1150.0,1142.0,1149.55,2757925
2020-10-21 15:15:00+05:30,1149.55,1150.45,1145.1,1146.75,1477389
2020-10-22 09:15:00+05:30,1142.0,1156.7,1138.6,1156.1,1714793
2020-10-22 09:45:00+05:30,1155.75,1158.0,1150.5,1151.7,1043700
2020-10-22 10:15:00+05:30,1151.8,1151.8,1145.35,1146.3,747725
2020-10-22 10:45:00+05:30,1146.35,1148.15,1140.0,1140.5,739453
2020-10-22 11:15:00+05:30,1140.1,1142.0,1136.0,1140.5,697582
2020-10-22 11:45:00+05:30,1140.45,1141.9,1138.6,1140.4,380235
2020-10-22 12:15:00+05:30,1140.4,1140.5,1133.95,1134.55,564284
2020-10-22 12:45:00+05:30,1134.5,1141.0,1134.3,1138.5,783949
2020-10-22 13:15:00+05:30,1138.5,1139.05,1132.05,1132.7,587919
2020-10-22 13:45:00+05:30,1132.15,1138.8,1130.45,1132.05,730657
2020-10-22 14:15:00+05:30,1132.05,1132.05,1123.95,1124.7,1052736
2020-10-22 14:45:00+05:30,1124.7,1130.95,1124.0,1128.25,1241641
2020-10-22 15:15:00+05:30,1128.25,1135.35,1127.45,1135.35,931690
2020-10-23 09:15:00+05:30,1133.0,1133.0,1120.15,1125.3,1955294
2020-10-23 09:45:00+05:30,1125.5,1126.25,1122.3,1124.8,599864
2020-10-23 10:15:00+05:30,1124.75,1125.0,1122.5,1123.95,611718
2020-10-23 10:45:00+05:30,1123.95,1127.25,1123.6,1126.2,540212
2020-10-23 11:15:00+05:30,1126.2,1130.4,1125.6,1127.0,626561
2020-10-23 11:45:00+05:30,1127.0,1128.25,1124.35,1126.9,486365
2020-10-23 12:15:00+05:30,1126.9,1128.85,1125.0,1127.4,417559
2020-10-23 12:45:00+05:30,1127.4,1130.65,1125.5,1126.8,553766
2020-10-23 13:15:00+05:30,1126.7,1128.8,1126.0,1127.0,376530
2020-10-23 13:45:00+05:30,1126.85,1128.0,1123.1,1123.5,491496
2020-10-23 14:15:00+05:30,1123.9,1125.95,1123.0,1125.85,592642
2020-10-23 14:45:00+05:30,1125.85,1125.95,1121.45,1122.35,965298
2020-10-23 15:15:00+05:30,1122.35,1123.5,1120.25,1122.4,823521
2020-10-26 09:15:00+05:30,1122.25,1129.6,1116.0,1126.3,971520
2020-10-26 09:45:00+05:30,1126.0,1127.9,1118.9,1120.2,450097
2020-10-26 10:15:00+05:30,1120.15,1124.0,1119.0,1121.45,296868
2020-10-26 10:45:00+05:30,1121.45,1122.75,1118.55,1119.15,249713
2020-10-26 11:15:00+05:30,1119.15,1120.0,1115.3,1117.0,435851
2020-10-26 11:45:00+05:30,1117.0,1118.0,1115.05,1116.95,363192
2020-10-26 12:15:00+05:30,1117.0,1118.0,1115.25,1116.2,390139
2020-10-26 12:45:00+05:30,1116.2,1116.5,1113.15,1114.75,374340
2020-10-26 13:15:00+05:30,1114.75,1118.85,1114.0,1116.25,357213
2020-10-26 13:45:00+05:30,1116.2,1117.1,1108.15,1108.2,637007
2020-10-26 14:15:00+05:30,1107.7,1109.8,1103.2,1106.45,642690
2020-10-26 14:45:00+05:30,1106.45,1112.5,1105.55,1112.0,674798
2020-10-26 15:15:00+05:30,1111.95,1115.0,1111.85,1114.2,449295
2020-10-27 09:15:00+05:30,1105.7,1109.7,1094.3,1100.6,1149630
2020-10-27 09:45:00+05:30,1100.45,1101.0,1086.85,1087.0,1040093
2020-10-27 10:15:00+05:30,1087.0,1090.4,1084.6,1089.15,747210
2020-10-27 10:45:00+05:30,1089.0,1091.25,1081.8,1081.9,731289
2020-10-27 11:15:00+05:30,1081.95,1088.45,1080.95,1087.95,557421
2020-10-27 11:45:00+05:30,1087.95,1088.8,1085.0,1086.85,450316
2020-10-27 12:15:00+05:30,1086.85,1087.2,1077.55,1084.6,769056
2020-10-27 12:45:00+05:30,1084.65,1086.6,1081.6,1085.85,505880
2020-10-27 13:15:00+05:30,1085.9,1090.0,1083.05,1087.95,686469
2020-10-27 13:45:00+05:30,1088.0,1091.6,1085.7,1089.45,881893
2020-10-27 14:15:00+05:30,1089.45,1091.3,1085.3,1086.75,762190
2020-10-27 14:45:00+05:30,1086.8,1090.0,1085.55,1088.0,1005428
2020-10-27 15:15:00+05:30,1088.05,1095.25,1088.0,1094.5,865931
2020-10-28 09:15:00+05:30,1095.5,1103.05,1093.0,1097.05,1213186
2020-10-28 09:45:00+05:30,1097.05,1103.05,1093.95,1102.3,443726
2020-10-28 10:15:00+05:30,1102.5,1104.65,1094.85,1099.75,572470
2020-10-28 10:45:00+05:30,1099.75,1101.3,1086.35,1087.15,651454
2020-10-28 11:15:00+05:30,1087.15,1089.6,1085.5,1087.05,362012
2020-10-28 11:45:00+05:30,1087.05,1089.65,1085.25,1085.25,274812
2020-10-28 12:15:00+05:30,1085.25,1087.05,1080.0,1081.05,504845
2020-10-28 12:45:00+05:30,1081.05,1082.75,1073.0,1076.65,664682
2020-10-28 13:15:00+05:30,1076.65,1079.95,1075.1,1075.95,397562
2020-10-28 13:45:00+05:30,1075.95,1076.4,1070.05,1075.15,592157
2020-10-28 14:15:00+05:30,1075.3,1078.95,1072.65,1078.4,549962
2020-10-28 14:45:00+05:30,1078.65,1079.95,1075.0,1076.8,748756
2020-10-28 15:15:00+05:30,1076.85,1078.0,1075.45,1077.85,595654
2020-10-29 09:15:00+05:30,1070.0,1076.15,1062.0,1070.0,1085476
2020-10-29 09:45:00+05:30,1069.9,1082.0,1069.5,1072.1,938050
2020-10-29 10:15:00+05:30,1072.4,1073.4,1065.0,1068.75,590434
2020-10-29 10:45:00+05:30,1068.35,1070.85,1068.3,1069.3,355833
2020-10-29 11:15:00+05:30,1069.3,1069.55,1065.5,1068.2,451270
2020-10-29 11:45:00+05:30,1068.2,1073.0,1066.4,1070.4,421713
2020-10-29 12:15:00+05:30,1070.3,1071.4,1066.75,1067.7,260372
2020-10-29 12:45:00+05:30,1068.05,1074.5,1066.5,1071.0,379353
2020-10-29 13:15:00+05:30,1071.0,1075.3,1068.6,1072.15,330402
2020-10-29 13:45:00+05:30,1072.1,1076.75,1071.0,1071.6,463487
2020-10-29 14:15:00+05:30,1071.55,1072.15,1067.25,1069.8,494434
2020-10-29 14:45:00+05:30,1070.15,1077.0,1069.0,1075.8,680452
2020-10-29 15:15:00+05:30,1075.75,1076.95,1072.15,1073.0,452059
2020-10-30 09:15:00+05:30,1072.0,1083.0,1065.2,1081.15,1421606
2020-10-30 09:45:00+05:30,1081.15,1083.5,1071.1,1075.25,979642
2020-10-30 10:15:00+05:30,1075.25,1077.9,1070.25,1070.6,443663
2020-10-30 10:45:00+05:30,1071.05,1071.2,1062.25,1064.1,538704
2020-10-30 11:15:00+05:30,1064.1,1065.9,1056.15,1056.75,508316
2020-10-30 11:45:00+05:30,1056.2,1063.0,1056.0,1062.0,280821
2020-10-30 12:15:00+05:30,1061.95,1062.4,1053.75,1054.9,868178
2020-10-30 12:45:00+05:30,1054.85,1056.9,1052.35,1055.55,297137
2020-10-30 13:15:00+05:30,1055.5,1060.5,1053.75,1059.15,287133
2020-10-30 13:45:00+05:30,1058.8,1062.45,1055.5,1059.55,344387
2020-10-30 14:15:00+05:30,1059.55,1062.9,1058.3,1059.7,345953
2020-10-30 14:45:00+05:30,1059.7,1062.8,1057.25,1061.8,1300010
2020-10-30 15:15:00+05:30,1061.8,1063.6,1059.0,1060.4,1143696
2020-11-02 09:15:00+05:30,1065.0,1069.55,1052.1,1053.45,1144684
2020-11-02 09:45:00+05:30,1053.45,1058.75,1051.1,1054.65,458494
2020-11-02 10:15:00+05:30,1054.65,1064.0,1054.6,1063.8,366238
2020-11-02 10:45:00+05:30,1063.9,1065.1,1058.15,1061.3,425172
2020-11-02 11:15:00+05:30,1061.3,1064.9,1061.0,1064.05,266803
2020-11-02 11:45:00+05:30,1064.05,1064.9,1060.1,1060.15,158058
2020-11-02 12:15:00+05:30,1060.05,1067.95,1060.0,1065.75,423382
2020-11-02 12:45:00+05:30,1065.85,1068.9,1065.5,1067.3,353903
2020-11-02 13:15:00+05:30,1066.95,1068.45,1064.0,1067.95,455637
2020-11-02 13:45:00+05:30,1067.7,1074.95,1067.1,1073.65,892928
2020-11-02 14:15:00+05:30,1073.6,1079.95,1072.1,1072.95,734821
2020-11-02 14:45:00+05:30,1072.6,1075.1,1071.0,1073.75,827867
2020-11-02 15:15:00+05:30,1073.6,1073.7,1068.55,1068.7,658270
2020-11-03 09:15:00+05:30,1072.0,1072.4,1060.7,1062.85,904000
2020-11-03 09:45:00+05:30,1062.7,1070.0,1062.5,1068.15,622148
2020-11-03 10:15:00+05:30,1068.0,1073.7,1066.1,1073.5,425587
2020-11-03 10:45:00+05:30,1073.1,1079.4,1067.7,1071.6,887681
2020-11-03 11:15:00+05:30,1071.7,1072.15,1065.0,1067.0,432110
2020-11-03 11:45:00+05:30,1066.8,1069.9,1065.0,1069.8,333145
2020-11-03 12:15:00+05:30,1069.5,1070.0,1062.7,1063.45,489311
2020-11-03 12:45:00+05:30,1063.45,1065.7,1061.55,1064.0,447862
2020-11-03 13:15:00+05:30,1063.95,1067.85,1063.0,1065.25,394956
2020-11-03 13:45:00+05:30,1065.05,1066.0,1060.0,1061.25,517129
2020-11-03 14:15:00+05:30,1061.15,1062.95,1057.5,1059.9,518585
2020-11-03 14:45:00+05:30,1059.9,1064.9,1057.75,1064.85,661163
2020-11-03 15:15:00+05:30,1064.65,1065.45,1061.0,1062.0,542823
2020-11-04 09:15:00+05:30,1068.0,1116.0,1067.1,1097.0,4917431
2020-11-04 09:45:00+05:30,1096.65,1110.65,1096.3,1099.1,2013133
2020-11-04 10:15:00+05:30,1099.45,1100.75,1092.25,1095.1,1005861
2020-11-04 10:45:00+05:30,1095.0,1096.0,1086.15,1086.6,1073927
2020-11-04 11:15:00+05:30,1086.9,1093.0,1083.5,1088.7,839908
2020-11-04 11:45:00+05:30,1088.55,1101.25,1085.25,1096.75,1089817
2020-11-04 12:15:00+05:30,1097.0,1098.9,1092.5,1095.6,542357
2020-11-04 12:45:00+05:30,1095.6,1099.5,1087.75,1091.45,796606
2020-11-04 13:15:00+05:30,1091.1,1094.0,1082.45,1088.0,933477
2020-11-04 13:45:00+05:30,1088.0,1094.6,1087.45,1091.3,470352
2020-11-04 14:15:00+05:30,1091.3,1094.95,1090.15,1091.1,450112
2020-11-04 14:45:00+05:30,1090.6,1095.65,1090.0,1092.4,778898
2020-11-04 15:15:00+05:30,1092.35,1097.8,1092.2,1095.0,771117
2020-11-05 09:15:00+05:30,1109.9,1118.65,1106.0,1116.0,1685595
2020-11-05 09:45:00+05:30,1116.05,1117.0,1113.1,1115.3,422948
2020-11-05 10:15:00+05:30,1115.3,1123.0,1115.0,1116.65,723357
2020-11-05 10:45:00+05:30,1116.65,1118.45,1115.0,1115.45,440097
2020-11-05 11:15:00+05:30,1115.45,1115.85,1110.05,1110.45,543454
2020-11-05 11:45:00+05:30,1110.1,1112.0,1107.0,1110.0,418069
2020-11-05 12:15:00+05:30,1110.0,1110.5,1103.1,1107.6,516240
2020-11-05 12:45:00+05:30,1107.5,1110.55,1106.0,1107.0,404758
2020-11-05 13:15:00+05:30,1107.0,1108.25,1100.0,1100.9,615572
2020-11-05 13:45:00+05:30,1100.65,1102.95,1099.0,1100.0,850461
2020-11-05 14:15:00+05:30,1100.05,1104.5,1099.65,1101.65,659440
2020-11-05 14:45:00+05:30,1101.55,1106.65,1100.6,1103.7,1319147
2020-11-05 15:15:00+05:30,1103.7,1105.0,1102.15,1104.95,933581
2020-11-06 09:15:00+05:30,1108.0,1112.9,1091.95,1097.15,1443745
2020-11-06 09:45:00+05:30,1097.2,1106.55,1096.3,1104.15,778540
2020-11-06 10:15:00+05:30,1104.05,1104.8,1100.15,1102.9,374275
2020-11-06 10:45:00+05:30,1102.9,1104.0,1096.0,1098.4,711214
2020-11-06 11:15:00+05:30,1099.05,1099.95,1096.25,1096.3,437458
2020-11-06 11:45:00+05:30,1096.3,1097.5,1093.0,1094.3,621027
2020-11-06 12:15:00+05:30,1094.3,1100.9,1093.0,1099.3,486260
2020-11-06 12:45:00+05:30,1099.25,1101.0,1097.45,1099.95,484472
2020-11-06 13:15:00+05:30,1099.9,1100.5,1096.1,1098.3,407677
2020-11-06 13:45:00+05:30,1098.25,1103.5,1097.7,1102.0,505288
2020-11-06 14:15:00+05:30,1101.9,1101.9,1098.0,1100.3,539808
2020-11-06 14:45:00+05:30,1100.35,1112.55,1099.7,1112.0,1098034
2020-11-06 15:15:00+05:30,1112.0,1121.05,1111.15,1119.0,904238
2020-11-09 09:15:00+05:30,1129.3,1146.0,1121.3,1135.15,2859233
2020-11-09 09:45:00+05:30,1135.35,1138.5,1128.0,1137.4,1004102
2020-11-09 10:15:00+05:30,1137.3,1139.85,1130.8,1133.15,598393
2020-11-09 10:45:00+05:30,1133.05,1134.0,1126.55,1129.0,821120
2020-11-09 11:15:00+05:30,1128.75,1133.0,1126.3,1129.35,473942
2020-11-09 11:45:00+05:30,1129.35,1130.8,1126.6,1127.1,343612
2020-11-09 12:15:00+05:30,1127.1,1129.0,1125.15,1127.2,373335
2020-11-09 12:45:00+05:30,1127.0,1128.5,1124.5,1128.4,415040
2020-11-09 13:15:00+05:30,1128.4,1133.0,1127.35,1132.95,516642
2020-11-09 13:45:00+05:30,1132.95,1133.2,1128.5,1132.7,451964
2020-11-09 14:15:00+05:30,1132.7,1136.0,1130.15,1134.7,515727
2020-11-09 14:45:00+05:30,1134.45,1138.5,1130.5,1137.8,976567
2020-11-09 15:15:00+05:30,1137.55,1139.25,1134.5,1135.1,742098
2020-11-10 09:15:00+05:30,1113.85,1113.85,1087.15,1100.8,3191017
2020-11-10 09:45:00+05:30,1100.85,1109.7,1098.55,1103.25,1218553
2020-11-10 10:15:00+05:30,1102.5,1103.85,1097.6,1097.9,975799
2020-11-10 10:45:00+05:30,1098.0,1101.0,1094.2,1094.75,1083314
2020-11-10 11:15:00+05:30,1094.75,1096.2,1091.1,1092.4,1044338
2020-11-10 11:45:00+05:30,1092.4,1092.9,1088.85,1090.0,829408
2020-11-10 12:15:00+05:30,1090.05,1090.9,1085.35,1086.5,960532
2020-11-10 12:45:00+05:30,1086.35,1088.7,1080.0,1081.65,1033552
2020-11-10 13:15:00+05:30,1081.65,1090.45,1078.0,1087.55,972382
2020-11-10 13:45:00+05:30,1087.5,1088.15,1083.0,1085.0,723718
2020-11-10 14:15:00+05:30,1085.0,1093.45,1084.85,1092.3,1030763
2020-11-10 14:45:00+05:30,1092.25,1095.85,1090.0,1090.85,1358548
2020-11-10 15:15:00+05:30,1090.85,1094.9,1088.8,1093.6,1138103
2020-11-11 09:15:00+05:30,1096.0,1104.6,1087.05,1101.25,2242982
2020-11-11 09:45:00+05:30,1101.25,1106.45,1097.25,1100.05,905392
2020-11-11 10:15:00+05:30,1100.05,1102.5,1096.35,1101.5,717433
2020-11-11 10:45:00+05:30,1101.45,1111.9,1101.05,1103.25,1169130
2020-11-11 11:15:00+05:30,1103.2,1105.5,1099.65,1102.6,762115
2020-11-11 11:45:00+05:30,1102.6,1108.7,1098.5,1108.45,638113
2020-11-11 12:15:00+05:30,1108.7,1110.0,1102.0,1104.8,510782
2020-11-11 12:45:00+05:30,1104.95,1109.35,1103.0,1107.9,505837
2020-11-11 13:15:00+05:30,1107.9,1117.0,1104.85,1115.5,1045170
2020-11-11 13:45:00+05:30,1115.45,1117.95,1111.1,1116.55,886174
2020-11-11 14:15:00+05:30,1116.55,1124.7,1116.5,1120.25,1094600
2020-11-11 14:45:00+05:30,1120.25,1124.5,1118.35,1121.95,1208116
2020-11-11 15:15:00+05:30,1121.95,1126.25,1121.0,1124.0,805375
2020-11-12 09:15:00+05:30,1128.1,1142.0,1126.5,1133.25,2052561
2020-11-12 09:45:00+05:30,1133.25,1137.0,1129.4,1130.55,715215
2020-11-12 10:15:00+05:30,1130.6,1131.0,1119.6,1122.5,986558
2020-11-12 10:45:00+05:30,1122.85,1122.85,1118.3,1120.05,582754
2020-11-12 11:15:00+05:30,1120.05,1121.5,1113.75,1117.5,878097
2020-11-12 11:45:00+05:30,1117.95,1120.75,1115.45,1119.8,364650
2020-11-12 12:15:00+05:30,1120.0,1120.1,1116.5,1118.85,284390
2020-11-12 12:45:00+05:30,1118.85,1119.65,1117.0,1118.75,209711
2020-11-12 13:15:00+05:30,1118.55,1118.55,1115.15,1117.9,311938
2020-11-12 13:45:00+05:30,1117.75,1120.9,1117.55,1119.05,418597
2020-11-12 14:15:00+05:30,1119.1,1120.5,1118.0,1119.85,308848
2020-11-12 14:45:00+05:30,1119.95,1120.5,1116.05,1116.6,959466
2020-11-12 15:15:00+05:30,1116.6,1120.3,1116.1,1119.6,1064917
2020-11-13 09:15:00+05:30,1120.0,1133.0,1117.05,1120.7,1234757
2020-11-13 09:45:00+05:30,1120.75,1124.25,1119.45,1124.0,477511
2020-11-13 10:15:00+05:30,1124.0,1125.75,1121.5,1121.7,447602
2020-11-13 10:45:00+05:30,1121.7,1127.5,1121.6,1124.95,474697
2020-11-13 11:15:00+05:30,1125.0,1126.5,1123.55,1125.05,247909
2020-11-13 11:45:00+05:30,1125.05,1128.5,1125.0,1127.25,433885
2020-11-13 12:15:00+05:30,1127.25,1127.95,1124.0,1124.4,345353
2020-11-13 12:45:00+05:30,1124.3,1125.05,1122.2,1125.05,422039
2020-11-13 13:15:00+05:30,1125.05,1125.05,1121.55,1122.25,309834
2020-11-13 13:45:00+05:30,1122.25,1124.0,1120.45,1122.0,304389
2020-11-13 14:15:00+05:30,1121.95,1122.0,1120.0,1120.55,239745
2020-11-13 14:45:00+05:30,1120.55,1127.15,1120.5,1124.0,840057
2020-11-13 15:15:00+05:30,1124.05,1124.15,1122.5,1123.45,570629
2020-11-14 18:15:00+05:30,1134.95,1139.55,1131.1,1132.0,703299
2020-11-14 18:45:00+05:30,1132.0,1135.0,1131.5,1134.5,390606
2020-11-17 09:15:00+05:30,1144.75,1144.75,1120.0,1121.05,2021073
2020-11-17 09:45:00+05:30,1121.45,1131.5,1120.0,1130.75,844681
2020-11-17 10:15:00+05:30,1130.8,1130.8,1121.1,1122.55,679749
2020-11-17 10:45:00+05:30,1122.2,1123.5,1118.7,1120.1,676990
2020-11-17 11:15:00+05:30,1120.15,1120.5,1118.85,1119.7,441724
2020-11-17 11:45:00+05:30,1119.7,1120.65,1117.05,1119.5,465164
2020-11-17 12:15:00+05:30,1119.6,1122.0,1116.75,1121.0,569000
2020-11-17 12:45:00+05:30,1121.5,1123.0,1117.85,1118.85,606401
2020-11-17 13:15:00+05:30,1118.85,1121.8,1117.6,1120.65,521755
2020-11-17 13:45:00+05:30,1120.65,1120.65,1114.35,1114.9,896339
2020-11-17 14:15:00+05:30,1114.75,1117.5,1112.95,1116.45,1049526
2020-11-17 14:45:00+05:30,1116.5,1125.0,1116.45,1124.5,2462402
2020-11-17 15:15:00+05:30,1124.45,1126.95,1123.45,1125.25,1501635
2020-11-18 09:15:00+05:30,1128.5,1132.65,1114.0,1114.65,1507300
2020-11-18 09:45:00+05:30,1114.6,1121.0,1112.0,1117.35,649708
2020-11-18 10:15:00+05:30,1117.25,1119.5,1113.0,1114.9,399633
2020-11-18 10:45:00+05:30,1114.95,1116.65,1110.25,1112.35,820896
2020-11-18 11:15:00+05:30,1112.3,1113.7,1107.0,1108.1,548479
2020-11-18 11:45:00+05:30,1108.1,1108.95,1104.05,1105.35,470098
2020-11-18 12:15:00+05:30,1105.3,1105.9,1101.45,1104.45,606135
2020-11-18 12:45:00+05:30,1104.0,1106.2,1102.35,1104.15,457109
2020-11-18 13:15:00+05:30,1104.05,1105.5,1102.5,1103.55,369737
2020-11-18 13:45:00+05:30,1103.6,1108.9,1103.0,1104.9,688916
2020-11-18 14:15:00+05:30,1104.9,1107.8,1103.5,1105.25,650862
2020-11-18 14:45:00+05:30,1105.25,1112.0,1104.9,1111.25,1562681
2020-11-18 15:15:00+05:30,1111.55,1111.85,1109.7,1111.25,1093262
2020-11-19 09:15:00+05:30,1100.0,1108.65,1098.1,1101.0,1925569
2020-11-19 09:45:00+05:30,1101.0,1108.95,1100.5,1105.5,622262
2020-11-19 10:15:00+05:30,1105.5,1107.75,1104.55,1106.0,357488
2020-11-19 10:45:00+05:30,1106.0,1113.8,1104.0,1113.15,630107
2020-11-19 11:15:00+05:30,1113.3,1114.65,1107.55,1111.1,552653
2020-11-19 11:45:00+05:30,1111.15,1112.7,1109.0,1109.0,311132
2020-11-19 12:15:00+05:30,1109.05,1109.05,1105.15,1106.0,453160
2020-11-19 12:45:00+05:30,1105.6,1107.4,1104.5,1104.8,461013
2020-11-19 13:15:00+05:30,1104.8,1105.0,1101.1,1102.85,612097
2020-11-19 13:45:00+05:30,1102.85,1103.0,1099.5,1099.75,635546
2020-11-19 14:15:00+05:30,1100.0,1100.0,1093.8,1097.2,866762
2020-11-19 14:45:00+05:30,1097.2,1100.95,1095.25,1096.4,1603410
2020-11-19 15:15:00+05:30,1096.3,1098.0,1094.7,1097.0,1029865
2020-11-20 09:15:00+05:30,1106.0,1106.0,1091.55,1097.15,1753470
2020-11-20 09:45:00+05:30,1097.3,1107.0,1097.3,1104.8,609742
2020-11-20 10:15:00+05:30,1104.4,1109.0,1099.5,1101.3,712172
2020-11-20 10:45:00+05:30,1101.7,1104.0,1097.95,1099.95,468375
2020-11-20 11:15:00+05:30,1099.95,1101.9,1098.05,1098.8,353054
2020-11-20 11:45:00+05:30,1098.85,1106.0,1097.6,1102.15,556596
2020-11-20 12:15:00+05:30,1102.4,1106.0,1100.65,1101.8,469422
2020-11-20 12:45:00+05:30,1101.8,1104.5,1098.3,1098.5,290574
2020-11-20 13:15:00+05:30,1098.5,1100.8,1097.5,1099.85,200194
2020-11-20 13:45:00+05:30,1099.85,1105.5,1099.15,1104.55,434860
2020-11-20 14:15:00+05:30,1104.55,1105.9,1100.3,1103.3,525527
2020-11-20 14:45:00+05:30,1103.15,1107.75,1101.9,1103.3,1105756
2020-11-20 15:15:00+05:30,1103.55,1104.95,1101.6,1104.45,556464
2020-11-23 09:15:00+05:30,1105.0,1115.8,1101.95,1107.4,875437
2020-11-23 09:45:00+05:30,1107.4,1112.6,1107.3,1109.45,444331
2020-11-23 10:15:00+05:30,1109.45,1119.9,1109.35,1119.2,668571
2020-11-23 10:45:00+05:30,1119.9,1125.0,1117.0,1124.25,1128816
2020-11-23 11:15:00+05:30,1124.0,1127.0,1121.1,1122.35,906093
2020-11-23 11:45:00+05:30,1122.25,1125.5,1122.25,1124.95,390705
2020-11-23 12:15:00+05:30,1125.0,1134.5,1124.95,1134.0,1070469
2020-11-23 12:45:00+05:30,1133.95,1136.5,1128.2,1134.0,925837
2020-11-23 13:15:00+05:30,1134.0,1136.0,1132.45,1133.4,567357
2020-11-23 13:45:00+05:30,1133.3,1135.0,1131.6,1134.65,396194
2020-11-23 14:15:00+05:30,1134.6,1144.5,1134.6,1143.0,1297687
2020-11-23 14:45:00+05:30,1142.5,1143.4,1137.05,1140.8,1145970
2020-11-23 15:15:00+05:30,1140.7,1142.0,1138.0,1138.5,707391
2020-11-24 09:15:00+05:30,1145.0,1154.65,1133.45,1152.7,1808736
2020-11-24 09:45:00+05:30,1152.7,1154.9,1146.8,1148.5,827231
2020-11-24 10:15:00+05:30,1148.65,1152.0,1143.35,1143.7,655392
2020-11-24 10:45:00+05:30,1143.5,1145.45,1134.3,1135.5,705295
2020-11-24 11:15:00+05:30,1135.6,1144.9,1135.5,1141.75,526334
2020-11-24 11:45:00+05:30,1142.0,1142.85,1137.65,1138.5,347625
2020-11-24 12:15:00+05:30,1138.5,1142.0,1138.0,1138.65,365510
2020-11-24 12:45:00+05:30,1138.8,1140.8,1138.05,1140.1,399182
2020-11-24 13:15:00+05:30,1140.0,1142.0,1138.65,1139.25,432124
2020-11-24 13:45:00+05:30,1139.05,1141.45,1135.75,1140.2,465218
2020-11-24 14:15:00+05:30,1140.15,1141.4,1137.0,1138.9,376840
2020-11-24 14:45:00+05:30,1139.0,1139.0,1134.15,1138.95,816992
2020-11-24 15:15:00+05:30,1138.95,1145.0,1138.95,1139.1,764200
2020-11-25 09:15:00+05:30,1137.0,1143.35,1130.3,1132.4,1509231
2020-11-25 09:45:00+05:30,1132.45,1132.45,1122.6,1123.05,685743
2020-11-25 10:15:00+05:30,1123.05,1127.55,1121.1,1125.65,757828
2020-11-25 10:45:00+05:30,1125.35,1127.1,1123.0,1126.15,661247
2020-11-25 11:15:00+05:30,1126.15,1128.0,1121.9,1123.05,474263
2020-11-25 11:45:00+05:30,1123.05,1131.0,1123.05,1126.15,567599
2020-11-25 12:15:00+05:30,1126.15,1127.0,1123.05,1125.85,341239
2020-11-25 12:45:00+05:30,1125.85,1127.45,1123.55,1126.85,338565
2020-11-25 13:15:00+05:30,1126.85,1127.3,1124.1,1125.05,479910
2020-11-25 13:45:00+05:30,1125.3,1126.8,1111.25,1113.85,1018663
2020-11-25 14:15:00+05:30,1114.0,1119.85,1112.2,1118.35,777343
2020-11-25 14:45:00+05:30,1118.4,1118.45,1113.6,1115.85,654313
2020-11-25 15:15:00+05:30,1116.0,1118.8,1113.25,1118.8,666789
2020-11-26 09:15:00+05:30,1119.95,1119.95,1104.4,1106.7,1195330
2020-11-26 09:45:00+05:30,1106.6,1111.9,1103.65,1103.7,943442
2020-11-26 10:15:00+05:30,1103.7,1103.8,1098.45,1101.95,1109948
2020-11-26 10:45:00+05:30,1101.75,1103.4,1099.0,1101.05,1038994
2020-11-26 11:15:00+05:30,1101.1,1104.7,1099.5,1102.9,1397854
2020-11-26 11:45:00+05:30,1103.0,1103.0,1099.0,1099.85,516475
2020-11-26 12:15:00+05:30,1099.8,1107.6,1099.0,1105.0,752279
2020-11-26 12:45:00+05:30,1104.95,1109.0,1103.2,1106.8,670677
2020-11-26 13:15:00+05:30,1106.95,1109.85,1105.0,1108.0,430052
2020-11-26 13:45:00+05:30,1108.0,1109.5,1104.2,1109.2,439885
2020-11-26 14:15:00+05:30,1109.2,1110.7,1105.15,1106.95,500054
2020-11-26 14:45:00+05:30,1106.95,1114.5,1105.05,1114.15,1141214
2020-11-26 15:15:00+05:30,1113.8,1118.0,1111.35,1118.0,810041
2020-11-27 09:15:00+05:30,1118.0,1120.95,1107.0,1114.05,930443
2020-11-27 09:45:00+05:30,1114.05,1114.1,1107.0,1108.65,731667
2020-11-27 10:15:00+05:30,1108.65,1111.8,1107.15,1108.7,367416
2020-11-27 10:45:00+05:30,1108.6,1111.9,1107.2,1107.95,506520
2020-11-27 11:15:00+05:30,1107.95,1110.65,1106.4,1109.8,519951
2020-11-27 11:45:00+05:30,1109.8,1115.5,1109.15,1112.65,751826
2020-11-27 12:15:00+05:30,1112.7,1118.55,1112.6,1117.25,882934
2020-11-27 12:45:00+05:30,1117.15,1118.0,1108.8,1110.0,873032
2020-11-27 13:15:00+05:30,1110.0,1115.2,1108.6,1113.05,748376
2020-11-27 13:45:00+05:30,1113.5,1115.65,1107.3,1109.9,790551
2020-11-27 14:15:00+05:30,1109.9,1109.95,1103.0,1103.0,1347044
2020-11-27 14:45:00+05:30,1103.35,1106.9,1091.6,1097.5,9235719
2020-11-27 15:15:00+05:30,1097.55,1118.95,1097.4,1112.35,7604086
2020-12-01 09:15:00+05:30,1105.05,1126.6,1105.05,1124.45,2063266
2020-12-01 09:45:00+05:30,1124.35,1132.0,1122.45,1131.7,1032284
2020-12-01 10:15:00+05:30,1131.7,1131.95,1125.45,1127.9,579745
2020-12-01 10:45:00+05:30,1127.85,1130.5,1127.75,1129.65,310576
2020-12-01 11:15:00+05:30,1129.7,1130.5,1128.15,1129.0,237565
2020-12-01 11:45:00+05:30,1128.9,1130.85,1126.7,1130.05,384126
2020-12-01 12:15:00+05:30,1130.05,1130.85,1128.5,1130.05,349617
2020-12-01 12:45:00+05:30,1130.05,1133.15,1127.8,1130.3,467093
2020-12-01 13:15:00+05:30,1130.25,1132.5,1129.4,1130.85,279921
2020-12-01 13:45:00+05:30,1130.8,1133.0,1130.25,1132.6,272827
2020-12-01 14:15:00+05:30,1132.6,1134.65,1132.15,1132.5,353262
2020-12-01 14:45:00+05:30,1132.5,1139.6,1131.6,1139.15,1422922
2020-12-01 15:15:00+05:30,1139.05,1140.0,1135.2,1137.0,1070833
2020-12-02 09:15:00+05:30,1134.0,1135.5,1125.6,1127.5,1019979
2020-12-02 09:45:00+05:30,1127.55,1127.8,1121.0,1124.5,461856
2020-12-02 10:15:00+05:30,1124.5,1130.65,1123.0,1128.75,405118
2020-12-02 10:45:00+05:30,1128.75,1129.75,1125.05,1126.05,238275
2020-12-02 11:15:00+05:30,1126.05,1127.0,1121.4,1123.05,327281
2020-12-02 11:45:00+05:30,1123.0,1125.7,1122.0,1124.95,228793
2020-12-02 12:15:00+05:30,1124.95,1127.5,1124.1,1127.1,367362
2020-12-02 12:45:00+05:30,1127.05,1131.0,1124.5,1125.0,485629
2020-12-02 13:15:00+05:30,1125.0,1128.9,1121.5,1122.4,336374
2020-12-02 13:45:00+05:30,1122.95,1125.3,1121.15,1124.5,271458
2020-12-02 14:15:00+05:30,1124.25,1127.9,1123.2,1127.5,465873
2020-12-02 14:45:00+05:30,1127.6,1147.2,1127.0,1143.55,1499007
2020-12-02 15:15:00+05:30,1143.05,1143.85,1141.05,1142.0,607929
2020-12-03 09:15:00+05:30,1147.0,1147.0,1130.05,1132.7,1831613
2020-12-03 09:45:00+05:30,1132.4,1134.55,1126.35,1128.25,1442748
2020-12-03 10:15:00+05:30,1128.0,1132.95,1127.6,1130.55,878391
2020-12-03 10:45:00+05:30,1130.6,1133.0,1125.6,1127.7,1349701
2020-12-03 11:15:00+05:30,1127.5,1128.9,1124.0,1126.2,1124375
2020-12-03 11:45:00+05:30,1126.2,1127.95,1124.1,1124.65,891717
2020-12-03 12:15:00+05:30,1124.55,1126.75,1123.4,1125.5,879385
2020-12-03 12:45:00+05:30,1125.8,1126.15,1124.0,1124.05,719261
2020-12-03 13:15:00+05:30,1124.05,1125.95,1123.5,1125.1,719404
2020-12-03 13:45:00+05:30,1125.1,1131.25,1125.0,1129.05,1246858
2020-12-03 14:15:00+05:30,1129.0,1133.0,1127.15,1131.0,956370
2020-12-03 14:45:00+05:30,1131.0,1132.0,1128.3,1129.55,1687854
2020-12-03 15:15:00+05:30,1129.75,1130.35,1122.8,1125.0,2383917
2020-12-04 09:15:00+05:30,1125.0,1125.95,1115.9,1121.0,1868589
2020-12-04 09:45:00+05:30,1121.0,1129.9,1119.0,1128.45,1277720
2020-12-04 10:15:00+05:30,1128.3,1128.5,1120.35,1125.25,811794
2020-12-04 10:45:00+05:30,1125.5,1125.75,1122.5,1124.5,632201
2020-12-04 11:15:00+05:30,1124.25,1130.7,1123.7,1130.45,733435
2020-12-04 11:45:00+05:30,1130.35,1132.5,1126.0,1129.95,672138
2020-12-04 12:15:00+05:30,1129.95,1133.35,1129.55,1132.45,602620
2020-12-04 12:45:00+05:30,1132.4,1134.9,1129.55,1132.25,581428
2020-12-04 13:15:00+05:30,1132.3,1132.5,1128.5,1129.8,420510
2020-12-04 13:45:00+05:30,1130.1,1131.9,1128.15,1129.5,498364
2020-12-04 14:15:00+05:30,1129.15,1136.9,1128.85,1134.85,731096
2020-12-04 14:45:00+05:30,1135.0,1136.7,1131.7,1134.5,987481
2020-12-04 15:15:00+05:30,1134.6,1135.8,1133.0,1134.5,711383
2020-12-07 09:15:00+05:30,1147.3,1153.0,1137.5,1137.65,1236028
2020-12-07 09:45:00+05:30,1137.9,1142.9,1136.5,1141.8,427558
2020-12-07 10:15:00+05:30,1141.8,1144.9,1138.5,1141.0,440076
2020-12-07 10:45:00+05:30,1141.0,1141.1,1136.0,1137.6,322891
2020-12-07 11:15:00+05:30,1137.6,1140.0,1136.6,1138.5,411734
2020-12-07 11:45:00+05:30,1138.2,1140.0,1136.6,1138.85,294046
2020-12-07 12:15:00+05:30,1138.8,1139.9,1137.6,1139.65,349332
2020-12-07 12:45:00+05:30,1139.65,1140.75,1137.6,1139.45,383302
2020-12-07 13:15:00+05:30,1139.45,1145.85,1139.4,1142.7,776454
2020-12-07 13:45:00+05:30,1142.85,1144.45,1139.8,1143.0,387123
2020-12-07 14:15:00+05:30,1142.65,1144.8,1142.4,1142.95,394500
2020-12-07 14:45:00+05:30,1143.0,1147.0,1141.0,1143.9,1103890
2020-12-07 15:15:00+05:30,1143.9,1144.0,1140.55,1142.85,1198303
2020-12-08 09:15:00+05:30,1145.0,1157.9,1145.0,1148.15,1975806
2020-12-08 09:45:00+05:30,1148.15,1156.0,1146.0,1152.4,947455
2020-12-08 10:15:00+05:30,1152.4,1160.0,1152.1,1154.85,1145687
2020-12-08 10:45:00+05:30,1154.7,1159.5,1152.0,1154.4,800991
2020-12-08 11:15:00+05:30,1154.35,1154.8,1146.4,1148.8,808320
2020-12-08 11:45:00+05:30,1148.7,1150.8,1148.0,1149.1,392120
2020-12-08 12:15:00+05:30,1149.15,1153.45,1148.4,1150.05,392162
2020-12-08 12:45:00+05:30,1150.05,1155.6,1149.65,1152.4,547478
2020-12-08 13:15:00+05:30,1152.3,1154.4,1151.75,1152.55,439682
2020-12-08 13:45:00+05:30,1152.75,1159.0,1152.25,1158.7,611398
2020-12-08 14:15:00+05:30,1158.65,1167.0,1156.7,1157.05,1740265
2020-12-08 14:45:00+05:30,1157.0,1159.65,1153.0,1153.05,1138865
2020-12-08 15:15:00+05:30,1152.95,1154.55,1149.25,1154.5,1353830
2020-12-09 09:15:00+05:30,1168.05,1170.0,1157.05,1163.45,1691116
2020-12-09 09:45:00+05:30,1163.7,1166.8,1161.15,1163.9,426506
2020-12-09 10:15:00+05:30,1163.95,1165.0,1159.9,1162.0,654226
2020-12-09 10:45:00+05:30,1161.7,1166.75,1160.5,1166.15,437505
2020-12-09 11:15:00+05:30,1166.2,1166.25,1162.6,1166.0,410758
2020-12-09 11:45:00+05:30,1166.0,1173.0,1165.95,1169.6,1034373
2020-12-09 12:15:00+05:30,1169.7,1170.95,1168.5,1169.7,484458
2020-12-09 12:45:00+05:30,1169.6,1174.5,1169.4,1174.2,549607
2020-12-09 13:15:00+05:30,1173.65,1174.5,1171.8,1172.5,410183
2020-12-09 13:45:00+05:30,1172.55,1178.65,1172.2,1178.65,822891
2020-12-09 14:15:00+05:30,1178.6,1179.5,1172.6,1175.7,718161
2020-12-09 14:45:00+05:30,1175.7,1176.6,1173.65,1175.0,1331677
2020-12-09 15:15:00+05:30,1175.0,1177.0,1174.4,1177.0,1024524
2020-12-10 09:15:00+05:30,1157.4,1164.55,1151.8,1160.95,2140812
2020-12-10 09:45:00+05:30,1160.9,1166.55,1157.8,1165.95,671906
2020-12-10 10:15:00+05:30,1166.0,1171.65,1164.4,1167.4,808195
2020-12-10 10:45:00+05:30,1167.5,1167.9,1161.6,1164.35,752007
2020-12-10 11:15:00+05:30,1164.5,1165.65,1161.2,1163.2,563715
2020-12-10 11:45:00+05:30,1163.25,1169.75,1162.0,1167.5,443137
2020-12-10 12:15:00+05:30,1167.5,1170.3,1165.5,1168.25,495313
2020-12-10 12:45:00+05:30,1168.0,1169.2,1165.0,1165.45,385364
2020-12-10 13:15:00+05:30,1165.45,1166.4,1163.55,1164.3,331765
2020-12-10 13:45:00+05:30,1164.3,1167.7,1162.4,1165.35,370487
2020-12-10 14:15:00+05:30,1165.3,1170.6,1164.0,1169.95,595196
2020-12-10 14:45:00+05:30,1169.9,1170.6,1166.4,1166.85,913425
2020-12-10 15:15:00+05:30,1166.9,1169.0,1166.3,1168.0,979699
2020-12-11 09:15:00+05:30,1159.7,1164.0,1156.85,1160.0,1440648
2020-12-11 09:45:00+05:30,1160.0,1166.0,1159.95,1165.45,582397
2020-12-11 10:15:00+05:30,1165.65,1171.95,1163.55,1170.15,735781
2020-12-11 10:45:00+05:30,1169.7,1170.5,1166.8,1167.85,404102
2020-12-11 11:15:00+05:30,1167.35,1168.75,1165.6,1167.0,489457
2020-12-11 11:45:00+05:30,1166.55,1170.8,1165.8,1169.65,384528
2020-12-11 12:15:00+05:30,1169.5,1170.3,1167.1,1168.65,322062
2020-12-11 12:45:00+05:30,1168.65,1169.6,1167.0,1167.45,258097
2020-12-11 13:15:00+05:30,1167.2,1167.5,1163.8,1165.4,738948
2020-12-11 13:45:00+05:30,1165.4,1166.0,1160.0,1162.8,958995
2020-12-11 14:15:00+05:30,1162.95,1163.45,1156.0,1161.3,1263025
2020-12-11 14:45:00+05:30,1161.3,1164.25,1160.4,1162.05,1352759
2020-12-11 15:15:00+05:30,1162.05,1165.5,1160.45,1165.2,1615637
2020-12-14 09:15:00+05:30,1169.4,1172.3,1162.6,1163.2,717029
2020-12-14 09:45:00+05:30,1163.1,1165.0,1160.1,1160.8,314876
2020-12-14 10:15:00+05:30,1160.8,1163.0,1156.6,1159.0,366728
2020-12-14 10:45:00+05:30,1158.75,1160.7,1156.0,1157.9,253044
2020-12-14 11:15:00+05:30,1157.85,1158.5,1154.15,1154.65,293595
2020-12-14 11:45:00+05:30,1154.7,1155.0,1152.25,1153.65,441220
2020-12-14 12:15:00+05:30,1153.65,1156.5,1151.05,1156.25,478040
2020-12-14 12:45:00+05:30,1156.0,1156.9,1148.2,1153.05,605830
2020-12-14 13:15:00+05:30,1153.0,1153.85,1149.55,1152.9,299343
2020-12-14 13:45:00+05:30,1152.9,1159.5,1152.0,1159.1,520859
2020-12-14 14:15:00+05:30,1159.0,1163.25,1158.2,1161.95,633964
2020-12-14 14:45:00+05:30,1161.95,1166.45,1160.45,1165.25,1152239
2020-12-14 15:15:00+05:30,1165.25,1165.5,1162.5,1164.0,642141
2020-12-15 09:15:00+05:30,1156.0,1160.95,1153.0,1155.0,699337
2020-12-15 09:45:00+05:30,1155.0,1161.8,1154.7,1156.6,505468
2020-12-15 10:15:00+05:30,1156.6,1161.8,1156.55,1156.7,390471
2020-12-15 10:45:00+05:30,1156.7,1157.95,1154.0,1154.6,491684
2020-12-15 11:15:00+05:30,1154.6,1155.0,1152.15,1153.6,764162
2020-12-15 11:45:00+05:30,1153.55,1159.65,1153.2,1158.15,399891
2020-12-15 12:15:00+05:30,1158.35,1162.0,1157.45,1158.5,511929
2020-12-15 12:45:00+05:30,1158.5,1163.7,1158.25,1161.05,320098
2020-12-15 13:15:00+05:30,1161.05,1161.75,1155.5,1155.8,352722
2020-12-15 13:45:00+05:30,1155.8,1160.5,1155.1,1160.2,348177
2020-12-15 14:15:00+05:30,1160.2,1160.2,1156.4,1156.55,330691
2020-12-15 14:45:00+05:30,1156.5,1159.9,1154.5,1155.05,896758
2020-12-15 15:15:00+05:30,1155.1,1155.2,1152.0,1154.4,874328
2020-12-16 09:15:00+05:30,1160.0,1162.6,1155.0,1156.3,1201070
2020-12-16 09:45:00+05:30,1156.6,1161.0,1154.25,1159.05,937938
2020-12-16 10:15:00+05:30,1159.4,1159.55,1155.4,1155.6,404428
2020-12-16 10:45:00+05:30,1155.6,1158.6,1155.55,1156.35,258300
2020-12-16 11:15:00+05:30,1156.3,1158.0,1155.0,1157.0,291240
2020-12-16 11:45:00+05:30,1157.05,1158.5,1155.45,1156.1,257480
2020-12-16 12:15:00+05:30,1156.5,1160.0,1156.05,1159.95,314693
2020-12-16 12:45:00+05:30,1159.95,1160.0,1156.1,1157.5,230838
2020-12-16 13:15:00+05:30,1157.15,1162.0,1157.1,1161.0,480560
2020-12-16 13:45:00+05:30,1161.35,1163.55,1159.1,1163.0,484708
2020-12-16 14:15:00+05:30,1163.0,1163.0,1159.2,1160.9,605379
2020-12-16 14:45:00+05:30,1160.95,1168.0,1160.0,1165.95,1312772
2020-12-16 15:15:00+05:30,1165.95,1168.85,1162.85,1164.0,959511
2020-12-17 09:15:00+05:30,1165.9,1166.0,1157.95,1163.6,852110
2020-12-17 09:45:00+05:30,1163.5,1168.6,1161.25,1166.3,549489
2020-12-17 10:15:00+05:30,1166.05,1168.3,1165.0,1165.6,376828
2020-12-17 10:45:00+05:30,1165.5,1168.9,1165.15,1166.4,262643
2020-12-17 11:15:00+05:30,1166.4,1168.35,1162.25,1163.8,347349
2020-12-17 11:45:00+05:30,1163.8,1165.0,1161.25,1162.25,257449
2020-12-17 12:15:00+05:30,1162.25,1166.0,1161.6,1164.35,325261
2020-12-17 12:45:00+05:30,1164.25,1166.0,1162.75,1164.85,309925
2020-12-17 13:15:00+05:30,1164.7,1167.4,1163.35,1166.35,377763
2020-12-17 13:45:00+05:30,1166.25,1167.1,1158.75,1164.05,563357
2020-12-17 14:15:00+05:30,1164.05,1165.0,1162.0,1163.65,452664
2020-12-17 14:45:00+05:30,1163.45,1165.0,1158.0,1160.1,1064248
2020-12-17 15:15:00+05:30,1159.9,1160.05,1156.2,1159.4,890877
2020-12-18 09:15:00+05:30,1182.85,1192.7,1175.65,1185.0,4104542
2020-12-18 09:45:00+05:30,1185.0,1187.95,1178.6,1185.5,1164600
2020-12-18 10:15:00+05:30,1185.95,1191.8,1183.55,1189.25,913785
2020-12-18 10:45:00+05:30,1189.25,1190.05,1186.5,1187.95,474039
2020-12-18 11:15:00+05:30,1188.0,1188.5,1184.0,1186.95,536654
2020-12-18 11:45:00+05:30,1187.0,1189.0,1186.05,1186.05,365536
2020-12-18 12:15:00+05:30,1186.05,1191.0,1186.05,1188.75,559929
2020-12-18 12:45:00+05:30,1189.1,1190.0,1187.5,1188.25,398057
2020-12-18 13:15:00+05:30,1188.25,1194.25,1187.55,1191.8,784860
2020-12-18 13:45:00+05:30,1191.85,1194.0,1190.45,1192.65,616885
2020-12-18 14:15:00+05:30,1192.65,1193.7,1189.2,1192.2,856409
2020-12-18 14:45:00+05:30,1192.2,1194.95,1188.1,1189.05,3102526
2020-12-18 15:15:00+05:30,1189.0,1189.15,1185.0,1185.55,1949269
2020-12-21 09:15:00+05:30,1188.0,1203.0,1183.05,1203.0,1445496
2020-12-21 09:45:00+05:30,1203.0,1203.85,1198.0,1202.3,924951
2020-12-21 10:15:00+05:30,1202.3,1209.75,1202.25,1207.7,934917
2020-12-21 10:45:00+05:30,1207.7,1208.5,1202.15,1205.5,372728
2020-12-21 11:15:00+05:30,1205.5,1206.0,1200.55,1201.95,346042
2020-12-21 11:45:00+05:30,1202.0,1207.5,1201.95,1206.1,517320
2020-12-21 12:15:00+05:30,1206.1,1208.45,1202.5,1202.95,423640
2020-12-21 12:45:00+05:30,1202.55,1205.7,1196.2,1203.1,698302
2020-12-21 13:15:00+05:30,1202.65,1205.8,1197.45,1200.8,522229
2020-12-21 13:45:00+05:30,1200.8,1202.45,1191.6,1198.25,771282
2020-12-21 14:15:00+05:30,1198.5,1198.95,1152.95,1177.7,1873832
2020-12-21 14:45:00+05:30,1178.55,1182.1,1170.2,1175.55,1179615
2020-12-21 15:15:00+05:30,1175.7,1180.0,1174.0,1175.4,808258
2020-12-22 09:15:00+05:30,1182.0,1195.7,1178.0,1180.0,1642502
2020-12-22 09:45:00+05:30,1179.55,1191.0,1176.1,1185.5,838473
2020-12-22 10:15:00+05:30,1185.75,1190.0,1182.7,1188.15,402874
2020-12-22 10:45:00+05:30,1188.15,1188.15,1182.2,1183.7,289652
2020-12-22 11:15:00+05:30,1184.4,1185.85,1180.75,1183.95,364179
2020-12-22 11:45:00+05:30,1183.95,1188.0,1183.0,1184.95,387632
2020-12-22 12:15:00+05:30,1184.95,1189.9,1184.2,1184.75,535727
2020-12-22 12:45:00+05:30,1184.75,1195.0,1184.1,1194.95,628262
2020-12-22 13:15:00+05:30,1195.0,1205.5,1192.05,1203.9,974849
2020-12-22 13:45:00+05:30,1203.55,1214.0,1201.0,1212.55,1022305
2020-12-22 14:15:00+05:30,1212.25,1217.75,1210.65,1217.2,1158443
2020-12-22 14:45:00+05:30,1217.25,1223.85,1211.9,1220.55,1853267
2020-12-22 15:15:00+05:30,1220.55,1223.6,1218.7,1219.5,769515
2020-12-23 09:15:00+05:30,1238.0,1248.45,1233.7,1245.05,3862333
2020-12-23 09:45:00+05:30,1245.1,1245.25,1235.0,1238.8,1175483
2020-12-23 10:15:00+05:30,1238.1,1242.25,1232.55,1235.8,874189
2020-12-23 10:45:00+05:30,1235.85,1239.0,1231.05,1238.1,803299
2020-12-23 11:15:00+05:30,1238.05,1244.5,1236.45,1240.3,1005454
2020-12-23 11:45:00+05:30,1240.45,1244.5,1239.4,1244.0,679418
2020-12-23 12:15:00+05:30,1244.0,1245.0,1243.0,1245.0,455372
2020-12-23 12:45:00+05:30,1245.0,1248.0,1240.45,1246.55,667750
2020-12-23 13:15:00+05:30,1246.9,1253.4,1246.2,1252.7,971937
2020-12-23 13:45:00+05:30,1252.9,1254.6,1248.0,1252.05,792269
2020-12-23 14:15:00+05:30,1252.05,1258.85,1251.05,1254.0,1423410
2020-12-23 14:45:00+05:30,1254.15,1256.0,1248.95,1255.0,1561947
2020-12-23 15:15:00+05:30,1255.1,1255.75,1248.0,1252.0,1480026
2020-12-24 09:15:00+05:30,1249.9,1249.9,1235.1,1241.7,1641483
2020-12-24 09:45:00+05:30,1241.7,1242.5,1237.15,1242.3,479593
2020-12-24 10:15:00+05:30,1242.3,1244.0,1238.3,1239.4,440493
2020-12-24 10:45:00+05:30,1239.4,1242.65,1234.0,1235.85,602073
2020-12-24 11:15:00+05:30,1236.25,1236.25,1226.0,1228.0,919818
2020-12-24 11:45:00+05:30,1228.0,1234.9,1227.15,1233.35,379909
2020-12-24 12:15:00+05:30,1233.35,1235.95,1232.0,1233.75,297959
2020-12-24 12:45:00+05:30,1233.8,1233.9,1230.25,1232.0,189228
2020-12-24 13:15:00+05:30,1232.0,1236.0,1231.6,1232.95,310937
2020-12-24 13:45:00+05:30,1232.95,1235.5,1232.0,1234.8,284672
2020-12-24 14:15:00+05:30,1234.75,1239.5,1233.5,1237.0,435620
2020-12-24 14:45:00+05:30,1236.95,1238.8,1234.2,1235.3,682566
2020-12-24 15:15:00+05:30,1235.45,1238.0,1233.05,1237.5,601686
2020-12-28 09:15:00+05:30,1238.45,1248.0,1237.4,1239.0,874350
2020-12-28 09:45:00+05:30,1238.95,1242.65,1238.1,1240.6,280967
2020-12-28 10:15:00+05:30,1240.8,1240.8,1237.0,1237.6,253620
2020-12-28 10:45:00+05:30,1237.95,1239.95,1236.05,1238.55,313272
2020-12-28 11:15:00+05:30,1238.85,1239.8,1236.5,1237.45,192450
2020-12-28 11:45:00+05:30,1237.5,1239.8,1236.7,1239.3,266210
2020-12-28 12:15:00+05:30,1239.3,1240.5,1238.05,1239.45,318101
2020-12-28 12:45:00+05:30,1239.45,1241.5,1238.45,1240.8,346367
2020-12-28 13:15:00+05:30,1240.75,1243.85,1239.55,1240.45,381632
2020-12-28 13:45:00+05:30,1240.3,1244.25,1240.25,1241.9,234107
2020-12-28 14:15:00+05:30,1242.0,1242.9,1239.0,1242.8,269877
2020-12-28 14:45:00+05:30,1242.8,1242.9,1238.95,1240.3,472322
2020-12-28 15:15:00+05:30,1239.6,1241.4,1237.35,1239.45,382716
2020-12-29 09:15:00+05:30,1235.0,1248.4,1235.0,1247.5,1162418
2020-12-29 09:45:00+05:30,1247.0,1254.4,1246.0,1252.0,742663
2020-12-29 10:15:00+05:30,1251.4,1253.75,1248.0,1249.0,397738
2020-12-29 10:45:00+05:30,1248.95,1249.55,1240.4,1245.7,775958
2020-12-29 11:15:00+05:30,1245.0,1247.5,1242.65,1243.5,341094
2020-12-29 11:45:00+05:30,1243.5,1246.0,1242.4,1242.6,326019
2020-12-29 12:15:00+05:30,1242.4,1243.05,1240.0,1242.75,419441
2020-12-29 12:45:00+05:30,1242.75,1245.45,1240.0,1243.9,349377
2020-12-29 13:15:00+05:30,1243.85,1247.0,1243.0,1244.0,297195
2020-12-29 13:45:00+05:30,1243.95,1245.0,1241.65,1243.95,256021
2020-12-29 14:15:00+05:30,1243.95,1248.8,1240.25,1247.1,432927
2020-12-29 14:45:00+05:30,1247.3,1251.5,1246.95,1250.95,838740
2020-12-29 15:15:00+05:30,1251.0,1252.0,1248.4,1249.85,504736
2020-12-30 09:15:00+05:30,1253.0,1253.1,1244.45,1248.45,782025
2020-12-30 09:45:00+05:30,1248.45,1250.5,1247.6,1249.3,198533
2020-12-30 10:15:00+05:30,1249.2,1252.0,1248.8,1250.55,259142
2020-12-30 10:45:00+05:30,1250.55,1252.95,1249.0,1251.1,303673
2020-12-30 11:15:00+05:30,1251.1,1252.75,1249.0,1249.6,216099
2020-12-30 11:45:00+05:30,1249.6,1251.45,1246.7,1249.1,271969
2020-12-30 12:15:00+05:30,1249.3,1249.85,1242.0,1242.15,302396
2020-12-30 12:45:00+05:30,1242.15,1247.8,1238.45,1246.05,344058
2020-12-30 13:15:00+05:30,1246.35,1248.9,1242.9,1248.0,298825
2020-12-30 13:45:00+05:30,1248.0,1248.9,1247.0,1248.35,207008
2020-12-30 14:15:00+05:30,1248.45,1248.45,1245.1,1246.0,243856
2020-12-30 14:45:00+05:30,1246.0,1248.5,1245.1,1246.9,950695
2020-12-30 15:15:00+05:30,1246.95,1247.8,1242.0,1243.65,802005
2020-12-31 09:15:00+05:30,1243.0,1247.85,1239.0,1239.55,732980
2020-12-31 09:45:00+05:30,1239.55,1242.85,1239.05,1241.35,317809
2020-12-31 10:15:00+05:30,1241.5,1244.7,1240.4,1243.9,245841
2020-12-31 10:45:00+05:30,1243.8,1244.25,1241.0,1243.2,274597
2020-12-31 11:15:00+05:30,1243.35,1243.75,1241.2,1242.05,141354
2020-12-31 11:45:00+05:30,1242.5,1243.75,1240.1,1240.3,225669
2020-12-31 12:15:00+05:30,1240.35,1242.5,1239.15,1241.65,293123
2020-12-31 12:45:00+05:30,1241.95,1243.8,1241.45,1243.75,240906
2020-12-31 13:15:00+05:30,1243.8,1244.2,1242.7,1244.0,245017
2020-12-31 13:45:00+05:30,1244.0,1244.3,1241.55,1242.45,263619
2020-12-31 14:15:00+05:30,1242.45,1256.0,1240.4,1254.0,822476
2020-12-31 14:45:00+05:30,1253.8,1258.0,1251.35,1255.55,2094734
2020-12-31 15:15:00+05:30,1255.55,1256.8,1252.05,1255.0,1513256
2021-01-01 09:15:00+05:30,1257.9,1264.8,1256.0,1264.5,987992
2021-01-01 09:45:00+05:30,1264.2,1265.4,1258.25,1260.6,612593
2021-01-01 10:15:00+05:30,1260.8,1263.75,1260.6,1263.0,193852
2021-01-01 10:45:00+05:30,1263.45,1264.9,1262.0,1262.85,196221
2021-01-01 11:15:00+05:30,1262.9,1263.45,1259.0,1261.15,215093
2021-01-01 11:45:00+05:30,1261.55,1262.9,1260.1,1262.7,157812
2021-01-01 12:15:00+05:30,1262.8,1264.5,1261.1,1264.4,162540
2021-01-01 12:45:00+05:30,1264.4,1264.75,1262.55,1263.5,200451
2021-01-01 13:15:00+05:30,1263.85,1263.95,1260.15,1262.0,191390
2021-01-01 13:45:00+05:30,1261.7,1263.5,1260.8,1262.5,156918
2021-01-01 14:15:00+05:30,1262.3,1263.5,1261.5,1262.3,200568
2021-01-01 14:45:00+05:30,1262.3,1263.0,1258.0,1259.2,486351
2021-01-01 15:15:00+05:30,1259.2,1262.5,1257.15,1259.05,478577
2021-01-04 09:15:00+05:30,1269.0,1276.4,1265.8,1272.0,997341
2021-01-04 09:45:00+05:30,1272.4,1272.75,1266.0,1268.75,402000
2021-01-04 10:15:00+05:30,1268.75,1269.5,1265.1,1269.3,279794
2021-01-04 10:45:00+05:30,1269.05,1269.3,1261.15,1266.6,434533
2021-01-04 11:15:00+05:30,1266.55,1268.9,1265.0,1268.35,283435
2021-01-04 11:45:00+05:30,1268.7,1273.0,1265.5,1272.45,273070
2021-01-04 12:15:00+05:30,1272.0,1276.0,1270.75,1274.85,531754
2021-01-04 12:45:00+05:30,1274.8,1282.5,1273.35,1282.0,701220
2021-01-04 13:15:00+05:30,1281.8,1285.0,1281.2,1284.35,551794
2021-01-04 13:45:00+05:30,1284.7,1290.0,1281.95,1284.0,775076
2021-01-04 14:15:00+05:30,1284.0,1289.65,1283.0,1284.65,468235
2021-01-04 14:45:00+05:30,1284.85,1289.55,1284.0,1287.5,955652
2021-01-04 15:15:00+05:30,1287.45,1289.75,1287.0,1287.55,533176
2021-01-05 09:15:00+05:30,1282.0,1295.35,1275.05,1280.15,1655135
2021-01-05 09:45:00+05:30,1280.7,1285.8,1278.0,1282.2,602603
2021-01-05 10:15:00+05:30,1282.2,1286.5,1280.1,1286.45,332755
2021-01-05 10:45:00+05:30,1286.45,1295.0,1284.0,1290.2,937595
2021-01-05 11:15:00+05:30,1290.2,1290.2,1286.5,1288.05,317938
2021-01-05 11:45:00+05:30,1288.05,1290.0,1285.1,1290.0,297409
2021-01-05 12:15:00+05:30,1289.8,1291.25,1288.0,1290.4,282242
2021-01-05 12:45:00+05:30,1290.4,1292.5,1289.5,1291.7,278161
2021-01-05 13:15:00+05:30,1291.7,1294.9,1286.95,1294.3,545093
2021-01-05 13:45:00+05:30,1294.0,1299.0,1294.0,1296.25,696611
2021-01-05 14:15:00+05:30,1295.7,1296.5,1291.2,1294.7,391150
2021-01-05 14:45:00+05:30,1294.8,1296.0,1288.85,1295.1,894266
2021-01-05 15:15:00+05:30,1295.25,1295.5,1290.15,1290.35,882176
2021-01-06 09:15:00+05:30,1300.0,1300.0,1286.0,1290.8,1025276
2021-01-06 09:45:00+05:30,1291.0,1295.9,1288.35,1290.4,478815
2021-01-06 10:15:00+05:30,1290.45,1298.3,1290.45,1295.2,442386
2021-01-06 10:45:00+05:30,1295.2,1298.0,1295.0,1297.4,327693
2021-01-06 11:15:00+05:30,1297.35,1302.0,1295.8,1299.85,553034
2021-01-06 11:45:00+05:30,1299.95,1300.4,1293.15,1294.6,476975
2021-01-06 12:15:00+05:30,1294.4,1296.9,1292.0,1292.5,252032
2021-01-06 12:45:00+05:30,1292.3,1293.6,1283.7,1284.95,546326
2021-01-06 13:15:00+05:30,1284.95,1288.0,1282.1,1285.75,443734
2021-01-06 13:45:00+05:30,1285.7,1288.0,1268.1,1275.0,1042681
2021-01-06 14:15:00+05:30,1274.35,1283.85,1274.3,1282.95,529724
2021-01-06 14:45:00+05:30,1283.0,1284.4,1278.65,1281.75,573806
2021-01-06 15:15:00+05:30,1281.9,1283.4,1280.45,1282.5,439268
2021-01-07 09:15:00+05:30,1296.0,1296.0,1271.35,1275.05,1436263
2021-01-07 09:45:00+05:30,1275.05,1277.8,1260.05,1266.65,2217246
2021-01-07 10:15:00+05:30,1266.75,1271.5,1262.5,1263.45,761665
2021-01-07 10:45:00+05:30,1263.45,1265.0,1255.6,1259.5,994343
2021-01-07 11:15:00+05:30,1259.85,1264.55,1259.4,1264.55,450938
2021-01-07 11:45:00+05:30,1264.5,1264.55,1260.0,1261.7,267117
2021-01-07 12:15:00+05:30,1261.7,1267.8,1261.7,1266.9,461954
2021-01-07 12:45:00+05:30,1266.9,1268.0,1264.6,1266.1,386945
2021-01-07 13:15:00+05:30,1266.05,1270.0,1264.7,1265.25,454461
2021-01-07 13:45:00+05:30,1265.25,1265.9,1264.0,1264.75,471737
2021-01-07 14:15:00+05:30,1264.75,1265.55,1261.15,1261.95,577926
2021-01-07 14:45:00+05:30,1262.0,1265.0,1258.35,1261.4,1134443
2021-01-07 15:15:00+05:30,1261.5,1267.0,1260.15,1266.5,1240590
2021-01-08 09:15:00+05:30,1278.25,1292.45,1278.25,1285.85,1986180
2021-01-08 09:45:00+05:30,1285.9,1288.8,1280.3,1280.55,593086
2021-01-08 10:15:00+05:30,1280.55,1285.9,1278.45,1285.45,746734
2021-01-08 10:45:00+05:30,1285.45,1293.85,1284.5,1290.45,923797
2021-01-08 11:15:00+05:30,1290.5,1291.7,1285.7,1289.15,367629
2021-01-08 11:45:00+05:30,1289.15,1290.95,1287.8,1290.7,238176
2021-01-08 12:15:00+05:30,1290.7,1295.0,1290.15,1293.45,774020
2021-01-08 12:45:00+05:30,1293.45,1297.0,1291.5,1294.3,522338
2021-01-08 13:15:00+05:30,1294.5,1296.0,1291.4,1293.65,403196
2021-01-08 13:45:00+05:30,1294.15,1299.0,1293.5,1298.5,781986
2021-01-08 14:15:00+05:30,1298.5,1316.65,1295.55,1311.05,2394482
2021-01-08 14:45:00+05:30,1310.9,1315.75,1299.3,1315.3,2148463
2021-01-08 15:15:00+05:30,1315.35,1315.6,1310.0,1311.5,1266130
2021-01-11 09:15:00+05:30,1342.1,1365.9,1342.1,1360.35,5329165
2021-01-11 09:45:00+05:30,1360.7,1361.0,1350.6,1356.3,1518764
2021-01-11 10:15:00+05:30,1356.5,1368.75,1354.4,1363.55,1642094
2021-01-11 10:45:00+05:30,1363.95,1381.1,1362.1,1380.9,2377022
2021-01-11 11:15:00+05:30,1380.85,1380.85,1364.6,1368.1,1761078
2021-01-11 11:45:00+05:30,1368.45,1373.85,1360.7,1371.2,1089104
2021-01-11 12:15:00+05:30,1371.25,1375.0,1370.6,1372.5,650479
2021-01-11 12:45:00+05:30,1372.45,1376.5,1370.0,1375.55,535576
2021-01-11 13:15:00+05:30,1375.4,1383.15,1373.55,1378.6,1252264
2021-01-11 13:45:00+05:30,1378.5,1380.0,1373.9,1379.75,732303
2021-01-11 14:15:00+05:30,1379.8,1379.85,1373.3,1375.4,865315
2021-01-11 14:45:00+05:30,1375.7,1379.25,1373.9,1377.0,1444969
2021-01-11 15:15:00+05:30,1377.0,1377.65,1372.0,1375.95,1199675
2021-01-12 09:15:00+05:30,1378.0,1378.0,1363.35,1372.45,1505109
2021-01-12 09:45:00+05:30,1372.0,1372.45,1363.5,1364.0,687130
2021-01-12 10:15:00+05:30,1363.95,1365.5,1361.5,1364.7,555346
2021-01-12 10:45:00+05:30,1364.6,1366.6,1360.0,1366.45,497358
2021-01-12 11:15:00+05:30,1366.45,1371.0,1365.6,1370.55,470514
2021-01-12 11:45:00+05:30,1370.1,1370.75,1365.05,1366.6,369055
2021-01-12 12:15:00+05:30,1366.4,1368.8,1365.0,1368.6,269599
2021-01-12 12:45:00+05:30,1368.65,1370.85,1367.0,1369.8,335496
2021-01-12 13:15:00+05:30,1370.0,1376.7,1369.75,1375.95,670885
2021-01-12 13:45:00+05:30,1375.95,1377.0,1368.7,1369.65,567088
2021-01-12 14:15:00+05:30,1369.65,1377.5,1367.85,1375.4,635607
2021-01-12 14:45:00+05:30,1375.35,1376.4,1369.0,1370.85,1020101
2021-01-12 15:15:00+05:30,1370.85,1377.5,1370.15,1376.5,679694
2021-01-13 09:15:00+05:30,1373.85,1377.0,1360.0,1360.8,2454395
2021-01-13 09:45:00+05:30,1361.0,1377.0,1360.85,1376.9,972661
2021-01-13 10:15:00+05:30,1376.9,1384.7,1373.05,1373.3,1385235
2021-01-13 10:45:00+05:30,1373.5,1377.6,1373.0,1376.65,478077
2021-01-13 11:15:00+05:30,1376.55,1376.65,1371.65,1374.25,466721
2021-01-13 11:45:00+05:30,1374.25,1379.0,1373.05,1378.0,649650
2021-01-13 12:15:00+05:30,1378.8,1382.35,1377.4,1380.2,946223
2021-01-13 12:45:00+05:30,1380.1,1390.8,1379.5,1382.0,1331728
2021-01-13 13:15:00+05:30,1382.0,1389.0,1378.0,1380.95,1070343
2021-01-13 13:45:00+05:30,1380.65,1384.0,1372.0,1381.45,955131
2021-01-13 14:15:00+05:30,1381.45,1385.0,1378.25,1382.0,729784
2021-01-13 14:45:00+05:30,1382.35,1392.75,1381.0,1389.95,1749774
2021-01-13 15:15:00+05:30,1389.75,1390.0,1385.15,1389.0,1141372
2021-01-14 09:15:00+05:30,1360.0,1360.0,1318.8,1345.0,7364794
2021-01-14 09:45:00+05:30,1345.4,1351.75,1331.4,1344.0,2524512
2021-01-14 10:15:00+05:30,1343.9,1349.45,1340.1,1348.3,920224
2021-01-14 10:45:00+05:30,1348.2,1373.85,1348.2,1365.0,3147433
2021-01-14 11:15:00+05:30,1365.7,1366.9,1357.5,1362.75,1126967
2021-01-14 11:45:00+05:30,1362.75,1365.75,1357.6,1360.6,1022129
2021-01-14 12:15:00+05:30,1360.6,1372.95,1360.55,1370.5,1452649
2021-01-14 12:45:00+05:30,1371.15,1375.5,1364.8,1373.75,1238535
2021-01-14 13:15:00+05:30,1373.05,1378.0,1370.3,1373.25,1038432
2021-01-14 13:45:00+05:30,1373.2,1384.0,1372.1,1377.85,1643200
2021-01-14 14:15:00+05:30,1377.85,1381.65,1375.1,1375.1,1040829
2021-01-14 14:45:00+05:30,1375.1,1377.3,1366.0,1367.1,2344137
2021-01-14 15:15:00+05:30,1367.15,1373.5,1365.9,1372.0,2149593
2021-01-15 09:15:00+05:30,1360.0,1363.85,1347.15,1350.55,3309506
2021-01-15 09:45:00+05:30,1350.15,1363.75,1350.15,1355.9,1230504
2021-01-15 10:15:00+05:30,1355.7,1359.2,1352.05,1356.9,774067
2021-01-15 10:45:00+05:30,1357.0,1358.7,1351.05,1352.85,1105689
2021-01-15 11:15:00+05:30,1352.5,1354.95,1347.15,1354.6,777734
2021-01-15 11:45:00+05:30,1354.35,1356.3,1352.3,1353.1,419916
2021-01-15 12:15:00+05:30,1353.15,1358.0,1350.55,1357.95,554885
2021-01-15 12:45:00+05:30,1357.55,1360.4,1355.5,1358.8,877850
2021-01-15 13:15:00+05:30,1358.8,1359.0,1352.0,1353.1,765845
2021-01-15 13:45:00+05:30,1353.2,1354.35,1345.0,1346.5,1320681
2021-01-15 14:15:00+05:30,1346.0,1352.1,1342.1,1348.7,995257
2021-01-15 14:45:00+05:30,1348.9,1351.0,1342.0,1345.25,1438671
2021-01-15 15:15:00+05:30,1345.4,1347.1,1341.0,1342.9,1286645
2021-01-18 09:15:00+05:30,1338.0,1339.95,1323.55,1330.35,1325741
2021-01-18 09:45:00+05:30,1330.0,1333.9,1325.0,1330.35,724744
2021-01-18 10:15:00+05:30,1330.4,1331.5,1306.5,1314.9,1139263
2021-01-18 10:45:00+05:30,1314.25,1322.5,1312.3,1318.8,623611
2021-01-18 11:15:00+05:30,1318.8,1320.9,1310.6,1313.5,429490
2021-01-18 11:45:00+05:30,1313.5,1318.75,1312.0,1318.3,370123
2021-01-18 12:15:00+05:30,1318.4,1325.9,1317.0,1323.55,582870
2021-01-18 12:45:00+05:30,1323.2,1326.0,1320.0,1321.95,268738
2021-01-18 13:15:00+05:30,1322.0,1323.0,1315.6,1322.05,345623
2021-01-18 13:45:00+05:30,1322.2,1328.0,1320.25,1326.65,476736
2021-01-18 14:15:00+05:30,1327.0,1330.9,1311.55,1315.05,976466
2021-01-18 14:45:00+05:30,1315.05,1315.25,1311.05,1311.5,797264
2021-01-18 15:15:00+05:30,1311.5,1313.0,1308.5,1311.0,759103
2021-01-19 09:15:00+05:30,1320.0,1331.0,1317.0,1319.2,1045875
2021-01-19 09:45:00+05:30,1319.0,1319.9,1312.0,1318.9,620823
2021-01-19 10:15:00+05:30,1318.9,1327.0,1316.15,1323.95,434484
2021-01-19 10:45:00+05:30,1323.45,1327.0,1321.3,1322.1,282818
2021-01-19 11:15:00+05:30,1322.05,1324.5,1320.05,1320.3,264611
2021-01-19 11:45:00+05:30,1320.3,1324.2,1319.0,1320.0,232839
2021-01-19 12:15:00+05:30,1319.95,1321.5,1318.05,1319.1,190623
2021-01-19 12:45:00+05:30,1319.0,1322.8,1318.6,1320.65,214426
2021-01-19 13:15:00+05:30,1320.75,1322.0,1319.0,1320.9,213314
2021-01-19 13:45:00+05:30,1321.05,1323.4,1318.0,1319.2,356104
2021-01-19 14:15:00+05:30,1319.35,1321.5,1317.5,1321.0,268259
2021-01-19 14:45:00+05:30,1320.95,1321.8,1315.25,1316.5,669315
2021-01-19 15:15:00+05:30,1316.5,1319.5,1314.5,1318.05,765869
2021-01-20 09:15:00+05:30,1320.55,1345.0,1320.55,1341.0,1924010
2021-01-20 09:45:00+05:30,1340.8,1348.15,1338.6,1346.0,891520
2021-01-20 10:15:00+05:30,1345.35,1346.2,1342.3,1344.95,370691
2021-01-20 10:45:00+05:30,1344.75,1345.85,1340.2,1341.65,346893
2021-01-20 11:15:00+05:30,1341.6,1342.6,1338.8,1339.25,256136
2021-01-20 11:45:00+05:30,1339.25,1341.6,1338.8,1341.25,233933
2021-01-20 12:15:00+05:30,1341.25,1341.3,1336.1,1337.65,349664
2021-01-20 12:45:00+05:30,1337.95,1340.0,1331.1,1331.75,572575
2021-01-20 13:15:00+05:30,1331.8,1336.0,1329.3,1335.25,422834
2021-01-20 13:45:00+05:30,1335.25,1338.65,1331.0,1335.15,416839
2021-01-20 14:15:00+05:30,1335.25,1341.75,1334.0,1339.85,536872
2021-01-20 14:45:00+05:30,1339.8,1343.0,1336.35,1336.9,1093322
2021-01-20 15:15:00+05:30,1337.75,1340.0,1334.8,1338.85,746046
2021-01-21 09:15:00+05:30,1350.0,1360.95,1342.4,1344.8,1300859
2021-01-21 09:45:00+05:30,1344.8,1345.6,1338.5,1343.85,538107
2021-01-21 10:15:00+05:30,1343.85,1350.0,1343.0,1348.25,342741
2021-01-21 10:45:00+05:30,1348.25,1350.5,1346.5,1347.0,294202
2021-01-21 11:15:00+05:30,1346.7,1348.05,1341.6,1342.4,244626
2021-01-21 11:45:00+05:30,1342.4,1344.35,1340.25,1342.0,280012
2021-01-21 12:15:00+05:30,1341.9,1344.95,1341.0,1342.35,208501
2021-01-21 12:45:00+05:30,1342.9,1344.7,1341.3,1344.7,206143
2021-01-21 13:15:00+05:30,1344.55,1347.25,1342.65,1344.05,328032
2021-01-21 13:45:00+05:30,1344.05,1346.65,1343.35,1345.0,316088
2021-01-21 14:15:00+05:30,1344.9,1345.25,1341.55,1341.95,501336
2021-01-21 14:45:00+05:30,1342.0,1343.0,1335.05,1340.55,1054996
2021-01-21 15:15:00+05:30,1340.5,1343.0,1338.4,1342.0,494905
2021-01-22 09:15:00+05:30,1327.0,1347.55,1327.0,1346.55,1344272
2021-01-22 09:45:00+05:30,1346.6,1349.2,1341.0,1345.0,557779
2021-01-22 10:15:00+05:30,1344.65,1348.85,1343.2,1345.0,530252
2021-01-22 10:45:00+05:30,1344.6,1351.0,1343.8,1346.0,903387
2021-01-22 11:15:00+05:30,1345.95,1351.0,1342.45,1349.5,1361415
2021-01-22 11:45:00+05:30,1349.75,1355.15,1348.35,1349.95,870377
2021-01-22 12:15:00+05:30,1349.3,1350.0,1339.0,1341.75,393830
2021-01-22 12:45:00+05:30,1341.95,1346.0,1341.55,1343.25,417873
2021-01-22 13:15:00+05:30,1343.15,1345.0,1341.7,1343.8,391464
2021-01-22 13:45:00+05:30,1343.8,1348.0,1342.0,1346.8,436907
2021-01-22 14:15:00+05:30,1346.55,1352.0,1346.0,1348.55,557199
2021-01-22 14:45:00+05:30,1348.9,1350.0,1340.5,1340.5,1085226
2021-01-22 15:15:00+05:30,1340.5,1341.65,1335.6,1336.0,777946
2021-01-25 09:15:00+05:30,1345.0,1345.0,1333.05,1340.5,815210
2021-01-25 09:45:00+05:30,1340.65,1342.5,1331.05,1340.7,621443
2021-01-25 10:15:00+05:30,1340.6,1342.55,1336.05,1340.4,304652
2021-01-25 10:45:00+05:30,1340.25,1342.7,1338.85,1340.8,347249
2021-01-25 11:15:00+05:30,1340.9,1344.5,1337.85,1341.25,515767
2021-01-25 11:45:00+05:30,1340.7,1343.1,1338.25,1342.25,281017
2021-01-25 12:15:00+05:30,1341.65,1346.0,1341.4,1343.95,295069
2021-01-25 12:45:00+05:30,1343.95,1345.55,1343.4,1345.55,389220
2021-01-25 13:15:00+05:30,1345.55,1347.85,1342.0,1343.05,279175
2021-01-25 13:45:00+05:30,1343.05,1343.9,1340.85,1341.5,368038
2021-01-25 14:15:00+05:30,1341.6,1345.0,1340.25,1344.3,456976
2021-01-25 14:45:00+05:30,1344.3,1345.95,1313.0,1318.85,1076192
2021-01-25 15:15:00+05:30,1318.85,1335.1,1318.0,1335.0,767652
2021-01-27 09:15:00+05:30,1319.6,1327.45,1313.5,1324.55,1335978
2021-01-27 09:45:00+05:30,1324.6,1324.6,1317.45,1319.95,510174
2021-01-27 10:15:00+05:30,1319.9,1320.6,1315.15,1315.65,327107
2021-01-27 10:45:00+05:30,1315.6,1316.45,1309.5,1311.5,616557
2021-01-27 11:15:00+05:30,1311.55,1316.85,1311.0,1314.0,382284
2021-01-27 11:45:00+05:30,1314.1,1316.25,1310.55,1312.65,703276
2021-01-27 12:15:00+05:30,1312.5,1315.5,1307.15,1311.55,446880
2021-01-27 12:45:00+05:30,1311.35,1314.9,1308.0,1310.0,439813
2021-01-27 13:15:00+05:30,1310.1,1311.0,1296.3,1296.3,628134
2021-01-27 13:45:00+05:30,1296.35,1301.95,1295.65,1296.5,368760
2021-01-27 14:15:00+05:30,1296.95,1297.7,1286.0,1287.05,578842
2021-01-27 14:45:00+05:30,1287.05,1305.05,1285.1,1301.0,1071027
2021-01-27 15:15:00+05:30,1301.1,1304.45,1298.15,1302.8,664226
2021-01-28 09:15:00+05:30,1291.8,1295.85,1281.8,1292.95,764540
2021-01-28 09:45:00+05:30,1292.65,1294.95,1287.45,1290.6,308053
2021-01-28 10:15:00+05:30,1290.05,1290.7,1280.05,1282.0,400091
2021-01-28 10:45:00+05:30,1282.0,1289.95,1281.25,1288.15,273148
2021-01-28 11:15:00+05:30,1288.0,1288.5,1283.0,1285.9,180795
2021-01-28 11:45:00+05:30,1285.85,1288.5,1280.5,1281.9,292884
2021-01-28 12:15:00+05:30,1281.7,1282.45,1278.15,1280.0,257681
2021-01-28 12:45:00+05:30,1279.95,1282.0,1277.0,1278.2,236372
2021-01-28 13:15:00+05:30,1277.8,1283.75,1275.45,1279.2,421166
2021-01-28 13:45:00+05:30,1279.2,1284.75,1277.7,1282.45,303095
2021-01-28 14:15:00+05:30,1282.25,1284.75,1279.15,1281.55,256836
2021-01-28 14:45:00+05:30,1281.45,1281.6,1275.1,1275.55,491593
2021-01-28 15:15:00+05:30,1275.4,1276.5,1272.9,1276.5,447549
2021-01-29 09:15:00+05:30,1286.25,1291.15,1275.0,1277.0,833935
2021-01-29 09:45:00+05:30,1276.6,1279.45,1270.55,1276.95,576664
2021-01-29 10:15:00+05:30,1276.55,1281.7,1269.0,1271.9,738555
2021-01-29 10:45:00+05:30,1271.9,1274.85,1269.6,1273.45,327834
2021-01-29 11:15:00+05:30,1273.4,1273.45,1267.3,1267.75,356054
2021-01-29 11:45:00+05:30,1267.7,1267.75,1258.25,1260.4,492070
2021-01-29 12:15:00+05:30,1260.4,1265.65,1259.0,1262.05,368639
2021-01-29 12:45:00+05:30,1262.0,1263.1,1257.8,1261.0,287426
2021-01-29 13:15:00+05:30,1260.9,1261.0,1255.0,1255.9,478751
2021-01-29 13:45:00+05:30,1255.5,1256.2,1249.0,1249.95,979751
2021-01-29 14:15:00+05:30,1249.95,1258.0,1247.0,1249.3,1168217
2021-01-29 14:45:00+05:30,1248.2,1250.0,1231.1,1240.25,3427246
2021-01-29 15:15:00+05:30,1239.9,1251.3,1236.2,1250.0,2125835
2021-02-01 09:15:00+05:30,1250.55,1256.5,1241.15,1245.7,1012133
2021-02-01 09:45:00+05:30,1245.7,1255.75,1243.0,1251.85,342549
2021-02-01 10:15:00+05:30,1251.85,1254.95,1247.3,1251.55,296672
2021-02-01 10:45:00+05:30,1252.0,1253.0,1245.0,1248.35,274741
2021-02-01 11:15:00+05:30,1248.35,1260.7,1248.2,1259.05,489823
2021-02-01 11:45:00+05:30,1259.1,1264.45,1250.05,1250.2,424525
2021-02-01 12:15:00+05:30,1249.75,1262.5,1247.8,1256.05,420543
2021-02-01 12:45:00+05:30,1256.05,1267.8,1244.0,1246.1,885273
2021-02-01 13:15:00+05:30,1246.1,1254.55,1241.55,1251.25,1027763
2021-02-01 13:45:00+05:30,1251.7,1259.0,1243.2,1248.35,841928
2021-02-01 14:15:00+05:30,1248.4,1277.5,1247.0,1275.0,1190626
2021-02-01 14:45:00+05:30,1275.05,1275.05,1255.5,1259.0,1092166
2021-02-01 15:15:00+05:30,1258.95,1267.35,1258.5,1267.1,536839
2021-02-02 09:15:00+05:30,1280.0,1294.4,1273.1,1282.0,1257078
2021-02-02 09:45:00+05:30,1282.45,1283.5,1264.5,1269.95,775759
2021-02-02 10:15:00+05:30,1270.45,1274.7,1263.85,1268.45,745175
2021-02-02 10:45:00+05:30,1268.85,1276.55,1267.0,1269.25,443336
2021-02-02 11:15:00+05:30,1269.05,1276.0,1268.8,1275.0,273722
2021-02-02 11:45:00+05:30,1274.5,1278.95,1272.0,1274.65,354177
2021-02-02 12:15:00+05:30,1274.75,1281.25,1273.2,1278.55,297502
2021-02-02 12:45:00+05:30,1278.0,1283.75,1275.15,1280.65,308508
2021-02-02 13:15:00+05:30,1280.5,1284.95,1276.55,1283.0,278880
2021-02-02 13:45:00+05:30,1283.0,1283.9,1277.9,1278.95,319040
2021-02-02 14:15:00+05:30,1278.85,1280.8,1276.7,1278.75,356260
2021-02-02 14:45:00+05:30,1278.75,1278.95,1266.0,1270.85,943913
2021-02-02 15:15:00+05:30,1270.85,1277.05,1270.55,1275.5,519050
2021-02-03 09:15:00+05:30,1277.65,1289.0,1273.15,1288.4,1427400
2021-02-03 09:45:00+05:30,1288.05,1290.8,1282.2,1290.4,561642
2021-02-03 10:15:00+05:30,1290.35,1293.2,1284.4,1285.05,745156
2021-02-03 10:45:00+05:30,1285.05,1291.5,1283.4,1289.25,596503
2021-02-03 11:15:00+05:30,1289.05,1291.4,1285.2,1289.65,375645
2021-02-03 11:45:00+05:30,1289.55,1296.6,1288.0,1296.1,439291
2021-02-03 12:15:00+05:30,1296.05,1299.9,1295.2,1297.8,704968
2021-02-03 12:45:00+05:30,1298.0,1304.0,1296.4,1301.2,623745
2021-02-03 13:15:00+05:30,1301.2,1301.2,1296.2,1298.25,344236
2021-02-03 13:45:00+05:30,1298.3,1299.8,1287.55,1290.0,512330
2021-02-03 14:15:00+05:30,1289.7,1292.5,1286.75,1288.8,475672
2021-02-03 14:45:00+05:30,1288.75,1290.0,1280.45,1281.7,733387
2021-02-03 15:15:00+05:30,1281.75,1288.5,1281.05,1285.0,613971
2021-02-04 09:15:00+05:30,1285.0,1293.4,1279.15,1284.55,773771
2021-02-04 09:45:00+05:30,1284.5,1286.6,1281.15,1283.0,311080
2021-02-04 10:15:00+05:30,1283.2,1283.6,1275.65,1278.25,330348
2021-02-04 10:45:00+05:30,1278.05,1280.45,1272.1,1280.0,457304
2021-02-04 11:15:00+05:30,1279.8,1283.45,1278.0,1282.85,261593
2021-02-04 11:45:00+05:30,1282.85,1283.7,1280.0,1282.2,150838
2021-02-04 12:15:00+05:30,1282.55,1286.4,1280.0,1280.15,283460
2021-02-04 12:45:00+05:30,1280.15,1282.2,1277.5,1278.0,274855
2021-02-04 13:15:00+05:30,1278.1,1281.65,1278.05,1280.0,204530
2021-02-04 13:45:00+05:30,1280.0,1285.5,1280.0,1284.95,231426
2021-02-04 14:15:00+05:30,1284.85,1286.0,1280.0,1281.0,306513
2021-02-04 14:45:00+05:30,1281.0,1282.0,1278.0,1279.5,705938
2021-02-04 15:15:00+05:30,1279.5,1281.0,1276.5,1279.0,717836
2021-02-05 09:15:00+05:30,1286.4,1288.0,1265.2,1266.85,1036032
2021-02-05 09:45:00+05:30,1266.1,1269.7,1264.0,1267.65,401171
2021-02-05 10:15:00+05:30,1267.65,1268.35,1263.2,1266.85,296079
2021-02-05 10:45:00+05:30,1266.8,1268.1,1262.0,1267.1,295030
2021-02-05 11:15:00+05:30,1267.2,1268.3,1264.65,1266.4,460632
2021-02-05 11:45:00+05:30,1266.4,1267.3,1265.25,1265.5,211729
2021-02-05 12:15:00+05:30,1265.5,1268.05,1265.05,1266.85,232899
2021-02-05 12:45:00+05:30,1266.9,1273.4,1266.45,1267.1,514388
2021-02-05 13:15:00+05:30,1267.1,1269.0,1265.05,1266.25,459263
2021-02-05 13:45:00+05:30,1266.5,1272.75,1266.0,1270.85,271802
2021-02-05 14:15:00+05:30,1271.05,1272.0,1266.0,1271.25,295757
2021-02-05 14:45:00+05:30,1271.25,1276.0,1269.65,1273.75,613678
2021-02-05 15:15:00+05:30,1273.95,1274.8,1270.55,1273.0,370125
2021-02-08 09:15:00+05:30,1285.5,1287.35,1275.5,1280.1,719813
2021-02-08 09:45:00+05:30,1279.7,1280.75,1275.55,1278.0,399589
2021-02-08 10:15:00+05:30,1278.0,1284.8,1276.6,1282.6,413312
2021-02-08 10:45:00+05:30,1282.6,1283.95,1279.15,1281.8,321187
2021-02-08 11:15:00+05:30,1281.85,1283.65,1280.85,1282.85,325328
2021-02-08 11:45:00+05:30,1282.6,1285.6,1282.0,1284.8,235387
2021-02-08 12:15:00+05:30,1284.85,1298.0,1284.8,1296.8,800047
2021-02-08 12:45:00+05:30,1296.8,1296.95,1292.55,1293.4,445127
2021-02-08 13:15:00+05:30,1293.4,1293.5,1290.0,1293.25,398933
2021-02-08 13:45:00+05:30,1293.4,1302.35,1293.25,1298.75,661321
2021-02-08 14:15:00+05:30,1298.8,1305.85,1298.2,1301.8,813664
2021-02-08 14:45:00+05:30,1301.4,1304.6,1298.25,1299.4,606231
2021-02-08 15:15:00+05:30,1299.4,1310.0,1297.4,1310.0,756036
2021-02-09 09:15:00+05:30,1306.9,1332.0,1306.9,1326.45,2470852
2021-02-09 09:45:00+05:30,1326.4,1326.8,1319.05,1322.4,760189
2021-02-09 10:15:00+05:30,1322.4,1325.0,1318.4,1320.1,458907
2021-02-09 10:45:00+05:30,1319.6,1323.2,1317.35,1319.5,313824
2021-02-09 11:15:00+05:30,1319.15,1320.45,1314.0,1316.1,397692
2021-02-09 11:45:00+05:30,1316.1,1317.7,1311.15,1317.0,345977
2021-02-09 12:15:00+05:30,1316.35,1321.5,1316.05,1320.0,362249
2021-02-09 12:45:00+05:30,1320.1,1320.5,1317.35,1318.1,246335
2021-02-09 13:15:00+05:30,1317.7,1318.3,1313.85,1314.85,318339
2021-02-09 13:45:00+05:30,1314.75,1316.8,1311.5,1314.3,293713
2021-02-09 14:15:00+05:30,1314.25,1315.35,1312.0,1313.5,307916
2021-02-09 14:45:00+05:30,1313.5,1313.8,1297.85,1306.3,1032132
2021-02-09 15:15:00+05:30,1306.6,1310.0,1305.5,1307.5,597849
2021-02-10 09:15:00+05:30,1295.8,1304.2,1286.7,1302.55,1205576
2021-02-10 09:45:00+05:30,1302.85,1302.85,1294.7,1296.2,404149
2021-02-10 10:15:00+05:30,1296.2,1296.2,1288.25,1290.5,463767
2021-02-10 10:45:00+05:30,1290.5,1294.0,1289.55,1290.1,272336
2021-02-10 11:15:00+05:30,1290.25,1292.9,1289.45,1291.15,247978
2021-02-10 11:45:00+05:30,1291.15,1298.75,1290.25,1294.25,367637
2021-02-10 12:15:00+05:30,1294.25,1294.95,1291.6,1292.85,275203
2021-02-10 12:45:00+05:30,1293.45,1296.0,1291.5,1292.2,268844
2021-02-10 13:15:00+05:30,1292.2,1293.5,1283.6,1285.2,531219
2021-02-10 13:45:00+05:30,1285.3,1291.0,1284.55,1290.1,340497
2021-02-10 14:15:00+05:30,1290.1,1292.85,1288.0,1290.8,338022
2021-02-10 14:45:00+05:30,1290.7,1298.7,1289.0,1297.75,758928
2021-02-10 15:15:00+05:30,1297.75,1299.35,1296.0,1297.0,442980
2021-02-11 09:15:00+05:30,1289.0,1292.7,1285.0,1289.25,643880
2021-02-11 09:45:00+05:30,1289.35,1292.6,1285.0,1289.6,501105
2021-02-11 10:15:00+05:30,1289.7,1290.95,1286.0,1286.3,316325
2021-02-11 10:45:00+05:30,1286.5,1287.95,1283.75,1285.35,318731
2021-02-11 11:15:00+05:30,1285.35,1288.8,1285.3,1287.5,270359
2021-02-11 11:45:00+05:30,1287.7,1289.1,1285.3,1286.2,232856
2021-02-11 12:15:00+05:30,1286.2,1287.8,1285.8,1286.65,212241
2021-02-11 12:45:00+05:30,1287.05,1289.0,1286.5,1288.9,284269
2021-02-11 13:15:00+05:30,1288.75,1290.3,1287.6,1289.65,231674
2021-02-11 13:45:00+05:30,1289.95,1296.0,1288.9,1295.0,415311
2021-02-11 14:15:00+05:30,1295.1,1295.45,1290.4,1294.7,321644
2021-02-11 14:45:00+05:30,1294.65,1295.0,1290.5,1292.0,462300
2021-02-11 15:15:00+05:30,1292.0,1294.75,1289.65,1292.2,449466
2021-02-12 09:15:00+05:30,1305.0,1323.7,1301.6,1322.8,1843472
2021-02-12 09:45:00+05:30,1322.45,1322.75,1310.05,1312.0,582275
2021-02-12 10:15:00+05:30,1312.0,1316.0,1310.5,1311.6,314767
2021-02-12 10:45:00+05:30,1311.05,1313.75,1308.25,1310.7,284583
2021-02-12 11:15:00+05:30,1310.7,1310.7,1303.65,1310.5,391353
2021-02-12 11:45:00+05:30,1310.5,1312.45,1308.55,1311.45,307648
2021-02-12 12:15:00+05:30,1311.7,1311.75,1307.15,1307.85,123208
2021-02-12 12:45:00+05:30,1307.85,1315.5,1307.4,1314.1,288630
2021-02-12 13:15:00+05:30,1314.3,1314.5,1310.1,1312.75,182617
2021-02-12 13:45:00+05:30,1312.9,1314.0,1302.35,1305.9,402899
2021-02-12 14:15:00+05:30,1305.9,1310.85,1304.0,1308.35,246696
2021-02-12 14:45:00+05:30,1308.35,1310.25,1306.1,1309.65,353166
2021-02-12 15:15:00+05:30,1309.8,1313.65,1308.1,1312.0,440188
2021-02-15 09:15:00+05:30,1320.0,1326.4,1315.0,1325.0,940682
2021-02-15 09:45:00+05:30,1325.2,1328.4,1321.1,1324.0,579488
2021-02-15 10:15:00+05:30,1324.0,1324.8,1318.5,1321.75,313459
2021-02-15 10:45:00+05:30,1321.75,1321.75,1317.0,1318.55,204823
2021-02-15 11:15:00+05:30,1318.55,1321.0,1318.0,1318.75,162199
2021-02-15 11:45:00+05:30,1318.75,1320.3,1316.35,1319.95,185800
2021-02-15 12:15:00+05:30,1320.0,1320.0,1313.6,1315.0,246785
2021-02-15 12:45:00+05:30,1314.95,1316.4,1312.0,1316.2,253233
2021-02-15 13:15:00+05:30,1316.2,1317.3,1312.0,1314.6,290204
2021-02-15 13:45:00+05:30,1314.6,1316.25,1310.0,1310.95,283157
2021-02-15 14:15:00+05:30,1310.95,1316.45,1310.0,1311.9,251319
2021-02-15 14:45:00+05:30,1311.9,1312.9,1307.1,1311.75,323621
2021-02-15 15:15:00+05:30,1311.4,1312.75,1307.2,1312.0,312176
2021-02-16 09:15:00+05:30,1314.0,1319.75,1304.05,1318.3,855968
2021-02-16 09:45:00+05:30,1318.5,1318.6,1306.0,1307.55,804010
2021-02-16 10:15:00+05:30,1307.55,1309.95,1304.4,1305.15,304819
2021-02-16 10:45:00+05:30,1305.2,1306.8,1302.0,1302.8,262248
2021-02-16 11:15:00+05:30,1302.5,1303.9,1299.05,1300.25,313325
2021-02-16 11:45:00+05:30,1300.25,1306.1,1299.0,1300.9,218798
2021-02-16 12:15:00+05:30,1300.9,1301.4,1295.0,1295.6,418389
2021-02-16 12:45:00+05:30,1295.6,1296.85,1288.6,1293.25,446374
2021-02-16 13:15:00+05:30,1293.25,1297.5,1290.4,1295.05,453657
2021-02-16 13:45:00+05:30,1295.05,1295.05,1289.05,1291.15,519589
2021-02-16 14:15:00+05:30,1291.2,1291.2,1287.0,1287.7,722043
2021-02-16 14:45:00+05:30,1287.7,1291.45,1286.0,1289.95,951674
2021-02-16 15:15:00+05:30,1289.95,1295.05,1288.75,1294.8,612922
2021-02-17 09:15:00+05:30,1290.4,1294.0,1277.2,1284.1,1219803
2021-02-17 09:45:00+05:30,1284.65,1288.6,1281.0,1284.5,372435
2021-02-17 10:15:00+05:30,1284.5,1285.1,1279.0,1280.3,218909
2021-02-17 10:45:00+05:30,1280.8,1289.0,1280.35,1286.25,272066
2021-02-17 11:15:00+05:30,1286.4,1287.75,1284.6,1285.7,116506
2021-02-17 11:45:00+05:30,1285.9,1286.7,1284.8,1285.5,140044
2021-02-17 12:15:00+05:30,1285.65,1289.0,1285.0,1286.6,175299
2021-02-17 12:45:00+05:30,1286.6,1287.5,1284.95,1285.0,172438
2021-02-17 13:15:00+05:30,1285.0,1286.55,1280.5,1282.2,245700
2021-02-17 13:45:00+05:30,1282.2,1284.75,1281.4,1282.9,148575
2021-02-17 14:15:00+05:30,1283.0,1283.0,1280.1,1281.6,192683
2021-02-17 14:45:00+05:30,1281.6,1283.9,1280.0,1283.6,562604
2021-02-17 15:15:00+05:30,1283.5,1284.0,1276.8,1280.5,671478
2021-02-18 09:15:00+05:30,1276.0,1306.0,1275.25,1301.9,1337674
2021-02-18 09:45:00+05:30,1301.85,1302.6,1296.1,1297.4,331432
2021-02-18 10:15:00+05:30,1297.3,1299.8,1293.45,1294.5,275447
2021-02-18 10:45:00+05:30,1294.5,1295.05,1289.7,1291.95,318481
2021-02-18 11:15:00+05:30,1291.9,1293.9,1285.0,1285.65,351746
2021-02-18 11:45:00+05:30,1285.6,1287.5,1283.0,1285.35,282552
2021-02-18 12:15:00+05:30,1285.3,1290.0,1281.3,1287.5,347323
2021-02-18 12:45:00+05:30,1287.5,1290.8,1286.45,1289.6,253282
2021-02-18 13:15:00+05:30,1289.55,1290.0,1285.15,1287.55,239035
2021-02-18 13:45:00+05:30,1287.55,1291.0,1284.25,1289.25,362949
2021-02-18 14:15:00+05:30,1290.9,1294.2,1289.5,1292.45,407239
2021-02-18 14:45:00+05:30,1292.55,1295.0,1289.15,1291.9,1049418
2021-02-18 15:15:00+05:30,1292.05,1294.0,1289.4,1289.4,849933
2021-02-19 09:15:00+05:30,1296.1,1297.55,1276.9,1282.5,1093170
2021-02-19 09:45:00+05:30,1282.7,1285.45,1280.6,1281.4,275896
2021-02-19 10:15:00+05:30,1281.95,1284.3,1281.35,1283.4,200779
2021-02-19 10:45:00+05:30,1283.45,1288.8,1283.0,1287.0,335302
2021-02-19 11:15:00+05:30,1287.0,1287.9,1284.95,1286.9,129739
2021-02-19 11:45:00+05:30,1286.9,1290.5,1286.7,1290.05,274297
2021-02-19 12:15:00+05:30,1290.05,1290.5,1285.6,1289.35,172665
2021-02-19 12:45:00+05:30,1289.35,1293.0,1289.15,1291.45,234452
2021-02-19 13:15:00+05:30,1291.45,1295.95,1287.0,1288.6,396027
2021-02-19 13:45:00+05:30,1288.45,1292.0,1284.55,1285.1,343176
2021-02-19 14:15:00+05:30,1285.1,1299.5,1284.5,1296.15,609547
2021-02-19 14:45:00+05:30,1296.15,1296.4,1285.65,1291.05,809701
2021-02-19 15:15:00+05:30,1291.0,1294.0,1290.0,1292.95,492850
2021-02-22 09:15:00+05:30,1295.0,1308.5,1294.7,1300.3,1410308
2021-02-22 09:45:00+05:30,1300.3,1301.0,1291.1,1294.65,695085
2021-02-22 10:15:00+05:30,1294.65,1300.5,1291.3,1297.65,299502
2021-02-22 10:45:00+05:30,1297.6,1301.0,1294.7,1297.05,278957
2021-02-22 11:15:00+05:30,1297.05,1298.1,1287.05,1287.05,405824
2021-02-22 11:45:00+05:30,1286.85,1290.95,1280.0,1282.65,462609
2021-02-22 12:15:00+05:30,1282.65,1282.65,1267.7,1278.55,644785
2021-02-22 12:45:00+05:30,1279.1,1280.1,1272.3,1274.9,366328
2021-02-22 13:15:00+05:30,1274.8,1277.0,1269.0,1269.75,316114
2021-02-22 13:45:00+05:30,1269.65,1270.3,1263.2,1269.45,469216
2021-02-22 14:15:00+05:30,1269.4,1274.7,1265.25,1273.0,357206
2021-02-22 14:45:00+05:30,1272.95,1273.85,1264.25,1264.8,937889
2021-02-22 15:15:00+05:30,1264.75,1265.8,1260.1,1264.15,709075
2021-02-23 09:15:00+05:30,1271.15,1273.0,1260.0,1264.45,964792
2021-02-23 09:45:00+05:30,1264.45,1269.9,1257.55,1269.75,533496
2021-02-23 10:15:00+05:30,1269.9,1290.0,1269.9,1285.25,830691
2021-02-23 10:45:00+05:30,1285.95,1287.0,1279.15,1283.2,393009
2021-02-23 11:15:00+05:30,1283.15,1283.85,1274.75,1275.95,288068
2021-02-23 11:45:00+05:30,1275.95,1279.4,1270.15,1270.5,366411
2021-02-23 12:15:00+05:30,1270.5,1273.8,1268.6,1269.6,296306
2021-02-23 12:45:00+05:30,1269.6,1275.0,1265.5,1274.3,424049
2021-02-23 13:15:00+05:30,1274.7,1275.0,1267.0,1268.85,449532
2021-02-23 13:45:00+05:30,1268.85,1271.4,1265.45,1267.7,356797
2021-02-23 14:15:00+05:30,1267.7,1270.55,1263.25,1266.95,407538
2021-02-23 14:45:00+05:30,1266.95,1269.95,1264.35,1267.35,712989
2021-02-23 15:15:00+05:30,1267.35,1269.0,1264.35,1268.0,569773
2021-02-24 09:15:00+05:30,1260.05,1263.75,1254.0,1257.3,983652
2021-02-24 09:45:00+05:30,1257.25,1275.95,1257.05,1275.05,1050965
2021-02-24 10:15:00+05:30,1275.25,1275.4,1264.3,1268.45,311987
2021-02-24 10:45:00+05:30,1268.45,1270.5,1265.7,1267.55,209699
2021-02-24 11:15:00+05:30,1267.25,1268.0,1257.0,1257.2,454573
2021-02-24 15:45:00+05:30,1257.15,1266.7,1252.6,1265.0,598642
2021-02-24 16:15:00+05:30,1265.3,1275.95,1264.6,1274.95,671082
2021-02-24 16:45:00+05:30,1275.0,1276.6,1270.0,1272.7,219597
2021-02-25 09:15:00+05:30,1288.45,1295.4,1282.05,1290.05,1097573
2021-02-25 09:45:00+05:30,1290.1,1299.35,1289.0,1289.55,1104759
2021-02-25 10:15:00+05:30,1289.4,1290.05,1285.1,1286.9,509622
2021-02-25 10:45:00+05:30,1286.9,1292.65,1285.5,1289.4,460243
2021-02-25 11:15:00+05:30,1289.25,1289.95,1283.25,1283.85,476939
2021-02-25 11:45:00+05:30,1283.95,1285.5,1279.15,1281.05,660142
2021-02-25 12:15:00+05:30,1281.05,1283.7,1277.85,1281.85,496594
2021-02-25 12:45:00+05:30,1281.8,1283.0,1278.05,1278.9,495301
2021-02-25 13:15:00+05:30,1278.75,1283.0,1278.0,1282.55,403506
2021-02-25 13:45:00+05:30,1282.6,1283.0,1278.55,1279.05,318528
2021-02-25 14:15:00+05:30,1279.0,1282.0,1276.95,1278.75,415116
2021-02-25 14:45:00+05:30,1278.75,1278.95,1273.25,1273.25,1270674
2021-02-25 15:15:00+05:30,1273.25,1275.2,1272.1,1275.0,1033237
2021-02-26 09:15:00+05:30,1269.0,1274.3,1261.15,1268.75,1947975
2021-02-26 09:45:00+05:30,1268.7,1270.85,1264.2,1269.85,803196
2021-02-26 10:15:00+05:30,1269.85,1270.0,1260.0,1261.6,589977
2021-02-26 10:45:00+05:30,1261.6,1263.2,1251.2,1253.95,512150
2021-02-26 11:15:00+05:30,1253.95,1259.0,1248.1,1258.5,694798
2021-02-26 11:45:00+05:30,1258.6,1261.5,1252.75,1253.45,500494
2021-02-26 12:15:00+05:30,1253.4,1259.0,1252.0,1255.85,698191
2021-02-26 12:45:00+05:30,1255.85,1260.8,1250.25,1250.25,604876
2021-02-26 13:15:00+05:30,1250.6,1253.6,1247.0,1248.65,698127
2021-02-26 13:45:00+05:30,1248.6,1259.25,1244.9,1256.0,1052568
2021-02-26 14:15:00+05:30,1255.3,1255.65,1248.55,1252.1,738669
2021-02-26 14:45:00+05:30,1252.1,1258.3,1249.05,1255.2,3474374
2021-02-26 15:15:00+05:30,1255.35,1257.85,1248.1,1254.0,2703757
2021-03-01 09:15:00+05:30,1263.3,1280.95,1259.0,1272.4,1135227
2021-03-01 09:45:00+05:30,1273.0,1277.0,1271.0,1275.4,532855
2021-03-01 10:15:00+05:30,1275.95,1284.0,1275.15,1284.0,978258
2021-03-01 10:45:00+05:30,1284.0,1284.45,1275.0,1277.4,547572
2021-03-01 11:15:00+05:30,1277.4,1279.4,1267.1,1268.35,868900
2021-03-01 11:45:00+05:30,1268.35,1275.0,1267.15,1274.95,542032
2021-03-01 12:15:00+05:30,1274.95,1275.0,1270.0,1273.35,437748
2021-03-01 12:45:00+05:30,1273.35,1278.0,1272.8,1276.05,548622
2021-03-01 13:15:00+05:30,1276.05,1279.0,1273.5,1277.1,557806
2021-03-01 13:45:00+05:30,1276.95,1277.5,1267.1,1267.3,1152652
2021-03-01 14:15:00+05:30,1267.25,1269.0,1264.65,1266.65,995678
2021-03-01 14:45:00+05:30,1266.25,1267.5,1262.75,1267.5,1239064
2021-03-01 15:15:00+05:30,1267.2,1272.45,1266.05,1271.0,787142
2021-03-02 09:15:00+05:30,1282.25,1300.85,1279.2,1300.85,2024437
2021-03-02 09:45:00+05:30,1300.65,1301.5,1294.0,1296.25,617571
2021-03-02 10:15:00+05:30,1296.25,1298.15,1288.85,1293.8,469562
2021-03-02 10:45:00+05:30,1294.0,1296.75,1287.6,1290.0,534513
2021-03-02 11:15:00+05:30,1290.3,1297.9,1288.0,1296.7,346115
2021-03-02 11:45:00+05:30,1297.15,1298.9,1292.45,1294.0,439290
2021-03-02 12:15:00+05:30,1294.0,1295.85,1289.2,1291.45,588608
2021-03-02 12:45:00+05:30,1291.45,1292.0,1288.05,1288.95,562042
2021-03-02 13:15:00+05:30,1289.55,1290.35,1286.7,1289.65,552482
2021-03-02 13:45:00+05:30,1289.7,1290.55,1287.65,1289.9,1013557
2021-03-02 14:15:00+05:30,1290.3,1295.9,1289.0,1294.45,792448
2021-03-02 14:45:00+05:30,1294.4,1304.95,1292.65,1304.7,1291286
2021-03-02 15:15:00+05:30,1304.9,1310.0,1303.0,1308.6,1206259
2021-03-03 09:15:00+05:30,1319.2,1319.4,1308.2,1312.55,1364264
2021-03-03 09:45:00+05:30,1312.6,1318.95,1311.35,1317.9,639576
2021-03-03 10:15:00+05:30,1317.9,1327.0,1316.35,1326.6,915084
2021-03-03 10:45:00+05:30,1326.0,1326.55,1322.0,1325.95,495552
2021-03-03 11:15:00+05:30,1325.95,1328.0,1324.3,1326.0,437264
2021-03-03 11:45:00+05:30,1325.95,1329.8,1325.2,1328.1,423037
2021-03-03 12:15:00+05:30,1328.2,1331.8,1328.0,1331.8,487249
2021-03-03 12:45:00+05:30,1331.2,1334.5,1330.35,1332.1,418613
2021-03-03 13:15:00+05:30,1332.2,1335.0,1332.1,1334.9,373782
2021-03-03 13:45:00+05:30,1335.0,1335.9,1331.1,1333.95,438347
2021-03-03 14:15:00+05:30,1333.95,1338.4,1333.95,1338.05,478026
2021-03-03 14:45:00+05:30,1338.35,1346.0,1338.0,1344.85,1331561
2021-03-03 15:15:00+05:30,1344.15,1346.9,1338.6,1340.95,1145253
2021-03-04 09:15:00+05:30,1335.0,1363.75,1331.0,1342.0,3774490
2021-03-04 09:45:00+05:30,1342.0,1348.0,1335.6,1343.5,1115108
2021-03-04 10:15:00+05:30,1343.5,1347.0,1338.3,1344.65,611565
2021-03-04 10:45:00+05:30,1344.65,1347.0,1338.8,1346.2,516820
2021-03-04 11:15:00+05:30,1346.2,1352.0,1344.0,1348.5,614465
2021-03-04 11:45:00+05:30,1348.5,1348.5,1345.0,1346.45,200717
2021-03-04 12:15:00+05:30,1346.3,1352.0,1345.05,1350.1,349101
2021-03-04 12:45:00+05:30,1350.2,1352.95,1347.15,1350.05,337867
2021-03-04 13:15:00+05:30,1350.05,1351.0,1347.0,1348.5,408293
2021-03-04 13:45:00+05:30,1348.55,1348.85,1342.1,1347.7,380806
2021-03-04 14:15:00+05:30,1348.0,1350.0,1337.0,1339.7,552721
2021-03-04 14:45:00+05:30,1339.65,1341.55,1325.9,1329.4,1727837
2021-03-04 15:15:00+05:30,1329.4,1334.6,1327.4,1334.6,1344574
2021-03-05 09:15:00+05:30,1328.5,1339.9,1322.35,1338.9,1159122
2021-03-05 09:45:00+05:30,1338.15,1339.6,1327.0,1327.3,481176
2021-03-05 10:15:00+05:30,1327.0,1331.4,1323.0,1327.65,458112
2021-03-05 10:45:00+05:30,1327.65,1328.9,1323.0,1325.7,320485
2021-03-05 11:15:00+05:30,1325.95,1329.0,1323.25,1327.15,302922
2021-03-05 11:45:00+05:30,1327.15,1328.95,1324.1,1326.9,228367
2021-03-05 12:15:00+05:30,1326.9,1328.9,1324.05,1325.55,240048
2021-03-05 12:45:00+05:30,1325.9,1326.45,1323.5,1324.0,225153
2021-03-05 13:15:00+05:30,1324.05,1325.9,1316.1,1316.1,380866
2021-03-05 13:45:00+05:30,1316.1,1318.0,1309.0,1310.35,559423
2021-03-05 14:15:00+05:30,1310.7,1316.0,1308.75,1313.3,444560
2021-03-05 14:45:00+05:30,1313.25,1322.0,1305.2,1321.5,978701
2021-03-05 15:15:00+05:30,1321.65,1324.0,1318.0,1322.0,655956
2021-03-08 09:15:00+05:30,1324.8,1328.45,1317.2,1325.5,748319
2021-03-08 09:45:00+05:30,1325.15,1338.0,1325.15,1333.2,508027
2021-03-08 10:15:00+05:30,1333.2,1336.0,1329.1,1329.15,333554
2021-03-08 10:45:00+05:30,1328.7,1334.6,1328.2,1333.95,268280
2021-03-08 11:15:00+05:30,1334.0,1337.35,1331.5,1334.1,166362
2021-03-08 11:45:00+05:30,1334.55,1335.0,1330.0,1331.35,144765
2021-03-08 12:15:00+05:30,1331.4,1333.55,1330.0,1330.35,145572
2021-03-08 12:45:00+05:30,1330.3,1336.5,1329.0,1335.75,260913
2021-03-08 13:15:00+05:30,1335.8,1343.8,1334.0,1338.15,597500
2021-03-08 13:45:00+05:30,1338.2,1341.95,1336.0,1341.75,359936
2021-03-08 14:15:00+05:30,1341.8,1346.1,1340.3,1343.25,515975
2021-03-08 14:45:00+05:30,1343.25,1343.3,1331.0,1335.95,667258
2021-03-08 15:15:00+05:30,1336.0,1339.75,1335.55,1336.05,383610
2021-03-09 09:15:00+05:30,1329.5,1339.2,1324.15,1336.5,1063753
2021-03-09 09:45:00+05:30,1336.5,1336.5,1329.7,1329.75,640852
2021-03-09 10:15:00+05:30,1329.7,1334.65,1329.7,1332.5,327421
2021-03-09 10:45:00+05:30,1332.5,1335.35,1330.0,1331.45,264043
2021-03-09 11:15:00+05:30,1331.5,1332.0,1325.0,1328.8,368837
2021-03-09 11:45:00+05:30,1328.75,1329.0,1322.1,1322.7,335809
2021-03-09 12:15:00+05:30,1322.7,1323.75,1318.75,1323.5,345030
2021-03-09 12:45:00+05:30,1323.5,1326.5,1323.25,1323.9,229295
2021-03-09 13:15:00+05:30,1323.95,1329.0,1321.2,1326.5,350529
2021-03-09 13:45:00+05:30,1326.75,1336.95,1324.8,1336.85,395666
2021-03-09 14:15:00+05:30,1336.75,1336.9,1331.65,1331.75,314334
2021-03-09 14:45:00+05:30,1332.05,1350.0,1331.65,1349.25,1023845
2021-03-09 15:15:00+05:30,1349.3,1350.35,1342.25,1344.0,832757
2021-03-10 09:15:00+05:30,1356.9,1365.7,1355.0,1363.0,1375259
2021-03-10 09:45:00+05:30,1362.2,1367.7,1361.0,1361.75,499266
2021-03-10 10:15:00+05:30,1361.75,1362.6,1356.2,1359.8,407253
2021-03-10 10:45:00+05:30,1359.45,1364.5,1358.0,1363.4,262855
2021-03-10 11:15:00+05:30,1363.35,1364.0,1358.8,1360.2,249554
2021-03-10 11:45:00+05:30,1360.2,1362.9,1359.0,1359.95,281761
2021-03-10 12:15:00+05:30,1360.0,1367.1,1359.0,1366.65,604329
2021-03-10 12:45:00+05:30,1366.85,1370.65,1363.6,1366.9,856568
2021-03-10 13:15:00+05:30,1366.9,1369.7,1364.05,1367.3,367743
2021-03-10 13:45:00+05:30,1367.6,1372.8,1366.2,1371.75,528235
2021-03-10 14:15:00+05:30,1372.25,1373.9,1367.5,1369.2,501305
2021-03-10 14:45:00+05:30,1369.45,1370.0,1364.35,1368.8,1180533
2021-03-10 15:15:00+05:30,1369.0,1369.8,1366.0,1366.5,703117
2021-03-12 09:15:00+05:30,1373.0,1390.55,1373.0,1385.1,1714976
2021-03-12 09:45:00+05:30,1385.7,1389.9,1382.0,1388.0,564568
2021-03-12 10:15:00+05:30,1387.95,1389.5,1384.55,1385.45,360712
2021-03-12 10:45:00+05:30,1385.45,1387.75,1383.6,1385.35,255812
2021-03-12 11:15:00+05:30,1385.35,1386.1,1382.65,1384.95,362155
2021-03-12 11:45:00+05:30,1384.95,1385.5,1383.8,1384.05,256708
2021-03-12 12:15:00+05:30,1384.0,1385.0,1381.1,1381.1,437395
2021-03-12 12:45:00+05:30,1381.1,1382.0,1379.5,1380.5,661718
2021-03-12 13:15:00+05:30,1380.15,1382.2,1376.85,1379.0,1058933
2021-03-12 13:45:00+05:30,1379.0,1380.0,1376.7,1377.1,1282820
2021-03-12 14:15:00+05:30,1377.0,1380.0,1376.0,1378.15,893506
2021-03-12 14:45:00+05:30,1378.2,1380.25,1374.0,1374.75,1029837
2021-03-12 15:15:00+05:30,1374.8,1377.0,1370.1,1375.8,492482
2021-03-15 09:15:00+05:30,1370.0,1374.5,1358.9,1359.0,851375
2021-03-15 09:45:00+05:30,1358.95,1372.0,1358.95,1367.9,472918
2021-03-15 10:15:00+05:30,1367.9,1378.3,1367.7,1374.3,576185
2021-03-15 10:45:00+05:30,1374.3,1376.2,1366.5,1369.0,495214
2021-03-15 11:15:00+05:30,1368.5,1374.0,1365.0,1372.95,303092
2021-03-15 11:45:00+05:30,1372.95,1379.9,1370.15,1374.9,459072
2021-03-15 12:15:00+05:30,1375.0,1376.0,1367.7,1368.65,362125
2021-03-15 12:45:00+05:30,1368.65,1371.6,1365.2,1366.0,404283
2021-03-15 13:15:00+05:30,1366.0,1371.0,1365.75,1366.25,453058
2021-03-15 13:45:00+05:30,1366.2,1370.9,1362.1,1364.25,449023
2021-03-15 14:15:00+05:30,1364.1,1368.45,1363.3,1366.0,374653
2021-03-15 14:45:00+05:30,1366.0,1377.95,1365.4,1372.2,932758
2021-03-15 15:15:00+05:30,1372.2,1375.0,1370.0,1371.5,488104
2021-03-16 09:15:00+05:30,1386.05,1389.85,1382.1,1383.05,787308
2021-03-16 09:45:00+05:30,1383.1,1399.8,1382.95,1398.5,1348133
2021-03-16 10:15:00+05:30,1398.1,1402.5,1394.8,1398.95,859202
2021-03-16 10:45:00+05:30,1398.8,1406.0,1398.3,1404.9,808033
2021-03-16 11:15:00+05:30,1404.5,1405.75,1394.65,1395.0,949959
2021-03-16 11:45:00+05:30,1395.0,1398.0,1394.45,1395.0,507023
2021-03-16 12:15:00+05:30,1394.55,1396.9,1390.15,1391.35,475370
2021-03-16 12:45:00+05:30,1391.35,1392.8,1385.25,1385.55,496957
2021-03-16 13:15:00+05:30,1385.8,1390.9,1383.0,1386.4,503534
2021-03-16 13:45:00+05:30,1386.35,1388.7,1380.8,1383.2,405902
2021-03-16 14:15:00+05:30,1383.05,1386.65,1382.2,1383.35,482854
2021-03-16 14:45:00+05:30,1383.35,1388.0,1381.6,1383.0,985891
2021-03-16 15:15:00+05:30,1382.8,1387.0,1380.6,1384.45,720313
2021-03-17 09:15:00+05:30,1392.25,1397.7,1387.6,1394.95,925592
2021-03-17 09:45:00+05:30,1394.95,1400.0,1388.6,1390.0,721066
2021-03-17 10:15:00+05:30,1389.9,1390.95,1382.0,1390.35,461250
2021-03-17 10:45:00+05:30,1390.0,1396.5,1389.9,1396.5,244374
2021-03-17 11:15:00+05:30,1396.35,1399.95,1394.5,1397.9,439891
2021-03-17 11:45:00+05:30,1397.5,1399.5,1393.6,1394.95,402799
2021-03-17 12:15:00+05:30,1394.9,1398.0,1394.2,1396.9,260746
2021-03-17 12:45:00+05:30,1396.9,1398.0,1394.35,1396.05,316966
2021-03-17 13:15:00+05:30,1396.0,1399.0,1395.0,1397.3,383407
2021-03-17 13:45:00+05:30,1397.3,1397.7,1390.9,1392.25,653167
2021-03-17 14:15:00+05:30,1392.35,1396.45,1389.15,1395.4,489438
2021-03-17 14:45:00+05:30,1395.4,1398.25,1383.55,1383.95,1331911
2021-03-17 15:15:00+05:30,1384.0,1388.8,1383.15,1387.1,942354
2021-03-18 09:15:00+05:30,1393.75,1393.75,1361.15,1367.8,2061015
2021-03-18 09:45:00+05:30,1367.7,1367.8,1363.0,1364.9,424605
2021-03-18 10:15:00+05:30,1364.8,1367.9,1363.0,1366.0,447523
2021-03-18 10:45:00+05:30,1366.0,1371.0,1365.05,1366.0,412635
2021-03-18 11:15:00+05:30,1365.7,1366.9,1362.0,1364.6,323795
2021-03-18 11:45:00+05:30,1364.3,1364.65,1362.0,1363.1,219607
2021-03-18 12:15:00+05:30,1363.1,1365.0,1356.1,1357.1,429973
2021-03-18 12:45:00+05:30,1357.0,1357.45,1353.45,1354.5,377287
2021-03-18 13:15:00+05:30,1354.5,1355.35,1337.6,1338.1,874857
2021-03-18 13:45:00+05:30,1338.1,1344.75,1320.3,1321.9,1160101
2021-03-18 14:15:00+05:30,1321.4,1334.65,1313.8,1326.5,1412318
2021-03-18 14:45:00+05:30,1326.5,1338.75,1322.95,1338.75,1537226
2021-03-18 15:15:00+05:30,1339.65,1343.65,1336.7,1341.6,1252683
2021-03-19 09:15:00+05:30,1330.0,1338.4,1321.7,1336.05,1563032
2021-03-19 09:45:00+05:30,1335.3,1337.05,1318.0,1332.35,966213
2021-03-19 10:15:00+05:30,1332.2,1340.8,1327.0,1334.75,681499
2021-03-19 10:45:00+05:30,1335.5,1352.0,1333.8,1340.6,784479
2021-03-19 11:15:00+05:30,1340.15,1342.35,1328.0,1330.35,537616
2021-03-19 11:45:00+05:30,1330.35,1341.0,1330.2,1337.1,449450
2021-03-19 12:15:00+05:30,1337.1,1346.9,1334.0,1341.65,356304
2021-03-19 12:45:00+05:30,1341.0,1348.45,1340.15,1344.15,379629
2021-03-19 13:15:00+05:30,1344.15,1347.2,1340.0,1342.05,420977
2021-03-19 13:45:00+05:30,1342.1,1348.25,1340.75,1346.85,450041
2021-03-19 14:15:00+05:30,1346.85,1347.85,1341.05,1347.15,422282
2021-03-19 14:45:00+05:30,1347.2,1354.95,1340.7,1343.4,3221375
2021-03-19 15:15:00+05:30,1343.4,1349.0,1340.1,1349.0,2493766
2021-03-22 09:15:00+05:30,1350.1,1352.45,1336.95,1350.8,702175
2021-03-22 09:45:00+05:30,1350.8,1353.0,1348.15,1351.55,211559
2021-03-22 10:15:00+05:30,1351.55,1354.05,1346.0,1350.3,233937
2021-03-22 10:45:00+05:30,1350.3,1351.6,1342.0,1346.0,274505
2021-03-22 11:15:00+05:30,1346.0,1350.55,1344.3,1350.55,190339
2021-03-22 11:45:00+05:30,1350.25,1356.0,1349.5,1351.8,219774
2021-03-22 12:15:00+05:30,1351.6,1351.9,1344.7,1349.0,282851
2021-03-22 12:45:00+05:30,1349.0,1351.3,1346.1,1350.0,221853
2021-03-22 13:15:00+05:30,1350.0,1357.9,1347.55,1356.5,414681
2021-03-22 13:45:00+05:30,1356.5,1363.55,1354.95,1361.05,470077
2021-03-22 14:15:00+05:30,1361.25,1363.5,1356.0,1359.3,394862
2021-03-22 14:45:00+05:30,1359.45,1375.95,1356.15,1374.2,793565
2021-03-22 15:15:00+05:30,1374.25,1374.8,1369.8,1371.5,431463
2021-03-23 09:15:00+05:30,1372.45,1379.8,1371.2,1374.3,929206
2021-03-23 09:45:00+05:30,1374.35,1376.95,1372.0,1373.1,343383
2021-03-23 10:15:00+05:30,1373.35,1374.5,1366.6,1367.55,292081
2021-03-23 10:45:00+05:30,1367.45,1370.0,1363.7,1364.5,465281
2021-03-23 11:15:00+05:30,1364.5,1365.75,1360.0,1361.6,380404
2021-03-23 11:45:00+05:30,1361.55,1371.9,1359.65,1371.6,398223
2021-03-23 12:15:00+05:30,1371.7,1372.5,1366.0,1371.55,371493
2021-03-23 12:45:00+05:30,1371.5,1376.4,1370.2,1373.0,375284
2021-03-23 13:15:00+05:30,1372.65,1377.85,1369.35,1374.75,539744
2021-03-23 13:45:00+05:30,1374.7,1377.0,1372.7,1375.25,468448
2021-03-23 14:15:00+05:30,1375.25,1383.15,1375.05,1381.95,589235
2021-03-23 14:45:00+05:30,1381.95,1382.0,1371.6,1372.1,989788
2021-03-23 15:15:00+05:30,1372.2,1373.15,1365.15,1369.8,987137
2021-03-24 09:15:00+05:30,1357.85,1368.95,1355.15,1366.1,966023
2021-03-24 09:45:00+05:30,1366.0,1370.45,1355.1,1355.5,453136
2021-03-24 10:15:00+05:30,1355.25,1360.0,1353.05,1359.35,298385
2021-03-24 10:45:00+05:30,1359.35,1361.8,1352.0,1355.45,275803
2021-03-24 11:15:00+05:30,1355.45,1355.45,1347.2,1350.7,350363
2021-03-24 11:45:00+05:30,1350.55,1356.9,1349.5,1355.5,371250
2021-03-24 12:15:00+05:30,1355.15,1359.8,1354.55,1358.3,382096
2021-03-24 12:45:00+05:30,1358.35,1359.45,1354.4,1356.8,359259
2021-03-24 13:15:00+05:30,1356.5,1363.15,1355.1,1360.0,391159
2021-03-24 13:45:00+05:30,1359.9,1362.85,1357.45,1360.5,397778
2021-03-24 14:15:00+05:30,1360.45,1364.0,1359.0,1364.0,485383
2021-03-24 14:45:00+05:30,1363.9,1364.5,1349.95,1352.65,887063
2021-03-24 15:15:00+05:30,1352.35,1358.0,1351.85,1355.0,503673
2021-03-25 09:15:00+05:30,1346.75,1349.6,1337.45,1338.0,1073731
2021-03-25 09:45:00+05:30,1338.15,1343.95,1333.5,1343.35,701313
2021-03-25 10:15:00+05:30,1343.5,1343.55,1340.6,1342.4,253619
2021-03-25 10:45:00+05:30,1342.6,1346.0,1341.65,1342.75,333202
2021-03-25 11:15:00+05:30,1342.75,1346.65,1340.3,1344.0,434728
2021-03-25 11:45:00+05:30,1343.95,1346.95,1339.45,1342.25,436030
2021-03-25 12:15:00+05:30,1342.25,1342.45,1335.0,1336.55,660608
2021-03-25 12:45:00+05:30,1336.25,1340.0,1335.75,1338.25,475420
2021-03-25 13:15:00+05:30,1338.25,1344.95,1336.5,1342.7,613099
2021-03-25 13:45:00+05:30,1342.95,1345.7,1336.6,1337.65,869230
2021-03-25 14:15:00+05:30,1337.95,1343.0,1337.05,1341.9,555567
2021-03-25 14:45:00+05:30,1342.2,1345.0,1329.0,1329.1,1282682
2021-03-25 15:15:00+05:30,1329.15,1338.9,1327.75,1336.7,1042181
2021-03-26 09:15:00+05:30,1344.7,1347.95,1332.0,1336.95,539077
2021-03-26 09:45:00+05:30,1336.9,1343.55,1333.6,1343.45,286302
2021-03-26 10:15:00+05:30,1343.45,1346.5,1339.0,1341.15,242871
2021-03-26 10:45:00+05:30,1341.15,1341.8,1334.0,1341.65,214672
2021-03-26 11:15:00+05:30,1341.65,1349.6,1340.05,1346.5,266660
2021-03-26 11:45:00+05:30,1346.5,1348.85,1344.4,1345.3,145534
2021-03-26 12:15:00+05:30,1345.3,1354.8,1343.05,1353.85,266042
2021-03-26 12:45:00+05:30,1353.35,1356.7,1345.5,1346.55,416085
2021-03-26 13:15:00+05:30,1346.55,1349.45,1339.15,1339.9,483877
2021-03-26 13:45:00+05:30,1340.2,1343.0,1336.5,1336.9,453809
2021-03-26 14:15:00+05:30,1336.75,1340.0,1333.8,1336.4,481789
2021-03-26 14:45:00+05:30,1336.3,1339.5,1333.05,1335.2,629985
2021-03-26 15:15:00+05:30,1335.4,1340.6,1333.9,1336.1,483179
2021-03-30 09:15:00+05:30,1346.9,1352.9,1336.75,1350.85,1385059
2021-03-30 09:45:00+05:30,1350.95,1360.45,1350.2,1360.3,631883
2021-03-30 10:15:00+05:30,1360.25,1368.9,1359.4,1368.15,631357
2021-03-30 10:45:00+05:30,1368.15,1368.9,1362.35,1363.65,670688
2021-03-30 11:15:00+05:30,1363.65,1370.0,1361.95,1364.5,405473
2021-03-30 11:45:00+05:30,1364.45,1366.7,1359.0,1360.5,246747
2021-03-30 12:15:00+05:30,1360.5,1369.75,1357.95,1368.25,374299
2021-03-30 12:45:00+05:30,1368.2,1376.7,1366.25,1376.5,613703
2021-03-30 13:15:00+05:30,1376.75,1388.0,1375.0,1386.1,814314
2021-03-30 13:45:00+05:30,1386.1,1397.9,1383.0,1396.05,1012012
2021-03-30 14:15:00+05:30,1396.35,1400.0,1391.25,1393.25,1034723
2021-03-30 14:45:00+05:30,1393.5,1395.0,1384.0,1386.5,1594426
2021-03-30 15:15:00+05:30,1386.45,1389.2,1383.0,1389.2,961892
2021-03-31 09:15:00+05:30,1382.0,1382.0,1365.0,1373.25,1442191
2021-03-31 09:45:00+05:30,1373.25,1374.0,1367.0,1368.0,314945
2021-03-31 10:15:00+05:30,1368.5,1368.5,1365.0,1366.85,287384
2021-03-31 10:45:00+05:30,1366.85,1384.7,1366.8,1381.45,570712
2021-03-31 11:15:00+05:30,1381.45,1388.0,1375.85,1376.5,505572
2021-03-31 11:45:00+05:30,1376.4,1378.6,1370.5,1373.0,436885
2021-03-31 12:15:00+05:30,1373.0,1373.0,1365.5,1368.4,400760
2021-03-31 12:45:00+05:30,1368.5,1376.75,1368.4,1373.6,379699
2021-03-31 13:15:00+05:30,1373.7,1375.1,1367.0,1370.55,397211
2021-03-31 13:45:00+05:30,1370.55,1375.0,1367.85,1374.25,283932
2021-03-31 14:15:00+05:30,1374.35,1375.8,1364.4,1367.9,412391
2021-03-31 14:45:00+05:30,1367.5,1374.7,1363.3,1370.45,1565678
2021-03-31 15:15:00+05:30,1370.35,1371.4,1364.65,1367.3,1209561
2021-04-01 09:15:00+05:30,1380.0,1391.6,1371.1,1387.95,1229805
2021-04-01 09:45:00+05:30,1387.75,1390.9,1380.9,1385.15,638501
2021-04-01 10:15:00+05:30,1385.15,1387.0,1380.05,1380.3,292247
2021-04-01 10:45:00+05:30,1380.3,1381.0,1374.25,1376.7,340644
2021-04-01 11:15:00+05:30,1376.7,1377.35,1372.5,1373.1,168966
2021-04-01 11:45:00+05:30,1373.1,1379.0,1371.4,1376.05,238588
2021-04-01 12:15:00+05:30,1376.05,1378.85,1376.0,1378.05,243515
2021-04-01 12:45:00+05:30,1378.3,1381.15,1376.3,1380.7,218584
2021-04-01 13:15:00+05:30,1380.7,1386.5,1380.55,1384.2,378256
2021-04-01 13:45:00+05:30,1384.2,1386.4,1383.0,1384.9,239808
2021-04-01 14:15:00+05:30,1384.9,1386.8,1383.65,1386.15,243889
2021-04-01 14:45:00+05:30,1386.15,1386.55,1382.2,1385.05,532759
2021-04-01 15:15:00+05:30,1385.35,1386.95,1383.7,1386.25,859321
2021-04-05 09:15:00+05:30,1391.0,1423.25,1387.15,1422.9,2005802
2021-04-05 09:45:00+05:30,1422.5,1425.0,1401.0,1402.35,1456808
2021-04-05 10:15:00+05:30,1402.5,1404.8,1391.5,1399.35,1024595
2021-04-05 10:45:00+05:30,1399.05,1402.0,1392.0,1392.7,490970
2021-04-05 11:15:00+05:30,1392.05,1399.5,1389.25,1397.6,424200
2021-04-05 11:45:00+05:30,1397.6,1400.2,1395.3,1399.75,356859
2021-04-05 12:15:00+05:30,1399.75,1402.65,1398.0,1402.15,335816
2021-04-05 12:45:00+05:30,1401.7,1402.65,1397.0,1400.95,295314
2021-04-05 13:15:00+05:30,1400.95,1412.6,1400.9,1412.6,478076
2021-04-05 13:45:00+05:30,1412.4,1416.85,1407.4,1416.8,508946
2021-04-05 14:15:00+05:30,1416.1,1418.0,1410.0,1412.65,602706
2021-04-05 14:45:00+05:30,1412.0,1414.85,1405.0,1408.2,877263
2021-04-05 15:15:00+05:30,1407.75,1416.0,1407.3,1415.0,571374
2021-04-06 09:15:00+05:30,1423.0,1425.95,1410.6,1422.45,1593278
2021-04-06 09:45:00+05:30,1422.35,1424.7,1412.1,1418.8,695639
2021-04-06 10:15:00+05:30,1418.8,1420.9,1416.0,1420.1,270933
2021-04-06 10:45:00+05:30,1420.15,1421.0,1417.0,1418.6,172232
2021-04-06 11:15:00+05:30,1418.5,1421.0,1415.15,1416.0,235913
2021-04-06 11:45:00+05:30,1416.35,1417.0,1413.45,1416.5,207810
2021-04-06 12:15:00+05:30,1417.0,1418.0,1411.5,1412.2,353310
2021-04-06 12:45:00+05:30,1412.0,1418.0,1408.45,1415.9,318484
2021-04-06 13:15:00+05:30,1415.9,1416.25,1408.5,1410.05,265243
2021-04-06 13:45:00+05:30,1409.55,1412.9,1408.5,1410.1,273459
2021-04-06 14:15:00+05:30,1410.1,1414.3,1408.65,1408.85,314931
2021-04-06 14:45:00+05:30,1408.75,1411.0,1406.5,1410.75,521036
2021-04-06 15:15:00+05:30,1410.8,1414.0,1410.3,1414.0,422566
2021-04-07 09:15:00+05:30,1410.25,1420.65,1409.75,1412.05,703013
2021-04-07 09:45:00+05:30,1411.95,1416.65,1406.6,1415.75,427013
2021-04-07 10:15:00+05:30,1415.4,1420.5,1414.0,1417.0,322658
2021-04-07 10:45:00+05:30,1417.0,1420.65,1412.1,1420.45,219627
2021-04-07 11:15:00+05:30,1420.45,1421.95,1415.45,1418.95,176745
2021-04-07 11:45:00+05:30,1418.95,1418.95,1415.05,1416.9,136502
2021-04-07 12:15:00+05:30,1416.8,1417.75,1411.0,1411.45,340175
2021-04-07 12:45:00+05:30,1411.5,1431.1,1410.85,1428.0,794733
2021-04-07 13:15:00+05:30,1427.45,1428.85,1419.0,1420.55,653013
2021-04-07 13:45:00+05:30,1420.55,1434.8,1420.55,1432.6,569764
2021-04-07 14:15:00+05:30,1432.55,1433.65,1428.5,1430.0,275640
2021-04-07 14:45:00+05:30,1430.0,1434.05,1427.1,1429.3,690399
2021-04-07 15:15:00+05:30,1429.7,1432.3,1426.6,1430.0,555490
2021-04-08 09:15:00+05:30,1430.0,1445.25,1425.4,1445.0,970339
2021-04-08 09:45:00+05:30,1445.0,1448.4,1440.2,1446.45,599014
2021-04-08 10:15:00+05:30,1445.95,1451.7,1445.95,1449.7,599382
2021-04-08 10:45:00+05:30,1449.7,1450.0,1443.1,1443.75,376702
2021-04-08 11:15:00+05:30,1443.75,1448.0,1440.35,1440.9,394256
2021-04-08 11:45:00+05:30,1440.5,1443.3,1434.3,1436.3,391250
2021-04-08 12:15:00+05:30,1436.25,1443.65,1436.25,1440.2,294429
2021-04-08 12:45:00+05:30,1440.3,1441.0,1436.0,1438.6,202707
2021-04-08 13:15:00+05:30,1438.65,1440.0,1436.45,1439.1,266835
2021-04-08 13:45:00+05:30,1439.3,1442.6,1436.8,1440.7,307742
2021-04-08 14:15:00+05:30,1440.7,1440.7,1431.6,1434.9,266797
2021-04-08 14:45:00+05:30,1434.9,1443.35,1432.0,1440.75,559459
2021-04-08 15:15:00+05:30,1440.85,1441.2,1437.2,1438.5,403947
2021-04-09 09:15:00+05:30,1455.0,1455.0,1441.0,1442.4,1213100
2021-04-09 09:45:00+05:30,1442.05,1443.55,1437.0,1442.35,476719
2021-04-09 10:15:00+05:30,1442.3,1443.0,1439.1,1439.3,219731
2021-04-09 10:45:00+05:30,1439.5,1442.2,1436.6,1439.25,327309
2021-04-09 11:15:00+05:30,1439.15,1439.7,1432.6,1436.85,545605
2021-04-09 11:45:00+05:30,1436.35,1440.6,1435.0,1435.6,304971
2021-04-09 12:15:00+05:30,1435.55,1438.5,1435.0,1437.0,145666
2021-04-09 12:45:00+05:30,1436.9,1438.65,1433.5,1435.75,179461
2021-04-09 13:15:00+05:30,1435.15,1437.9,1432.5,1432.95,183759
2021-04-09 13:45:00+05:30,1432.3,1443.5,1430.05,1442.5,501741
2021-04-09 14:15:00+05:30,1442.5,1450.8,1442.5,1447.0,709456
2021-04-09 14:45:00+05:30,1447.15,1449.0,1436.35,1439.4,690428
2021-04-09 15:15:00+05:30,1439.4,1442.95,1438.35,1441.0,506863
2021-04-12 09:15:00+05:30,1474.0,1477.45,1442.6,1459.4,5067832
2021-04-12 09:45:00+05:30,1459.5,1459.5,1430.5,1432.4,2188837
2021-04-12 10:15:00+05:30,1432.0,1439.5,1431.0,1434.95,1106990
2021-04-12 10:45:00+05:30,1434.8,1439.8,1431.0,1432.0,1956099
2021-04-12 11:15:00+05:30,1431.85,1435.7,1422.2,1426.0,976058
2021-04-12 11:45:00+05:30,1425.6,1426.5,1415.85,1418.5,1196733
2021-04-12 12:15:00+05:30,1418.45,1427.0,1415.55,1426.4,916340
2021-04-12 12:45:00+05:30,1426.35,1429.0,1420.6,1422.1,694237
2021-04-12 13:15:00+05:30,1422.1,1430.2,1417.45,1427.1,818900
2021-04-12 13:45:00+05:30,1427.8,1429.45,1424.5,1425.9,647995
2021-04-12 14:15:00+05:30,1425.9,1437.0,1424.0,1424.5,1086764
2021-04-12 14:45:00+05:30,1424.4,1430.0,1423.0,1427.2,2059730
2021-04-12 15:15:00+05:30,1427.2,1432.0,1420.7,1431.95,1429455
2021-04-13 09:15:00+05:30,1433.0,1434.8,1387.65,1401.55,3110235
2021-04-13 09:45:00+05:30,1401.0,1409.8,1398.8,1407.65,1295119
2021-04-13 10:15:00+05:30,1407.65,1409.5,1394.0,1394.7,904983
2021-04-13 10:45:00+05:30,1394.5,1394.95,1375.55,1382.75,1627007
2021-04-13 11:15:00+05:30,1382.6,1386.65,1375.25,1380.4,859036
2021-04-13 11:45:00+05:30,1380.4,1388.85,1378.9,1382.45,755625
2021-04-13 12:15:00+05:30,1381.95,1397.0,1381.5,1393.5,646558
2021-04-13 12:45:00+05:30,1393.5,1395.6,1377.25,1379.8,790177
2021-04-13 13:15:00+05:30,1379.4,1384.05,1377.05,1381.75,760166
2021-04-13 13:45:00+05:30,1381.3,1394.45,1381.1,1393.8,706048
2021-04-13 14:15:00+05:30,1393.8,1398.9,1388.9,1395.0,898120
2021-04-13 14:45:00+05:30,1395.2,1399.8,1391.1,1399.0,1125965
2021-04-13 15:15:00+05:30,1399.55,1405.0,1392.2,1404.0,1307082
2021-04-15 09:15:00+05:30,1332.3,1354.7,1321.3,1345.3,7929111
2021-04-15 09:45:00+05:30,1345.8,1354.0,1341.4,1353.0,2274151
2021-04-15 10:15:00+05:30,1352.75,1353.95,1343.25,1348.0,1398423
2021-04-15 10:45:00+05:30,1347.65,1352.0,1343.75,1348.05,807545
2021-04-15 11:15:00+05:30,1348.05,1348.8,1335.0,1343.9,1545287
2021-04-15 11:45:00+05:30,1343.9,1346.0,1337.4,1342.9,1132660
2021-04-15 12:15:00+05:30,1342.75,1346.0,1342.4,1345.9,617021
2021-04-15 12:45:00+05:30,1345.85,1350.0,1343.35,1348.75,824567
2021-04-15 13:15:00+05:30,1348.6,1360.8,1346.0,1356.55,1678097
2021-04-15 13:45:00+05:30,1356.55,1359.5,1352.0,1356.9,978999
2021-04-15 14:15:00+05:30,1357.0,1359.4,1350.0,1353.95,1133194
2021-04-15 14:45:00+05:30,1353.95,1360.8,1353.2,1360.75,2198700
2021-04-15 15:15:00+05:30,1360.9,1366.4,1360.0,1362.0,2143746
2021-04-16 09:15:00+05:30,1365.0,1366.5,1351.3,1363.9,2489566
2021-04-16 09:45:00+05:30,1363.65,1370.8,1361.0,1365.5,988052
2021-04-16 10:15:00+05:30,1365.5,1366.25,1360.15,1361.25,617905
2021-04-16 10:45:00+05:30,1361.2,1361.95,1353.0,1358.3,983342
2021-04-16 11:15:00+05:30,1358.05,1361.5,1357.0,1359.1,478364
2021-04-16 11:45:00+05:30,1359.15,1360.5,1355.0,1358.0,345585
2021-04-16 12:15:00+05:30,1357.85,1358.9,1355.0,1357.5,392002
2021-04-16 12:45:00+05:30,1357.45,1359.85,1357.0,1357.9,672544
2021-04-16 13:15:00+05:30,1357.9,1360.5,1356.1,1358.1,608893
2021-04-16 13:45:00+05:30,1358.1,1359.7,1357.2,1357.95,421340
2021-04-16 14:15:00+05:30,1357.95,1359.5,1357.35,1358.85,446200
2021-04-16 14:45:00+05:30,1359.0,1359.5,1352.3,1354.25,1289167
2021-04-16 15:15:00+05:30,1354.3,1355.4,1346.6,1349.6,1075105
2021-04-19 09:15:00+05:30,1340.0,1350.75,1333.4,1336.1,1879306
2021-04-19 09:45:00+05:30,1336.0,1343.85,1333.45,1343.4,761367
2021-04-19 10:15:00+05:30,1343.3,1364.15,1342.0,1352.3,1490902
2021-04-19 10:45:00+05:30,1352.3,1361.0,1350.2,1358.35,856618
2021-04-19 11:15:00+05:30,1358.75,1365.0,1357.0,1364.55,1222200
2021-04-19 11:45:00+05:30,1364.8,1364.8,1358.0,1360.25,583983
2021-04-19 12:15:00+05:30,1360.0,1364.3,1360.0,1362.75,467974
2021-04-19 12:45:00+05:30,1363.25,1372.0,1361.85,1372.0,1229553
2021-04-19 13:15:00+05:30,1371.95,1379.65,1370.4,1374.45,1167097
2021-04-19 13:45:00+05:30,1374.5,1376.95,1372.1,1376.5,704439
2021-04-19 14:15:00+05:30,1376.5,1377.0,1365.0,1366.05,731698
2021-04-19 14:45:00+05:30,1365.4,1368.0,1360.65,1361.0,895226
2021-04-19 15:15:00+05:30,1360.85,1363.65,1360.05,1362.5,503153
2021-04-20 09:15:00+05:30,1379.0,1379.0,1366.6,1370.45,1084748
2021-04-20 09:45:00+05:30,1371.05,1374.6,1368.2,1368.4,450916
2021-04-20 10:15:00+05:30,1368.15,1370.5,1365.3,1366.3,453694
2021-04-20 10:45:00+05:30,1366.25,1367.0,1361.0,1362.3,327014
2021-04-20 11:15:00+05:30,1362.45,1362.45,1351.45,1352.0,565113
2021-04-20 11:45:00+05:30,1352.0,1352.6,1347.1,1350.0,704869
2021-04-20 12:15:00+05:30,1350.0,1350.45,1348.0,1349.85,366112
2021-04-20 12:45:00+05:30,1350.0,1355.0,1348.5,1354.7,289270
2021-04-20 13:15:00+05:30,1354.7,1357.25,1351.35,1357.15,285059
2021-04-20 13:45:00+05:30,1357.15,1361.0,1356.65,1359.85,482047
2021-04-20 14:15:00+05:30,1359.85,1360.95,1347.05,1349.05,720403
2021-04-20 14:45:00+05:30,1349.05,1354.0,1342.9,1353.8,1574821
2021-04-20 15:15:00+05:30,1353.85,1354.35,1348.0,1349.0,1184931
2021-04-22 09:15:00+05:30,1355.55,1364.75,1345.25,1360.7,1766740
2021-04-22 09:45:00+05:30,1360.25,1362.0,1353.0,1353.9,486259
2021-04-22 10:15:00+05:30,1353.9,1358.45,1350.25,1352.8,412927
2021-04-22 10:45:00+05:30,1352.75,1354.0,1348.35,1349.9,309618
2021-04-22 11:15:00+05:30,1349.8,1354.9,1349.6,1353.6,277111
2021-04-22 11:45:00+05:30,1353.05,1354.3,1350.0,1351.55,215953
2021-04-22 12:15:00+05:30,1351.95,1352.05,1347.0,1348.2,282482
2021-04-22 12:45:00+05:30,1348.2,1352.4,1348.15,1350.0,241872
2021-04-22 13:15:00+05:30,1350.0,1350.5,1347.4,1350.0,310764
2021-04-22 13:45:00+05:30,1350.0,1353.0,1349.05,1350.05,366092
2021-04-22 14:15:00+05:30,1350.15,1351.5,1347.45,1349.9,483473
2021-04-22 14:45:00+05:30,1349.9,1353.45,1348.2,1350.85,792561
2021-04-22 15:15:00+05:30,1350.9,1352.0,1350.05,1351.95,600787
2021-04-23 09:15:00+05:30,1343.0,1346.0,1335.6,1341.2,933742
2021-04-23 09:45:00+05:30,1341.45,1341.5,1337.25,1338.6,548913
2021-04-23 10:15:00+05:30,1338.6,1341.45,1336.5,1340.55,423197
2021-04-23 10:45:00+05:30,1340.9,1345.0,1340.2,1345.0,431622
2021-04-23 11:15:00+05:30,1345.35,1348.4,1343.55,1344.0,631230
2021-04-23 11:45:00+05:30,1343.65,1345.5,1341.05,1343.65,573101
2021-04-23 12:15:00+05:30,1343.65,1344.5,1341.8,1342.95,202851
2021-04-23 12:45:00+05:30,1342.95,1343.5,1340.25,1341.45,461513
2021-04-23 13:15:00+05:30,1341.45,1341.55,1338.2,1339.2,564789
2021-04-23 13:45:00+05:30,1339.2,1340.0,1338.0,1338.2,306207
2021-04-23 14:15:00+05:30,1338.1,1340.0,1331.0,1332.7,930947
2021-04-23 14:45:00+05:30,1332.7,1335.75,1331.2,1334.5,751401
2021-04-23 15:15:00+05:30,1334.5,1335.0,1331.6,1333.9,535307
2021-04-26 09:15:00+05:30,1332.25,1351.3,1321.45,1345.6,1612988
2021-04-26 09:45:00+05:30,1345.45,1351.0,1343.85,1346.3,513963
2021-04-26 10:15:00+05:30,1346.4,1348.25,1344.25,1346.0,380199
2021-04-26 10:45:00+05:30,1346.0,1347.5,1345.05,1345.25,356528
2021-04-26 11:15:00+05:30,1345.35,1346.55,1341.15,1341.45,439682
2021-04-26 11:45:00+05:30,1341.45,1343.0,1338.5,1341.55,541691
2021-04-26 12:15:00+05:30,1341.5,1346.2,1340.25,1346.1,549134
2021-04-26 12:45:00+05:30,1346.45,1348.2,1342.35,1346.4,410560
2021-04-26 13:15:00+05:30,1346.4,1346.9,1341.55,1342.25,374598
2021-04-26 13:45:00+05:30,1342.25,1343.95,1338.1,1339.0,452353
2021-04-26 14:15:00+05:30,1339.0,1342.5,1338.15,1340.6,299764
2021-04-26 14:45:00+05:30,1340.65,1344.1,1339.0,1344.0,617464
2021-04-26 15:15:00+05:30,1344.3,1347.0,1343.0,1345.0,505382
2021-04-27 09:15:00+05:30,1346.0,1347.5,1340.15,1342.45,617894
2021-04-27 09:45:00+05:30,1342.05,1345.95,1341.45,1344.0,259856
2021-04-27 10:15:00+05:30,1344.0,1344.8,1341.45,1343.55,158108
2021-04-27 10:45:00+05:30,1343.15,1349.7,1343.15,1347.95,307074
2021-04-27 11:15:00+05:30,1347.95,1348.5,1346.0,1347.3,191481
2021-04-27 11:45:00+05:30,1347.4,1353.0,1346.25,1352.3,336122
2021-04-27 12:15:00+05:30,1352.3,1353.0,1348.0,1348.4,223375
2021-04-27 12:45:00+05:30,1348.4,1349.4,1345.7,1346.85,187555
2021-04-27 13:15:00+05:30,1346.7,1346.85,1343.5,1344.0,235375
2021-04-27 13:45:00+05:30,1344.05,1349.9,1344.0,1348.0,238024
2021-04-27 14:15:00+05:30,1348.15,1350.3,1347.0,1349.1,190997
2021-04-27 14:45:00+05:30,1349.15,1349.65,1347.55,1347.9,350044
2021-04-27 15:15:00+05:30,1348.55,1349.15,1347.3,1347.9,321701
2021-04-28 09:15:00+05:30,1358.0,1359.45,1353.15,1354.8,638574
2021-04-28 09:45:00+05:30,1354.6,1355.45,1350.1,1351.8,398383
2021-04-28 10:15:00+05:30,1351.6,1354.7,1350.0,1354.5,218027
2021-04-28 10:45:00+05:30,1354.5,1354.5,1350.0,1350.0,196701
2021-04-28 11:15:00+05:30,1350.05,1350.95,1344.6,1347.8,518677
2021-04-28 11:45:00+05:30,1347.7,1348.55,1345.1,1347.45,235211
2021-04-28 12:15:00+05:30,1347.6,1352.0,1346.05,1350.6,244845
2021-04-28 12:45:00+05:30,1350.6,1355.8,1349.1,1355.05,294245
2021-04-28 13:15:00+05:30,1355.0,1357.05,1352.45,1353.65,325324
2021-04-28 13:45:00+05:30,1353.6,1358.8,1351.75,1357.75,329537
2021-04-28 14:15:00+05:30,1357.65,1358.15,1355.1,1356.5,237085
2021-04-28 14:45:00+05:30,1356.5,1357.45,1354.0,1355.05,676739
2021-04-28 15:15:00+05:30,1355.05,1357.0,1354.6,1355.8,531599
2021-04-29 09:15:00+05:30,1368.0,1369.0,1362.05,1363.05,671224
2021-04-29 09:45:00+05:30,1363.05,1368.9,1362.2,1365.75,488709
2021-04-29 10:15:00+05:30,1365.0,1367.95,1359.75,1361.7,583161
2021-04-29 10:45:00+05:30,1361.55,1361.85,1358.1,1359.7,450138
2021-04-29 11:15:00+05:30,1359.0,1363.4,1358.6,1359.65,281501
2021-04-29 11:45:00+05:30,1360.0,1360.4,1358.35,1360.0,185937
2021-04-29 12:15:00+05:30,1360.0,1360.0,1357.25,1359.4,205005
2021-04-29 12:45:00+05:30,1359.5,1360.0,1355.55,1357.45,212452
2021-04-29 13:15:00+05:30,1357.45,1360.0,1357.0,1358.0,195333
2021-04-29 13:45:00+05:30,1358.45,1359.8,1356.0,1356.8,371903
2021-04-29 14:15:00+05:30,1356.5,1357.75,1351.5,1353.5,352158
2021-04-29 14:45:00+05:30,1353.65,1359.55,1352.1,1355.9,874323
2021-04-29 15:15:00+05:30,1355.95,1357.35,1353.75,1356.0,500073
2021-04-30 09:15:00+05:30,1346.3,1373.6,1346.3,1368.5,1194542
2021-04-30 09:45:00+05:30,1368.5,1369.25,1362.6,1366.2,413711
2021-04-30 10:15:00+05:30,1366.2,1368.0,1364.05,1366.0,353960
2021-04-30 10:45:00+05:30,1365.7,1366.8,1363.65,1364.2,381547
2021-04-30 11:15:00+05:30,1363.85,1366.3,1363.0,1364.05,460052
2021-04-30 11:45:00+05:30,1364.05,1366.5,1363.0,1365.5,334612
2021-04-30 12:15:00+05:30,1365.55,1370.6,1365.5,1368.1,374717
2021-04-30 12:45:00+05:30,1368.3,1369.9,1365.2,1366.1,295111
2021-04-30 13:15:00+05:30,1366.1,1366.7,1361.75,1362.95,385482
2021-04-30 13:45:00+05:30,1362.95,1366.0,1360.65,1361.6,536251
2021-04-30 14:15:00+05:30,1361.8,1363.45,1357.2,1359.5,608540
2021-04-30 14:45:00+05:30,1359.5,1362.5,1352.85,1352.85,1426771
2021-04-30 15:15:00+05:30,1352.95,1356.5,1346.75,1348.0,1531221
2021-05-03 09:15:00+05:30,1340.8,1350.7,1338.45,1350.7,687696
2021-05-03 09:45:00+05:30,1350.7,1355.5,1347.0,1349.9,370431
2021-05-03 10:15:00+05:30,1349.9,1350.2,1343.6,1348.3,241051
2021-05-03 10:45:00+05:30,1348.25,1349.9,1343.45,1344.5,147623
2021-05-03 11:15:00+05:30,1344.2,1345.6,1342.0,1343.35,164769
2021-05-03 11:45:00+05:30,1343.4,1345.6,1342.0,1345.5,298637
2021-05-03 12:15:00+05:30,1345.6,1350.0,1344.0,1349.6,247399
2021-05-03 12:45:00+05:30,1349.6,1354.0,1348.9,1353.6,232298
2021-05-03 13:15:00+05:30,1354.0,1358.0,1351.7,1357.9,383445
2021-05-03 13:45:00+05:30,1357.9,1358.4,1354.5,1355.6,263765
2021-05-03 14:15:00+05:30,1355.6,1361.0,1355.0,1359.0,441485
2021-05-03 14:45:00+05:30,1358.9,1360.8,1350.05,1351.45,696349
2021-05-03 15:15:00+05:30,1351.45,1351.8,1347.0,1349.0,362644
2021-05-04 09:15:00+05:30,1354.0,1354.95,1343.1,1343.75,631789
2021-05-04 09:45:00+05:30,1343.5,1346.9,1342.0,1344.2,345412
2021-05-04 10:15:00+05:30,1343.9,1346.3,1342.4,1343.7,246469
2021-05-04 10:45:00+05:30,1343.3,1346.0,1342.6,1345.45,194479
2021-05-04 11:15:00+05:30,1345.45,1345.95,1338.75,1342.35,434195
2021-05-04 11:45:00+05:30,1342.35,1344.6,1341.15,1344.55,243555
2021-05-04 12:15:00+05:30,1344.55,1346.0,1342.8,1345.95,273845
2021-05-04 12:45:00+05:30,1345.7,1346.9,1341.6,1341.75,296467
2021-05-04 13:15:00+05:30,1342.15,1343.65,1340.1,1340.9,261787
2021-05-04 13:45:00+05:30,1340.85,1343.0,1339.4,1340.4,233289
2021-05-04 14:15:00+05:30,1340.25,1341.85,1333.0,1333.05,447830
2021-05-04 14:45:00+05:30,1333.05,1334.5,1325.3,1328.55,763886
2021-05-04 15:15:00+05:30,1328.5,1333.0,1327.8,1331.0,499073
2021-05-05 09:15:00+05:30,1341.1,1341.15,1327.8,1336.5,633375
2021-05-05 09:45:00+05:30,1336.9,1339.6,1331.65,1333.7,247995
2021-05-05 10:15:00+05:30,1333.7,1335.4,1332.15,1334.1,112763
2021-05-05 10:45:00+05:30,1334.5,1336.1,1331.65,1332.8,130363
2021-05-05 11:15:00+05:30,1332.8,1334.0,1329.55,1331.55,216351
2021-05-05 11:45:00+05:30,1331.2,1343.7,1331.15,1342.45,398710
2021-05-05 12:15:00+05:30,1342.45,1342.45,1335.85,1336.3,285559
2021-05-05 12:45:00+05:30,1336.3,1340.0,1335.35,1338.8,298433
2021-05-05 13:15:00+05:30,1339.0,1340.8,1335.3,1338.1,235404
2021-05-05 13:45:00+05:30,1338.1,1339.9,1333.1,1333.2,225592
2021-05-05 14:15:00+05:30,1333.25,1342.0,1333.1,1339.4,372103
2021-05-05 14:45:00+05:30,1339.4,1341.85,1337.6,1341.2,400714
2021-05-05 15:15:00+05:30,1341.3,1343.65,1340.5,1343.0,364168
2021-05-06 09:15:00+05:30,1345.0,1348.8,1337.4,1341.5,313196
2021-05-06 09:45:00+05:30,1341.95,1342.0,1337.6,1340.8,210267
2021-05-06 10:15:00+05:30,1341.15,1346.35,1338.35,1345.75,398037
2021-05-06 10:45:00+05:30,1346.0,1352.7,1345.65,1349.25,450465
2021-05-06 11:15:00+05:30,1349.2,1350.0,1345.1,1349.1,299098
2021-05-06 11:45:00+05:30,1348.6,1351.7,1345.4,1349.9,190521
2021-05-06 12:15:00+05:30,1349.6,1359.6,1349.0,1358.1,481557
2021-05-06 12:45:00+05:30,1358.1,1364.0,1355.7,1361.0,408428
2021-05-06 13:15:00+05:30,1361.45,1364.65,1358.15,1363.0,278209
2021-05-06 13:45:00+05:30,1363.0,1363.9,1358.5,1360.4,255631
2021-05-06 14:15:00+05:30,1360.4,1361.95,1356.2,1358.3,286395
2021-05-06 14:45:00+05:30,1358.1,1362.55,1356.4,1360.85,632620
2021-05-06 15:15:00+05:30,1360.85,1364.1,1358.05,1359.1,599991
2021-05-07 09:15:00+05:30,1365.3,1370.0,1357.45,1367.6,690622
2021-05-07 09:45:00+05:30,1367.25,1372.75,1365.05,1370.55,403217
2021-05-07 10:15:00+05:30,1370.6,1370.9,1363.05,1364.35,190543
2021-05-07 10:45:00+05:30,1364.35,1365.0,1358.45,1360.05,336798
2021-05-07 11:15:00+05:30,1359.5,1360.95,1354.85,1357.1,397118
2021-05-07 11:45:00+05:30,1357.1,1357.1,1350.75,1352.0,391795
2021-05-07 12:15:00+05:30,1351.75,1359.3,1350.2,1358.25,568815
2021-05-07 12:45:00+05:30,1358.35,1358.55,1348.9,1349.15,414406
2021-05-07 13:15:00+05:30,1349.5,1353.2,1349.05,1352.4,246623
2021-05-07 13:45:00+05:30,1352.4,1356.5,1352.05,1354.6,224085
2021-05-07 14:15:00+05:30,1354.6,1354.9,1351.25,1353.25,315858
2021-05-07 14:45:00+05:30,1353.2,1354.95,1351.0,1353.7,399606
2021-05-07 15:15:00+05:30,1353.35,1353.4,1351.0,1352.7,390843
2021-05-10 09:15:00+05:30,1349.8,1352.9,1343.65,1344.95,870862
2021-05-10 09:45:00+05:30,1344.95,1345.4,1341.15,1342.4,358025
2021-05-10 10:15:00+05:30,1342.8,1345.6,1342.05,1343.9,445801
2021-05-10 10:45:00+05:30,1343.9,1345.05,1339.05,1340.0,939467
2021-05-10 11:15:00+05:30,1340.0,1340.65,1339.05,1340.0,258560
2021-05-10 11:45:00+05:30,1340.0,1340.0,1335.05,1338.7,689220
2021-05-10 12:15:00+05:30,1338.65,1340.65,1338.55,1340.0,279490
2021-05-10 12:45:00+05:30,1340.0,1340.35,1338.7,1339.7,286992
2021-05-10 13:15:00+05:30,1339.6,1342.5,1338.0,1341.85,436501
2021-05-10 13:45:00+05:30,1342.0,1343.0,1338.75,1338.95,491970
2021-05-10 14:15:00+05:30,1338.95,1340.45,1338.3,1339.85,346685
2021-05-10 14:45:00+05:30,1339.35,1341.6,1337.3,1340.3,1021486
2021-05-10 15:15:00+05:30,1340.1,1340.1,1338.3,1339.9,729629
2021-05-11 09:15:00+05:30,1336.3,1341.0,1328.25,1330.75,1121194
2021-05-11 09:45:00+05:30,1330.95,1334.8,1330.95,1334.1,331590
2021-05-11 10:15:00+05:30,1334.1,1334.7,1330.1,1330.5,398220
2021-05-11 10:45:00+05:30,1330.55,1331.45,1329.0,1329.15,274094
2021-05-11 11:15:00+05:30,1329.25,1330.4,1328.1,1329.0,577384
2021-05-11 11:45:00+05:30,1329.05,1330.0,1328.5,1329.95,424386
2021-05-11 12:15:00+05:30,1329.95,1330.65,1328.5,1329.75,419236
2021-05-11 12:45:00+05:30,1329.95,1330.0,1328.1,1328.55,297473
2021-05-11 13:15:00+05:30,1328.45,1328.45,1325.1,1326.15,627679
2021-05-11 13:45:00+05:30,1326.2,1329.0,1325.5,1328.1,278161
2021-05-11 14:15:00+05:30,1328.1,1329.9,1327.0,1329.7,335286
2021-05-11 14:45:00+05:30,1329.7,1331.5,1326.5,1331.05,829593
2021-05-11 15:15:00+05:30,1331.1,1332.25,1330.0,1332.25,475590
2021-05-12 09:15:00+05:30,1326.7,1328.6,1320.35,1324.9,771005
2021-05-12 09:45:00+05:30,1325.0,1325.0,1320.65,1321.2,284564
2021-05-12 10:15:00+05:30,1321.0,1322.7,1314.5,1318.2,615215
2021-05-12 10:45:00+05:30,1318.5,1321.25,1317.2,1317.8,345741
2021-05-12 11:15:00+05:30,1317.8,1320.55,1316.2,1318.55,276157
2021-05-12 11:45:00+05:30,1319.15,1324.95,1318.55,1324.55,283816
2021-05-12 12:15:00+05:30,1325.0,1327.0,1321.7,1323.2,490669
2021-05-12 12:45:00+05:30,1323.2,1327.8,1322.15,1326.4,215732
2021-05-12 13:15:00+05:30,1326.4,1327.7,1323.4,1324.5,263005
2021-05-12 13:45:00+05:30,1324.9,1328.5,1324.5,1325.2,279564
2021-05-12 14:15:00+05:30,1325.2,1326.85,1324.7,1325.0,294234
2021-05-12 14:45:00+05:30,1325.05,1328.3,1322.75,1327.75,675572
2021-05-12 15:15:00+05:30,1327.75,1328.85,1326.3,1327.1,411445
2021-05-14 09:15:00+05:30,1324.95,1325.2,1311.3,1316.75,751193
2021-05-14 09:45:00+05:30,1316.75,1319.9,1315.15,1318.5,363334
2021-05-14 10:15:00+05:30,1318.55,1320.9,1314.15,1318.45,304598
2021-05-14 10:45:00+05:30,1318.05,1321.2,1317.0,1317.75,237709
2021-05-14 11:15:00+05:30,1317.75,1319.4,1316.0,1316.55,179673
2021-05-14 11:45:00+05:30,1316.5,1318.0,1312.5,1315.35,341273
2021-05-14 12:15:00+05:30,1315.4,1316.45,1313.1,1315.15,192985
2021-05-14 12:45:00+05:30,1315.15,1315.25,1313.1,1314.5,204291
2021-05-14 13:15:00+05:30,1314.5,1316.0,1314.0,1314.15,195664
2021-05-14 13:45:00+05:30,1314.2,1315.45,1313.5,1314.2,381451
2021-05-14 14:15:00+05:30,1314.1,1316.35,1313.05,1315.75,394690
2021-05-14 14:45:00+05:30,1315.75,1317.95,1314.5,1316.55,666922
2021-05-14 15:15:00+05:30,1316.55,1320.15,1315.1,1320.15,580730
2021-05-17 09:15:00+05:30,1325.65,1334.9,1321.6,1327.95,995660
2021-05-17 09:45:00+05:30,1327.8,1331.95,1324.1,1331.45,316894
2021-05-17 10:15:00+05:30,1331.45,1333.9,1327.1,1329.25,358328
2021-05-17 10:45:00+05:30,1329.45,1329.6,1325.65,1326.6,178586
2021-05-17 11:15:00+05:30,1326.65,1327.0,1325.0,1325.1,170123
2021-05-17 11:45:00+05:30,1325.45,1332.45,1325.1,1330.5,667881
2021-05-17 12:15:00+05:30,1330.5,1331.95,1328.6,1328.9,242649
2021-05-17 12:45:00+05:30,1328.95,1329.9,1327.0,1329.0,215624
2021-05-17 13:15:00+05:30,1329.05,1330.35,1328.3,1329.55,192045
2021-05-17 13:45:00+05:30,1329.55,1330.65,1328.5,1328.55,262392
2021-05-17 14:15:00+05:30,1329.0,1330.5,1328.45,1329.9,208035
2021-05-17 14:45:00+05:30,1329.8,1331.25,1328.0,1329.25,697484
2021-05-17 15:15:00+05:30,1329.25,1330.85,1327.55,1329.0,495378
2021-05-18 09:15:00+05:30,1338.0,1341.7,1334.5,1334.85,530804
2021-05-18 09:45:00+05:30,1334.85,1340.0,1329.65,1335.0,1114055
2021-05-18 10:15:00+05:30,1335.0,1338.3,1334.55,1334.8,374982
2021-05-18 10:45:00+05:30,1334.8,1337.6,1334.2,1336.2,419798
2021-05-18 11:15:00+05:30,1336.15,1340.0,1335.55,1336.65,482902
2021-05-18 11:45:00+05:30,1336.65,1342.0,1335.2,1341.5,515829
2021-05-18 12:15:00+05:30,1341.5,1344.6,1340.0,1342.45,445752
2021-05-18 12:45:00+05:30,1342.3,1343.8,1339.0,1340.0,241869
2021-05-18 13:15:00+05:30,1339.95,1341.45,1337.5,1340.6,203045
2021-05-18 13:45:00+05:30,1340.65,1343.5,1340.0,1342.85,206625
2021-05-18 14:15:00+05:30,1342.95,1343.3,1340.8,1342.2,201868
2021-05-18 14:45:00+05:30,1342.6,1342.6,1338.2,1338.5,531079
2021-05-18 15:15:00+05:30,1338.5,1339.9,1338.0,1338.75,327070
2021-05-19 09:15:00+05:30,1342.0,1350.0,1335.25,1349.4,613891
2021-05-19 09:45:00+05:30,1349.85,1357.45,1349.45,1353.1,645447
2021-05-19 10:15:00+05:30,1353.1,1355.45,1350.2,1353.4,247261
2021-05-19 10:45:00+05:30,1353.05,1353.4,1347.65,1349.6,263530
2021-05-19 11:15:00+05:30,1349.55,1350.3,1346.05,1346.95,229343
2021-05-19 11:45:00+05:30,1347.0,1349.0,1345.1,1346.4,191695
2021-05-19 12:15:00+05:30,1346.4,1348.5,1342.6,1345.0,232440
2021-05-19 12:45:00+05:30,1345.0,1345.0,1341.2,1341.95,190440
2021-05-19 13:15:00+05:30,1341.5,1343.3,1337.35,1339.0,305523
2021-05-19 13:45:00+05:30,1339.1,1340.25,1337.3,1339.7,178375
2021-05-19 14:15:00+05:30,1340.25,1342.0,1339.0,1341.55,240455
2021-05-19 14:45:00+05:30,1342.0,1342.0,1336.05,1336.8,570875
2021-05-19 15:15:00+05:30,1336.8,1337.8,1333.75,1334.65,514586
2021-05-20 09:15:00+05:30,1348.4,1349.0,1340.05,1344.55,765089
2021-05-20 09:45:00+05:30,1344.5,1345.75,1342.7,1344.1,192244
2021-05-20 10:15:00+05:30,1344.3,1345.0,1340.25,1340.65,200641
2021-05-20 10:45:00+05:30,1340.55,1341.55,1340.15,1341.05,185979
2021-05-20 11:15:00+05:30,1341.05,1341.1,1335.05,1340.0,371952
2021-05-20 11:45:00+05:30,1339.9,1343.0,1338.45,1340.0,212451
2021-05-20 12:15:00+05:30,1339.95,1340.0,1336.1,1338.9,195470
2021-05-20 12:45:00+05:30,1338.9,1340.0,1337.1,1339.75,169815
2021-05-20 13:15:00+05:30,1339.8,1341.45,1337.75,1341.45,272476
2021-05-20 13:45:00+05:30,1341.4,1342.0,1338.15,1338.75,144579
2021-05-20 14:15:00+05:30,1338.9,1340.0,1338.05,1339.6,253237
2021-05-20 14:45:00+05:30,1339.7,1339.95,1335.25,1338.45,858168
2021-05-20 15:15:00+05:30,1338.55,1343.0,1338.45,1341.95,635991
2021-05-21 09:15:00+05:30,1347.5,1352.0,1346.6,1349.0,846500
2021-05-21 09:45:00+05:30,1349.0,1351.0,1348.0,1349.0,332016
2021-05-21 10:15:00+05:30,1348.9,1351.8,1347.5,1349.75,449738
2021-05-21 10:45:00+05:30,1350.0,1351.35,1347.25,1350.3,362796
2021-05-21 11:15:00+05:30,1350.2,1355.35,1349.15,1354.6,450787
2021-05-21 11:45:00+05:30,1354.7,1355.55,1352.25,1354.1,344561
2021-05-21 12:15:00+05:30,1354.1,1355.0,1350.4,1352.25,249763
2021-05-21 12:45:00+05:30,1352.25,1353.7,1350.35,1352.7,185152
2021-05-21 13:15:00+05:30,1352.75,1354.5,1351.8,1351.95,237059
2021-05-21 13:45:00+05:30,1351.95,1353.35,1350.35,1352.4,228705
2021-05-21 14:15:00+05:30,1352.45,1354.8,1350.4,1353.9,314269
2021-05-21 14:45:00+05:30,1353.9,1354.65,1351.0,1354.25,488243
2021-05-21 15:15:00+05:30,1354.25,1357.5,1353.55,1356.0,463436
2021-05-24 09:15:00+05:30,1356.65,1362.5,1352.4,1355.7,569057
2021-05-24 09:45:00+05:30,1356.0,1359.0,1354.75,1358.35,271857
2021-05-24 10:15:00+05:30,1358.35,1361.0,1356.45,1358.5,231555
2021-05-24 10:45:00+05:30,1358.45,1358.7,1355.0,1357.05,239820
2021-05-24 11:15:00+05:30,1357.0,1358.75,1355.0,1355.0,239631
2021-05-24 11:45:00+05:30,1355.1,1356.15,1350.0,1350.5,378108
2021-05-24 12:15:00+05:30,1350.5,1351.9,1348.5,1349.55,356907
2021-05-24 12:45:00+05:30,1349.55,1351.5,1348.5,1349.4,223028
2021-05-24 13:15:00+05:30,1349.4,1350.3,1348.1,1348.25,211782
2021-05-24 13:45:00+05:30,1348.3,1353.0,1347.2,1351.45,322652
2021-05-24 14:15:00+05:30,1351.4,1353.0,1350.0,1350.35,201483
2021-05-24 14:45:00+05:30,1350.35,1350.7,1345.1,1350.15,560672
2021-05-24 15:15:00+05:30,1350.3,1350.3,1346.7,1349.35,400538
2021-05-25 09:15:00+05:30,1358.0,1364.0,1354.65,1359.65,667941
2021-05-25 09:45:00+05:30,1359.5,1362.0,1357.1,1360.2,239973
2021-05-25 10:15:00+05:30,1360.2,1367.0,1359.6,1366.05,408724
2021-05-25 10:45:00+05:30,1366.0,1366.7,1361.4,1366.0,301331
2021-05-25 11:15:00+05:30,1366.25,1366.85,1363.2,1363.55,167915
2021-05-25 11:45:00+05:30,1363.55,1364.15,1362.0,1363.95,131195
2021-05-25 12:15:00+05:30,1363.95,1368.0,1363.5,1364.05,311998
2021-05-25 12:45:00+05:30,1364.05,1365.0,1361.35,1362.65,186210
2021-05-25 13:15:00+05:30,1362.95,1363.05,1359.0,1360.1,299747
2021-05-25 13:45:00+05:30,1360.1,1361.75,1359.0,1360.0,185024
2021-05-25 14:15:00+05:30,1360.0,1362.0,1358.0,1361.45,204574
2021-05-25 14:45:00+05:30,1361.45,1363.85,1359.9,1360.75,420103
2021-05-25 15:15:00+05:30,1360.75,1364.7,1359.4,1364.0,563644
2021-05-26 09:15:00+05:30,1367.9,1369.8,1362.15,1369.35,415602
2021-05-26 09:45:00+05:30,1369.15,1374.9,1368.6,1374.0,438573
2021-05-26 10:15:00+05:30,1374.4,1379.8,1374.0,1377.25,477249
2021-05-26 10:45:00+05:30,1377.5,1382.5,1375.75,1380.7,436359
2021-05-26 11:15:00+05:30,1381.0,1382.5,1377.15,1379.6,328661
2021-05-26 11:45:00+05:30,1379.65,1386.95,1378.8,1386.8,415013
2021-05-26 12:15:00+05:30,1386.95,1390.0,1385.7,1385.9,557496
2021-05-26 12:45:00+05:30,1385.7,1389.45,1385.0,1387.45,316704
2021-05-26 13:15:00+05:30,1387.45,1393.0,1387.4,1392.15,546963
2021-05-26 13:45:00+05:30,1392.1,1393.65,1390.9,1392.6,387829
2021-05-26 14:15:00+05:30,1392.6,1393.1,1388.05,1392.4,615700
2021-05-26 14:45:00+05:30,1392.5,1398.4,1391.0,1397.05,993033
2021-05-26 15:15:00+05:30,1397.05,1400.0,1394.3,1395.0,905647
2021-05-27 09:15:00+05:30,1404.2,1413.3,1392.0,1412.45,1469217
2021-05-27 09:45:00+05:30,1412.45,1416.25,1405.75,1411.35,797157
2021-05-27 10:15:00+05:30,1411.35,1412.6,1407.55,1408.65,324686
2021-05-27 10:45:00+05:30,1408.7,1415.5,1408.65,1410.25,600630
2021-05-27 11:15:00+05:30,1410.3,1414.4,1408.05,1410.0,558841
2021-05-27 11:45:00+05:30,1410.0,1414.0,1409.1,1412.35,344605
2021-05-27 12:15:00+05:30,1412.35,1412.75,1409.05,1411.25,328172
2021-05-27 12:45:00+05:30,1411.55,1414.0,1411.0,1411.25,287910
2021-05-27 13:15:00+05:30,1411.4,1412.0,1406.9,1407.35,364046
2021-05-27 13:45:00+05:30,1406.6,1409.7,1402.0,1403.55,399206
2021-05-27 14:15:00+05:30,1403.55,1404.85,1400.0,1403.7,493778
2021-05-27 14:45:00+05:30,1403.25,1404.7,1397.15,1401.65,5096195
2021-05-27 15:15:00+05:30,1401.65,1415.5,1399.0,1408.9,4238511
2021-05-28 09:15:00+05:30,1409.75,1414.0,1402.3,1411.5,768088
2021-05-28 09:45:00+05:30,1411.5,1411.6,1400.05,1403.9,453287
2021-05-28 10:15:00+05:30,1403.6,1403.9,1396.25,1400.55,385583
2021-05-28 10:45:00+05:30,1400.55,1407.5,1398.0,1405.5,327920
2021-05-28 11:15:00+05:30,1405.5,1411.8,1404.0,1411.8,440445
2021-05-28 11:45:00+05:30,1411.1,1413.6,1409.0,1409.35,340293
2021-05-28 12:15:00+05:30,1409.25,1410.0,1408.0,1409.2,117874
2021-05-28 12:45:00+05:30,1409.45,1410.5,1405.55,1406.8,147037
2021-05-28 13:15:00+05:30,1406.8,1409.5,1404.2,1408.35,194175
2021-05-28 13:45:00+05:30,1408.35,1408.7,1405.5,1406.45,188979
2021-05-28 14:15:00+05:30,1407.0,1408.2,1405.15,1406.4,151690
2021-05-28 14:45:00+05:30,1406.3,1408.0,1402.05,1404.5,367149
2021-05-28 15:15:00+05:30,1404.5,1408.0,1404.0,1407.7,343238
2021-05-31 09:15:00+05:30,1401.5,1401.5,1383.3,1391.0,949607
2021-05-31 09:45:00+05:30,1390.85,1395.0,1390.2,1394.0,424324
2021-05-31 10:15:00+05:30,1393.9,1394.9,1389.25,1393.75,333726
2021-05-31 10:45:00+05:30,1393.25,1395.0,1392.95,1394.6,261430
2021-05-31 11:15:00+05:30,1394.85,1395.0,1393.0,1394.85,236355
2021-05-31 11:45:00+05:30,1394.85,1397.65,1393.95,1395.0,265647
2021-05-31 12:15:00+05:30,1395.0,1397.95,1394.25,1396.9,188172
2021-05-31 12:45:00+05:30,1396.9,1397.8,1396.55,1397.6,140711
2021-05-31 13:15:00+05:30,1397.45,1397.7,1392.3,1392.65,228594
2021-05-31 13:45:00+05:30,1392.7,1393.0,1391.0,1391.8,191160
2021-05-31 14:15:00+05:30,1391.3,1393.0,1389.7,1392.1,255096
2021-05-31 14:45:00+05:30,1391.45,1394.5,1390.0,1393.5,427661
2021-05-31 15:15:00+05:30,1393.6,1397.0,1392.3,1395.0,453181
2021-06-01 09:15:00+05:30,1400.0,1400.4,1385.3,1389.5,601873
2021-06-01 09:45:00+05:30,1389.5,1390.5,1385.4,1386.05,306441
2021-06-01 10:15:00+05:30,1385.75,1386.95,1380.3,1381.5,395840
2021-06-01 10:45:00+05:30,1381.5,1385.9,1380.9,1384.65,194442
2021-06-01 11:15:00+05:30,1384.65,1387.0,1381.0,1382.4,345196
2021-06-01 11:45:00+05:30,1382.2,1385.0,1380.15,1384.6,214598
2021-06-01 12:15:00+05:30,1384.6,1385.3,1382.3,1382.45,355204
2021-06-01 12:45:00+05:30,1382.4,1382.9,1381.0,1381.5,194071
2021-06-01 13:15:00+05:30,1381.3,1384.6,1380.25,1383.95,373231
2021-06-01 13:45:00+05:30,1383.9,1384.8,1378.65,1379.85,359204
2021-06-01 14:15:00+05:30,1379.75,1382.5,1379.5,1381.6,304572
2021-06-01 14:45:00+05:30,1381.6,1387.85,1381.35,1387.55,629969
2021-06-01 15:15:00+05:30,1387.5,1390.0,1386.5,1388.1,502737
2021-06-02 09:15:00+05:30,1380.75,1391.9,1371.5,1372.6,2054083
2021-06-02 09:45:00+05:30,1372.6,1377.45,1369.2,1370.5,756121
2021-06-02 10:15:00+05:30,1370.6,1370.75,1365.15,1367.0,764928
2021-06-02 10:45:00+05:30,1367.0,1372.8,1366.5,1372.0,739029
2021-06-02 11:15:00+05:30,1372.4,1373.7,1367.5,1369.4,890883
2021-06-02 11:45:00+05:30,1369.4,1371.5,1367.0,1371.5,535684
2021-06-02 12:15:00+05:30,1371.5,1375.5,1371.1,1375.1,355080
2021-06-02 12:45:00+05:30,1375.1,1375.5,1371.5,1372.0,353093
2021-06-02 13:15:00+05:30,1372.0,1374.95,1370.0,1372.0,243158
2021-06-02 13:45:00+05:30,1371.95,1375.0,1370.5,1374.05,248173
2021-06-02 14:15:00+05:30,1374.1,1379.65,1374.0,1376.65,454731
2021-06-02 14:45:00+05:30,1377.6,1381.0,1373.4,1380.2,1374936
2021-06-02 15:15:00+05:30,1380.15,1384.7,1380.1,1381.0,468541
2021-06-03 09:15:00+05:30,1388.1,1398.8,1381.6,1387.0,1614058
2021-06-03 09:45:00+05:30,1387.0,1389.0,1384.15,1387.8,261714
2021-06-03 10:15:00+05:30,1387.7,1388.7,1384.0,1385.45,136060
2021-06-03 10:45:00+05:30,1385.7,1387.0,1383.0,1384.3,180718
2021-06-03 11:15:00+05:30,1383.9,1385.35,1380.2,1381.95,200591
2021-06-03 11:45:00+05:30,1381.95,1382.9,1380.1,1380.5,266983
2021-06-03 12:15:00+05:30,1381.05,1381.8,1379.1,1379.8,189363
2021-06-03 12:45:00+05:30,1379.75,1381.3,1377.5,1378.95,304807
2021-06-03 13:15:00+05:30,1378.95,1382.0,1377.3,1380.2,237645
2021-06-03 13:45:00+05:30,1380.2,1385.4,1379.15,1384.95,300947
2021-06-03 14:15:00+05:30,1385.2,1386.65,1383.05,1383.5,314023
2021-06-03 14:45:00+05:30,1383.5,1389.9,1382.55,1389.55,645328
2021-06-03 15:15:00+05:30,1389.5,1392.7,1389.45,1390.8,446824
2021-06-04 09:15:00+05:30,1393.95,1396.9,1386.6,1393.15,460561
2021-06-04 09:45:00+05:30,1393.15,1394.8,1390.95,1392.6,150188
2021-06-04 10:15:00+05:30,1392.6,1392.6,1387.7,1390.55,159149
2021-06-04 10:45:00+05:30,1390.55,1394.7,1389.15,1391.4,178421
2021-06-04 11:15:00+05:30,1391.4,1393.85,1389.0,1390.0,137477
2021-06-04 11:45:00+05:30,1390.0,1391.35,1388.35,1389.7,125878
2021-06-04 12:15:00+05:30,1389.25,1389.75,1384.4,1385.0,256540
2021-06-04 12:45:00+05:30,1385.0,1385.75,1377.8,1381.65,887729
2021-06-04 13:15:00+05:30,1381.7,1382.6,1378.0,1378.55,245959
2021-06-04 13:45:00+05:30,1379.05,1382.45,1378.05,1381.75,295525
2021-06-04 14:15:00+05:30,1381.9,1382.8,1379.25,1381.0,275906
2021-06-04 14:45:00+05:30,1381.4,1386.5,1380.0,1385.45,568877
2021-06-04 15:15:00+05:30,1385.55,1388.0,1383.9,1385.15,423421
2021-06-07 09:15:00+05:30,1391.0,1392.0,1385.65,1387.85,403313
2021-06-07 09:45:00+05:30,1387.85,1389.4,1377.4,1384.75,1312351
2021-06-07 10:15:00+05:30,1384.8,1385.9,1380.45,1381.2,257508
2021-06-07 10:45:00+05:30,1381.2,1384.95,1380.7,1384.55,224778
2021-06-07 11:15:00+05:30,1384.5,1385.5,1382.15,1383.5,193548
2021-06-07 11:45:00+05:30,1383.75,1383.75,1380.25,1381.0,200690
2021-06-07 12:15:00+05:30,1380.85,1384.1,1380.5,1382.35,288333
2021-06-07 12:45:00+05:30,1382.35,1384.65,1382.0,1382.35,198653
2021-06-07 13:15:00+05:30,1382.3,1384.95,1381.55,1384.8,169228
2021-06-07 13:45:00+05:30,1384.8,1386.45,1383.15,1385.95,344384
2021-06-07 14:15:00+05:30,1385.75,1391.0,1385.5,1389.1,579393
2021-06-07 14:45:00+05:30,1389.1,1391.7,1387.25,1390.8,548687
2021-06-07 15:15:00+05:30,1390.85,1391.0,1388.0,1390.5,418804
2021-06-08 09:15:00+05:30,1396.0,1409.4,1395.55,1405.55,1293186
2021-06-08 09:45:00+05:30,1405.5,1415.0,1405.0,1412.7,1000059
2021-06-08 10:15:00+05:30,1413.2,1421.55,1412.7,1414.95,1268522
2021-06-08 10:45:00+05:30,1414.7,1415.6,1411.1,1413.3,507575
2021-06-08 11:15:00+05:30,1413.1,1417.35,1412.5,1414.3,460974
2021-06-08 11:45:00+05:30,1414.7,1415.5,1411.8,1413.0,265980
2021-06-08 12:15:00+05:30,1413.0,1415.7,1411.65,1415.5,269415
2021-06-08 12:45:00+05:30,1415.5,1416.0,1413.0,1414.7,326805
2021-06-08 13:15:00+05:30,1414.65,1415.5,1413.1,1414.4,249004
2021-06-08 13:45:00+05:30,1414.05,1417.0,1413.85,1414.7,271297
2021-06-08 14:15:00+05:30,1414.7,1415.65,1414.1,1415.45,189933
2021-06-08 14:45:00+05:30,1415.6,1416.1,1410.0,1414.0,753611
2021-06-08 15:15:00+05:30,1413.95,1414.6,1412.2,1413.0,480909
2021-06-09 09:15:00+05:30,1413.4,1425.0,1412.4,1416.25,1057635
2021-06-09 09:45:00+05:30,1416.0,1417.0,1413.0,1415.25,321570
2021-06-09 10:15:00+05:30,1415.25,1418.8,1415.0,1416.85,264220
2021-06-09 10:45:00+05:30,1416.85,1417.3,1413.0,1415.25,286500
2021-06-09 11:15:00+05:30,1415.1,1415.5,1413.3,1415.5,161280
2021-06-09 11:45:00+05:30,1415.65,1420.0,1415.3,1417.65,254824
2021-06-09 12:15:00+05:30,1417.65,1419.75,1417.0,1418.0,341755
2021-06-09 12:45:00+05:30,1418.2,1421.0,1414.0,1414.45,545220
2021-06-09 13:15:00+05:30,1414.25,1417.95,1412.75,1416.1,394699
2021-06-09 13:45:00+05:30,1416.1,1416.2,1410.85,1412.65,272134
2021-06-09 14:15:00+05:30,1412.75,1414.95,1404.6,1407.95,396271
2021-06-09 14:45:00+05:30,1408.05,1419.35,1407.05,1416.5,678380
2021-06-09 15:15:00+05:30,1416.5,1418.3,1413.0,1415.0,376650
2021-06-10 09:15:00+05:30,1424.0,1427.55,1419.55,1422.0,609777
2021-06-10 09:45:00+05:30,1422.0,1423.15,1420.0,1421.2,167860
2021-06-10 10:15:00+05:30,1421.05,1424.6,1421.0,1424.55,162652
2021-06-10 10:45:00+05:30,1424.55,1429.0,1423.15,1423.35,369968
2021-06-10 11:15:00+05:30,1423.35,1424.95,1422.35,1422.7,402902
2021-06-10 11:45:00+05:30,1422.6,1424.0,1421.6,1422.9,154251
2021-06-10 12:15:00+05:30,1422.85,1423.75,1421.0,1422.1,93875
2021-06-10 12:45:00+05:30,1422.1,1422.9,1420.2,1421.3,136579
2021-06-10 13:15:00+05:30,1421.35,1422.15,1419.35,1421.0,116904
2021-06-10 13:45:00+05:30,1421.0,1424.0,1420.75,1421.35,129639
2021-06-10 14:15:00+05:30,1421.0,1422.1,1420.0,1420.75,142791
2021-06-10 14:45:00+05:30,1420.75,1424.3,1420.5,1424.0,537298
2021-06-10 15:15:00+05:30,1424.0,1427.0,1423.5,1424.35,460926
2021-06-11 09:15:00+05:30,1430.1,1436.65,1429.6,1431.4,569183
2021-06-11 09:45:00+05:30,1431.05,1436.2,1430.05,1436.0,366923
2021-06-11 10:15:00+05:30,1436.05,1442.7,1434.7,1441.0,798633
2021-06-11 10:45:00+05:30,1441.0,1444.95,1440.0,1444.85,542236
2021-06-11 11:15:00+05:30,1444.85,1446.0,1440.85,1444.0,520067
2021-06-11 11:45:00+05:30,1443.8,1451.6,1443.05,1444.8,955138
2021-06-11 12:15:00+05:30,1444.55,1449.0,1443.25,1447.0,391889
2021-06-11 12:45:00+05:30,1447.5,1448.1,1441.35,1444.5,273378
2021-06-11 13:15:00+05:30,1444.8,1446.0,1441.0,1445.65,243319
2021-06-11 13:45:00+05:30,1445.65,1449.95,1445.1,1448.0,324024
2021-06-11 14:15:00+05:30,1447.9,1449.25,1445.05,1447.2,268905
2021-06-11 14:45:00+05:30,1447.3,1448.0,1443.7,1447.25,515095
2021-06-11 15:15:00+05:30,1447.2,1449.0,1446.0,1446.05,355260
2021-06-14 09:15:00+05:30,1471.0,1476.95,1457.2,1464.0,1775688
2021-06-14 09:45:00+05:30,1464.0,1470.5,1462.4,1464.05,1788036
2021-06-14 10:15:00+05:30,1463.55,1465.0,1455.6,1457.15,937732
2021-06-14 10:45:00+05:30,1456.7,1459.95,1454.2,1456.0,241964
2021-06-14 11:15:00+05:30,1456.3,1458.8,1453.5,1457.25,149320
2021-06-14 11:45:00+05:30,1457.1,1457.6,1454.55,1457.3,140448
2021-06-14 12:15:00+05:30,1457.3,1457.6,1454.8,1455.75,137585
2021-06-14 12:45:00+05:30,1455.75,1459.95,1455.0,1456.0,159680
2021-06-14 13:15:00+05:30,1456.0,1461.0,1454.25,1459.0,443521
2021-06-14 13:45:00+05:30,1458.95,1459.95,1457.4,1458.1,166478
2021-06-14 14:15:00+05:30,1458.1,1460.0,1456.85,1458.75,225167
2021-06-14 14:45:00+05:30,1459.0,1461.75,1458.25,1461.5,470157
2021-06-14 15:15:00+05:30,1461.5,1464.45,1459.25,1460.0,431694
2021-06-15 09:15:00+05:30,1464.0,1474.0,1463.5,1471.5,1082539
2021-06-15 09:45:00+05:30,1471.6,1473.3,1470.0,1470.5,413051
2021-06-15 10:15:00+05:30,1470.55,1470.7,1466.4,1469.65,381049
2021-06-15 10:45:00+05:30,1469.6,1469.8,1465.0,1465.55,290053
2021-06-15 11:15:00+05:30,1465.55,1466.0,1463.05,1464.0,339522
2021-06-15 11:45:00+05:30,1463.9,1467.8,1463.75,1467.25,300646
2021-06-15 12:15:00+05:30,1467.2,1469.8,1465.5,1466.1,255539
2021-06-15 12:45:00+05:30,1466.1,1468.65,1466.0,1467.45,207053
2021-06-15 13:15:00+05:30,1467.45,1471.0,1467.35,1469.8,260911
2021-06-15 13:45:00+05:30,1469.8,1472.3,1469.5,1470.5,240613
2021-06-15 14:15:00+05:30,1470.6,1471.85,1470.0,1471.8,216753
2021-06-15 14:45:00+05:30,1471.8,1475.0,1471.0,1474.8,752795
2021-06-15 15:15:00+05:30,1474.85,1476.0,1473.05,1474.0,645767
2021-06-16 09:15:00+05:30,1472.7,1480.0,1470.0,1472.4,719024
2021-06-16 09:45:00+05:30,1472.45,1476.0,1469.5,1471.6,295233
2021-06-16 10:15:00+05:30,1471.0,1473.25,1467.5,1472.4,295608
2021-06-16 10:45:00+05:30,1471.95,1472.35,1467.55,1467.85,319842
2021-06-16 11:15:00+05:30,1468.0,1472.65,1467.65,1469.1,310775
2021-06-16 11:45:00+05:30,1468.75,1472.0,1468.75,1471.75,385722
2021-06-16 12:15:00+05:30,1471.4,1475.0,1471.4,1473.75,316083
2021-06-16 12:45:00+05:30,1473.7,1483.85,1473.7,1483.0,605051
2021-06-16 13:15:00+05:30,1483.0,1484.55,1479.05,1482.25,604276
2021-06-16 13:45:00+05:30,1482.25,1489.35,1480.6,1486.55,647557
2021-06-16 14:15:00+05:30,1486.65,1488.3,1484.25,1485.4,424827
2021-06-16 14:45:00+05:30,1485.4,1487.7,1477.0,1480.7,1625965
2021-06-16 15:15:00+05:30,1480.75,1481.5,1477.85,1479.2,1045872
2021-06-17 09:15:00+05:30,1475.1,1486.1,1475.1,1479.9,981517
2021-06-17 09:45:00+05:30,1479.6,1484.1,1478.2,1481.75,437160
2021-06-17 10:15:00+05:30,1481.8,1488.6,1481.75,1485.95,456414
2021-06-17 10:45:00+05:30,1485.95,1492.0,1485.15,1490.6,580204
2021-06-17 11:15:00+05:30,1490.6,1491.75,1484.45,1485.85,575549
2021-06-17 11:45:00+05:30,1485.85,1486.2,1483.45,1484.85,642265
2021-06-17 12:15:00+05:30,1484.95,1488.4,1483.45,1487.55,373234
2021-06-17 12:45:00+05:30,1487.6,1487.8,1484.5,1486.0,310123
2021-06-17 13:15:00+05:30,1485.95,1491.6,1484.85,1489.35,446592
2021-06-17 13:45:00+05:30,1489.35,1489.75,1487.25,1488.35,293014
2021-06-17 14:15:00+05:30,1488.25,1490.3,1485.1,1490.0,498888
2021-06-17 14:45:00+05:30,1489.8,1496.95,1485.65,1496.0,1074771
2021-06-17 15:15:00+05:30,1496.4,1502.65,1496.1,1502.65,981876
2021-06-18 09:15:00+05:30,1509.0,1515.75,1506.85,1507.0,1330102
2021-06-18 09:45:00+05:30,1506.85,1508.2,1499.0,1503.2,1097961
2021-06-18 10:15:00+05:30,1503.1,1505.75,1493.0,1493.9,945738
2021-06-18 10:45:00+05:30,1493.9,1499.5,1487.5,1499.0,995213
2021-06-18 11:15:00+05:30,1499.1,1505.95,1498.0,1500.55,622691
2021-06-18 11:45:00+05:30,1500.4,1501.2,1498.2,1500.0,459244
2021-06-18 12:15:00+05:30,1499.95,1500.15,1493.0,1500.0,377630
2021-06-18 12:45:00+05:30,1499.9,1500.95,1498.2,1499.85,427106
2021-06-18 13:15:00+05:30,1499.8,1500.0,1494.4,1495.7,419056
2021-06-18 13:45:00+05:30,1495.9,1499.85,1494.95,1497.05,701842
2021-06-18 14:15:00+05:30,1497.15,1500.0,1496.95,1497.7,410346
2021-06-18 14:45:00+05:30,1497.7,1505.9,1491.35,1505.45,3002133
2021-06-18 15:15:00+05:30,1505.9,1512.7,1505.45,1510.0,2676791
2021-06-21 09:15:00+05:30,1493.0,1501.65,1484.95,1495.55,1191446
2021-06-21 09:45:00+05:30,1495.7,1497.35,1488.0,1496.95,479264
2021-06-21 10:15:00+05:30,1496.75,1499.7,1492.35,1493.25,314626
2021-06-21 10:45:00+05:30,1493.3,1496.7,1490.45,1493.7,484075
2021-06-21 11:15:00+05:30,1493.65,1496.35,1491.2,1494.85,241062
2021-06-21 11:45:00+05:30,1494.5,1498.0,1494.45,1496.3,218952
2021-06-21 12:15:00+05:30,1496.25,1498.0,1493.75,1495.25,239496
2021-06-21 12:45:00+05:30,1495.25,1502.9,1495.0,1502.5,329672
2021-06-21 13:15:00+05:30,1502.5,1505.8,1499.0,1504.4,367378
2021-06-21 13:45:00+05:30,1504.4,1504.6,1499.15,1502.2,224356
2021-06-21 14:15:00+05:30,1502.0,1502.2,1498.3,1499.75,224249
2021-06-21 14:45:00+05:30,1499.75,1501.35,1496.85,1499.9,534067
2021-06-21 15:15:00+05:30,1500.15,1502.7,1499.0,1501.25,582196
2021-06-22 09:15:00+05:30,1509.7,1514.0,1502.25,1511.9,1088546
2021-06-22 09:45:00+05:30,1511.35,1520.95,1510.8,1516.35,766409
2021-06-22 10:15:00+05:30,1516.85,1517.0,1511.3,1512.0,293574
2021-06-22 10:45:00+05:30,1512.0,1513.25,1507.0,1509.05,504492
2021-06-22 11:15:00+05:30,1509.0,1509.75,1505.0,1507.9,637132
2021-06-22 11:45:00+05:30,1508.0,1511.05,1506.0,1507.9,445524
2021-06-22 12:15:00+05:30,1507.95,1508.5,1505.5,1505.8,233481
2021-06-22 12:45:00+05:30,1505.8,1512.0,1505.5,1511.85,298707
2021-06-22 13:15:00+05:30,1511.9,1513.65,1509.0,1512.0,305615
2021-06-22 13:45:00+05:30,1511.85,1513.0,1510.15,1511.55,292630
2021-06-22 14:15:00+05:30,1511.6,1512.0,1509.25,1512.0,271498
2021-06-22 14:45:00+05:30,1511.85,1514.85,1509.4,1510.35,759952
2021-06-22 15:15:00+05:30,1510.45,1513.1,1509.8,1511.35,510272
2021-06-23 09:15:00+05:30,1525.0,1525.0,1513.55,1515.75,746165
2021-06-23 09:45:00+05:30,1515.7,1516.45,1509.6,1511.1,415166
2021-06-23 10:15:00+05:30,1510.5,1515.4,1507.5,1512.85,363112
2021-06-23 10:45:00+05:30,1512.8,1515.45,1509.05,1511.0,302417
2021-06-23 11:15:00+05:30,1510.4,1511.7,1508.05,1509.0,195658
2021-06-23 11:45:00+05:30,1509.0,1509.2,1505.2,1507.2,274061
2021-06-23 12:15:00+05:30,1507.2,1508.45,1502.0,1502.55,306643
2021-06-23 12:45:00+05:30,1502.4,1505.25,1500.1,1502.3,289303
2021-06-23 13:15:00+05:30,1502.4,1513.0,1498.65,1505.25,607406
2021-06-23 13:45:00+05:30,1505.25,1510.95,1504.85,1506.2,546368
2021-06-23 14:15:00+05:30,1506.2,1506.3,1501.2,1501.75,467730
2021-06-23 14:45:00+05:30,1501.75,1505.4,1499.3,1504.35,577801
2021-06-23 15:15:00+05:30,1504.4,1505.4,1502.25,1503.0,406310
2021-06-24 09:15:00+05:30,1517.0,1523.3,1512.05,1521.6,1175869
2021-06-24 09:45:00+05:30,1521.5,1522.85,1514.45,1522.0,492352
2021-06-24 10:15:00+05:30,1521.65,1533.8,1521.0,1533.6,650495
2021-06-24 10:45:00+05:30,1533.7,1539.9,1532.45,1533.5,838328
2021-06-24 11:15:00+05:30,1533.5,1537.4,1533.5,1534.75,344035
2021-06-24 11:45:00+05:30,1534.75,1538.75,1534.5,1538.2,361998
2021-06-24 12:15:00+05:30,1538.15,1554.0,1538.1,1553.8,1353645
2021-06-24 12:45:00+05:30,1553.65,1556.5,1549.1,1552.35,894110
2021-06-24 13:15:00+05:30,1552.2,1552.7,1543.75,1543.75,749116
2021-06-24 13:45:00+05:30,1543.8,1552.15,1543.75,1552.15,526545
2021-06-24 14:15:00+05:30,1551.8,1554.5,1548.2,1554.05,529760
2021-06-24 14:45:00+05:30,1554.3,1568.35,1552.65,1557.95,1845331
2021-06-24 15:15:00+05:30,1558.15,1560.0,1553.15,1555.5,970369
2021-06-25 09:15:00+05:30,1572.0,1572.0,1543.0,1566.2,2311127
2021-06-25 09:45:00+05:30,1566.2,1567.5,1556.4,1560.95,792675
2021-06-25 10:15:00+05:30,1560.5,1561.65,1553.35,1553.4,440059
2021-06-25 10:45:00+05:30,1553.75,1563.5,1551.3,1562.55,752108
2021-06-25 11:15:00+05:30,1562.55,1564.5,1559.0,1561.7,441746
2021-06-25 11:45:00+05:30,1561.5,1563.45,1557.0,1562.9,440545
2021-06-25 12:15:00+05:30,1562.9,1572.0,1562.9,1570.9,840259
2021-06-25 12:45:00+05:30,1570.4,1574.8,1568.2,1570.15,575956
2021-06-25 13:15:00+05:30,1570.15,1572.0,1564.75,1568.05,471598
2021-06-25 13:45:00+05:30,1568.05,1571.2,1566.55,1571.0,426831
2021-06-25 14:15:00+05:30,1570.8,1574.0,1568.1,1573.0,526722
2021-06-25 14:45:00+05:30,1573.0,1576.0,1569.0,1575.0,1136811
2021-06-25 15:15:00+05:30,1575.1,1578.0,1572.35,1572.35,557387
2021-06-28 09:15:00+05:30,1572.9,1580.05,1560.75,1570.85,1206421
2021-06-28 09:45:00+05:30,1570.85,1574.05,1567.5,1569.7,474803
2021-06-28 10:15:00+05:30,1569.8,1574.0,1568.0,1573.15,286905
2021-06-28 10:45:00+05:30,1573.0,1575.7,1568.0,1569.6,332480
2021-06-28 11:15:00+05:30,1569.65,1571.9,1568.05,1569.6,235683
2021-06-28 11:45:00+05:30,1569.6,1569.65,1566.0,1569.5,305635
2021-06-28 12:15:00+05:30,1569.35,1569.75,1565.65,1568.25,256483
2021-06-28 12:45:00+05:30,1568.25,1570.0,1567.1,1569.85,235204
2021-06-28 13:15:00+05:30,1569.8,1571.85,1568.3,1569.3,248974
2021-06-28 13:45:00+05:30,1569.3,1571.7,1568.0,1569.8,258554
2021-06-28 14:15:00+05:30,1569.65,1573.5,1569.55,1572.45,266489
2021-06-28 14:45:00+05:30,1572.5,1574.0,1571.15,1572.1,533678
2021-06-28 15:15:00+05:30,1572.15,1572.15,1569.1,1569.1,297611
2021-06-29 09:15:00+05:30,1561.0,1569.65,1560.05,1567.9,941912
2021-06-29 09:45:00+05:30,1567.8,1568.45,1560.1,1561.75,618510
2021-06-29 10:15:00+05:30,1561.75,1567.05,1559.2,1565.95,414119
2021-06-29 10:45:00+05:30,1566.3,1567.7,1562.3,1562.95,315507
2021-06-29 11:15:00+05:30,1562.95,1564.7,1562.0,1563.9,361343
2021-06-29 11:45:00+05:30,1563.85,1565.2,1561.55,1563.2,210310
2021-06-29 12:15:00+05:30,1563.6,1569.4,1563.0,1566.5,326006
2021-06-29 12:45:00+05:30,1566.45,1569.25,1565.05,1568.35,273488
2021-06-29 13:15:00+05:30,1568.35,1573.2,1565.9,1572.6,448591
2021-06-29 13:45:00+05:30,1572.6,1572.8,1564.0,1567.95,324223
2021-06-29 14:15:00+05:30,1567.95,1568.55,1563.5,1563.9,347679
2021-06-29 14:45:00+05:30,1563.95,1565.25,1559.3,1562.5,692863
2021-06-29 15:15:00+05:30,1562.45,1565.8,1561.85,1562.0,586244
2021-06-30 09:15:00+05:30,1572.05,1582.25,1572.05,1576.45,1068944
2021-06-30 09:45:00+05:30,1576.45,1581.0,1576.0,1580.0,343851
2021-06-30 10:15:00+05:30,1580.15,1586.95,1579.2,1586.05,666743
2021-06-30 10:45:00+05:30,1586.4,1587.15,1582.25,1586.35,319891
2021-06-30 11:15:00+05:30,1586.5,1591.0,1585.65,1587.25,549090
2021-06-30 11:45:00+05:30,1587.2,1589.0,1585.3,1587.65,240798
2021-06-30 12:15:00+05:30,1587.7,1589.55,1585.1,1586.5,220837
2021-06-30 12:45:00+05:30,1586.4,1588.1,1583.1,1584.55,282214
2021-06-30 13:15:00+05:30,1584.55,1587.15,1583.8,1584.85,253814
2021-06-30 13:45:00+05:30,1585.2,1587.0,1584.0,1585.95,290238
2021-06-30 14:15:00+05:30,1586.05,1586.35,1578.0,1578.5,442039
2021-06-30 14:45:00+05:30,1578.5,1583.0,1578.2,1580.05,767902
2021-06-30 15:15:00+05:30,1580.0,1581.8,1579.0,1580.5,590461
2021-07-01 09:15:00+05:30,1576.85,1576.85,1564.0,1569.0,725549
2021-07-01 09:45:00+05:30,1568.95,1571.35,1567.0,1568.55,344515
2021-07-01 10:15:00+05:30,1568.55,1572.05,1568.0,1568.55,266032
2021-07-01 10:45:00+05:30,1568.55,1572.8,1568.55,1570.9,203871
2021-07-01 11:15:00+05:30,1571.0,1571.0,1567.3,1569.45,241172
2021-07-01 11:45:00+05:30,1569.45,1570.75,1568.5,1568.55,197562
2021-07-01 12:15:00+05:30,1569.05,1570.15,1564.55,1564.7,311337
2021-07-01 12:45:00+05:30,1564.75,1567.35,1561.8,1564.7,669823
2021-07-01 13:15:00+05:30,1564.2,1565.95,1561.9,1564.9,351819
2021-07-01 13:45:00+05:30,1564.9,1565.9,1560.25,1562.5,256668
2021-07-01 14:15:00+05:30,1562.5,1563.75,1560.05,1563.0,357176
2021-07-01 14:45:00+05:30,1562.95,1563.4,1559.05,1560.05,466800
2021-07-01 15:15:00+05:30,1560.1,1561.95,1559.4,1561.95,375657
2021-07-02 09:15:00+05:30,1558.95,1558.95,1542.95,1545.8,1023757
2021-07-02 09:45:00+05:30,1545.95,1551.95,1543.0,1551.1,397422
2021-07-02 10:15:00+05:30,1551.15,1553.6,1548.25,1550.4,203778
2021-07-02 10:45:00+05:30,1550.4,1552.0,1547.0,1550.0,220585
2021-07-02 11:15:00+05:30,1549.9,1555.2,1549.5,1554.5,205657
2021-07-02 11:45:00+05:30,1554.5,1556.0,1552.05,1552.05,310222
2021-07-02 12:15:00+05:30,1552.1,1557.0,1550.0,1554.75,437049
2021-07-02 12:45:00+05:30,1554.8,1555.85,1551.7,1552.9,354153
2021-07-02 13:15:00+05:30,1552.9,1559.75,1550.35,1559.1,367563
2021-07-02 13:45:00+05:30,1559.3,1559.3,1554.05,1555.25,277220
2021-07-02 14:15:00+05:30,1555.35,1566.9,1554.05,1565.5,320093
2021-07-02 14:45:00+05:30,1565.5,1569.45,1564.3,1568.5,696777
2021-07-02 15:15:00+05:30,1568.5,1568.55,1565.0,1566.0,329818
2021-07-05 09:15:00+05:30,1569.15,1574.8,1562.25,1570.6,691308
2021-07-05 09:45:00+05:30,1570.6,1572.0,1568.15,1570.55,255962
2021-07-05 10:15:00+05:30,1570.55,1574.95,1570.5,1574.0,232289
2021-07-05 10:45:00+05:30,1574.0,1576.0,1572.25,1573.2,198687
2021-07-05 11:15:00+05:30,1573.2,1575.75,1570.3,1573.15,223405
2021-07-05 11:45:00+05:30,1573.85,1575.5,1572.0,1573.05,240445
2021-07-05 12:15:00+05:30,1573.05,1574.0,1570.15,1571.5,247075
2021-07-05 12:45:00+05:30,1571.5,1572.15,1568.05,1571.75,286645
2021-07-05 13:15:00+05:30,1571.75,1573.4,1570.0,1572.35,231338
2021-07-05 13:45:00+05:30,1572.35,1572.85,1569.0,1571.05,247713
2021-07-05 14:15:00+05:30,1571.05,1574.9,1567.1,1574.6,371335
2021-07-05 14:45:00+05:30,1574.55,1580.0,1572.75,1579.9,499036
2021-07-05 15:15:00+05:30,1579.65,1585.0,1579.05,1583.65,301153
2021-07-06 09:15:00+05:30,1573.7,1583.45,1573.7,1582.4,495041
2021-07-06 09:45:00+05:30,1582.1,1585.75,1581.0,1582.2,255851
2021-07-06 10:15:00+05:30,1582.2,1584.2,1576.0,1582.45,282613
2021-07-06 10:45:00+05:30,1582.45,1584.5,1581.4,1581.4,158268
2021-07-06 11:15:00+05:30,1581.55,1585.85,1580.85,1585.75,219351
2021-07-06 11:45:00+05:30,1585.5,1586.75,1583.65,1584.95,415357
2021-07-06 12:15:00+05:30,1584.95,1585.0,1577.75,1579.6,155227
2021-07-06 12:45:00+05:30,1579.6,1579.75,1572.2,1573.45,343638
2021-07-06 13:15:00+05:30,1573.5,1574.0,1568.0,1568.3,297486
2021-07-06 13:45:00+05:30,1568.3,1572.45,1568.0,1569.15,289650
2021-07-06 14:15:00+05:30,1569.15,1571.55,1567.0,1568.7,334302
2021-07-06 14:45:00+05:30,1568.85,1571.0,1561.65,1562.65,429443
2021-07-06 15:15:00+05:30,1562.9,1563.2,1557.25,1562.0,393005
2021-07-07 09:15:00+05:30,1566.05,1567.85,1553.05,1554.85,785142
2021-07-07 09:45:00+05:30,1555.0,1558.75,1544.65,1550.0,634124
2021-07-07 10:15:00+05:30,1550.6,1566.0,1550.0,1565.75,403893
2021-07-07 10:45:00+05:30,1566.05,1568.4,1563.1,1567.45,306747
2021-07-07 11:15:00+05:30,1567.8,1570.55,1566.5,1567.0,276898
2021-07-07 11:45:00+05:30,1567.2,1569.4,1562.15,1564.55,347629
2021-07-07 12:15:00+05:30,1564.25,1564.9,1558.35,1560.35,148874
2021-07-07 12:45:00+05:30,1560.2,1560.9,1554.55,1559.65,342288
2021-07-07 13:15:00+05:30,1559.65,1560.0,1551.5,1555.45,282828
2021-07-07 13:45:00+05:30,1554.8,1559.5,1554.5,1559.2,188940
2021-07-07 14:15:00+05:30,1559.2,1565.45,1559.2,1564.75,274473
2021-07-07 14:45:00+05:30,1564.1,1565.9,1560.0,1564.4,468063
2021-07-07 15:15:00+05:30,1564.2,1565.95,1562.35,1562.5,320594
2021-07-08 09:15:00+05:30,1568.0,1576.0,1568.0,1572.45,483029
2021-07-08 09:45:00+05:30,1572.5,1572.7,1562.1,1564.75,232288
2021-07-08 10:15:00+05:30,1564.7,1564.9,1558.75,1561.3,206431
2021-07-08 10:45:00+05:30,1561.2,1562.4,1560.45,1561.25,84162
2021-07-08 11:15:00+05:30,1561.25,1563.65,1557.0,1558.5,167720
2021-07-08 11:45:00+05:30,1558.45,1558.5,1550.0,1550.1,432244
2021-07-08 12:15:00+05:30,1550.1,1557.0,1549.0,1556.55,269156
2021-07-08 12:45:00+05:30,1556.5,1556.9,1551.25,1551.8,149684
2021-07-08 13:15:00+05:30,1551.8,1558.0,1550.8,1557.95,135333
2021-07-08 13:45:00+05:30,1557.95,1558.0,1553.1,1554.85,141283
2021-07-08 14:15:00+05:30,1554.85,1558.0,1553.0,1557.7,144933
2021-07-08 14:45:00+05:30,1557.7,1564.0,1555.7,1561.95,576149
2021-07-08 15:15:00+05:30,1562.0,1562.5,1557.1,1560.0,288916
2021-07-09 09:15:00+05:30,1556.0,1569.25,1551.25,1562.2,900170
2021-07-09 09:45:00+05:30,1562.2,1566.7,1559.65,1560.1,367450
2021-07-09 10:15:00+05:30,1560.05,1569.9,1559.45,1568.5,420049
2021-07-09 10:45:00+05:30,1568.5,1568.6,1563.65,1564.2,131104
2021-07-09 11:15:00+05:30,1564.2,1564.25,1556.1,1559.0,212938
2021-07-09 11:45:00+05:30,1559.05,1561.0,1557.1,1558.2,96165
2021-07-09 12:15:00+05:30,1558.2,1558.4,1555.0,1556.15,116948
2021-07-09 12:45:00+05:30,1556.15,1558.8,1555.0,1558.15,136962
2021-07-09 13:15:00+05:30,1558.05,1559.95,1557.5,1558.8,110908
2021-07-09 13:45:00+05:30,1558.8,1567.65,1558.3,1566.35,235264
2021-07-09 14:15:00+05:30,1566.45,1566.55,1561.6,1564.85,194947
2021-07-09 14:45:00+05:30,1564.85,1565.55,1560.4,1563.4,265037
2021-07-09 15:15:00+05:30,1563.4,1565.1,1561.25,1564.9,228818
2021-07-12 09:15:00+05:30,1570.55,1578.0,1568.6,1570.4,420961
2021-07-12 09:45:00+05:30,1570.4,1571.55,1566.15,1569.45,196903
2021-07-12 10:15:00+05:30,1569.75,1570.2,1566.55,1568.75,266583
2021-07-12 10:45:00+05:30,1568.75,1568.8,1565.05,1566.05,173163
2021-07-12 11:15:00+05:30,1566.2,1568.45,1563.15,1564.9,200987
2021-07-12 11:45:00+05:30,1564.9,1565.8,1558.1,1559.25,752661
2021-07-12 12:15:00+05:30,1559.2,1561.75,1552.1,1552.85,543643
2021-07-12 12:45:00+05:30,1552.85,1560.85,1552.1,1556.25,407612
2021-07-12 13:15:00+05:30,1556.45,1558.5,1552.55,1558.0,163244
2021-07-12 13:45:00+05:30,1558.05,1558.9,1552.0,1552.7,156316
2021-07-12 14:15:00+05:30,1552.45,1553.0,1534.75,1539.5,522351
2021-07-12 14:45:00+05:30,1539.7,1550.0,1539.4,1546.7,463449
2021-07-12 15:15:00+05:30,1546.75,1549.6,1545.1,1547.0,305936
2021-07-13 09:15:00+05:30,1556.4,1556.4,1536.4,1541.95,556903
2021-07-13 09:45:00+05:30,1541.95,1548.85,1540.0,1541.05,256952
2021-07-13 10:15:00+05:30,1541.0,1542.6,1539.0,1540.2,191407
2021-07-13 10:45:00+05:30,1540.2,1546.0,1538.0,1544.6,265219
2021-07-13 11:15:00+05:30,1544.6,1545.9,1539.0,1539.35,224994
2021-07-13 11:45:00+05:30,1539.3,1543.85,1539.0,1541.4,224952
2021-07-13 12:15:00+05:30,1541.35,1543.9,1540.0,1540.5,227156
2021-07-13 12:45:00+05:30,1540.5,1542.0,1539.2,1540.8,271073
2021-07-13 13:15:00+05:30,1540.75,1542.0,1539.0,1541.85,321140
2021-07-13 13:45:00+05:30,1541.75,1543.9,1541.3,1543.55,422450
2021-07-13 14:15:00+05:30,1543.5,1544.4,1542.0,1542.0,436606
2021-07-13 14:45:00+05:30,1542.15,1546.5,1540.0,1545.25,663037
2021-07-13 15:15:00+05:30,1545.2,1546.0,1543.8,1545.5,377884
2021-07-14 09:15:00+05:30,1554.0,1554.0,1538.3,1548.75,719306
2021-07-14 09:45:00+05:30,1549.3,1560.0,1545.0,1559.7,508283
2021-07-14 10:15:00+05:30,1559.05,1563.35,1556.65,1559.75,516615
2021-07-14 10:45:00+05:30,1559.75,1561.5,1557.0,1560.35,160979
2021-07-14 11:15:00+05:30,1560.0,1567.5,1558.95,1565.6,484061
2021-07-14 11:45:00+05:30,1565.1,1565.75,1560.0,1562.95,234625
2021-07-14 12:15:00+05:30,1562.95,1565.0,1561.0,1563.5,151250
2021-07-14 12:45:00+05:30,1563.2,1567.5,1563.2,1567.45,238082
2021-07-14 13:15:00+05:30,1567.45,1567.45,1563.5,1565.55,174003
2021-07-14 13:45:00+05:30,1565.45,1567.3,1564.3,1567.0,142237
2021-07-14 14:15:00+05:30,1567.0,1582.75,1567.0,1578.75,765757
2021-07-14 14:45:00+05:30,1578.8,1581.5,1573.95,1580.0,824041
2021-07-14 15:15:00+05:30,1580.0,1580.35,1573.3,1577.4,724367
2021-07-15 09:15:00+05:30,1557.9,1596.75,1557.9,1577.0,3588049
2021-07-15 09:45:00+05:30,1576.5,1577.6,1570.0,1573.0,829861
2021-07-15 10:15:00+05:30,1573.1,1579.9,1571.15,1577.65,579310
2021-07-15 10:45:00+05:30,1577.8,1593.0,1577.0,1585.65,1125037
2021-07-15 11:15:00+05:30,1585.7,1588.5,1582.0,1583.85,422211
2021-07-15 11:45:00+05:30,1583.6,1588.35,1582.45,1587.4,307137
2021-07-15 12:15:00+05:30,1587.4,1591.85,1583.2,1585.9,486982
2021-07-15 12:45:00+05:30,1586.6,1588.0,1583.0,1585.05,286743
2021-07-15 13:15:00+05:30,1585.3,1587.0,1580.0,1583.2,393358
2021-07-15 13:45:00+05:30,1583.2,1584.3,1581.45,1584.0,292756
2021-07-15 14:15:00+05:30,1583.8,1585.55,1583.0,1583.7,335357
2021-07-15 14:45:00+05:30,1583.65,1583.7,1578.4,1580.75,705126
2021-07-15 15:15:00+05:30,1581.3,1582.0,1578.0,1579.0,496939
2021-07-16 09:15:00+05:30,1573.75,1573.75,1565.5,1573.5,790552
2021-07-16 09:45:00+05:30,1573.4,1574.65,1566.0,1567.0,424362
2021-07-16 10:15:00+05:30,1566.95,1567.5,1560.05,1565.2,403799
2021-07-16 10:45:00+05:30,1565.2,1566.85,1555.1,1558.45,522396
2021-07-16 11:15:00+05:30,1558.45,1562.0,1558.05,1561.25,374078
2021-07-16 11:45:00+05:30,1561.25,1561.45,1555.0,1557.1,297967
2021-07-16 12:15:00+05:30,1557.1,1559.0,1555.5,1559.0,212626
2021-07-16 12:45:00+05:30,1559.0,1560.35,1556.2,1560.0,277100
2021-07-16 13:15:00+05:30,1560.0,1562.0,1553.5,1555.45,523687
2021-07-16 13:45:00+05:30,1555.3,1555.55,1549.6,1554.0,637607
2021-07-16 14:15:00+05:30,1554.1,1559.7,1554.0,1558.95,461959
2021-07-16 14:45:00+05:30,1559.0,1559.65,1554.0,1554.55,743970
2021-07-16 15:15:00+05:30,1554.6,1557.15,1552.0,1556.75,561641
2021-07-19 09:15:00+05:30,1544.7,1552.9,1539.4,1544.9,957083
2021-07-19 09:45:00+05:30,1544.55,1545.05,1541.0,1542.4,462018
2021-07-19 10:15:00+05:30,1542.8,1546.15,1540.25,1541.4,312423
2021-07-19 10:45:00+05:30,1541.1,1542.0,1539.0,1539.55,461883
2021-07-19 11:15:00+05:30,1539.4,1540.8,1537.55,1539.8,209207
2021-07-19 11:45:00+05:30,1539.9,1540.45,1538.8,1539.9,384221
2021-07-19 12:15:00+05:30,1539.85,1540.95,1539.0,1540.55,186091
2021-07-19 12:45:00+05:30,1540.55,1545.0,1539.4,1540.9,339081
2021-07-19 13:15:00+05:30,1540.9,1542.85,1539.2,1540.4,444868
2021-07-19 13:45:00+05:30,1540.6,1542.2,1539.5,1541.7,331858
2021-07-19 14:15:00+05:30,1541.9,1543.75,1540.0,1543.45,381382
2021-07-19 14:45:00+05:30,1543.35,1545.0,1539.8,1539.95,764034
2021-07-19 15:15:00+05:30,1540.0,1545.15,1539.85,1544.55,412312
2021-07-20 09:15:00+05:30,1538.3,1547.0,1538.0,1542.2,575863
2021-07-20 09:45:00+05:30,1542.25,1543.4,1539.15,1542.65,562720
2021-07-20 10:15:00+05:30,1542.5,1549.45,1542.05,1543.95,313564
2021-07-20 10:45:00+05:30,1544.0,1548.0,1543.95,1545.15,171157
2021-07-20 11:15:00+05:30,1545.15,1548.5,1542.75,1544.55,445109
2021-07-20 11:45:00+05:30,1544.55,1547.0,1542.0,1542.0,330514
2021-07-20 12:15:00+05:30,1542.0,1548.55,1541.3,1548.35,189651
2021-07-20 12:45:00+05:30,1548.0,1552.0,1547.35,1550.65,453633
2021-07-20 13:15:00+05:30,1551.0,1551.95,1547.5,1551.5,477746
2021-07-20 13:45:00+05:30,1551.6,1557.65,1550.45,1556.45,427342
2021-07-20 14:15:00+05:30,1556.45,1556.6,1550.2,1552.25,386492
2021-07-20 14:45:00+05:30,1552.25,1552.6,1550.0,1550.55,439233
2021-07-20 15:15:00+05:30,1550.55,1550.55,1546.55,1548.2,272392
2021-07-22 09:15:00+05:30,1561.4,1571.5,1561.4,1568.35,924505
2021-07-22 09:45:00+05:30,1568.3,1576.35,1567.25,1575.45,600389
2021-07-22 10:15:00+05:30,1575.3,1579.8,1574.55,1579.15,479835
2021-07-22 10:45:00+05:30,1579.2,1579.75,1575.5,1577.55,412000
2021-07-22 11:15:00+05:30,1577.55,1579.4,1574.25,1577.0,392793
2021-07-22 11:45:00+05:30,1577.35,1583.8,1576.3,1582.05,447216
2021-07-22 12:15:00+05:30,1582.4,1584.0,1579.4,1580.85,583367
2021-07-22 12:45:00+05:30,1580.95,1582.1,1579.5,1579.6,330019
2021-07-22 13:15:00+05:30,1579.65,1582.8,1579.6,1581.7,406874
2021-07-22 13:45:00+05:30,1581.7,1583.45,1579.45,1583.15,756014
2021-07-22 14:15:00+05:30,1583.2,1588.7,1581.0,1584.55,676767
2021-07-22 14:45:00+05:30,1584.55,1591.8,1584.0,1591.15,1020213
2021-07-22 15:15:00+05:30,1591.5,1592.8,1587.0,1588.3,792428
2021-07-23 09:15:00+05:30,1588.55,1596.0,1585.1,1591.0,776926
2021-07-23 09:45:00+05:30,1590.5,1592.95,1587.1,1589.5,294702
2021-07-23 10:15:00+05:30,1589.5,1590.7,1586.05,1586.75,202116
2021-07-23 10:45:00+05:30,1587.5,1591.4,1587.35,1591.05,208413
2021-07-23 11:15:00+05:30,1591.0,1592.3,1589.9,1590.6,268905
2021-07-23 11:45:00+05:30,1590.6,1594.35,1589.9,1592.4,232517
2021-07-23 12:15:00+05:30,1592.4,1593.0,1587.2,1589.4,261617
2021-07-23 12:45:00+05:30,1589.4,1592.5,1588.8,1592.5,243938
2021-07-23 13:15:00+05:30,1592.5,1593.8,1590.6,1593.15,265450
2021-07-23 13:45:00+05:30,1593.5,1598.5,1592.2,1596.75,430004
2021-07-23 14:15:00+05:30,1596.9,1597.55,1593.5,1596.9,292597
2021-07-23 14:45:00+05:30,1596.95,1597.65,1589.45,1590.85,443439
2021-07-23 15:15:00+05:30,1590.8,1591.35,1588.0,1588.35,232584
2021-07-26 09:15:00+05:30,1594.1,1605.0,1594.1,1601.65,557058
2021-07-26 09:45:00+05:30,1601.65,1610.0,1601.0,1609.8,463900
2021-07-26 10:15:00+05:30,1609.8,1611.45,1606.0,1608.15,368767
2021-07-26 10:45:00+05:30,1608.15,1610.0,1607.0,1608.35,311309
2021-07-26 11:15:00+05:30,1608.7,1611.45,1608.0,1610.0,279575
2021-07-26 11:45:00+05:30,1610.0,1610.75,1607.45,1609.8,261752
2021-07-26 12:15:00+05:30,1610.0,1610.0,1602.95,1604.5,530406
2021-07-26 12:45:00+05:30,1604.5,1607.6,1602.3,1606.95,177115
2021-07-26 13:15:00+05:30,1606.95,1609.9,1606.2,1607.45,439508
2021-07-26 13:45:00+05:30,1607.3,1607.5,1604.9,1605.25,248430
2021-07-26 14:15:00+05:30,1605.4,1606.8,1603.4,1603.65,291405
2021-07-26 14:45:00+05:30,1603.65,1607.0,1601.15,1603.95,427152
2021-07-26 15:15:00+05:30,1603.95,1605.0,1602.35,1603.2,216652
2021-07-27 09:15:00+05:30,1605.0,1609.0,1600.6,1603.4,459506
2021-07-27 09:45:00+05:30,1603.4,1603.4,1598.9,1602.95,314310
2021-07-27 10:15:00+05:30,1602.95,1603.75,1600.4,1602.0,357738
2021-07-27 10:45:00+05:30,1602.0,1605.0,1599.0,1604.8,369840
2021-07-27 11:15:00+05:30,1604.8,1604.8,1600.95,1603.85,338294
2021-07-27 11:45:00+05:30,1603.7,1608.15,1603.45,1606.9,389363
2021-07-27 12:15:00+05:30,1607.0,1607.7,1604.7,1606.0,440918
2021-07-27 12:45:00+05:30,1606.05,1607.6,1598.0,1600.95,676915
2021-07-27 13:15:00+05:30,1600.25,1605.75,1599.05,1603.85,380308
2021-07-27 13:45:00+05:30,1604.45,1605.6,1600.4,1602.9,295336
2021-07-27 14:15:00+05:30,1602.9,1603.1,1600.15,1601.95,320559
2021-07-27 14:45:00+05:30,1602.0,1605.0,1599.2,1602.5,758355
2021-07-27 15:15:00+05:30,1602.55,1603.4,1600.0,1601.35,776058
2021-07-28 09:15:00+05:30,1605.1,1606.0,1591.5,1592.65,657904
2021-07-28 09:45:00+05:30,1592.65,1594.8,1588.05,1592.55,401359
2021-07-28 10:15:00+05:30,1591.75,1592.3,1585.5,1588.9,290979
2021-07-28 10:45:00+05:30,1588.9,1594.5,1587.5,1594.5,289452
2021-07-28 11:15:00+05:30,1594.5,1598.2,1591.1,1596.0,261200
2021-07-28 11:45:00+05:30,1595.5,1598.05,1593.7,1597.5,269688
2021-07-28 12:15:00+05:30,1597.5,1598.1,1595.0,1595.35,671814
2021-07-28 12:45:00+05:30,1595.6,1598.8,1594.0,1598.75,166430
2021-07-28 13:15:00+05:30,1598.8,1601.9,1598.0,1600.3,207091
2021-07-28 13:45:00+05:30,1600.3,1602.55,1598.2,1601.0,238210
2021-07-28 14:15:00+05:30,1601.0,1602.15,1598.55,1601.0,227164
2021-07-28 14:45:00+05:30,1600.9,1607.3,1600.3,1606.0,515899
2021-07-28 15:15:00+05:30,1605.95,1607.5,1604.55,1607.4,468987
2021-07-29 09:15:00+05:30,1600.1,1615.95,1600.1,1613.5,744958
2021-07-29 09:45:00+05:30,1613.5,1615.75,1610.8,1613.0,299455
2021-07-29 10:15:00+05:30,1613.0,1614.65,1611.35,1614.1,230083
2021-07-29 10:45:00+05:30,1614.05,1615.7,1613.0,1614.0,244119
2021-07-29 11:15:00+05:30,1614.0,1615.25,1612.45,1612.8,230348
2021-07-29 11:45:00+05:30,1612.8,1615.1,1612.8,1614.15,237719
2021-07-29 12:15:00+05:30,1613.7,1619.0,1613.3,1617.35,392268
2021-07-29 12:45:00+05:30,1617.45,1618.25,1612.55,1615.8,227312
2021-07-29 13:15:00+05:30,1615.9,1616.6,1612.3,1613.5,303428
2021-07-29 13:45:00+05:30,1613.3,1615.4,1613.05,1614.15,243337
2021-07-29 14:15:00+05:30,1614.15,1618.45,1614.0,1616.1,332864
2021-07-29 14:45:00+05:30,1616.2,1619.9,1614.1,1617.65,706782
2021-07-29 15:15:00+05:30,1617.65,1618.0,1612.8,1615.5,452935
2021-07-30 09:15:00+05:30,1610.0,1623.35,1606.65,1621.6,603915
2021-07-30 09:45:00+05:30,1621.1,1622.0,1616.3,1619.45,452835
2021-07-30 10:15:00+05:30,1619.45,1619.8,1615.0,1615.15,314278
2021-07-30 10:45:00+05:30,1615.0,1615.2,1611.7,1613.0,343522
2021-07-30 11:15:00+05:30,1613.0,1613.55,1610.6,1611.95,274486
2021-07-30 11:45:00+05:30,1611.95,1617.35,1611.95,1616.75,432801
2021-07-30 12:15:00+05:30,1617.0,1617.3,1610.0,1611.45,346472
2021-07-30 12:45:00+05:30,1611.5,1614.4,1610.2,1611.3,305798
2021-07-30 13:15:00+05:30,1611.4,1613.0,1610.45,1612.5,296805
2021-07-30 13:45:00+05:30,1612.1,1617.95,1612.1,1616.8,362824
2021-07-30 14:15:00+05:30,1616.7,1618.0,1611.5,1614.0,370951
2021-07-30 14:45:00+05:30,1613.95,1614.4,1606.3,1610.0,1215931
2021-07-30 15:15:00+05:30,1610.0,1613.8,1608.1,1611.75,886840
2021-08-02 09:15:00+05:30,1627.45,1627.9,1619.2,1621.4,587480
2021-08-02 09:45:00+05:30,1621.35,1624.5,1621.0,1621.0,640261
2021-08-02 10:15:00+05:30,1621.35,1625.8,1619.55,1625.8,138689
2021-08-02 10:45:00+05:30,1626.0,1626.0,1622.55,1625.4,544961
2021-08-02 11:15:00+05:30,1625.4,1628.0,1624.8,1625.5,203302
2021-08-02 11:45:00+05:30,1625.6,1629.4,1625.2,1628.7,333574
2021-08-02 12:15:00+05:30,1628.7,1631.2,1627.7,1628.9,306468
2021-08-02 12:45:00+05:30,1629.0,1629.6,1626.1,1627.1,250541
2021-08-02 13:15:00+05:30,1627.4,1629.95,1626.45,1629.15,283354
2021-08-02 13:45:00+05:30,1629.7,1633.75,1629.0,1632.5,381417
2021-08-02 14:15:00+05:30,1632.55,1632.75,1626.15,1626.8,439759
2021-08-02 14:45:00+05:30,1627.0,1634.7,1625.3,1633.1,747364
2021-08-02 15:15:00+05:30,1633.1,1634.45,1629.65,1632.0,661567
2021-08-03 09:15:00+05:30,1647.0,1647.0,1635.8,1637.45,859632
2021-08-03 09:45:00+05:30,1637.65,1642.95,1637.5,1642.45,231409
2021-08-03 10:15:00+05:30,1642.4,1646.05,1641.1,1645.35,453549
2021-08-03 10:45:00+05:30,1645.35,1645.85,1641.65,1642.1,306668
2021-08-03 11:15:00+05:30,1642.05,1644.0,1641.0,1642.0,240182
2021-08-03 11:45:00+05:30,1642.0,1644.15,1639.0,1642.7,336817
2021-08-03 12:15:00+05:30,1642.5,1645.0,1642.05,1644.8,314869
2021-08-03 12:45:00+05:30,1644.8,1645.0,1643.9,1644.2,226001
2021-08-03 13:15:00+05:30,1644.5,1648.7,1644.0,1645.95,485162
2021-08-03 13:45:00+05:30,1645.95,1647.0,1644.25,1645.35,243772
2021-08-03 14:15:00+05:30,1645.35,1649.95,1642.8,1649.45,416469
2021-08-03 14:45:00+05:30,1649.45,1655.1,1647.35,1654.9,802022
2021-08-03 15:15:00+05:30,1654.85,1658.65,1654.85,1655.15,530464
2021-08-04 09:15:00+05:30,1669.1,1679.9,1664.5,1664.65,1080117
2021-08-04 09:45:00+05:30,1664.65,1667.75,1659.15,1661.6,906042
2021-08-04 10:15:00+05:30,1661.6,1663.35,1657.05,1659.4,421737
2021-08-04 10:45:00+05:30,1659.7,1660.0,1648.6,1648.7,544896
2021-08-04 11:15:00+05:30,1648.7,1652.9,1645.1,1649.75,334744
2021-08-04 11:45:00+05:30,1649.8,1650.05,1643.1,1646.65,286981
2021-08-04 12:15:00+05:30,1646.7,1648.75,1639.5,1642.7,508976
2021-08-04 12:45:00+05:30,1642.7,1643.55,1640.2,1641.6,331366
2021-08-04 13:15:00+05:30,1641.6,1644.95,1640.8,1643.3,300586
2021-08-04 13:45:00+05:30,1643.35,1644.5,1640.1,1640.25,491729
2021-08-04 14:15:00+05:30,1640.25,1644.1,1639.8,1642.0,354972
2021-08-04 14:45:00+05:30,1642.0,1653.0,1639.05,1651.6,775574
2021-08-04 15:15:00+05:30,1651.5,1651.8,1647.2,1648.55,353549
2021-08-05 09:15:00+05:30,1649.5,1663.35,1649.5,1660.05,935377
2021-08-05 09:45:00+05:30,1660.1,1666.0,1655.5,1658.75,542645
2021-08-05 10:15:00+05:30,1658.4,1662.15,1656.4,1661.25,239478
2021-08-05 10:45:00+05:30,1661.25,1661.25,1653.05,1653.25,329185
2021-08-05 11:15:00+05:30,1653.8,1656.95,1653.1,1653.9,289057
2021-08-05 11:45:00+05:30,1653.2,1654.95,1650.0,1651.25,310041
2021-08-05 12:15:00+05:30,1651.5,1652.4,1647.3,1651.95,257607
2021-08-05 12:45:00+05:30,1652.0,1658.0,1651.95,1655.05,288227
2021-08-05 13:15:00+05:30,1655.25,1658.5,1651.7,1658.45,325729
2021-08-05 13:45:00+05:30,1658.5,1659.5,1652.1,1653.25,421681
2021-08-05 14:15:00+05:30,1653.9,1657.35,1652.4,1654.5,450077
2021-08-05 14:45:00+05:30,1654.55,1657.2,1652.55,1653.25,645145
2021-08-05 15:15:00+05:30,1653.4,1654.55,1650.55,1652.0,381934
2021-08-06 09:15:00+05:30,1657.0,1657.0,1644.1,1651.0,307979
2021-08-06 09:45:00+05:30,1651.0,1651.7,1646.1,1649.4,189813
2021-08-06 10:15:00+05:30,1649.4,1651.9,1648.0,1651.85,299868
2021-08-06 10:45:00+05:30,1651.85,1659.95,1651.5,1659.8,330768
2021-08-06 11:15:00+05:30,1659.8,1660.65,1652.1,1652.9,445483
2021-08-06 11:45:00+05:30,1652.9,1657.0,1650.35,1653.95,132267
2021-08-06 12:15:00+05:30,1653.95,1658.0,1652.1,1657.15,283488
2021-08-06 12:45:00+05:30,1657.4,1659.0,1652.5,1653.0,237461
2021-08-06 13:15:00+05:30,1653.05,1655.4,1652.3,1654.75,219019
2021-08-06 13:45:00+05:30,1654.2,1655.2,1650.6,1652.9,154964
2021-08-06 14:15:00+05:30,1652.9,1655.5,1651.25,1653.25,240438
2021-08-06 14:45:00+05:30,1653.25,1655.0,1648.7,1649.2,599590
2021-08-06 15:15:00+05:30,1649.2,1653.8,1647.2,1652.1,309132
2021-08-09 09:15:00+05:30,1661.0,1667.45,1655.0,1657.1,828453
2021-08-09 09:45:00+05:30,1656.95,1657.85,1652.1,1655.5,188579
2021-08-09 10:15:00+05:30,1655.45,1656.1,1649.55,1650.35,489040
2021-08-09 10:45:00+05:30,1650.35,1651.4,1648.0,1649.5,257406
2021-08-09 11:15:00+05:30,1649.45,1650.0,1646.45,1650.0,222386
2021-08-09 11:45:00+05:30,1650.0,1650.1,1646.6,1650.0,211439
2021-08-09 12:15:00+05:30,1649.7,1653.95,1647.6,1653.65,290407
2021-08-09 12:45:00+05:30,1653.9,1658.0,1652.05,1655.3,340500
2021-08-09 13:15:00+05:30,1655.0,1656.4,1651.05,1654.55,357523
2021-08-09 13:45:00+05:30,1654.35,1657.7,1652.6,1657.3,390876
2021-08-09 14:15:00+05:30,1657.1,1661.2,1656.6,1660.15,496067
2021-08-09 14:45:00+05:30,1660.7,1664.7,1658.55,1663.3,634154
2021-08-09 15:15:00+05:30,1663.4,1664.55,1662.05,1664.4,290220
2021-08-10 09:15:00+05:30,1668.0,1669.9,1661.05,1667.35,436886
2021-08-10 09:45:00+05:30,1667.35,1668.35,1664.4,1667.05,263132
2021-08-10 10:15:00+05:30,1667.2,1672.1,1666.3,1671.95,496626
2021-08-10 10:45:00+05:30,1671.95,1680.0,1671.6,1673.35,1212382
2021-08-10 11:15:00+05:30,1673.9,1677.2,1673.1,1675.5,265565
2021-08-10 11:45:00+05:30,1675.5,1676.0,1671.05,1673.8,503948
2021-08-10 12:15:00+05:30,1673.75,1676.0,1672.3,1675.7,401095
2021-08-10 12:45:00+05:30,1675.7,1676.0,1672.6,1673.9,384247
2021-08-10 13:15:00+05:30,1673.9,1676.85,1673.25,1676.5,329684
2021-08-10 13:45:00+05:30,1676.5,1679.2,1671.95,1671.95,583583
2021-08-10 14:15:00+05:30,1671.15,1676.0,1669.0,1675.5,639373
2021-08-10 14:45:00+05:30,1675.55,1679.0,1675.0,1678.65,779707
2021-08-10 15:15:00+05:30,1678.5,1678.9,1673.55,1674.15,528968
2021-08-11 09:15:00+05:30,1674.8,1674.8,1668.0,1671.8,292772
2021-08-11 09:45:00+05:30,1671.8,1675.0,1669.0,1675.0,269813
2021-08-11 10:15:00+05:30,1675.0,1684.0,1673.6,1678.0,602164
2021-08-11 10:45:00+05:30,1678.05,1679.45,1672.05,1673.15,316349
2021-08-11 11:15:00+05:30,1673.0,1676.0,1671.35,1672.65,247156
2021-08-11 11:45:00+05:30,1672.65,1680.0,1672.5,1673.45,504787
2021-08-11 12:15:00+05:30,1673.45,1676.55,1672.85,1676.5,237136
2021-08-11 12:45:00+05:30,1676.5,1678.0,1672.95,1673.6,202099
2021-08-11 13:15:00+05:30,1673.6,1678.0,1673.15,1677.4,367497
2021-08-11 13:45:00+05:30,1677.45,1678.0,1675.0,1677.05,245988
2021-08-11 14:15:00+05:30,1677.1,1678.0,1675.0,1676.35,485242
2021-08-11 14:45:00+05:30,1676.3,1679.0,1674.05,1678.55,775476
2021-08-11 15:15:00+05:30,1678.55,1678.55,1673.0,1675.1,340684
2021-08-12 09:15:00+05:30,1679.15,1682.8,1675.25,1679.05,409628
2021-08-12 09:45:00+05:30,1679.05,1680.15,1674.0,1678.4,294702
2021-08-12 10:15:00+05:30,1678.55,1684.8,1677.55,1679.5,272112
2021-08-12 10:45:00+05:30,1679.1,1685.95,1679.0,1685.2,476267
2021-08-12 11:15:00+05:30,1685.2,1686.75,1683.1,1686.75,423989
2021-08-12 11:45:00+05:30,1686.85,1691.0,1686.55,1690.05,703356
2021-08-12 12:15:00+05:30,1690.35,1690.55,1686.0,1690.5,398584
2021-08-12 12:45:00+05:30,1690.0,1694.25,1688.05,1694.2,384197
2021-08-12 13:15:00+05:30,1694.2,1694.9,1691.1,1693.65,406050
2021-08-12 13:45:00+05:30,1693.0,1695.0,1690.4,1694.7,284017
2021-08-12 14:15:00+05:30,1694.8,1696.5,1691.65,1693.5,379096
2021-08-12 14:45:00+05:30,1693.6,1695.1,1689.85,1689.95,699581
2021-08-12 15:15:00+05:30,1689.95,1690.0,1683.6,1684.95,511522
2021-08-13 09:15:00+05:30,1697.0,1698.25,1691.3,1694.1,672226
2021-08-13 09:45:00+05:30,1694.25,1703.0,1693.7,1702.9,387038
2021-08-13 10:15:00+05:30,1702.1,1706.9,1699.55,1703.8,398879
2021-08-13 10:45:00+05:30,1704.2,1705.4,1698.9,1703.4,280123
2021-08-13 11:15:00+05:30,1703.4,1704.8,1696.7,1704.0,501146
2021-08-13 11:45:00+05:30,1704.0,1708.85,1703.6,1708.0,302169
2021-08-13 12:15:00+05:30,1708.25,1709.0,1705.8,1707.9,289822
2021-08-13 12:45:00+05:30,1707.0,1716.45,1707.0,1713.0,600350
2021-08-13 13:15:00+05:30,1713.0,1716.8,1708.55,1715.0,396770
2021-08-13 13:45:00+05:30,1715.05,1722.5,1714.25,1720.1,560820
2021-08-13 14:15:00+05:30,1720.05,1720.5,1714.2,1717.2,431576
2021-08-13 14:45:00+05:30,1717.2,1717.95,1709.6,1713.0,465648
2021-08-13 15:15:00+05:30,1713.0,1714.35,1709.65,1713.95,294672
2021-08-16 09:15:00+05:30,1707.7,1719.95,1704.95,1713.8,498844
2021-08-16 09:45:00+05:30,1714.3,1715.7,1711.0,1714.5,201687
2021-08-16 10:15:00+05:30,1714.85,1715.0,1710.0,1712.0,236022
2021-08-16 10:45:00+05:30,1711.5,1712.3,1706.1,1707.65,331367
2021-08-16 11:15:00+05:30,1707.65,1708.85,1698.45,1699.4,501955
2021-08-16 11:45:00+05:30,1699.6,1702.55,1697.0,1698.75,393104
2021-08-16 12:15:00+05:30,1699.25,1699.25,1690.25,1693.1,461734
2021-08-16 12:45:00+05:30,1693.2,1697.95,1691.3,1696.95,320750
2021-08-16 13:15:00+05:30,1696.95,1701.0,1695.3,1699.05,205269
2021-08-16 13:45:00+05:30,1698.8,1705.4,1698.75,1703.95,398469
2021-08-16 14:15:00+05:30,1703.15,1706.0,1702.0,1705.0,228617
2021-08-16 14:45:00+05:30,1705.0,1708.05,1702.5,1704.6,462758
2021-08-16 15:15:00+05:30,1704.6,1705.85,1702.45,1702.95,295209
2021-08-17 09:15:00+05:30,1703.9,1717.5,1687.2,1716.0,879959
2021-08-17 09:45:00+05:30,1716.0,1716.1,1709.1,1713.8,377537
2021-08-17 10:15:00+05:30,1713.8,1719.45,1712.5,1719.15,429253
2021-08-17 10:45:00+05:30,1719.15,1721.0,1716.05,1719.05,297297
2021-08-17 11:15:00+05:30,1719.05,1724.75,1718.55,1722.95,516154
2021-08-17 11:45:00+05:30,1722.95,1726.9,1720.0,1720.95,591511
2021-08-17 12:15:00+05:30,1720.95,1728.8,1720.5,1726.55,667462
2021-08-17 12:45:00+05:30,1727.55,1732.8,1726.0,1731.2,536925
2021-08-17 13:15:00+05:30,1731.4,1741.9,1731.2,1740.9,731322
2021-08-17 13:45:00+05:30,1740.95,1747.5,1737.95,1746.4,888772
2021-08-17 14:15:00+05:30,1746.2,1748.85,1729.1,1730.0,1156466
2021-08-17 14:45:00+05:30,1730.0,1745.3,1728.2,1744.75,1380628
2021-08-17 15:15:00+05:30,1744.7,1744.85,1732.95,1737.4,1047129
2021-08-18 09:15:00+05:30,1729.0,1738.75,1727.0,1736.95,946955
2021-08-18 09:45:00+05:30,1736.7,1755.0,1736.7,1754.2,862004
2021-08-18 10:15:00+05:30,1754.5,1755.5,1743.75,1745.55,468137
2021-08-18 10:45:00+05:30,1745.25,1750.0,1737.95,1746.0,896681
2021-08-18 11:15:00+05:30,1745.55,1747.4,1741.05,1743.7,175055
2021-08-18 11:45:00+05:30,1743.8,1747.6,1738.4,1739.0,639116
2021-08-18 12:15:00+05:30,1739.3,1739.55,1735.35,1736.8,269795
2021-08-18 12:45:00+05:30,1736.8,1738.0,1732.0,1733.95,446715
2021-08-18 13:15:00+05:30,1733.45,1736.35,1731.0,1733.1,256627
2021-08-18 13:45:00+05:30,1733.1,1734.3,1730.05,1732.25,266243
2021-08-18 14:15:00+05:30,1732.15,1734.0,1729.15,1732.9,411826
2021-08-18 14:45:00+05:30,1732.85,1738.5,1730.25,1732.6,704065
2021-08-18 15:15:00+05:30,1732.65,1733.25,1731.0,1732.3,311361
2021-08-20 09:15:00+05:30,1716.1,1745.0,1716.1,1741.1,980138
2021-08-20 09:45:00+05:30,1741.1,1741.5,1723.1,1727.95,796679
2021-08-20 10:15:00+05:30,1727.95,1739.6,1727.85,1737.95,438955
2021-08-20 10:45:00+05:30,1737.9,1740.7,1727.0,1730.15,468298
2021-08-20 11:15:00+05:30,1730.15,1734.35,1727.4,1731.5,327974
2021-08-20 11:45:00+05:30,1731.55,1736.25,1729.55,1734.55,318704
2021-08-20 12:15:00+05:30,1734.85,1739.25,1731.25,1738.6,325494
2021-08-20 12:45:00+05:30,1738.4,1740.8,1731.9,1737.5,232038
2021-08-20 13:15:00+05:30,1737.5,1739.95,1732.5,1732.6,605911
2021-08-20 13:45:00+05:30,1732.75,1737.35,1730.3,1733.3,442087
2021-08-20 14:15:00+05:30,1733.3,1738.35,1730.6,1731.2,290092
2021-08-20 14:45:00+05:30,1731.2,1737.0,1730.0,1735.0,537891
2021-08-20 15:15:00+05:30,1735.0,1736.0,1728.05,1729.05,365572
2021-08-23 09:15:00+05:30,1735.75,1749.6,1734.0,1749.0,917838
2021-08-23 09:45:00+05:30,1749.6,1753.15,1744.0,1745.6,645016
2021-08-23 10:15:00+05:30,1745.6,1746.95,1738.8,1743.7,496430
2021-08-23 10:45:00+05:30,1743.7,1746.0,1738.65,1740.5,311701
2021-08-23 11:15:00+05:30,1741.25,1745.95,1738.15,1741.0,285910
2021-08-23 11:45:00+05:30,1741.0,1741.3,1735.15,1737.15,376802
2021-08-23 12:15:00+05:30,1737.0,1738.7,1732.0,1732.1,327870
2021-08-23 12:45:00+05:30,1732.2,1739.15,1732.0,1738.0,206637
2021-08-23 13:15:00+05:30,1738.1,1746.0,1737.7,1742.6,252326
2021-08-23 13:45:00+05:30,1742.95,1748.7,1739.25,1748.3,714215
2021-08-23 14:15:00+05:30,1748.3,1748.35,1739.25,1739.5,516586
2021-08-23 14:45:00+05:30,1739.95,1740.5,1735.0,1739.7,617403
2021-08-23 15:15:00+05:30,1739.75,1741.5,1737.95,1739.55,470310
2021-08-24 09:15:00+05:30,1750.0,1755.45,1743.0,1746.3,832470
2021-08-24 09:45:00+05:30,1746.0,1747.4,1739.5,1740.45,475128
2021-08-24 10:15:00+05:30,1740.45,1742.8,1732.1,1732.6,603376
2021-08-24 10:45:00+05:30,1732.75,1741.5,1732.0,1739.1,430342
2021-08-24 11:15:00+05:30,1739.15,1741.05,1734.2,1734.3,425939
2021-08-24 11:45:00+05:30,1734.25,1736.35,1723.2,1724.35,767861
2021-08-24 12:15:00+05:30,1724.35,1726.9,1722.4,1724.1,431552
2021-08-24 12:45:00+05:30,1724.05,1724.9,1713.7,1717.15,609324
2021-08-24 13:15:00+05:30,1717.2,1731.7,1712.7,1725.25,790217
2021-08-24 13:45:00+05:30,1725.25,1727.5,1721.05,1724.7,580846
2021-08-24 14:15:00+05:30,1724.35,1725.5,1717.0,1717.35,478549
2021-08-24 14:45:00+05:30,1717.3,1723.25,1717.0,1720.5,743333
2021-08-24 15:15:00+05:30,1720.5,1724.4,1720.1,1721.5,414108
2021-08-25 09:15:00+05:30,1718.0,1731.5,1718.0,1727.9,1017210
2021-08-25 09:45:00+05:30,1727.65,1746.9,1727.3,1743.15,772366
2021-08-25 10:15:00+05:30,1743.8,1743.85,1734.0,1734.1,471691
2021-08-25 10:45:00+05:30,1734.7,1734.95,1726.5,1728.0,722707
2021-08-25 11:15:00+05:30,1728.0,1731.95,1725.3,1727.8,303683
2021-08-25 11:45:00+05:30,1728.4,1731.8,1725.0,1727.9,296365
2021-08-25 12:15:00+05:30,1727.85,1730.0,1727.0,1727.6,332619
2021-08-25 12:45:00+05:30,1727.55,1729.5,1726.25,1728.9,232419
2021-08-25 13:15:00+05:30,1728.9,1736.6,1728.8,1736.5,349264
2021-08-25 13:45:00+05:30,1736.5,1736.5,1731.7,1732.2,291795
2021-08-25 14:15:00+05:30,1732.15,1733.7,1730.15,1732.05,350843
2021-08-25 14:45:00+05:30,1732.2,1735.0,1732.0,1734.45,642561
2021-08-25 15:15:00+05:30,1734.35,1739.0,1734.35,1739.0,319334
2021-08-26 09:15:00+05:30,1734.0,1745.85,1732.0,1745.65,595604
2021-08-26 09:45:00+05:30,1745.7,1746.0,1740.6,1741.7,269754
2021-08-26 10:15:00+05:30,1741.75,1743.95,1739.2,1740.4,394049
2021-08-26 10:45:00+05:30,1740.0,1743.8,1738.0,1739.0,360560
2021-08-26 11:15:00+05:30,1739.0,1740.4,1734.5,1736.0,288410
2021-08-26 11:45:00+05:30,1736.0,1736.8,1730.25,1735.4,301160
2021-08-26 12:15:00+05:30,1735.4,1737.4,1733.1,1734.55,407741
2021-08-26 12:45:00+05:30,1734.55,1736.0,1729.7,1732.95,149258
2021-08-26 13:15:00+05:30,1732.95,1736.75,1730.15,1731.55,488817
2021-08-26 13:45:00+05:30,1732.0,1732.15,1728.75,1730.6,250088
2021-08-26 14:15:00+05:30,1731.15,1733.5,1726.75,1727.55,486778
2021-08-26 14:45:00+05:30,1727.7,1730.8,1726.0,1729.75,646704
2021-08-26 15:15:00+05:30,1729.65,1729.9,1720.2,1723.4,629127
2021-08-27 09:15:00+05:30,1725.0,1727.7,1705.8,1712.15,1164562
2021-08-27 09:45:00+05:30,1712.15,1717.5,1710.0,1714.1,491541
2021-08-27 10:15:00+05:30,1713.95,1714.95,1708.2,1713.0,550126
2021-08-27 10:45:00+05:30,1713.0,1714.7,1712.05,1713.0,208282
2021-08-27 11:15:00+05:30,1713.0,1715.55,1711.0,1713.2,324360
2021-08-27 11:45:00+05:30,1713.1,1715.45,1710.0,1715.0,541239
2021-08-27 12:15:00+05:30,1714.95,1716.6,1712.05,1714.9,461351
2021-08-27 12:45:00+05:30,1714.75,1715.25,1711.5,1713.85,220364
2021-08-27 13:15:00+05:30,1714.0,1719.9,1713.0,1718.9,395749
2021-08-27 13:45:00+05:30,1718.95,1720.9,1714.85,1714.95,429065
2021-08-27 14:15:00+05:30,1715.0,1716.55,1712.1,1712.85,537686
2021-08-27 14:45:00+05:30,1712.9,1714.15,1709.2,1710.0,633633
2021-08-27 15:15:00+05:30,1710.0,1711.0,1705.35,1707.0,682976
2021-08-30 09:15:00+05:30,1703.05,1718.65,1703.05,1709.6,706242
2021-08-30 09:45:00+05:30,1709.65,1713.0,1707.45,1710.0,361205
2021-08-30 10:15:00+05:30,1709.95,1710.15,1706.0,1706.65,306281
2021-08-30 10:45:00+05:30,1706.65,1710.9,1706.0,1706.05,324589
2021-08-30 11:15:00+05:30,1706.2,1707.2,1698.6,1698.6,701076
2021-08-30 11:45:00+05:30,1699.0,1703.85,1698.6,1699.05,386476
2021-08-30 12:15:00+05:30,1699.1,1699.7,1695.0,1698.55,603489
2021-08-30 12:45:00+05:30,1698.6,1698.95,1697.1,1698.3,268974
2021-08-30 13:15:00+05:30,1698.3,1698.5,1691.8,1694.0,963572
2021-08-30 13:45:00+05:30,1694.1,1694.95,1690.5,1693.3,323208
2021-08-30 14:15:00+05:30,1693.3,1697.8,1691.65,1692.05,331781
2021-08-30 14:45:00+05:30,1692.05,1699.0,1690.4,1698.35,740500
2021-08-30 15:15:00+05:30,1698.2,1700.0,1697.0,1699.85,507843
2021-08-31 09:15:00+05:30,1700.15,1712.0,1699.5,1701.5,1413287
2021-08-31 09:45:00+05:30,1701.5,1702.15,1691.0,1692.7,394825
2021-08-31 10:15:00+05:30,1693.2,1695.0,1692.25,1693.1,263678
2021-08-31 10:45:00+05:30,1693.2,1693.25,1688.35,1689.1,250996
2021-08-31 11:15:00+05:30,1689.1,1691.0,1689.1,1689.45,250213
2021-08-31 11:45:00+05:30,1689.55,1697.0,1685.85,1694.0,456943
2021-08-31 12:15:00+05:30,1694.3,1694.3,1689.1,1690.2,552303
2021-08-31 12:45:00+05:30,1690.95,1693.55,1689.7,1690.2,466291
2021-08-31 13:15:00+05:30,1690.0,1693.95,1689.0,1693.45,540140
2021-08-31 13:45:00+05:30,1693.45,1696.0,1690.5,1691.5,612750
2021-08-31 14:15:00+05:30,1692.0,1692.5,1689.0,1690.5,502152
2021-08-31 14:45:00+05:30,1690.5,1714.3,1687.25,1712.75,4091065
2021-08-31 15:15:00+05:30,1712.75,1714.95,1707.55,1713.0,2442387
2021-09-01 09:15:00+05:30,1709.5,1709.5,1693.05,1693.25,1168284
2021-09-01 09:45:00+05:30,1693.5,1696.95,1688.5,1688.75,938895
2021-09-01 10:15:00+05:30,1688.7,1690.0,1681.2,1684.9,685542
2021-09-01 10:45:00+05:30,1684.8,1685.55,1677.0,1683.5,599759
2021-09-01 11:15:00+05:30,1683.5,1684.9,1678.6,1678.6,321692
2021-09-01 11:45:00+05:30,1678.55,1679.75,1673.3,1675.3,582528
2021-09-01 12:15:00+05:30,1675.4,1678.95,1674.75,1676.15,485298
2021-09-01 12:45:00+05:30,1676.1,1680.9,1676.0,1677.2,445404
2021-09-01 13:15:00+05:30,1677.2,1679.75,1675.0,1678.1,399542
2021-09-01 13:45:00+05:30,1678.1,1684.0,1678.0,1678.7,329445
2021-09-01 14:15:00+05:30,1678.7,1682.65,1678.35,1679.95,362764
2021-09-01 14:45:00+05:30,1680.0,1682.0,1675.8,1676.7,860528
2021-09-01 15:15:00+05:30,1676.65,1679.0,1675.1,1677.1,596917
2021-09-02 09:15:00+05:30,1677.35,1680.0,1665.6,1671.55,818746
2021-09-02 09:45:00+05:30,1671.85,1672.0,1666.6,1668.85,443867
2021-09-02 10:15:00+05:30,1668.85,1672.0,1665.15,1669.0,443214
2021-09-02 10:45:00+05:30,1669.3,1670.0,1667.0,1667.7,323724
2021-09-02 11:15:00+05:30,1667.65,1668.5,1663.6,1664.1,588490
2021-09-02 11:45:00+05:30,1664.2,1665.95,1662.8,1664.4,425800
2021-09-02 12:15:00+05:30,1664.4,1668.0,1663.35,1666.2,417920
2021-09-02 12:45:00+05:30,1666.15,1677.0,1664.95,1675.75,718683
2021-09-02 13:15:00+05:30,1676.0,1679.7,1670.0,1672.0,459206
2021-09-02 13:45:00+05:30,1671.95,1687.25,1671.6,1684.95,611727
2021-09-02 14:15:00+05:30,1685.0,1694.3,1684.95,1692.85,677080
2021-09-02 14:45:00+05:30,1692.8,1694.25,1688.2,1689.5,579916
2021-09-02 15:15:00+05:30,1689.55,1690.15,1685.0,1686.05,300452
2021-09-03 09:15:00+05:30,1696.05,1696.3,1685.05,1692.35,863098
2021-09-03 09:45:00+05:30,1692.35,1703.9,1692.0,1697.7,584131
2021-09-03 10:15:00+05:30,1697.75,1699.8,1695.35,1696.55,212545
2021-09-03 10:45:00+05:30,1696.15,1699.0,1690.1,1691.75,230718
2021-09-03 11:15:00+05:30,1691.45,1696.65,1690.6,1695.8,168976
2021-09-03 11:45:00+05:30,1695.85,1699.0,1693.45,1694.0,255902
2021-09-03 12:15:00+05:30,1693.95,1697.75,1692.8,1695.5,198876
2021-09-03 12:45:00+05:30,1695.5,1699.5,1695.4,1699.0,295335
2021-09-03 13:15:00+05:30,1699.1,1705.85,1698.3,1704.1,419351
2021-09-03 13:45:00+05:30,1704.0,1704.45,1697.95,1701.8,378861
2021-09-03 14:15:00+05:30,1701.65,1705.0,1701.35,1702.0,407890
2021-09-03 14:45:00+05:30,1702.0,1702.4,1699.0,1700.95,839159
2021-09-03 15:15:00+05:30,1701.0,1701.45,1699.0,1700.5,464427
2021-09-06 09:15:00+05:30,1705.15,1710.4,1699.55,1706.55,528448
2021-09-06 09:45:00+05:30,1706.55,1708.75,1701.1,1708.0,280169
2021-09-06 10:15:00+05:30,1708.0,1708.5,1702.6,1704.65,306304
2021-09-06 10:45:00+05:30,1704.65,1705.2,1701.15,1704.45,328615
2021-09-06 11:15:00+05:30,1704.5,1705.0,1702.15,1703.85,224868
2021-09-06 11:45:00+05:30,1703.9,1707.55,1702.0,1707.1,277947
2021-09-06 12:15:00+05:30,1707.05,1715.9,1707.05,1713.35,428233
2021-09-06 12:45:00+05:30,1713.35,1718.0,1712.0,1717.9,248429
2021-09-06 13:15:00+05:30,1717.95,1720.0,1714.05,1719.4,339437
2021-09-06 13:45:00+05:30,1719.25,1724.8,1716.0,1722.4,395689
2021-09-06 14:15:00+05:30,1722.35,1730.0,1722.35,1725.5,459400
2021-09-06 14:45:00+05:30,1725.55,1731.9,1721.55,1730.55,570142
2021-09-06 15:15:00+05:30,1730.6,1732.0,1728.65,1731.0,465841
2021-09-07 09:15:00+05:30,1730.0,1734.1,1713.1,1723.55,524859
2021-09-07 09:45:00+05:30,1723.5,1723.65,1709.0,1712.55,338324
2021-09-07 10:15:00+05:30,1712.15,1715.05,1709.55,1712.5,178794
2021-09-07 10:45:00+05:30,1712.5,1715.6,1711.0,1713.7,95269
2021-09-07 11:15:00+05:30,1713.65,1715.35,1706.15,1708.05,160311
2021-09-07 11:45:00+05:30,1708.0,1714.0,1707.45,1713.9,165966
2021-09-07 12:15:00+05:30,1713.9,1715.0,1711.6,1714.5,161473
2021-09-07 12:45:00+05:30,1714.45,1715.65,1713.0,1714.25,124431
2021-09-07 13:15:00+05:30,1714.3,1717.75,1714.3,1716.9,590322
2021-09-07 13:45:00+05:30,1716.9,1717.75,1712.2,1714.4,156471
2021-09-07 14:15:00+05:30,1714.45,1715.85,1707.0,1708.3,226122
2021-09-07 14:45:00+05:30,1708.25,1710.9,1706.0,1706.35,444209
2021-09-07 15:15:00+05:30,1706.0,1708.8,1704.0,1708.0,331250
2021-09-08 09:15:00+05:30,1700.85,1700.85,1683.0,1690.25,802031
2021-09-08 09:45:00+05:30,1690.0,1697.0,1688.75,1695.0,252791
2021-09-08 10:15:00+05:30,1695.0,1698.65,1692.7,1698.25,164242
2021-09-08 10:45:00+05:30,1698.3,1699.0,1695.15,1696.95,153526
2021-09-08 11:15:00+05:30,1696.6,1696.9,1692.45,1693.8,179635
2021-09-08 11:45:00+05:30,1693.8,1697.1,1693.5,1695.65,136124
2021-09-08 12:15:00+05:30,1695.65,1696.35,1690.0,1690.05,254694
2021-09-08 12:45:00+05:30,1690.0,1690.85,1686.0,1689.0,274439
2021-09-08 13:15:00+05:30,1689.0,1694.65,1688.95,1691.75,191155
2021-09-08 13:45:00+05:30,1691.75,1698.0,1691.45,1697.65,193360
2021-09-08 14:15:00+05:30,1697.7,1698.85,1692.5,1696.75,205354
2021-09-08 14:45:00+05:30,1696.75,1697.85,1690.2,1691.95,952461
2021-09-08 15:15:00+05:30,1692.0,1698.0,1690.6,1694.0,784930
2021-09-09 09:15:00+05:30,1685.9,1691.65,1682.45,1689.9,508786
2021-09-09 09:45:00+05:30,1689.9,1690.8,1684.1,1685.95,244543
2021-09-09 10:15:00+05:30,1685.25,1687.5,1684.35,1687.45,155958
2021-09-09 10:45:00+05:30,1687.0,1688.8,1685.5,1686.75,130605
2021-09-09 11:15:00+05:30,1686.75,1688.55,1685.5,1686.1,104258
2021-09-09 11:45:00+05:30,1686.1,1686.75,1685.0,1685.65,130556
2021-09-09 12:15:00+05:30,1685.65,1687.0,1684.15,1684.5,177077
2021-09-09 12:45:00+05:30,1684.5,1687.95,1684.1,1687.35,168327
2021-09-09 13:15:00+05:30,1687.3,1693.7,1686.15,1692.95,320835
2021-09-09 13:45:00+05:30,1693.0,1694.8,1690.35,1692.6,224100
2021-09-09 14:15:00+05:30,1692.9,1693.0,1688.05,1689.0,226337
2021-09-09 14:45:00+05:30,1689.45,1694.0,1689.0,1691.85,499216
2021-09-09 15:15:00+05:30,1691.85,1692.3,1686.75,1687.95,422389
2021-09-13 09:15:00+05:30,1683.0,1683.0,1675.25,1680.65,864448
2021-09-13 09:45:00+05:30,1680.85,1689.0,1679.3,1683.65,376542
2021-09-13 10:15:00+05:30,1683.7,1688.0,1683.65,1686.35,186624
2021-09-13 10:45:00+05:30,1686.35,1691.75,1686.35,1690.95,267231
2021-09-13 11:15:00+05:30,1691.0,1691.4,1688.35,1691.0,388880
2021-09-13 11:45:00+05:30,1691.0,1693.35,1690.0,1691.55,184965
2021-09-13 12:15:00+05:30,1691.6,1695.7,1690.55,1695.5,243296
2021-09-13 12:45:00+05:30,1695.55,1698.3,1694.45,1696.05,256031
2021-09-13 13:15:00+05:30,1696.25,1697.75,1694.25,1696.9,177170
2021-09-13 13:45:00+05:30,1696.7,1701.45,1696.45,1699.0,232153
2021-09-13 14:15:00+05:30,1698.85,1700.0,1694.25,1694.85,211916
2021-09-13 14:45:00+05:30,1694.85,1697.65,1689.85,1691.5,665513
2021-09-13 15:15:00+05:30,1691.45,1692.3,1687.75,1690.85,559478
2021-09-14 09:15:00+05:30,1695.95,1695.95,1679.05,1688.15,614696
2021-09-14 09:45:00+05:30,1688.15,1693.15,1685.15,1692.6,329119
2021-09-14 10:15:00+05:30,1692.6,1694.0,1690.15,1692.0,189234
2021-09-14 10:45:00+05:30,1692.2,1692.8,1688.1,1691.0,278684
2021-09-14 11:15:00+05:30,1690.65,1691.85,1686.35,1687.0,176042
2021-09-14 11:45:00+05:30,1687.0,1690.05,1686.5,1689.0,297186
2021-09-14 12:15:00+05:30,1688.95,1690.0,1688.0,1688.95,251691
2021-09-14 12:45:00+05:30,1688.95,1691.0,1688.0,1690.1,295433
2021-09-14 13:15:00+05:30,1690.35,1693.05,1689.55,1690.0,327911
2021-09-14 13:45:00+05:30,1690.0,1691.0,1687.55,1688.0,266209
2021-09-14 14:15:00+05:30,1687.75,1688.25,1685.2,1686.35,269646
2021-09-14 14:45:00+05:30,1686.35,1688.2,1685.0,1686.3,999671
2021-09-14 15:15:00+05:30,1686.3,1687.0,1684.0,1686.5,575005
2021-09-15 09:15:00+05:30,1693.25,1697.95,1690.2,1692.0,467367
2021-09-15 09:45:00+05:30,1692.2,1695.4,1690.5,1692.4,207796
2021-09-15 10:15:00+05:30,1692.4,1697.95,1690.8,1695.35,255679
2021-09-15 10:45:00+05:30,1695.35,1696.0,1693.1,1693.45,89503
2021-09-15 11:15:00+05:30,1693.5,1703.0,1693.25,1701.2,364368
2021-09-15 11:45:00+05:30,1701.45,1707.85,1700.4,1705.8,300116
2021-09-15 12:15:00+05:30,1706.5,1715.0,1704.5,1710.7,434334
2021-09-15 12:45:00+05:30,1710.7,1715.1,1707.3,1713.15,383133
2021-09-15 13:15:00+05:30,1713.2,1714.5,1707.0,1709.35,254983
2021-09-15 13:45:00+05:30,1709.4,1710.9,1707.0,1709.95,209931
2021-09-15 14:15:00+05:30,1710.0,1712.0,1709.0,1711.45,319807
2021-09-15 14:45:00+05:30,1711.5,1712.65,1709.55,1712.15,443908
2021-09-15 15:15:00+05:30,1712.45,1713.35,1709.05,1711.0,318287
2021-09-16 09:15:00+05:30,1715.2,1719.25,1702.0,1703.4,510750
2021-09-16 09:45:00+05:30,1703.45,1705.0,1698.55,1703.1,378520
2021-09-16 10:15:00+05:30,1703.1,1706.4,1701.05,1702.7,284413
2021-09-16 10:45:00+05:30,1702.75,1703.25,1697.15,1697.95,171142
2021-09-16 11:15:00+05:30,1698.25,1698.5,1695.15,1695.15,210866
2021-09-16 11:45:00+05:30,1695.55,1695.85,1693.0,1694.8,213688
2021-09-16 12:15:00+05:30,1694.85,1697.0,1693.5,1694.8,224021
2021-09-16 12:45:00+05:30,1694.8,1695.0,1691.45,1692.8,139957
2021-09-16 13:15:00+05:30,1692.8,1696.05,1691.45,1695.65,162986
2021-09-16 13:45:00+05:30,1695.7,1702.0,1695.0,1698.9,235696
2021-09-16 14:15:00+05:30,1698.5,1703.0,1698.15,1700.7,175318
2021-09-16 14:45:00+05:30,1700.55,1704.0,1699.55,1703.55,260189
2021-09-16 15:15:00+05:30,1703.55,1703.85,1700.0,1701.35,248075
2021-09-17 09:15:00+05:30,1697.0,1712.0,1693.0,1706.15,438507
2021-09-17 09:45:00+05:30,1706.15,1712.0,1705.5,1708.15,120120
2021-09-17 10:15:00+05:30,1707.65,1711.0,1707.0,1709.65,244142
2021-09-17 10:45:00+05:30,1708.9,1712.0,1707.7,1708.0,169196
2021-09-17 11:15:00+05:30,1708.0,1716.9,1706.5,1714.8,273130
2021-09-17 11:45:00+05:30,1715.0,1718.0,1708.25,1708.85,227851
2021-09-17 12:15:00+05:30,1708.7,1711.65,1704.1,1709.6,193656
2021-09-17 12:45:00+05:30,1709.6,1711.95,1705.75,1709.4,127633
2021-09-17 13:15:00+05:30,1709.4,1709.5,1703.5,1706.55,136612
2021-09-17 13:45:00+05:30,1706.65,1707.95,1700.25,1701.15,175569
2021-09-17 14:15:00+05:30,1701.1,1702.6,1695.2,1698.0,280087
2021-09-17 14:45:00+05:30,1698.1,1706.1,1687.7,1689.05,2795067
2021-09-17 15:15:00+05:30,1689.05,1693.5,1684.5,1692.0,2249768
2021-09-20 09:15:00+05:30,1685.0,1707.7,1678.65,1700.85,1014676
2021-09-20 09:45:00+05:30,1700.85,1700.85,1694.0,1695.0,501547
2021-09-20 10:15:00+05:30,1695.0,1701.85,1694.0,1699.85,260944
2021-09-20 10:45:00+05:30,1699.9,1702.0,1696.2,1697.65,755888
2021-09-20 11:15:00+05:30,1698.0,1700.75,1694.45,1700.6,483731
2021-09-20 11:45:00+05:30,1700.7,1702.45,1693.3,1696.05,528377
2021-09-20 12:15:00+05:30,1697.05,1700.0,1695.0,1699.5,189296
2021-09-20 12:45:00+05:30,1699.65,1699.85,1695.35,1696.85,180626
2021-09-20 13:15:00+05:30,1697.3,1698.95,1695.15,1696.35,149764
2021-09-20 13:45:00+05:30,1696.45,1698.35,1691.0,1693.95,343453
2021-09-20 14:15:00+05:30,1692.35,1695.0,1692.0,1692.2,209759
2021-09-20 14:45:00+05:30,1692.6,1692.9,1684.05,1690.5,717562
2021-09-20 15:15:00+05:30,1690.5,1691.6,1686.1,1687.4,308345
2021-09-21 09:15:00+05:30,1700.0,1705.75,1690.55,1695.8,888880
2021-09-21 09:45:00+05:30,1695.85,1698.8,1684.65,1692.5,238361
2021-09-21 10:15:00+05:30,1691.7,1696.2,1690.1,1694.8,129133
2021-09-21 10:45:00+05:30,1695.0,1696.4,1688.65,1692.95,143054
2021-09-21 11:15:00+05:30,1692.95,1699.4,1691.9,1698.5,283682
2021-09-21 11:45:00+05:30,1699.15,1701.55,1696.65,1697.25,184722
2021-09-21 12:15:00+05:30,1697.25,1701.9,1697.25,1701.45,230173
2021-09-21 12:45:00+05:30,1700.95,1704.1,1700.0,1701.85,219546
2021-09-21 13:15:00+05:30,1701.95,1719.0,1701.8,1718.95,628592
2021-09-21 13:45:00+05:30,1718.2,1722.0,1713.0,1721.95,511001
2021-09-21 14:15:00+05:30,1722.0,1726.7,1719.0,1721.25,470435
2021-09-21 14:45:00+05:30,1721.4,1721.9,1716.0,1716.25,405932
2021-09-21 15:15:00+05:30,1716.3,1720.85,1716.0,1717.65,292588
2021-09-22 09:15:00+05:30,1717.0,1729.4,1717.0,1721.0,668438
2021-09-22 09:45:00+05:30,1720.75,1727.0,1718.5,1725.8,326125
2021-09-22 10:15:00+05:30,1725.5,1736.85,1724.35,1735.15,640000
2021-09-22 10:45:00+05:30,1735.5,1738.9,1730.25,1736.05,375827
2021-09-22 11:15:00+05:30,1736.45,1736.7,1724.0,1727.95,486244
2021-09-22 11:45:00+05:30,1727.95,1731.7,1724.0,1725.05,225546
2021-09-22 12:15:00+05:30,1725.0,1731.75,1722.6,1731.15,212657
2021-09-22 12:45:00+05:30,1731.4,1732.0,1727.45,1731.05,236193
2021-09-22 13:15:00+05:30,1731.05,1734.0,1727.0,1730.9,297388
2021-09-22 13:45:00+05:30,1730.9,1731.45,1727.8,1730.85,179434
2021-09-22 14:15:00+05:30,1730.8,1731.0,1721.0,1723.45,222509
2021-09-22 14:45:00+05:30,1723.55,1725.95,1715.45,1715.45,341580
2021-09-22 15:15:00+05:30,1715.45,1717.85,1713.05,1715.65,312969
2021-09-23 09:15:00+05:30,1732.0,1733.15,1722.1,1726.9,422871
2021-09-23 09:45:00+05:30,1726.95,1730.4,1726.4,1728.95,185834
2021-09-23 10:15:00+05:30,1729.0,1730.55,1726.45,1729.5,177641
2021-09-23 10:45:00+05:30,1729.5,1733.5,1728.45,1730.2,284219
2021-09-23 11:15:00+05:30,1730.2,1732.95,1727.6,1731.1,268979
2021-09-23 11:45:00+05:30,1731.05,1733.0,1730.05,1732.3,287179
2021-09-23 12:15:00+05:30,1732.3,1733.8,1730.8,1732.55,217388
2021-09-23 12:45:00+05:30,1732.55,1733.45,1724.0,1725.0,230284
2021-09-23 13:15:00+05:30,1725.0,1729.5,1723.0,1728.5,133976
2021-09-23 13:45:00+05:30,1728.55,1730.0,1725.0,1726.85,192833
2021-09-23 14:15:00+05:30,1726.85,1739.9,1725.65,1739.6,467272
2021-09-23 14:45:00+05:30,1739.9,1744.8,1737.7,1744.8,602490
2021-09-23 15:15:00+05:30,1744.9,1745.0,1740.1,1742.1,324419
2021-09-24 09:15:00+05:30,1758.0,1786.0,1756.7,1780.55,2434401
2021-09-24 09:45:00+05:30,1780.85,1783.0,1775.65,1779.9,667842
2021-09-24 10:15:00+05:30,1779.95,1788.0,1776.65,1785.5,547935
2021-09-24 10:45:00+05:30,1785.05,1785.8,1776.0,1778.1,386503
2021-09-24 11:15:00+05:30,1777.5,1778.55,1769.95,1770.55,471699
2021-09-24 11:45:00+05:30,1771.05,1774.0,1765.25,1768.9,443574
2021-09-24 12:15:00+05:30,1768.9,1768.95,1752.65,1764.9,504071
2021-09-24 12:45:00+05:30,1765.0,1772.5,1761.2,1767.75,359193
2021-09-24 13:15:00+05:30,1767.4,1772.9,1766.5,1771.15,361441
2021-09-24 13:45:00+05:30,1771.35,1772.95,1768.4,1771.7,305803
2021-09-24 14:15:00+05:30,1771.7,1772.5,1765.0,1769.95,384897
2021-09-24 14:45:00+05:30,1770.1,1772.0,1760.15,1764.4,815903
2021-09-24 15:15:00+05:30,1764.4,1766.0,1763.0,1763.8,535844
2021-09-27 09:15:00+05:30,1768.75,1768.75,1752.6,1758.85,791686
2021-09-27 09:45:00+05:30,1758.9,1759.4,1738.6,1743.0,442932
2021-09-27 10:15:00+05:30,1743.0,1744.95,1725.0,1726.1,375454
2021-09-27 10:45:00+05:30,1726.1,1735.4,1721.35,1729.4,308159
2021-09-27 11:15:00+05:30,1729.45,1730.85,1718.25,1719.8,251278
2021-09-27 11:45:00+05:30,1720.0,1732.45,1719.0,1729.5,334156
2021-09-27 12:15:00+05:30,1730.0,1730.9,1726.0,1728.8,243207
2021-09-27 12:45:00+05:30,1728.8,1730.1,1724.0,1724.85,282916
2021-09-27 13:15:00+05:30,1724.9,1729.4,1724.0,1724.6,309213
2021-09-27 13:45:00+05:30,1724.6,1724.65,1721.1,1722.25,268944
2021-09-27 14:15:00+05:30,1722.25,1724.0,1720.45,1721.9,314946
2021-09-27 14:45:00+05:30,1721.8,1723.65,1719.25,1721.7,658944
2021-09-27 15:15:00+05:30,1721.7,1723.0,1719.0,1723.0,445446
2021-09-28 09:15:00+05:30,1710.0,1710.0,1689.0,1700.25,1031516
2021-09-28 09:45:00+05:30,1699.95,1701.75,1695.0,1698.0,262655
2021-09-28 10:15:00+05:30,1697.95,1698.5,1691.65,1693.75,327530
2021-09-28 10:45:00+05:30,1694.0,1694.85,1690.2,1692.95,253661
2021-09-28 11:15:00+05:30,1693.0,1694.25,1686.05,1686.65,420176
2021-09-28 11:45:00+05:30,1686.65,1687.05,1680.25,1680.8,352709
2021-09-28 12:15:00+05:30,1680.8,1686.7,1680.25,1683.8,381511
2021-09-28 12:45:00+05:30,1683.8,1685.25,1680.0,1680.5,278424
2021-09-28 13:15:00+05:30,1680.55,1687.55,1680.1,1685.2,377771
2021-09-28 13:45:00+05:30,1685.5,1685.5,1675.75,1677.1,573294
2021-09-28 14:15:00+05:30,1677.0,1681.3,1675.0,1681.1,580392
2021-09-28 14:45:00+05:30,1681.1,1691.05,1680.4,1688.7,920639
2021-09-28 15:15:00+05:30,1688.7,1690.25,1683.0,1686.3,708672
2021-09-29 09:15:00+05:30,1659.25,1683.2,1657.85,1671.2,815826
2021-09-29 09:45:00+05:30,1671.2,1678.0,1660.8,1664.1,624921
2021-09-29 10:15:00+05:30,1663.55,1667.45,1662.55,1665.35,279184
2021-09-29 10:45:00+05:30,1665.35,1675.9,1664.15,1675.0,344668
2021-09-29 11:15:00+05:30,1675.05,1681.0,1674.0,1680.15,378551
2021-09-29 11:45:00+05:30,1680.1,1686.9,1677.45,1678.15,353453
2021-09-29 12:15:00+05:30,1677.45,1679.65,1675.0,1675.6,357893
2021-09-29 12:45:00+05:30,1675.65,1681.0,1675.3,1681.0,219245
2021-09-29 13:15:00+05:30,1681.5,1685.0,1679.35,1680.95,234516
2021-09-29 13:45:00+05:30,1680.95,1689.0,1680.0,1689.0,391495
2021-09-29 14:15:00+05:30,1688.9,1701.3,1688.55,1696.2,705235
2021-09-29 14:45:00+05:30,1696.25,1698.3,1690.25,1692.3,1619614
2021-09-29 15:15:00+05:30,1692.05,1693.5,1685.1,1689.0,1361839
2021-09-30 09:15:00+05:30,1703.0,1703.0,1684.1,1690.15,790676
2021-09-30 09:45:00+05:30,1690.15,1691.3,1686.2,1689.7,228475
2021-09-30 10:15:00+05:30,1689.5,1695.0,1688.75,1694.9,257906
2021-09-30 10:45:00+05:30,1694.9,1697.4,1691.2,1692.55,253386
2021-09-30 11:15:00+05:30,1692.55,1693.7,1688.05,1690.45,194862
2021-09-30 11:45:00+05:30,1690.45,1691.2,1687.5,1689.05,190446
2021-09-30 12:15:00+05:30,1689.05,1691.05,1682.25,1685.55,447351
2021-09-30 12:45:00+05:30,1685.55,1686.5,1682.9,1683.85,211660
2021-09-30 13:15:00+05:30,1683.85,1683.9,1677.2,1680.5,466001
2021-09-30 13:45:00+05:30,1680.5,1685.0,1680.0,1683.25,235285
2021-09-30 14:15:00+05:30,1683.25,1686.45,1681.0,1686.05,457762
2021-09-30 14:45:00+05:30,1686.3,1686.3,1675.3,1677.9,1692938
2021-09-30 15:15:00+05:30,1678.0,1679.8,1670.35,1679.5,1459350
2021-10-01 09:15:00+05:30,1665.1,1676.9,1661.25,1675.0,971892
2021-10-01 09:45:00+05:30,1675.35,1677.65,1666.3,1670.5,669022
2021-10-01 10:15:00+05:30,1670.55,1674.15,1668.25,1673.4,197960
2021-10-01 10:45:00+05:30,1673.35,1677.5,1672.0,1673.85,273875
2021-10-01 11:15:00+05:30,1673.95,1678.6,1671.55,1671.65,472756
2021-10-01 11:45:00+05:30,1671.75,1671.75,1668.0,1668.3,407872
2021-10-01 12:15:00+05:30,1668.8,1672.5,1668.3,1671.15,266186
2021-10-01 12:45:00+05:30,1671.45,1674.5,1670.45,1673.15,220435
2021-10-01 13:15:00+05:30,1673.15,1675.45,1671.1,1671.5,358928
2021-10-01 13:45:00+05:30,1671.85,1673.15,1670.0,1672.55,274447
2021-10-01 14:15:00+05:30,1672.65,1673.0,1668.0,1668.1,356118
2021-10-01 14:45:00+05:30,1668.05,1670.0,1665.0,1665.45,646103
2021-10-01 15:15:00+05:30,1665.45,1665.6,1662.35,1665.6,573327
2021-10-04 09:15:00+05:30,1672.5,1677.1,1665.4,1676.35,390322
2021-10-04 09:45:00+05:30,1676.35,1684.8,1675.6,1681.75,275689
2021-10-04 10:15:00+05:30,1682.4,1688.0,1681.05,1683.15,154643
2021-10-04 10:45:00+05:30,1683.15,1685.7,1681.15,1682.75,96598
2021-10-04 11:15:00+05:30,1681.65,1685.0,1680.0,1681.6,107596
2021-10-04 11:45:00+05:30,1681.65,1682.35,1680.0,1681.25,107886
2021-10-04 12:15:00+05:30,1681.25,1681.3,1674.15,1677.7,203631
2021-10-04 12:45:00+05:30,1677.75,1677.75,1673.7,1675.15,158388
2021-10-04 13:15:00+05:30,1675.15,1682.95,1674.4,1679.85,202784
2021-10-04 13:45:00+05:30,1679.85,1681.6,1677.0,1678.0,130854
2021-10-04 14:15:00+05:30,1678.0,1680.0,1677.0,1678.5,189351
2021-10-04 14:45:00+05:30,1678.5,1680.0,1676.2,1679.05,518584
2021-10-04 15:15:00+05:30,1679.05,1681.9,1678.0,1681.9,395167
2021-10-05 09:15:00+05:30,1671.0,1674.6,1664.0,1667.45,695852
2021-10-05 09:45:00+05:30,1667.45,1669.9,1663.0,1666.5,409044
2021-10-05 10:15:00+05:30,1666.5,1669.0,1664.6,1665.75,308748
2021-10-05 10:45:00+05:30,1665.75,1668.5,1664.0,1668.4,228471
2021-10-05 11:15:00+05:30,1668.4,1673.5,1667.7,1671.3,230629
2021-10-05 11:45:00+05:30,1671.3,1672.3,1667.2,1669.1,186306
2021-10-05 12:15:00+05:30,1669.2,1677.0,1668.85,1676.9,213984
2021-10-05 12:45:00+05:30,1677.0,1684.95,1676.9,1678.9,496831
2021-10-05 13:15:00+05:30,1679.0,1684.0,1677.2,1684.0,201285
2021-10-05 13:45:00+05:30,1684.0,1686.95,1680.0,1686.4,243364
2021-10-05 14:15:00+05:30,1686.4,1701.05,1684.75,1701.05,381725
2021-10-05 14:45:00+05:30,1701.05,1702.95,1692.0,1693.75,485097
2021-10-05 15:15:00+05:30,1693.25,1693.95,1688.7,1691.7,256954
2021-10-06 09:15:00+05:30,1702.1,1708.95,1688.0,1691.55,869557
2021-10-06 09:45:00+05:30,1691.5,1692.65,1682.0,1683.0,359191
2021-10-06 10:15:00+05:30,1683.45,1687.7,1681.55,1687.35,222396
2021-10-06 10:45:00+05:30,1687.5,1689.4,1683.35,1686.15,126661
2021-10-06 11:15:00+05:30,1686.25,1687.9,1684.55,1685.8,94879
2021-10-06 11:45:00+05:30,1685.35,1686.9,1680.05,1686.6,185487
2021-10-06 12:15:00+05:30,1686.6,1688.95,1683.05,1684.2,109660
2021-10-06 12:45:00+05:30,1684.2,1685.75,1681.0,1682.45,117664
2021-10-06 13:15:00+05:30,1682.5,1682.75,1676.0,1679.25,262019
2021-10-06 13:45:00+05:30,1679.15,1684.5,1678.15,1682.7,209862
2021-10-06 14:15:00+05:30,1682.9,1683.25,1671.5,1672.45,376141
2021-10-06 14:45:00+05:30,1671.85,1676.8,1671.2,1675.75,770209
2021-10-06 15:15:00+05:30,1675.75,1675.75,1670.0,1672.65,537563
2021-10-07 09:15:00+05:30,1687.0,1688.85,1676.7,1687.4,684702
2021-10-07 09:45:00+05:30,1687.35,1688.8,1684.15,1685.5,261123
2021-10-07 10:15:00+05:30,1685.7,1699.95,1684.9,1695.85,540886
2021-10-07 10:45:00+05:30,1695.9,1696.8,1691.0,1692.3,137949
2021-10-07 11:15:00+05:30,1692.3,1699.9,1692.1,1698.9,832643
2021-10-07 11:45:00+05:30,1699.4,1700.0,1693.55,1694.85,347707
2021-10-07 12:15:00+05:30,1694.7,1699.65,1689.15,1697.6,433424
2021-10-07 12:45:00+05:30,1697.55,1699.0,1693.15,1694.75,226370
2021-10-07 13:15:00+05:30,1694.75,1699.85,1694.3,1699.7,273741
2021-10-07 13:45:00+05:30,1699.75,1704.0,1698.0,1703.95,399853
2021-10-07 14:15:00+05:30,1703.8,1703.85,1693.0,1696.3,295424
2021-10-07 14:45:00+05:30,1695.7,1696.3,1689.05,1690.3,551733
2021-10-07 15:15:00+05:30,1690.35,1693.9,1689.05,1690.35,477138
2021-10-08 09:15:00+05:30,1705.25,1714.9,1698.4,1714.1,619240
2021-10-08 09:45:00+05:30,1714.1,1717.65,1709.2,1710.5,499163
2021-10-08 10:15:00+05:30,1710.45,1724.8,1705.0,1721.3,569240
2021-10-08 10:45:00+05:30,1721.3,1729.8,1720.15,1728.6,505274
2021-10-08 11:15:00+05:30,1729.0,1731.5,1725.1,1725.9,333859
2021-10-08 11:45:00+05:30,1725.85,1729.9,1717.0,1717.6,280843
2021-10-08 12:15:00+05:30,1717.45,1724.4,1712.35,1723.1,322331
2021-10-08 12:45:00+05:30,1723.15,1723.45,1717.35,1719.7,176101
2021-10-08 13:15:00+05:30,1719.9,1722.0,1714.4,1716.0,230492
2021-10-08 13:45:00+05:30,1715.9,1727.8,1715.15,1726.2,290403
2021-10-08 14:15:00+05:30,1726.3,1727.5,1722.0,1725.5,228438
2021-10-08 14:45:00+05:30,1725.55,1729.5,1721.6,1725.2,373235
2021-10-08 15:15:00+05:30,1725.2,1725.3,1722.75,1723.85,266592
2021-10-11 09:15:00+05:30,1682.0,1707.9,1664.0,1707.45,2533179
2021-10-11 09:45:00+05:30,1707.2,1720.0,1702.9,1719.3,806434
2021-10-11 10:15:00+05:30,1719.6,1726.3,1713.95,1723.7,472896
2021-10-11 10:45:00+05:30,1723.9,1729.0,1716.15,1726.7,353346
2021-10-11 11:15:00+05:30,1726.75,1730.0,1722.0,1725.25,382169
2021-10-11 11:45:00+05:30,1725.2,1725.25,1718.65,1720.8,289099
2021-10-11 12:15:00+05:30,1720.75,1722.75,1716.65,1721.75,269915
2021-10-11 12:45:00+05:30,1721.8,1721.8,1708.6,1710.4,347935
2021-10-11 13:15:00+05:30,1710.95,1712.95,1700.0,1701.25,562315
2021-10-11 13:45:00+05:30,1701.25,1701.6,1690.65,1699.75,734030
2021-10-11 14:15:00+05:30,1699.75,1700.7,1691.0,1694.75,661128
2021-10-11 14:45:00+05:30,1695.0,1697.7,1690.2,1692.4,566230
2021-10-11 15:15:00+05:30,1692.6,1693.5,1689.0,1693.0,792905
2021-10-12 09:15:00+05:30,1677.0,1687.0,1671.0,1677.95,1240608
2021-10-12 09:45:00+05:30,1677.95,1683.6,1673.0,1676.8,616838
2021-10-12 10:15:00+05:30,1676.8,1677.55,1662.0,1674.65,862521
2021-10-12 10:45:00+05:30,1673.9,1676.9,1670.8,1676.3,377106
2021-10-12 11:15:00+05:30,1676.0,1676.8,1670.0,1672.65,261908
2021-10-12 11:45:00+05:30,1672.7,1674.9,1667.6,1672.7,236162
2021-10-12 12:15:00+05:30,1672.7,1673.95,1666.2,1672.85,334421
2021-10-12 12:45:00+05:30,1672.75,1680.6,1672.5,1679.85,645775
2021-10-12 13:15:00+05:30,1679.85,1681.0,1675.3,1676.4,380112
2021-10-12 13:45:00+05:30,1676.0,1680.55,1673.9,1680.25,387677
2021-10-12 14:15:00+05:30,1680.3,1683.0,1674.25,1675.0,483005
2021-10-12 14:45:00+05:30,1675.05,1687.9,1674.6,1686.35,861213
2021-10-12 15:15:00+05:30,1686.3,1689.0,1685.0,1689.0,689624
2021-10-13 09:15:00+05:30,1695.95,1695.95,1680.1,1690.1,1526437
2021-10-13 09:45:00+05:30,1690.1,1699.8,1689.0,1695.65,633700
2021-10-13 10:15:00+05:30,1695.9,1697.7,1689.0,1691.95,553429
2021-10-13 10:45:00+05:30,1690.95,1694.85,1688.4,1694.5,334319
2021-10-13 11:15:00+05:30,1694.5,1703.65,1694.0,1702.8,424278
2021-10-13 11:45:00+05:30,1702.5,1704.0,1695.7,1697.0,366799
2021-10-13 12:15:00+05:30,1697.1,1705.0,1696.5,1699.6,301533
2021-10-13 12:45:00+05:30,1699.75,1700.85,1698.0,1699.7,225946
2021-10-13 13:15:00+05:30,1699.8,1702.15,1698.2,1700.8,322974
2021-10-13 13:45:00+05:30,1701.35,1702.75,1695.25,1697.9,359073
2021-10-13 14:15:00+05:30,1697.9,1704.25,1697.5,1702.75,412313
2021-10-13 14:45:00+05:30,1702.65,1713.45,1702.4,1711.95,1053280
2021-10-13 15:15:00+05:30,1711.95,1712.5,1703.0,1705.05,533012
2021-10-14 09:15:00+05:30,1754.0,1783.5,1721.8,1726.35,9558451
2021-10-14 09:45:00+05:30,1726.15,1740.0,1726.15,1737.9,1110628
2021-10-14 10:15:00+05:30,1738.5,1741.85,1729.5,1732.0,1096147
2021-10-14 10:45:00+05:30,1732.0,1740.0,1730.45,1736.8,571617
2021-10-14 11:15:00+05:30,1736.5,1739.85,1733.05,1735.05,635078
2021-10-14 11:45:00+05:30,1734.8,1739.6,1733.3,1736.25,511037
2021-10-14 12:15:00+05:30,1736.25,1738.0,1726.95,1728.55,592387
2021-10-14 12:45:00+05:30,1728.6,1730.0,1710.25,1720.15,1275230
2021-10-14 13:15:00+05:30,1720.15,1720.5,1712.05,1718.5,592675
2021-10-14 13:45:00+05:30,1718.5,1721.0,1713.0,1715.6,539014
2021-10-14 14:15:00+05:30,1715.5,1717.6,1698.25,1708.4,962411
2021-10-14 14:45:00+05:30,1708.4,1719.5,1705.8,1715.5,1120167
2021-10-14 15:15:00+05:30,1715.45,1716.6,1712.1,1714.0,822199
2021-10-18 09:15:00+05:30,1740.0,1755.95,1740.0,1754.7,2315937
2021-10-18 09:45:00+05:30,1754.65,1764.35,1750.25,1763.0,936885
2021-10-18 10:15:00+05:30,1763.95,1772.85,1761.8,1766.0,1044577
2021-10-18 10:45:00+05:30,1766.0,1768.0,1762.5,1764.2,684588
2021-10-18 11:15:00+05:30,1764.2,1767.85,1763.5,1765.0,419947
2021-10-18 11:45:00+05:30,1765.0,1767.6,1763.4,1767.6,440233
2021-10-18 12:15:00+05:30,1767.55,1774.7,1765.8,1773.4,956284
2021-10-18 12:45:00+05:30,1773.4,1775.0,1770.85,1772.3,730224
2021-10-18 13:15:00+05:30,1772.3,1775.9,1772.05,1773.15,844678
2021-10-18 13:45:00+05:30,1773.15,1783.0,1772.05,1780.5,891584
2021-10-18 14:15:00+05:30,1780.55,1782.0,1777.0,1781.0,862895
2021-10-18 14:45:00+05:30,1780.95,1794.25,1779.3,1790.35,1735660
2021-10-18 15:15:00+05:30,1790.35,1799.0,1790.35,1797.0,1445066
2021-10-19 09:15:00+05:30,1814.0,1814.4,1782.45,1809.1,1731694
2021-10-19 09:45:00+05:30,1809.75,1812.9,1795.7,1804.5,1066098
2021-10-19 10:15:00+05:30,1804.8,1814.0,1802.0,1812.1,412317
2021-10-19 10:45:00+05:30,1812.45,1831.5,1812.15,1831.3,1071418
2021-10-19 11:15:00+05:30,1830.8,1834.35,1821.0,1824.7,835433
2021-10-19 11:45:00+05:30,1824.95,1828.05,1822.2,1826.0,965168
2021-10-19 12:15:00+05:30,1826.0,1833.4,1824.5,1829.0,447040
2021-10-19 12:45:00+05:30,1828.95,1830.5,1826.55,1829.25,525616
2021-10-19 13:15:00+05:30,1829.25,1829.95,1822.55,1825.25,524129
2021-10-19 13:45:00+05:30,1825.25,1828.45,1818.05,1825.0,613931
2021-10-19 14:15:00+05:30,1825.0,1828.55,1818.4,1825.75,571336
2021-10-19 14:45:00+05:30,1825.8,1827.15,1818.1,1820.05,813721
2021-10-19 15:15:00+05:30,1820.25,1825.0,1818.05,1823.5,659446
2021-10-20 09:15:00+05:30,1829.4,1848.0,1817.4,1829.0,1128037
2021-10-20 09:45:00+05:30,1829.0,1832.7,1824.2,1827.6,396523
2021-10-20 10:15:00+05:30,1828.0,1830.55,1824.9,1828.0,328431
2021-10-20 10:45:00+05:30,1828.0,1831.6,1823.85,1829.0,190117
2021-10-20 11:15:00+05:30,1829.75,1837.05,1828.7,1834.0,234172
2021-10-20 11:45:00+05:30,1834.4,1835.0,1826.0,1828.7,266496
2021-10-20 12:15:00+05:30,1828.45,1830.0,1810.0,1812.0,376801
2021-10-20 12:45:00+05:30,1812.0,1821.85,1806.6,1821.75,447695
2021-10-20 13:15:00+05:30,1821.8,1825.0,1814.45,1819.3,312896
2021-10-20 13:45:00+05:30,1818.9,1819.6,1808.05,1814.1,452641
2021-10-20 14:15:00+05:30,1814.35,1816.95,1810.3,1813.1,318497
2021-10-20 14:45:00+05:30,1813.35,1814.0,1794.5,1800.3,809017
2021-10-20 15:15:00+05:30,1800.4,1805.6,1797.35,1800.85,586312
2021-10-21 09:15:00+05:30,1814.0,1814.0,1788.3,1799.85,809732
2021-10-21 09:45:00+05:30,1799.2,1800.75,1785.8,1790.5,409800
2021-10-21 10:15:00+05:30,1790.5,1790.9,1780.0,1784.2,340831
2021-10-21 10:45:00+05:30,1784.0,1785.0,1770.0,1772.85,722625
2021-10-21 11:15:00+05:30,1772.85,1782.45,1769.05,1780.5,470955
2021-10-21 11:45:00+05:30,1780.6,1783.1,1774.3,1780.0,290654
2021-10-21 12:15:00+05:30,1780.05,1780.85,1752.65,1762.6,1351470
2021-10-21 12:45:00+05:30,1762.6,1763.95,1754.1,1760.75,506243
2021-10-21 13:15:00+05:30,1760.75,1767.6,1752.0,1756.25,649192
2021-10-21 13:45:00+05:30,1756.25,1759.8,1752.05,1754.0,404247
2021-10-21 14:15:00+05:30,1753.7,1766.8,1750.35,1760.6,988460
2021-10-21 14:45:00+05:30,1760.6,1764.4,1747.0,1755.0,1027100
2021-10-21 15:15:00+05:30,1755.15,1757.0,1753.3,1757.0,752929
2021-10-22 09:15:00+05:30,1749.9,1763.2,1736.05,1754.65,909367
2021-10-22 09:45:00+05:30,1754.0,1755.0,1745.1,1747.2,866313
2021-10-22 10:15:00+05:30,1747.0,1747.6,1738.0,1738.8,483049
2021-10-22 10:45:00+05:30,1738.95,1738.95,1726.95,1727.85,558386
2021-10-22 11:15:00+05:30,1728.0,1728.0,1716.5,1724.15,494012
2021-10-22 11:45:00+05:30,1724.05,1724.6,1717.5,1719.1,414819
2021-10-22 12:15:00+05:30,1718.45,1723.25,1713.25,1714.9,763791
2021-10-22 12:45:00+05:30,1714.9,1717.35,1710.1,1710.1,449821
2021-10-22 13:15:00+05:30,1710.15,1715.0,1707.0,1715.0,478364
2021-10-22 13:45:00+05:30,1714.95,1719.8,1712.25,1718.0,559546
2021-10-22 14:15:00+05:30,1718.05,1721.95,1712.05,1720.05,309391
2021-10-22 14:45:00+05:30,1719.7,1725.9,1718.5,1719.0,566539
2021-10-22 15:15:00+05:30,1719.1,1721.4,1715.75,1717.85,483859
2021-10-25 09:15:00+05:30,1722.05,1729.6,1692.5,1699.95,937114
2021-10-25 09:45:00+05:30,1699.55,1701.45,1687.3,1695.55,522754
2021-10-25 10:15:00+05:30,1695.55,1695.75,1690.05,1693.0,312780
2021-10-25 10:45:00+05:30,1692.8,1694.75,1688.35,1689.4,786278
2021-10-25 11:15:00+05:30,1690.0,1700.0,1689.45,1699.6,331554
2021-10-25 11:45:00+05:30,1699.5,1700.0,1696.4,1697.55,240838
2021-10-25 12:15:00+05:30,1697.55,1698.6,1693.0,1694.15,259925
2021-10-25 12:45:00+05:30,1694.15,1699.95,1692.3,1697.2,251078
2021-10-25 13:15:00+05:30,1697.2,1700.0,1694.0,1699.5,252709
2021-10-25 13:45:00+05:30,1699.5,1702.05,1695.65,1699.0,411305
2021-10-25 14:15:00+05:30,1697.95,1707.7,1694.0,1707.7,363564
2021-10-25 14:45:00+05:30,1707.6,1713.95,1705.4,1709.45,743985
2021-10-25 15:15:00+05:30,1709.25,1709.45,1705.0,1708.4,464096
2021-10-26 09:15:00+05:30,1710.05,1726.6,1705.8,1718.55,679071
2021-10-26 09:45:00+05:30,1719.0,1719.8,1706.7,1708.0,328713
2021-10-26 10:15:00+05:30,1707.6,1708.85,1701.0,1701.65,231758
2021-10-26 10:45:00+05:30,1701.75,1704.95,1695.9,1703.9,245042
2021-10-26 11:15:00+05:30,1703.9,1703.9,1696.5,1701.7,126472
2021-10-26 11:45:00+05:30,1701.7,1703.9,1699.0,1700.7,260298
2021-10-26 12:15:00+05:30,1700.7,1702.55,1697.0,1697.5,483252
2021-10-26 12:45:00+05:30,1697.25,1700.0,1696.6,1698.4,175921
2021-10-26 13:15:00+05:30,1698.4,1700.8,1697.6,1700.45,383580
2021-10-26 13:45:00+05:30,1700.45,1704.0,1698.2,1703.85,192860
2021-10-26 14:15:00+05:30,1703.6,1704.65,1699.6,1703.2,679578
2021-10-26 14:45:00+05:30,1703.2,1707.5,1700.7,1703.7,967634
2021-10-26 15:15:00+05:30,1703.7,1708.9,1702.6,1708.9,1104029
2021-10-27 09:15:00+05:30,1709.1,1716.8,1703.3,1707.65,799313
2021-10-27 09:45:00+05:30,1707.5,1710.85,1702.45,1702.55,218464
2021-10-27 10:15:00+05:30,1702.45,1708.9,1701.15,1708.75,394259
2021-10-27 10:45:00+05:30,1708.8,1719.55,1707.95,1718.35,276779
2021-10-27 11:15:00+05:30,1719.1,1724.0,1715.0,1718.65,762139
2021-10-27 11:45:00+05:30,1718.85,1720.85,1717.7,1718.35,216024
2021-10-27 12:15:00+05:30,1718.35,1726.5,1717.2,1722.0,284038
2021-10-27 12:45:00+05:30,1722.15,1725.0,1720.8,1722.65,151188
2021-10-27 13:15:00+05:30,1722.85,1724.9,1720.35,1722.65,159058
2021-10-27 13:45:00+05:30,1722.65,1724.95,1719.3,1720.15,196214
2021-10-27 14:15:00+05:30,1720.2,1723.0,1716.15,1717.95,343833
2021-10-27 14:45:00+05:30,1717.95,1734.15,1716.95,1731.85,712328
2021-10-27 15:15:00+05:30,1731.8,1733.6,1722.9,1723.0,561140
2021-10-28 09:15:00+05:30,1719.35,1720.2,1710.0,1711.9,561730
2021-10-28 09:45:00+05:30,1711.9,1718.8,1711.4,1718.75,212918
2021-10-28 10:15:00+05:30,1718.75,1724.75,1717.4,1718.0,191289
2021-10-28 10:45:00+05:30,1718.15,1720.85,1714.2,1720.0,546332
2021-10-28 11:15:00+05:30,1720.35,1721.0,1715.0,1716.35,234854
2021-10-28 11:45:00+05:30,1716.6,1716.6,1708.25,1710.3,194615
2021-10-28 12:15:00+05:30,1710.4,1711.9,1705.65,1711.9,709151
2021-10-28 12:45:00+05:30,1711.9,1712.05,1709.15,1709.8,215517
2021-10-28 13:15:00+05:30,1709.9,1710.4,1706.85,1710.2,248839
2021-10-28 13:45:00+05:30,1710.0,1710.9,1705.1,1706.9,313299
2021-10-28 14:15:00+05:30,1706.9,1708.7,1698.7,1703.25,499924
2021-10-28 14:45:00+05:30,1703.0,1712.85,1701.0,1703.05,776337
2021-10-28 15:15:00+05:30,1703.0,1706.0,1692.25,1705.85,586495
2021-10-29 09:15:00+05:30,1699.0,1705.75,1691.5,1696.6,721300
2021-10-29 09:45:00+05:30,1696.6,1712.55,1696.3,1701.8,436226
2021-10-29 10:15:00+05:30,1701.8,1703.75,1695.55,1700.95,201154
2021-10-29 10:45:00+05:30,1700.95,1702.0,1696.0,1696.5,138146
2021-10-29 11:15:00+05:30,1697.0,1703.35,1695.4,1703.05,326818
2021-10-29 11:45:00+05:30,1703.0,1708.45,1698.55,1703.25,283435
2021-10-29 12:15:00+05:30,1703.25,1706.3,1699.5,1700.4,287146
2021-10-29 12:45:00+05:30,1700.35,1702.0,1686.0,1686.6,452412
2021-10-29 13:15:00+05:30,1686.5,1687.55,1681.65,1684.45,234160
2021-10-29 13:45:00+05:30,1684.55,1689.0,1682.0,1682.95,344963
2021-10-29 14:15:00+05:30,1682.85,1692.0,1675.0,1679.4,704144
2021-10-29 14:45:00+05:30,1678.9,1683.8,1661.05,1666.4,988633
2021-10-29 15:15:00+05:30,1666.8,1675.95,1662.25,1671.0,745396
2021-11-01 09:15:00+05:30,1677.5,1697.5,1677.5,1690.9,515895
2021-11-01 09:45:00+05:30,1690.7,1701.15,1690.1,1692.9,258697
2021-11-01 10:15:00+05:30,1692.9,1702.0,1691.5,1695.95,232398
2021-11-01 10:45:00+05:30,1695.95,1698.0,1692.0,1693.05,134152
2021-11-01 11:15:00+05:30,1693.1,1693.2,1685.0,1686.15,229703
2021-11-01 11:45:00+05:30,1686.15,1689.55,1683.45,1688.55,367834
2021-11-01 12:15:00+05:30,1689.1,1694.95,1687.05,1693.45,233014
2021-11-01 12:45:00+05:30,1693.4,1698.7,1690.6,1698.2,120185
2021-11-01 13:15:00+05:30,1697.85,1705.0,1697.0,1704.0,250674
2021-11-01 13:45:00+05:30,1704.1,1705.35,1699.3,1701.65,254065
2021-11-01 14:15:00+05:30,1701.2,1706.9,1699.7,1704.05,333576
2021-11-01 14:45:00+05:30,1704.05,1704.95,1697.7,1701.35,384458
2021-11-01 15:15:00+05:30,1701.3,1702.0,1698.0,1701.35,307513
2021-11-02 09:15:00+05:30,1695.0,1705.4,1694.5,1700.85,385698
2021-11-02 09:45:00+05:30,1700.65,1706.45,1699.0,1700.4,283474
2021-11-02 10:15:00+05:30,1700.55,1701.4,1690.55,1693.1,263071
2021-11-02 10:45:00+05:30,1693.1,1695.15,1692.1,1694.55,169735
2021-11-02 11:15:00+05:30,1694.5,1698.05,1693.5,1693.75,178191
2021-11-02 11:45:00+05:30,1693.75,1695.9,1691.1,1694.9,217541
2021-11-02 12:15:00+05:30,1694.85,1696.7,1692.0,1692.0,173714
2021-11-02 12:45:00+05:30,1692.4,1694.7,1689.35,1691.65,204679
2021-11-02 13:15:00+05:30,1691.65,1691.85,1689.15,1691.15,163947
2021-11-02 13:45:00+05:30,1691.15,1693.0,1687.05,1691.85,235757
2021-11-02 14:15:00+05:30,1691.85,1693.0,1689.0,1693.0,192768
2021-11-02 14:45:00+05:30,1693.0,1699.85,1692.2,1699.05,577889
2021-11-02 15:15:00+05:30,1699.5,1700.5,1696.15,1699.0,407284
2021-11-03 09:15:00+05:30,1709.0,1711.0,1702.35,1703.65,490451
2021-11-03 09:45:00+05:30,1703.75,1707.0,1701.1,1706.4,152532
2021-11-03 10:15:00+05:30,1706.4,1714.0,1705.0,1713.35,315581
2021-11-03 10:45:00+05:30,1713.1,1717.3,1710.0,1717.15,275219
2021-11-03 11:15:00+05:30,1717.15,1717.45,1711.1,1715.3,266261
2021-11-03 11:45:00+05:30,1715.3,1715.3,1709.3,1710.5,219346
2021-11-03 12:15:00+05:30,1710.45,1711.9,1705.0,1705.5,322367
2021-11-03 12:45:00+05:30,1705.5,1706.0,1701.0,1702.1,223190
2021-11-03 13:15:00+05:30,1702.05,1708.95,1701.7,1707.0,184612
2021-11-03 13:45:00+05:30,1706.9,1710.0,1705.1,1705.9,111145
2021-11-03 14:15:00+05:30,1705.85,1705.95,1700.0,1704.0,206964
2021-11-03 14:45:00+05:30,1703.95,1705.0,1699.0,1701.4,418438
2021-11-03 15:15:00+05:30,1701.4,1705.0,1700.0,1702.2,335544
2021-11-04 18:15:00+05:30,1715.0,1715.0,1710.0,1711.25,289147
2021-11-04 18:45:00+05:30,1711.25,1711.3,1705.0,1705.5,181874
2021-11-08 09:15:00+05:30,1730.0,1730.0,1703.8,1708.2,736548
2021-11-08 09:45:00+05:30,1708.2,1710.2,1704.3,1709.55,229613
2021-11-08 10:15:00+05:30,1709.25,1713.5,1708.7,1713.0,137730
2021-11-08 10:45:00+05:30,1713.0,1717.75,1710.35,1715.95,145723
2021-11-08 11:15:00+05:30,1715.95,1721.75,1714.55,1721.05,304437
2021-11-08 11:45:00+05:30,1721.05,1735.0,1721.0,1731.0,541556
2021-11-08 12:15:00+05:30,1731.0,1733.5,1727.9,1732.55,404706
2021-11-08 12:45:00+05:30,1733.1,1738.85,1730.5,1737.55,302387
2021-11-08 13:15:00+05:30,1738.0,1738.2,1728.5,1733.75,252348
2021-11-08 13:45:00+05:30,1733.75,1735.3,1730.2,1734.25,291500
2021-11-08 14:15:00+05:30,1734.25,1735.75,1731.0,1733.55,305403
2021-11-08 14:45:00+05:30,1733.55,1738.0,1732.85,1735.8,738707
2021-11-08 15:15:00+05:30,1735.8,1740.9,1733.8,1740.0,641660
2021-11-09 09:15:00+05:30,1734.75,1750.0,1726.0,1746.1,661193
2021-11-09 09:45:00+05:30,1746.1,1746.8,1740.35,1741.2,313662
2021-11-09 10:15:00+05:30,1741.6,1741.9,1735.2,1738.55,271710
2021-11-09 10:45:00+05:30,1738.5,1742.45,1731.7,1736.15,265738
2021-11-09 11:15:00+05:30,1736.0,1741.4,1734.75,1739.8,195513
2021-11-09 11:45:00+05:30,1739.3,1744.5,1739.3,1742.8,284992
2021-11-09 12:15:00+05:30,1742.85,1747.0,1737.9,1745.55,262067
2021-11-09 12:45:00+05:30,1745.55,1746.75,1742.65,1745.8,222668
2021-11-09 13:15:00+05:30,1745.9,1746.9,1737.6,1742.25,298705
2021-11-09 13:45:00+05:30,1741.95,1743.3,1739.85,1740.8,291880
2021-11-09 14:15:00+05:30,1741.7,1744.9,1740.8,1742.0,228585
2021-11-09 14:45:00+05:30,1742.2,1743.85,1738.75,1742.6,374840
2021-11-09 15:15:00+05:30,1742.65,1743.75,1740.0,1742.0,310767
2021-11-10 09:15:00+05:30,1726.0,1735.0,1723.1,1731.45,685892
2021-11-10 09:45:00+05:30,1731.0,1735.7,1727.5,1735.0,294480
2021-11-10 10:15:00+05:30,1735.0,1736.95,1730.5,1733.3,271234
2021-11-10 10:45:00+05:30,1733.3,1737.1,1730.1,1731.5,318534
2021-11-10 11:15:00+05:30,1732.05,1735.45,1730.8,1732.9,215092
2021-11-10 11:45:00+05:30,1732.9,1733.95,1731.2,1732.55,383124
2021-11-10 12:15:00+05:30,1733.05,1736.9,1731.6,1735.05,144812
2021-11-10 12:45:00+05:30,1735.05,1737.8,1733.0,1737.1,243198
2021-11-10 13:15:00+05:30,1737.05,1748.8,1736.0,1745.45,518638
2021-11-10 13:45:00+05:30,1745.55,1750.95,1744.0,1750.0,466676
2021-11-10 14:15:00+05:30,1750.0,1750.1,1745.0,1746.0,347821
2021-11-10 14:45:00+05:30,1745.55,1746.9,1736.0,1736.35,495515
2021-11-10 15:15:00+05:30,1736.35,1742.9,1735.9,1742.0,379460
2021-11-11 09:15:00+05:30,1732.95,1733.0,1724.0,1726.45,1106716
2021-11-11 09:45:00+05:30,1726.0,1728.35,1711.9,1713.85,630226
2021-11-11 10:15:00+05:30,1713.85,1716.0,1709.1,1714.6,360500
2021-11-11 10:45:00+05:30,1714.6,1715.5,1710.7,1714.0,247468
2021-11-11 11:15:00+05:30,1714.2,1719.25,1714.0,1717.1,275740
2021-11-11 11:45:00+05:30,1717.3,1721.25,1715.5,1719.6,252270
2021-11-11 12:15:00+05:30,1719.7,1725.0,1718.95,1721.05,226902
2021-11-11 12:45:00+05:30,1721.05,1726.45,1720.35,1725.3,146870
2021-11-11 13:15:00+05:30,1725.25,1729.35,1724.05,1724.65,197349
2021-11-11 13:45:00+05:30,1724.7,1727.0,1719.0,1720.05,215786
2021-11-11 14:15:00+05:30,1720.05,1726.9,1719.15,1725.05,190978
2021-11-11 14:45:00+05:30,1725.3,1733.0,1724.9,1732.5,484933
2021-11-11 15:15:00+05:30,1732.55,1739.7,1730.95,1735.0,384593
2021-11-12 09:15:00+05:30,1743.0,1757.0,1738.25,1751.0,644301
2021-11-12 09:45:00+05:30,1750.9,1755.0,1746.15,1747.35,175229
2021-11-12 10:15:00+05:30,1747.25,1751.9,1742.55,1750.0,157711
2021-11-12 10:45:00+05:30,1750.4,1753.45,1750.0,1751.95,135044
2021-11-12 11:15:00+05:30,1751.95,1756.0,1751.0,1753.9,219934
2021-11-12 11:45:00+05:30,1754.0,1756.0,1752.75,1755.6,200648
2021-11-12 12:15:00+05:30,1755.5,1763.9,1755.3,1763.45,422604
2021-11-12 12:45:00+05:30,1763.5,1771.8,1762.0,1770.6,558092
2021-11-12 13:15:00+05:30,1770.6,1773.6,1768.65,1772.9,376128
2021-11-12 13:45:00+05:30,1773.15,1776.0,1770.2,1775.05,368597
2021-11-12 14:15:00+05:30,1775.0,1778.5,1774.1,1776.75,498006
2021-11-12 14:45:00+05:30,1776.75,1782.85,1775.45,1779.05,773541
2021-11-12 15:15:00+05:30,1779.05,1781.8,1775.3,1780.0,524694
2021-11-15 09:15:00+05:30,1782.1,1794.0,1775.55,1793.0,513082
2021-11-15 09:45:00+05:30,1793.0,1798.7,1789.5,1798.5,386466
2021-11-15 10:15:00+05:30,1798.5,1799.95,1793.5,1795.05,366023
2021-11-15 10:45:00+05:30,1795.05,1799.2,1792.7,1795.0,262811
2021-11-15 11:15:00+05:30,1795.0,1798.0,1793.05,1795.25,288506
2021-11-15 11:45:00+05:30,1795.25,1797.2,1790.5,1795.3,193773
2021-11-15 12:15:00+05:30,1795.3,1797.65,1794.0,1796.4,354252
2021-11-15 12:45:00+05:30,1796.4,1799.45,1793.55,1795.1,192141
2021-11-15 13:15:00+05:30,1795.1,1800.0,1794.35,1799.95,337373
2021-11-15 13:45:00+05:30,1799.9,1800.0,1796.0,1799.4,297650
2021-11-15 14:15:00+05:30,1799.3,1799.75,1792.0,1795.05,297058
2021-11-15 14:45:00+05:30,1795.1,1795.35,1784.15,1785.95,551218
2021-11-15 15:15:00+05:30,1786.6,1787.9,1780.35,1785.0,287122
2021-11-16 09:15:00+05:30,1790.0,1794.75,1777.0,1789.9,616176
2021-11-16 09:45:00+05:30,1789.9,1798.3,1789.4,1797.5,505047
2021-11-16 10:15:00+05:30,1797.45,1805.0,1793.1,1804.65,733592
2021-11-16 10:45:00+05:30,1804.65,1808.8,1803.5,1805.5,818134
2021-11-16 11:15:00+05:30,1805.5,1805.7,1799.0,1803.8,515484
2021-11-16 11:45:00+05:30,1803.8,1803.95,1795.7,1800.1,200407
2021-11-16 12:15:00+05:30,1800.1,1802.95,1798.1,1800.0,215644
2021-11-16 12:45:00+05:30,1800.0,1802.0,1797.15,1801.85,182245
2021-11-16 13:15:00+05:30,1802.0,1803.5,1798.4,1798.4,196749
2021-11-16 13:45:00+05:30,1799.25,1800.8,1797.95,1799.25,218448
2021-11-16 14:15:00+05:30,1798.9,1799.5,1793.15,1797.5,343844
2021-11-16 14:45:00+05:30,1797.6,1798.9,1789.1,1790.15,828235
2021-11-16 15:15:00+05:30,1790.75,1794.9,1789.0,1791.4,653118
2021-11-17 09:15:00+05:30,1792.55,1801.45,1784.65,1785.85,668694
2021-11-17 09:45:00+05:30,1786.0,1788.75,1780.7,1784.95,349952
2021-11-17 10:15:00+05:30,1784.95,1795.9,1784.7,1794.4,336828
2021-11-17 10:45:00+05:30,1794.3,1795.95,1790.55,1794.75,325803
2021-11-17 11:15:00+05:30,1794.3,1797.85,1794.05,1795.1,254239
2021-11-17 11:45:00+05:30,1795.1,1798.95,1795.0,1797.1,283034
2021-11-17 12:15:00+05:30,1797.05,1799.25,1795.25,1795.75,258949
2021-11-17 12:45:00+05:30,1795.8,1798.0,1794.9,1796.55,252186
2021-11-17 13:15:00+05:30,1796.55,1801.95,1796.5,1800.65,236322
2021-11-17 13:45:00+05:30,1800.95,1802.0,1797.0,1798.0,174933
2021-11-17 14:15:00+05:30,1797.8,1800.85,1795.45,1798.0,182670
2021-11-17 14:45:00+05:30,1798.0,1798.05,1783.55,1784.95,823159
2021-11-17 15:15:00+05:30,1784.95,1791.0,1784.55,1790.55,572422
2021-11-18 09:15:00+05:30,1781.6,1789.45,1771.7,1774.6,465183
2021-11-18 09:45:00+05:30,1774.6,1776.2,1769.0,1771.7,186760
2021-11-18 10:15:00+05:30,1771.55,1775.9,1768.3,1771.3,661402
2021-11-18 10:45:00+05:30,1771.3,1772.4,1764.0,1770.0,311625
2021-11-18 11:15:00+05:30,1769.95,1771.0,1768.35,1770.25,159611
2021-11-18 11:45:00+05:30,1770.15,1770.8,1759.05,1760.0,365728
2021-11-18 12:15:00+05:30,1760.3,1766.65,1760.0,1766.35,249227
2021-11-18 12:45:00+05:30,1766.35,1770.5,1764.5,1770.5,274084
2021-11-18 13:15:00+05:30,1770.5,1779.75,1770.45,1777.4,212073
2021-11-18 13:45:00+05:30,1777.8,1782.7,1776.25,1782.6,194202
2021-11-18 14:15:00+05:30,1782.25,1784.9,1777.5,1782.0,229857
2021-11-18 14:45:00+05:30,1782.25,1786.6,1780.55,1781.85,498078
2021-11-18 15:15:00+05:30,1781.55,1782.6,1770.0,1772.55,508150
2021-11-22 09:15:00+05:30,1784.0,1784.0,1766.05,1771.6,566590
2021-11-22 09:45:00+05:30,1772.05,1772.9,1764.65,1765.15,198191
2021-11-22 10:15:00+05:30,1765.35,1771.85,1761.6,1769.8,208887
2021-11-22 10:45:00+05:30,1770.45,1777.95,1770.0,1776.55,226545
2021-11-22 11:15:00+05:30,1776.55,1785.35,1774.95,1775.4,391208
2021-11-22 11:45:00+05:30,1775.3,1776.95,1767.0,1771.35,401314
2021-11-22 12:15:00+05:30,1771.35,1774.0,1765.05,1767.55,390153
2021-11-22 12:45:00+05:30,1767.55,1774.7,1766.1,1769.15,283546
2021-11-22 13:15:00+05:30,1769.1,1772.4,1763.2,1764.05,271352
2021-11-22 13:45:00+05:30,1764.7,1766.65,1760.0,1765.85,233756
2021-11-22 14:15:00+05:30,1765.95,1767.7,1755.7,1756.35,2461180
2021-11-22 14:45:00+05:30,1756.35,1763.0,1751.25,1754.15,548254
2021-11-22 15:15:00+05:30,1754.3,1763.15,1754.0,1761.3,405895
2021-11-23 09:15:00+05:30,1735.1,1739.0,1710.05,1726.0,1182762
2021-11-23 09:45:00+05:30,1725.75,1726.95,1715.0,1715.65,717440
2021-11-23 10:15:00+05:30,1715.6,1725.6,1715.0,1723.4,654024
2021-11-23 10:45:00+05:30,1723.45,1736.85,1723.05,1735.5,432155
2021-11-23 11:15:00+05:30,1735.05,1738.5,1728.0,1737.85,331260
2021-11-23 11:45:00+05:30,1737.8,1744.35,1734.0,1741.8,367139
2021-11-23 12:15:00+05:30,1741.8,1743.25,1735.5,1738.5,299894
2021-11-23 12:45:00+05:30,1738.5,1744.9,1736.55,1737.75,256789
2021-11-23 13:15:00+05:30,1737.7,1747.25,1736.25,1743.8,534424
2021-11-23 13:45:00+05:30,1743.8,1745.85,1736.75,1739.65,446991
2021-11-23 14:15:00+05:30,1739.15,1741.25,1737.05,1738.95,396158
2021-11-23 14:45:00+05:30,1738.95,1743.75,1735.55,1736.1,2249446
2021-11-23 15:15:00+05:30,1735.55,1736.1,1720.6,1728.8,506581
2021-11-24 09:15:00+05:30,1740.0,1740.4,1717.3,1718.8,752875
2021-11-24 09:45:00+05:30,1718.5,1719.55,1711.25,1714.85,744979
2021-11-24 10:15:00+05:30,1714.9,1720.25,1714.25,1719.05,587260
2021-11-24 10:45:00+05:30,1719.3,1721.5,1716.8,1721.1,519808
2021-11-24 11:15:00+05:30,1721.0,1725.75,1720.05,1721.0,400489
2021-11-24 11:45:00+05:30,1720.45,1722.5,1713.4,1714.05,708142
2021-11-24 12:15:00+05:30,1713.65,1717.7,1711.55,1711.6,389491
2021-11-24 12:45:00+05:30,1711.6,1714.4,1711.55,1714.4,176082
2021-11-24 13:15:00+05:30,1714.4,1717.0,1712.7,1713.0,461902
2021-11-24 13:45:00+05:30,1713.05,1714.3,1703.05,1703.2,762263
2021-11-24 14:15:00+05:30,1703.3,1707.75,1701.0,1705.65,552087
2021-11-24 14:45:00+05:30,1705.65,1707.7,1696.1,1696.5,668946
2021-11-24 15:15:00+05:30,1696.5,1697.15,1689.0,1690.0,585036
2021-11-25 09:15:00+05:30,1700.0,1714.0,1698.45,1711.55,672149
2021-11-25 09:45:00+05:30,1711.0,1711.45,1700.0,1706.1,245224
2021-11-25 10:15:00+05:30,1706.1,1710.5,1706.0,1708.8,197533
2021-11-25 10:45:00+05:30,1708.8,1712.45,1704.2,1709.5,310170
2021-11-25 11:15:00+05:30,1709.5,1720.75,1709.25,1714.5,463083
2021-11-25 11:45:00+05:30,1714.05,1723.95,1711.0,1722.8,800181
2021-11-25 12:15:00+05:30,1722.65,1723.95,1717.5,1720.65,390980
2021-11-25 12:45:00+05:30,1721.0,1721.3,1712.1,1718.1,198893
2021-11-25 13:15:00+05:30,1718.3,1720.1,1715.0,1717.4,119977
2021-11-25 13:45:00+05:30,1717.5,1721.0,1715.0,1717.9,220030
2021-11-25 14:15:00+05:30,1717.9,1722.95,1716.5,1721.6,208196
2021-11-25 14:45:00+05:30,1722.7,1726.05,1718.85,1722.5,370149
2021-11-25 15:15:00+05:30,1722.8,1724.2,1720.5,1722.5,233342
2021-11-26 09:15:00+05:30,1702.55,1718.3,1702.0,1715.6,463583
2021-11-26 09:45:00+05:30,1715.35,1718.0,1708.75,1709.3,254223
2021-11-26 10:15:00+05:30,1709.65,1711.85,1700.0,1703.1,567773
2021-11-26 10:45:00+05:30,1703.1,1707.95,1694.8,1705.0,278141
2021-11-26 11:15:00+05:30,1705.0,1706.2,1702.0,1703.35,167842
2021-11-26 11:45:00+05:30,1703.35,1705.0,1697.1,1698.7,172708
2021-11-26 12:15:00+05:30,1698.7,1709.2,1698.55,1708.05,194949
2021-11-26 12:45:00+05:30,1708.25,1713.15,1703.05,1704.35,284292
2021-11-26 13:15:00+05:30,1704.6,1705.0,1698.0,1702.6,454203
2021-11-26 13:45:00+05:30,1702.25,1703.0,1697.75,1700.05,255410
2021-11-26 14:15:00+05:30,1700.1,1702.8,1695.3,1698.65,291565
2021-11-26 14:45:00+05:30,1698.3,1700.85,1690.05,1691.4,600531
2021-11-26 15:15:00+05:30,1691.2,1691.8,1684.15,1689.95,486110
2021-11-29 09:15:00+05:30,1691.0,1698.0,1669.25,1697.6,1060165
2021-11-29 09:45:00+05:30,1697.9,1703.9,1685.3,1703.8,344113
2021-11-29 10:15:00+05:30,1704.5,1706.0,1692.0,1700.0,377810
2021-11-29 10:45:00+05:30,1700.05,1707.35,1697.5,1703.8,261791
2021-11-29 11:15:00+05:30,1703.8,1712.0,1703.5,1710.05,185315
2021-11-29 11:45:00+05:30,1710.05,1710.7,1704.0,1705.0,200815
2021-11-29 12:15:00+05:30,1705.0,1707.7,1700.0,1700.0,144386
2021-11-29 12:45:00+05:30,1700.2,1703.85,1694.05,1700.1,195486
2021-11-29 13:15:00+05:30,1700.1,1705.65,1699.1,1702.55,131814
2021-11-29 13:45:00+05:30,1702.55,1704.8,1699.0,1700.9,147218
2021-11-29 14:15:00+05:30,1700.9,1700.9,1690.7,1698.1,225857
2021-11-29 14:45:00+05:30,1697.8,1699.0,1692.0,1696.55,373779
2021-11-29 15:15:00+05:30,1697.3,1700.8,1694.25,1696.2,263510
2021-11-30 09:15:00+05:30,1704.55,1726.85,1704.55,1720.55,814197
2021-11-30 09:45:00+05:30,1720.75,1724.0,1714.25,1715.9,405801
2021-11-30 10:15:00+05:30,1715.9,1724.3,1711.75,1719.0,479503
2021-11-30 10:45:00+05:30,1719.0,1722.35,1708.15,1708.55,380481
2021-11-30 11:15:00+05:30,1708.8,1709.15,1701.0,1706.7,346807
2021-11-30 11:45:00+05:30,1706.9,1714.15,1705.2,1706.5,262594
2021-11-30 12:15:00+05:30,1706.35,1707.65,1700.05,1703.8,253354
2021-11-30 12:45:00+05:30,1703.8,1710.0,1703.0,1705.8,236875
2021-11-30 13:15:00+05:30,1705.8,1711.3,1704.3,1709.65,296581
2021-11-30 13:45:00+05:30,1709.15,1723.5,1707.6,1722.85,582281
2021-11-30 14:15:00+05:30,1722.75,1729.9,1718.35,1721.45,762366
2021-11-30 14:45:00+05:30,1721.15,1724.0,1703.05,1709.6,5314310
2021-11-30 15:15:00+05:30,1709.6,1729.2,1706.25,1717.0,4655008
2021-12-01 09:15:00+05:30,1715.0,1731.75,1715.0,1731.0,736674
2021-12-01 09:45:00+05:30,1731.1,1741.9,1728.2,1729.85,593621
2021-12-01 10:15:00+05:30,1729.9,1733.45,1725.15,1728.55,447850
2021-12-01 10:45:00+05:30,1729.0,1732.8,1724.25,1731.45,242999
2021-12-01 11:15:00+05:30,1731.65,1739.85,1729.8,1739.6,314816
2021-12-01 11:45:00+05:30,1739.6,1739.7,1733.6,1735.4,374252
2021-12-01 12:15:00+05:30,1735.4,1736.4,1727.0,1728.95,308892
2021-12-01 12:45:00+05:30,1729.0,1729.3,1725.0,1725.6,224724
2021-12-01 13:15:00+05:30,1726.1,1727.95,1722.6,1723.45,256837
2021-12-01 13:45:00+05:30,1723.5,1726.5,1715.5,1716.65,282492
2021-12-01 14:15:00+05:30,1716.65,1724.1,1713.0,1720.8,384369
2021-12-01 14:45:00+05:30,1720.8,1723.75,1713.55,1713.8,563732
2021-12-01 15:15:00+05:30,1714.45,1718.0,1713.15,1717.9,445317
2021-12-02 09:15:00+05:30,1715.0,1727.9,1712.0,1722.95,550763
2021-12-02 09:45:00+05:30,1722.7,1727.0,1720.75,1726.7,227726
2021-12-02 10:15:00+05:30,1726.7,1727.0,1721.9,1724.25,271395
2021-12-02 10:45:00+05:30,1724.25,1731.3,1724.2,1731.15,233478
2021-12-02 11:15:00+05:30,1731.15,1736.65,1730.0,1732.25,253388
2021-12-02 11:45:00+05:30,1732.3,1734.8,1728.4,1729.55,270456
2021-12-02 12:15:00+05:30,1729.55,1738.5,1729.45,1737.55,304109
2021-12-02 12:45:00+05:30,1737.55,1745.5,1734.5,1742.55,1095604
2021-12-02 13:15:00+05:30,1742.5,1742.5,1737.05,1737.45,194290
2021-12-02 13:45:00+05:30,1737.65,1741.85,1737.4,1739.75,202574
2021-12-02 14:15:00+05:30,1739.75,1747.35,1738.75,1743.65,406664
2021-12-02 14:45:00+05:30,1743.65,1750.45,1740.0,1749.75,907834
2021-12-02 15:15:00+05:30,1749.85,1750.0,1746.1,1747.0,620247
2021-12-03 09:15:00+05:30,1771.1,1786.45,1765.0,1768.2,1565340
2021-12-03 09:45:00+05:30,1768.1,1774.5,1760.05,1764.75,552225
2021-12-03 10:15:00+05:30,1764.85,1764.85,1758.25,1759.65,391271
2021-12-03 10:45:00+05:30,1759.65,1759.9,1752.8,1759.35,426549
2021-12-03 11:15:00+05:30,1759.65,1764.85,1755.6,1762.0,328927
2021-12-03 11:45:00+05:30,1761.95,1764.9,1760.0,1764.8,329189
2021-12-03 12:15:00+05:30,1764.8,1765.9,1761.55,1762.6,301740
2021-12-03 12:45:00+05:30,1762.45,1764.0,1755.0,1755.65,335848
2021-12-03 13:15:00+05:30,1755.75,1757.9,1754.6,1754.85,257411
2021-12-03 13:45:00+05:30,1754.9,1757.7,1747.35,1747.35,321849
2021-12-03 14:15:00+05:30,1747.4,1751.6,1741.1,1742.8,389712
2021-12-03 14:45:00+05:30,1742.8,1746.35,1732.95,1736.05,842559
2021-12-03 15:15:00+05:30,1736.4,1739.7,1732.55,1738.4,600081
2021-12-06 09:15:00+05:30,1730.0,1733.5,1711.35,1714.6,653627
2021-12-06 09:45:00+05:30,1714.6,1717.35,1708.65,1713.7,285498
2021-12-06 10:15:00+05:30,1713.7,1713.7,1706.05,1709.95,198363
2021-12-06 10:45:00+05:30,1709.95,1712.0,1705.15,1708.85,219885
2021-12-06 11:15:00+05:30,1708.85,1708.95,1702.0,1703.85,213089
2021-12-06 11:45:00+05:30,1703.35,1704.0,1698.3,1698.95,249341
2021-12-06 12:15:00+05:30,1698.9,1702.35,1698.55,1702.0,181621
2021-12-06 12:45:00+05:30,1702.0,1705.05,1700.4,1702.75,205514
2021-12-06 13:15:00+05:30,1702.75,1707.0,1701.8,1702.95,215986
2021-12-06 13:45:00+05:30,1702.95,1704.2,1699.9,1700.1,212791
2021-12-06 14:15:00+05:30,1700.1,1705.0,1700.0,1701.25,244248
2021-12-06 14:45:00+05:30,1701.3,1702.15,1695.0,1696.35,581067
2021-12-06 15:15:00+05:30,1697.1,1697.5,1691.8,1695.0,503968
2021-12-07 09:15:00+05:30,1701.1,1712.0,1694.8,1708.85,625718
2021-12-07 09:45:00+05:30,1708.85,1710.95,1702.0,1707.3,256790
2021-12-07 10:15:00+05:30,1707.0,1713.7,1704.0,1712.1,193755
2021-12-07 10:45:00+05:30,1712.1,1717.0,1712.0,1716.05,208864
2021-12-07 11:15:00+05:30,1716.45,1716.45,1709.5,1710.85,195271
2021-12-07 11:45:00+05:30,1710.8,1714.0,1706.25,1712.4,172787
2021-12-07 12:15:00+05:30,1712.4,1714.65,1709.7,1711.85,164215
2021-12-07 12:45:00+05:30,1711.85,1712.05,1706.65,1710.6,162739
2021-12-07 13:15:00+05:30,1710.6,1716.9,1709.8,1716.9,219758
2021-12-07 13:45:00+05:30,1716.9,1721.5,1715.2,1721.35,247219
2021-12-07 14:15:00+05:30,1721.3,1724.9,1718.8,1719.15,245594
2021-12-07 14:45:00+05:30,1719.55,1720.25,1709.0,1711.15,868323
2021-12-07 15:15:00+05:30,1711.4,1713.0,1708.5,1711.45,618819
2021-12-08 09:15:00+05:30,1733.0,1757.5,1732.6,1757.2,771582
2021-12-08 09:45:00+05:30,1757.1,1759.7,1748.3,1748.5,345167
2021-12-08 10:15:00+05:30,1748.5,1750.75,1744.55,1746.8,184135
2021-12-08 10:45:00+05:30,1746.8,1750.0,1745.25,1746.5,99685
2021-12-08 11:15:00+05:30,1746.5,1748.6,1743.25,1743.25,131853
2021-12-08 11:45:00+05:30,1743.25,1749.95,1742.8,1749.15,121735
2021-12-08 12:15:00+05:30,1749.2,1749.75,1746.25,1747.15,58461
2021-12-08 12:45:00+05:30,1747.15,1749.0,1745.0,1748.45,86436
2021-12-08 13:15:00+05:30,1748.45,1751.0,1746.85,1748.15,146132
2021-12-08 13:45:00+05:30,1748.15,1749.0,1744.0,1745.95,116173
2021-12-08 14:15:00+05:30,1746.0,1751.0,1744.5,1749.65,129066
2021-12-08 14:45:00+05:30,1749.25,1754.95,1748.2,1754.2,434978
2021-12-08 15:15:00+05:30,1754.4,1755.0,1750.6,1752.4,359029
2021-12-09 09:15:00+05:30,1759.0,1769.25,1755.1,1758.3,404537
2021-12-09 09:45:00+05:30,1758.3,1758.3,1746.75,1748.95,156021
2021-12-09 10:15:00+05:30,1749.0,1749.0,1742.0,1747.55,134097
2021-12-09 10:45:00+05:30,1747.8,1750.0,1744.8,1749.9,67889
2021-12-09 11:15:00+05:30,1749.9,1752.75,1746.0,1747.3,63931
2021-12-09 11:45:00+05:30,1747.45,1752.75,1744.0,1752.05,106287
2021-12-09 12:15:00+05:30,1752.1,1758.85,1752.05,1756.35,110549
2021-12-09 12:45:00+05:30,1756.35,1758.7,1754.0,1757.0,76338
2021-12-09 13:15:00+05:30,1756.95,1758.0,1753.25,1754.45,83719
2021-12-09 13:45:00+05:30,1754.45,1756.3,1753.0,1754.25,76504
2021-12-09 14:15:00+05:30,1754.0,1755.1,1750.05,1750.8,96467
2021-12-09 14:45:00+05:30,1750.75,1764.9,1749.0,1764.2,410435
2021-12-09 15:15:00+05:30,1764.15,1765.0,1758.05,1760.0,281094
2021-12-10 09:15:00+05:30,1760.0,1763.6,1753.0,1753.2,277769
2021-12-10 09:45:00+05:30,1753.2,1757.0,1749.2,1749.5,189198
2021-12-10 10:15:00+05:30,1749.5,1756.5,1749.35,1754.7,108271
2021-12-10 10:45:00+05:30,1754.7,1755.8,1751.25,1753.75,68952
2021-12-10 11:15:00+05:30,1753.75,1756.0,1752.25,1754.9,146233
2021-12-10 11:45:00+05:30,1755.0,1755.6,1750.2,1752.85,113485
2021-12-10 12:15:00+05:30,1753.0,1754.05,1749.5,1750.0,107727
2021-12-10 12:45:00+05:30,1750.0,1752.95,1749.15,1749.7,66439
2021-12-10 13:15:00+05:30,1750.0,1751.0,1746.0,1749.85,101731
2021-12-10 13:45:00+05:30,1749.85,1752.0,1748.35,1750.5,126484
2021-12-10 14:15:00+05:30,1750.5,1755.9,1749.4,1754.15,148741
2021-12-10 14:45:00+05:30,1754.3,1761.0,1752.75,1760.95,194811
2021-12-10 15:15:00+05:30,1760.95,1762.95,1755.1,1757.05,160080
2021-12-13 09:15:00+05:30,1767.05,1771.15,1759.05,1764.65,288805
2021-12-13 09:45:00+05:30,1764.55,1767.75,1759.5,1760.35,311187
2021-12-13 10:15:00+05:30,1760.35,1768.0,1757.35,1766.05,319860
2021-12-13 10:45:00+05:30,1766.0,1766.65,1759.85,1761.0,147076
2021-12-13 11:15:00+05:30,1761.0,1763.9,1758.05,1761.7,197416
2021-12-13 11:45:00+05:30,1761.7,1761.95,1754.1,1755.95,229649
2021-12-13 12:15:00+05:30,1755.45,1757.65,1744.3,1746.6,261583
2021-12-13 12:45:00+05:30,1746.65,1749.0,1740.5,1744.5,239443
2021-12-13 13:15:00+05:30,1745.0,1748.95,1739.3,1744.8,258224
2021-12-13 13:45:00+05:30,1744.8,1746.0,1739.45,1741.25,229066
2021-12-13 14:15:00+05:30,1740.95,1746.95,1740.1,1745.75,276094
2021-12-13 14:45:00+05:30,1746.2,1748.0,1738.8,1746.15,657666
2021-12-13 15:15:00+05:30,1746.7,1748.3,1743.05,1747.0,619405
2021-12-14 09:15:00+05:30,1730.9,1739.0,1713.3,1737.95,702614
2021-12-14 09:45:00+05:30,1738.45,1747.25,1735.8,1740.8,281772
2021-12-14 10:15:00+05:30,1740.8,1744.5,1739.8,1742.5,145938
2021-12-14 10:45:00+05:30,1742.3,1743.0,1737.65,1742.3,163957
2021-12-14 11:15:00+05:30,1742.55,1752.2,1742.25,1746.25,245094
2021-12-14 11:45:00+05:30,1746.25,1752.5,1745.0,1752.05,227252
2021-12-14 12:15:00+05:30,1751.55,1753.5,1746.0,1750.75,203350
2021-12-14 12:45:00+05:30,1751.25,1756.55,1747.6,1755.0,440057
2021-12-14 13:15:00+05:30,1755.25,1760.0,1752.1,1755.9,296669
2021-12-14 13:45:00+05:30,1755.85,1756.0,1748.4,1751.75,352566
2021-12-14 14:15:00+05:30,1751.95,1753.0,1749.05,1752.2,332872
2021-12-14 14:45:00+05:30,1751.95,1759.25,1749.2,1750.95,806351
2021-12-14 15:15:00+05:30,1750.95,1752.9,1743.35,1744.0,536237
2021-12-15 09:15:00+05:30,1745.0,1747.05,1726.0,1730.85,331973
2021-12-15 09:45:00+05:30,1730.0,1734.75,1726.05,1728.7,164965
2021-12-15 10:15:00+05:30,1728.85,1728.85,1723.3,1723.8,196652
2021-12-15 10:45:00+05:30,1723.8,1727.95,1721.3,1726.05,129901
2021-12-15 11:15:00+05:30,1725.35,1733.35,1725.0,1730.1,111745
2021-12-15 11:45:00+05:30,1730.1,1731.0,1727.25,1729.8,90286
2021-12-15 12:15:00+05:30,1729.8,1733.0,1728.0,1729.6,315265
2021-12-15 12:45:00+05:30,1729.6,1732.5,1727.0,1731.95,208909
2021-12-15 13:15:00+05:30,1732.0,1734.45,1730.0,1734.35,118516
2021-12-15 13:45:00+05:30,1734.2,1737.0,1733.0,1734.5,195825
2021-12-15 14:15:00+05:30,1734.9,1741.35,1734.25,1740.15,280371
2021-12-15 14:45:00+05:30,1740.25,1740.45,1730.7,1731.25,521355
2021-12-15 15:15:00+05:30,1731.35,1735.1,1730.95,1734.9,374702
2021-12-16 09:15:00+05:30,1762.65,1774.9,1758.1,1766.85,943374
2021-12-16 09:45:00+05:30,1766.65,1770.95,1762.35,1769.5,302675
2021-12-16 10:15:00+05:30,1769.65,1774.0,1765.45,1767.0,245173
2021-12-16 10:45:00+05:30,1767.2,1768.3,1764.0,1766.35,116073
2021-12-16 11:15:00+05:30,1766.6,1768.0,1762.75,1765.95,134478
2021-12-16 11:45:00+05:30,1765.95,1775.0,1765.35,1768.5,391739
2021-12-16 12:15:00+05:30,1768.6,1770.25,1764.1,1766.35,396793
2021-12-16 12:45:00+05:30,1766.0,1772.0,1764.6,1766.75,255522
2021-12-16 13:15:00+05:30,1766.75,1769.0,1763.45,1767.65,152414
2021-12-16 13:45:00+05:30,1767.7,1771.8,1763.7,1764.95,265358
2021-12-16 14:15:00+05:30,1764.5,1767.2,1764.0,1765.05,250122
2021-12-16 14:45:00+05:30,1765.4,1770.0,1763.7,1769.45,531901
2021-12-16 15:15:00+05:30,1769.4,1777.6,1769.0,1776.1,469490
2021-12-17 09:15:00+05:30,1820.0,1823.0,1807.05,1820.1,4004803
2021-12-17 09:45:00+05:30,1819.95,1829.7,1819.05,1828.75,1461200
2021-12-17 10:15:00+05:30,1828.95,1833.0,1824.7,1827.75,937137
2021-12-17 10:45:00+05:30,1828.3,1829.0,1819.0,1826.9,997781
2021-12-17 11:15:00+05:30,1826.4,1828.6,1821.8,1826.6,513618
2021-12-17 11:45:00+05:30,1826.85,1827.0,1822.1,1823.0,438840
2021-12-17 12:15:00+05:30,1822.75,1826.35,1818.9,1825.45,486695
2021-12-17 12:45:00+05:30,1825.45,1831.6,1825.2,1827.55,449286
2021-12-17 13:15:00+05:30,1827.75,1830.7,1826.45,1828.25,318889
2021-12-17 13:45:00+05:30,1828.25,1842.0,1827.3,1837.25,933925
2021-12-17 14:15:00+05:30,1837.25,1838.35,1832.9,1833.9,630440
2021-12-17 14:45:00+05:30,1833.9,1834.55,1817.2,1817.65,4326873
2021-12-17 15:15:00+05:30,1817.7,1824.9,1817.1,1823.0,3146741
2021-12-20 09:15:00+05:30,1801.7,1829.4,1800.05,1809.3,1625173
2021-12-20 09:45:00+05:30,1808.5,1817.95,1806.1,1808.2,496603
2021-12-20 10:15:00+05:30,1808.65,1817.8,1807.75,1815.0,336516
2021-12-20 10:45:00+05:30,1814.7,1815.8,1807.0,1808.5,198090
2021-12-20 11:15:00+05:30,1808.55,1809.8,1801.5,1802.6,240663
2021-12-20 11:45:00+05:30,1802.55,1803.5,1794.85,1801.0,331393
2021-12-20 12:15:00+05:30,1801.0,1802.7,1791.0,1796.0,268151
2021-12-20 12:45:00+05:30,1796.0,1798.0,1787.45,1795.5,303066
2021-12-20 13:15:00+05:30,1795.5,1801.0,1793.35,1799.45,253513
2021-12-20 13:45:00+05:30,1799.7,1806.3,1792.0,1796.0,366301
2021-12-20 14:15:00+05:30,1796.15,1803.55,1794.2,1795.85,348966
2021-12-20 14:45:00+05:30,1795.9,1802.0,1794.0,1799.75,522297
2021-12-20 15:15:00+05:30,1800.0,1801.75,1796.6,1801.0,412838
2021-12-21 09:15:00+05:30,1801.0,1822.55,1801.0,1821.2,554930
2021-12-21 09:45:00+05:30,1821.15,1828.0,1818.2,1819.0,383027
2021-12-21 10:15:00+05:30,1818.55,1829.65,1818.55,1828.9,675155
2021-12-21 10:45:00+05:30,1828.95,1831.0,1826.0,1830.0,256215
2021-12-21 11:15:00+05:30,1830.0,1831.0,1826.4,1828.55,210805
2021-12-21 11:45:00+05:30,1828.55,1834.4,1828.55,1833.25,533214
2021-12-21 12:15:00+05:30,1833.25,1838.0,1830.1,1837.45,218665
2021-12-21 12:45:00+05:30,1837.45,1838.0,1831.75,1834.0,190748
2021-12-21 13:15:00+05:30,1833.95,1835.95,1826.75,1829.0,211479
2021-12-21 13:45:00+05:30,1829.0,1831.85,1820.0,1822.0,245853
2021-12-21 14:15:00+05:30,1822.15,1824.0,1810.6,1818.7,385672
2021-12-21 14:45:00+05:30,1819.0,1824.0,1807.75,1811.2,930327
2021-12-21 15:15:00+05:30,1811.2,1816.0,1810.35,1814.7,518322
2021-12-22 09:15:00+05:30,1825.0,1825.0,1812.35,1814.45,561576
2021-12-22 09:45:00+05:30,1814.35,1822.0,1813.5,1818.2,233463
2021-12-22 10:15:00+05:30,1818.0,1819.9,1813.05,1816.1,235354
2021-12-22 10:45:00+05:30,1815.5,1823.05,1814.5,1820.7,170160
2021-12-22 11:15:00+05:30,1820.45,1822.5,1817.95,1820.1,477215
2021-12-22 11:45:00+05:30,1820.0,1821.0,1818.05,1818.05,193371
2021-12-22 12:15:00+05:30,1818.1,1823.55,1817.1,1822.75,257042
2021-12-22 12:45:00+05:30,1822.75,1826.5,1820.25,1820.8,426600
2021-12-22 13:15:00+05:30,1820.9,1823.75,1818.7,1821.7,291401
2021-12-22 13:45:00+05:30,1821.7,1821.95,1816.5,1818.1,229549
2021-12-22 14:15:00+05:30,1818.1,1818.85,1816.1,1816.5,276160
2021-12-22 14:45:00+05:30,1816.55,1826.05,1816.5,1824.4,493878
2021-12-22 15:15:00+05:30,1824.45,1826.3,1822.6,1825.0,295849
2021-12-23 09:15:00+05:30,1831.25,1858.4,1827.0,1854.45,629769
2021-12-23 09:45:00+05:30,1854.5,1859.95,1850.0,1851.45,416295
2021-12-23 10:15:00+05:30,1851.5,1851.55,1843.0,1846.1,365665
2021-12-23 10:45:00+05:30,1846.1,1848.0,1840.95,1841.7,214501
2021-12-23 11:15:00+05:30,1841.8,1844.0,1838.55,1839.6,199836
2021-12-23 11:45:00+05:30,1839.75,1848.0,1839.05,1847.15,175706
2021-12-23 12:15:00+05:30,1847.15,1851.1,1846.25,1847.85,147003
2021-12-23 12:45:00+05:30,1847.8,1852.0,1845.45,1852.0,129040
2021-12-23 13:15:00+05:30,1851.75,1854.25,1845.5,1846.7,204499
2021-12-23 13:45:00+05:30,1846.65,1849.8,1843.9,1845.05,150158
2021-12-23 14:15:00+05:30,1845.15,1850.0,1843.25,1848.0,181830
2021-12-23 14:45:00+05:30,1848.45,1859.8,1847.2,1859.05,723062
2021-12-23 15:15:00+05:30,1859.35,1861.6,1854.7,1856.15,559150
2021-12-24 09:15:00+05:30,1872.95,1872.95,1860.0,1863.95,1280799
2021-12-24 09:45:00+05:30,1863.0,1868.5,1857.6,1864.0,213913
2021-12-24 10:15:00+05:30,1864.0,1869.0,1862.2,1866.3,165558
2021-12-24 10:45:00+05:30,1866.3,1867.0,1861.3,1866.2,225848
2021-12-24 11:15:00+05:30,1866.45,1866.7,1856.0,1859.85,273825
2021-12-24 11:45:00+05:30,1859.85,1866.0,1858.25,1860.65,175584
2021-12-24 12:15:00+05:30,1861.5,1863.75,1857.35,1859.2,168723
2021-12-24 12:45:00+05:30,1859.15,1860.5,1854.05,1856.0,192031
2021-12-24 13:15:00+05:30,1856.0,1862.0,1855.0,1861.95,151397
2021-12-24 13:45:00+05:30,1861.9,1864.15,1859.0,1863.95,170363
2021-12-24 14:15:00+05:30,1863.5,1866.65,1860.4,1865.0,215534
2021-12-24 14:45:00+05:30,1864.95,1866.9,1860.0,1862.7,337143
2021-12-24 15:15:00+05:30,1862.9,1865.85,1861.55,1863.35,190566
2021-12-27 09:15:00+05:30,1860.0,1861.05,1845.1,1853.85,296628
2021-12-27 09:45:00+05:30,1853.85,1857.65,1851.5,1853.15,122760
2021-12-27 10:15:00+05:30,1853.45,1873.95,1852.25,1871.65,385755
2021-12-27 10:45:00+05:30,1872.1,1874.45,1859.75,1865.9,294786
2021-12-27 11:15:00+05:30,1866.2,1866.3,1863.05,1865.15,84545
2021-12-27 11:45:00+05:30,1865.0,1870.0,1864.0,1865.0,155014
2021-12-27 12:15:00+05:30,1865.4,1870.0,1865.0,1869.4,170393
2021-12-27 12:45:00+05:30,1868.65,1869.7,1861.1,1865.25,171280
2021-12-27 13:15:00+05:30,1865.25,1869.3,1863.3,1868.75,103114
2021-12-27 13:45:00+05:30,1868.85,1869.35,1864.0,1866.0,197687
2021-12-27 14:15:00+05:30,1866.0,1867.7,1863.4,1866.65,187606
2021-12-27 14:45:00+05:30,1866.65,1869.1,1864.0,1866.15,280290
2021-12-27 15:15:00+05:30,1866.1,1870.0,1864.1,1869.4,190742
2021-12-28 09:15:00+05:30,1880.7,1890.0,1880.7,1883.6,455939
2021-12-28 09:45:00+05:30,1883.8,1884.25,1878.4,1881.55,214121
2021-12-28 10:15:00+05:30,1881.6,1885.8,1881.5,1885.75,133283
2021-12-28 10:45:00+05:30,1885.7,1889.15,1884.7,1888.9,172129
2021-12-28 11:15:00+05:30,1888.9,1894.7,1888.4,1892.8,228916
2021-12-28 11:45:00+05:30,1892.8,1895.8,1892.0,1894.0,203711
2021-12-28 12:15:00+05:30,1893.85,1895.2,1891.0,1894.15,119452
2021-12-28 12:45:00+05:30,1894.1,1894.15,1885.5,1886.0,261309
2021-12-28 13:15:00+05:30,1885.5,1887.25,1884.55,1885.8,234250
2021-12-28 13:45:00+05:30,1885.8,1892.75,1885.0,1887.5,248133
2021-12-28 14:15:00+05:30,1887.55,1889.45,1881.3,1883.35,260421
2021-12-28 14:45:00+05:30,1883.2,1892.35,1879.0,1889.75,505366
2021-12-28 15:15:00+05:30,1889.75,1889.75,1884.95,1885.2,271092
2021-12-29 09:15:00+05:30,1883.5,1891.2,1876.4,1889.2,289193
2021-12-29 09:45:00+05:30,1889.8,1891.0,1887.1,1889.0,179286
2021-12-29 10:15:00+05:30,1888.8,1893.8,1887.0,1889.95,131514
2021-12-29 10:45:00+05:30,1890.0,1890.5,1885.0,1885.75,131284
2021-12-29 11:15:00+05:30,1886.35,1888.0,1884.1,1884.8,148529
2021-12-29 11:45:00+05:30,1885.2,1886.85,1884.35,1885.0,98082
2021-12-29 12:15:00+05:30,1884.95,1886.65,1882.2,1886.65,85208
2021-12-29 12:45:00+05:30,1886.6,1890.0,1884.05,1885.95,110227
2021-12-29 13:15:00+05:30,1885.95,1889.0,1885.0,1887.05,74705
2021-12-29 13:45:00+05:30,1887.15,1889.9,1885.0,1888.35,160946
2021-12-29 14:15:00+05:30,1888.15,1888.55,1882.45,1887.3,322380
2021-12-29 14:45:00+05:30,1887.3,1889.35,1884.15,1885.1,989004
2021-12-29 15:15:00+05:30,1885.0,1886.6,1883.2,1883.25,507211
2021-12-30 09:15:00+05:30,1884.5,1896.25,1874.6,1896.25,334297
2021-12-30 09:45:00+05:30,1896.65,1897.15,1891.25,1896.1,207113
2021-12-30 10:15:00+05:30,1896.1,1900.95,1895.3,1896.85,364388
2021-12-30 10:45:00+05:30,1896.95,1902.0,1896.0,1898.6,163343
2021-12-30 11:15:00+05:30,1898.6,1900.0,1892.0,1893.3,126407
2021-12-30 11:45:00+05:30,1893.3,1899.5,1893.3,1899.35,142484
2021-12-30 12:15:00+05:30,1899.4,1909.65,1898.0,1907.0,293457
2021-12-30 12:45:00+05:30,1907.0,1907.0,1898.35,1900.0,236997
2021-12-30 13:15:00+05:30,1900.0,1901.0,1893.9,1894.8,305133
2021-12-30 13:45:00+05:30,1894.8,1896.95,1892.9,1895.25,350837
2021-12-30 14:15:00+05:30,1895.25,1900.0,1895.0,1897.8,367897
2021-12-30 14:45:00+05:30,1897.9,1899.0,1889.5,1895.8,990320
2021-12-30 15:15:00+05:30,1895.85,1898.0,1890.6,1897.0,696420
2021-12-31 09:15:00+05:30,1890.0,1898.15,1885.0,1885.6,275993
2021-12-31 09:45:00+05:30,1885.15,1888.85,1882.05,1885.9,161577
2021-12-31 10:15:00+05:30,1886.0,1886.3,1877.9,1879.0,226512
2021-12-31 10:45:00+05:30,1879.0,1879.15,1871.65,1872.05,185472
2021-12-31 11:15:00+05:30,1871.95,1879.9,1871.75,1879.0,171361
2021-12-31 11:45:00+05:30,1879.0,1884.75,1878.35,1884.0,156513
2021-12-31 12:15:00+05:30,1884.5,1885.0,1882.05,1884.8,109276
2021-12-31 12:45:00+05:30,1884.8,1893.95,1884.1,1891.0,263288
2021-12-31 13:15:00+05:30,1891.0,1896.0,1889.1,1890.5,205379
2021-12-31 13:45:00+05:30,1890.1,1895.8,1890.05,1890.35,201135
2021-12-31 14:15:00+05:30,1890.35,1894.0,1890.05,1890.15,436130
2021-12-31 14:45:00+05:30,1890.15,1891.0,1885.0,1887.2,1552715
2021-12-31 15:15:00+05:30,1886.6,1894.95,1885.1,1892.55,665027
2022-01-03 09:15:00+05:30,1887.75,1913.25,1887.75,1910.15,331792
2022-01-03 09:45:00+05:30,1910.5,1911.15,1902.1,1908.25,236439
2022-01-03 10:15:00+05:30,1908.3,1914.05,1907.2,1913.2,478476
2022-01-03 10:45:00+05:30,1912.35,1912.9,1905.4,1906.95,408318
2022-01-03 11:15:00+05:30,1906.95,1908.8,1901.9,1906.1,264258
2022-01-03 11:45:00+05:30,1906.1,1906.1,1901.1,1902.1,102039
2022-01-03 12:15:00+05:30,1902.5,1907.85,1900.55,1905.15,131874
2022-01-03 12:45:00+05:30,1905.15,1907.25,1903.1,1904.4,104570
2022-01-03 13:15:00+05:30,1904.4,1905.15,1901.1,1903.05,107644
2022-01-03 13:45:00+05:30,1903.05,1905.0,1902.5,1904.85,128227
2022-01-03 14:15:00+05:30,1904.9,1905.7,1902.45,1902.95,185093
2022-01-03 14:45:00+05:30,1903.0,1904.55,1896.8,1898.1,439017
2022-01-03 15:15:00+05:30,1898.1,1900.0,1895.85,1899.0,401268
2022-01-04 09:15:00+05:30,1898.45,1900.0,1880.9,1885.25,443531
2022-01-04 09:45:00+05:30,1885.8,1886.0,1882.0,1885.7,180855
2022-01-04 10:15:00+05:30,1885.7,1888.85,1878.25,1878.45,239925
2022-01-04 10:45:00+05:30,1878.45,1884.15,1878.0,1883.0,489293
2022-01-04 11:15:00+05:30,1883.0,1883.45,1879.25,1881.0,293276
2022-01-04 11:45:00+05:30,1880.95,1882.0,1879.05,1880.1,102525
2022-01-04 12:15:00+05:30,1880.1,1891.5,1879.05,1890.0,319303
2022-01-04 12:45:00+05:30,1890.0,1892.5,1886.55,1886.75,247533
2022-01-04 13:15:00+05:30,1886.8,1888.75,1884.35,1885.3,168190
2022-01-04 13:45:00+05:30,1885.45,1889.65,1884.45,1886.8,197850
2022-01-04 14:15:00+05:30,1886.85,1890.0,1886.4,1890.0,221973
2022-01-04 14:45:00+05:30,1889.95,1897.7,1887.8,1895.8,490978
2022-01-04 15:15:00+05:30,1895.7,1906.35,1893.25,1901.0,494485
2022-01-05 09:15:00+05:30,1900.0,1900.0,1866.25,1871.1,1372826
2022-01-05 09:45:00+05:30,1870.8,1872.75,1866.35,1867.0,492328
2022-01-05 10:15:00+05:30,1867.0,1867.15,1857.25,1857.6,449975
2022-01-05 10:45:00+05:30,1857.55,1858.85,1845.0,1847.45,523155
2022-01-05 11:15:00+05:30,1847.85,1856.5,1845.0,1847.0,430447
2022-01-05 11:45:00+05:30,1847.1,1854.7,1846.35,1851.8,361585
2022-01-05 12:15:00+05:30,1851.55,1853.5,1850.0,1850.3,257768
2022-01-05 12:45:00+05:30,1850.3,1853.4,1848.9,1852.7,299499
2022-01-05 13:15:00+05:30,1852.7,1856.35,1850.75,1854.9,325678
2022-01-05 13:45:00+05:30,1855.05,1855.65,1847.0,1848.6,394372
2022-01-05 14:15:00+05:30,1848.55,1848.7,1840.1,1840.5,555633
2022-01-05 14:45:00+05:30,1840.5,1847.8,1840.05,1845.25,811676
2022-01-05 15:15:00+05:30,1845.3,1849.1,1840.1,1848.0,581739
2022-01-06 09:15:00+05:30,1828.0,1828.0,1804.55,1814.55,1091451
2022-01-06 09:45:00+05:30,1814.55,1825.25,1808.35,1819.0,513653
2022-01-06 10:15:00+05:30,1819.0,1819.0,1809.55,1810.25,432761
2022-01-06 10:45:00+05:30,1810.25,1811.8,1803.0,1804.3,358279
2022-01-06 11:15:00+05:30,1804.25,1805.95,1802.0,1803.1,294851
2022-01-06 11:45:00+05:30,1803.05,1805.25,1800.0,1800.4,315070
2022-01-06 12:15:00+05:30,1801.3,1809.9,1800.0,1809.9,344552
2022-01-06 12:45:00+05:30,1809.55,1812.65,1803.25,1805.05,388952
2022-01-06 13:15:00+05:30,1805.0,1813.0,1802.05,1809.0,368921
2022-01-06 13:45:00+05:30,1808.95,1810.0,1804.6,1809.65,354204
2022-01-06 14:15:00+05:30,1809.65,1818.0,1808.0,1817.9,599624
2022-01-06 14:45:00+05:30,1817.95,1820.0,1814.0,1818.8,800575
2022-01-06 15:15:00+05:30,1818.45,1821.25,1815.6,1820.5,513976
2022-01-07 09:15:00+05:30,1815.45,1834.8,1808.75,1832.0,913020
2022-01-07 09:45:00+05:30,1831.85,1835.9,1823.75,1826.2,557686
2022-01-07 10:15:00+05:30,1826.0,1831.65,1825.3,1827.5,196576
2022-01-07 10:45:00+05:30,1827.45,1829.95,1816.65,1820.05,317182
2022-01-07 11:15:00+05:30,1819.95,1823.1,1819.05,1820.2,178500
2022-01-07 11:45:00+05:30,1820.2,1822.0,1813.7,1814.6,230534
2022-01-07 12:15:00+05:30,1815.0,1816.65,1808.6,1808.6,188931
2022-01-07 12:45:00+05:30,1809.25,1813.85,1808.0,1811.1,147118
2022-01-07 13:15:00+05:30,1811.15,1820.65,1810.0,1817.05,181605
2022-01-07 13:45:00+05:30,1817.05,1821.0,1813.05,1813.8,159459
2022-01-07 14:15:00+05:30,1813.9,1818.95,1812.85,1816.45,227275
2022-01-07 14:45:00+05:30,1816.35,1818.0,1812.9,1813.15,753875
2022-01-07 15:15:00+05:30,1813.1,1816.6,1810.9,1816.0,731227
2022-01-10 09:15:00+05:30,1815.0,1830.9,1813.35,1830.65,932660
2022-01-10 09:45:00+05:30,1830.0,1851.25,1828.7,1850.85,795062
2022-01-10 10:15:00+05:30,1851.0,1863.95,1848.15,1848.8,1031663
2022-01-10 10:45:00+05:30,1849.55,1866.25,1849.0,1859.95,1103488
2022-01-10 11:15:00+05:30,1859.35,1865.0,1858.15,1860.45,340983
2022-01-10 11:45:00+05:30,1861.7,1869.3,1860.0,1866.35,474648
2022-01-10 12:15:00+05:30,1866.55,1869.5,1864.25,1866.1,332425
2022-01-10 12:45:00+05:30,1866.4,1869.9,1862.6,1867.05,385323
2022-01-10 13:15:00+05:30,1866.5,1868.0,1857.5,1859.65,400193
2022-01-10 13:45:00+05:30,1859.95,1861.8,1853.2,1854.65,422668
2022-01-10 14:15:00+05:30,1854.7,1855.0,1853.5,1854.95,397203
2022-01-10 14:45:00+05:30,1854.95,1858.75,1849.15,1850.95,753341
2022-01-10 15:15:00+05:30,1850.95,1853.0,1847.1,1852.1,419878
2022-01-11 09:15:00+05:30,1855.0,1864.85,1851.25,1858.1,607210
2022-01-11 09:45:00+05:30,1858.3,1866.0,1853.0,1858.85,398344
2022-01-11 10:15:00+05:30,1858.7,1863.0,1854.75,1862.9,288636
2022-01-11 10:45:00+05:30,1862.65,1865.0,1858.2,1864.7,336916
2022-01-11 11:15:00+05:30,1864.05,1868.85,1862.45,1867.45,346807
2022-01-11 11:45:00+05:30,1867.4,1870.0,1859.2,1861.9,299539
2022-01-11 12:15:00+05:30,1861.8,1863.5,1857.0,1859.45,208842
2022-01-11 12:45:00+05:30,1860.0,1861.5,1858.5,1861.0,207740
2022-01-11 13:15:00+05:30,1860.95,1865.9,1860.5,1864.9,266559
2022-01-11 13:45:00+05:30,1864.9,1864.95,1860.55,1861.75,324752
2022-01-11 14:15:00+05:30,1861.75,1863.0,1856.45,1858.2,401028
2022-01-11 14:45:00+05:30,1858.5,1860.0,1850.25,1854.9,855513
2022-01-11 15:15:00+05:30,1854.85,1861.0,1853.9,1860.9,588249
2022-01-12 09:15:00+05:30,1868.9,1874.8,1861.0,1868.1,792817
2022-01-12 09:45:00+05:30,1867.65,1869.65,1860.1,1864.85,271709
2022-01-12 10:15:00+05:30,1864.85,1871.0,1861.4,1869.85,213544
2022-01-12 10:45:00+05:30,1870.0,1879.8,1866.15,1874.5,399587
2022-01-12 11:15:00+05:30,1874.8,1889.0,1874.1,1880.35,660884
2022-01-12 11:45:00+05:30,1880.75,1884.95,1878.0,1879.85,308034
2022-01-12 12:15:00+05:30,1879.85,1880.1,1865.25,1865.25,248064
2022-01-12 12:45:00+05:30,1866.15,1872.95,1865.8,1868.55,282412
2022-01-12 13:15:00+05:30,1868.85,1874.05,1867.25,1872.2,298096
2022-01-12 13:45:00+05:30,1872.25,1876.9,1870.55,1875.15,231816
2022-01-12 14:15:00+05:30,1875.2,1877.8,1871.5,1875.2,255167
2022-01-12 14:45:00+05:30,1874.85,1885.0,1873.15,1877.2,650822
2022-01-12 15:15:00+05:30,1877.55,1877.85,1874.1,1877.0,704274
2022-01-13 09:15:00+05:30,1905.0,1912.35,1885.45,1900.1,5138543
2022-01-13 09:45:00+05:30,1900.75,1903.0,1877.6,1886.3,2188319
2022-01-13 10:15:00+05:30,1886.5,1893.0,1867.65,1878.0,1105121
2022-01-13 10:45:00+05:30,1877.35,1886.3,1874.55,1884.55,750436
2022-01-13 11:15:00+05:30,1884.7,1893.4,1883.95,1889.75,639959
2022-01-13 11:45:00+05:30,1890.0,1893.9,1889.8,1892.6,375328
2022-01-13 12:15:00+05:30,1892.5,1893.8,1887.25,1892.05,325679
2022-01-13 12:45:00+05:30,1892.05,1902.0,1890.05,1896.05,585743
2022-01-13 13:15:00+05:30,1896.1,1897.05,1888.55,1896.25,413564
2022-01-13 13:45:00+05:30,1895.9,1901.15,1895.0,1896.1,442854
2022-01-13 14:15:00+05:30,1895.3,1899.0,1890.95,1894.75,473141
2022-01-13 14:45:00+05:30,1894.75,1899.0,1892.0,1898.1,821933
2022-01-13 15:15:00+05:30,1898.1,1898.9,1895.0,1895.3,617635
2022-01-14 09:15:00+05:30,1882.0,1900.0,1881.0,1890.5,705153
2022-01-14 09:45:00+05:30,1891.0,1894.5,1885.0,1887.0,361054
2022-01-14 10:15:00+05:30,1887.05,1899.6,1886.85,1892.8,977944
2022-01-14 10:45:00+05:30,1892.3,1916.8,1891.5,1916.75,1115043
2022-01-14 11:15:00+05:30,1917.0,1918.4,1909.45,1914.3,635646
2022-01-14 11:45:00+05:30,1914.65,1925.0,1913.9,1924.5,521199
2022-01-14 12:15:00+05:30,1924.5,1931.0,1920.1,1930.75,521799
2022-01-14 12:45:00+05:30,1930.8,1933.0,1926.55,1929.6,469913
2022-01-14 13:15:00+05:30,1929.6,1930.75,1926.0,1928.0,274207
2022-01-14 13:45:00+05:30,1928.0,1928.8,1921.2,1924.35,428090
2022-01-14 14:15:00+05:30,1924.35,1932.45,1921.3,1931.25,631445
2022-01-14 14:45:00+05:30,1930.55,1932.7,1929.0,1929.0,597305
2022-01-14 15:15:00+05:30,1929.0,1930.85,1924.2,1925.0,427264
2022-01-17 09:15:00+05:30,1938.55,1947.75,1930.5,1937.0,930476
2022-01-17 09:45:00+05:30,1937.0,1942.0,1934.6,1940.35,568254
2022-01-17 10:15:00+05:30,1940.3,1943.0,1936.9,1943.0,850500
2022-01-17 10:45:00+05:30,1943.0,1953.0,1942.5,1951.85,454213
2022-01-17 11:15:00+05:30,1952.85,1953.9,1943.0,1945.0,339912
2022-01-17 11:45:00+05:30,1945.0,1947.9,1943.15,1945.5,138058
2022-01-17 12:15:00+05:30,1945.5,1946.0,1940.05,1943.0,516751
2022-01-17 12:45:00+05:30,1942.4,1943.7,1940.2,1940.3,128802
2022-01-17 13:15:00+05:30,1940.65,1941.1,1932.5,1933.2,220004
2022-01-17 13:45:00+05:30,1932.95,1940.0,1931.3,1937.3,177707
2022-01-17 14:15:00+05:30,1937.3,1944.25,1936.85,1941.05,291768
2022-01-17 14:45:00+05:30,1941.05,1941.9,1938.1,1940.05,335457
2022-01-17 15:15:00+05:30,1940.05,1940.5,1937.6,1939.05,289801
2022-01-18 09:15:00+05:30,1922.1,1945.0,1922.1,1934.4,494337
2022-01-18 09:45:00+05:30,1934.4,1935.85,1924.0,1927.65,295904
2022-01-18 10:15:00+05:30,1926.85,1929.7,1922.0,1926.8,199965
2022-01-18 10:45:00+05:30,1926.5,1927.0,1921.0,1923.55,171509
2022-01-18 11:15:00+05:30,1923.55,1925.9,1921.35,1922.5,138036
2022-01-18 11:45:00+05:30,1922.5,1922.8,1915.35,1919.9,267175
2022-01-18 12:15:00+05:30,1919.95,1923.4,1919.85,1922.35,205359
2022-01-18 12:45:00+05:30,1922.3,1929.4,1920.65,1927.75,325635
2022-01-18 13:15:00+05:30,1927.65,1928.35,1920.6,1921.5,163057
2022-01-18 13:45:00+05:30,1921.5,1922.0,1917.5,1919.55,485416
2022-01-18 14:15:00+05:30,1919.55,1920.0,1913.3,1918.15,249203
2022-01-18 14:45:00+05:30,1918.15,1927.0,1911.5,1920.8,391093
2022-01-18 15:15:00+05:30,1920.85,1922.3,1917.2,1917.2,243919
2022-01-19 09:15:00+05:30,1916.0,1916.0,1878.5,1882.05,1009668
2022-01-19 09:45:00+05:30,1882.05,1889.4,1878.55,1886.9,489536
2022-01-19 10:15:00+05:30,1886.6,1893.9,1882.1,1892.25,700171
2022-01-19 10:45:00+05:30,1892.1,1892.3,1882.4,1882.85,252920
2022-01-19 11:15:00+05:30,1883.15,1886.0,1881.25,1885.35,156509
2022-01-19 11:45:00+05:30,1885.35,1886.65,1883.75,1884.9,117012
2022-01-19 12:15:00+05:30,1884.9,1886.7,1882.0,1883.35,163074
2022-01-19 12:45:00+05:30,1882.85,1884.2,1876.9,1877.95,272827
2022-01-19 13:15:00+05:30,1877.65,1880.1,1876.9,1878.9,190841
2022-01-19 13:45:00+05:30,1878.7,1879.4,1875.55,1876.1,195870
2022-01-19 14:15:00+05:30,1876.1,1876.7,1870.1,1872.9,529305
2022-01-19 14:45:00+05:30,1872.9,1874.5,1865.15,1869.3,620127
2022-01-19 15:15:00+05:30,1869.55,1873.5,1864.3,1865.0,1004632
2022-01-20 09:15:00+05:30,1844.0,1846.5,1823.55,1840.75,861229
2022-01-20 09:45:00+05:30,1840.75,1848.0,1835.15,1837.1,410490
2022-01-20 10:15:00+05:30,1837.75,1838.6,1828.55,1834.05,299987
2022-01-20 10:45:00+05:30,1834.15,1835.0,1828.0,1830.0,182576
2022-01-20 11:15:00+05:30,1830.0,1830.35,1822.05,1824.2,310177
2022-01-20 11:45:00+05:30,1824.0,1830.05,1823.15,1828.75,239154
2022-01-20 12:15:00+05:30,1828.65,1836.4,1827.4,1829.45,251796
2022-01-20 12:45:00+05:30,1829.45,1832.4,1825.2,1826.65,300527
2022-01-20 13:15:00+05:30,1826.3,1827.65,1821.2,1821.55,453834
2022-01-20 13:45:00+05:30,1821.55,1823.75,1817.25,1820.0,565412
2022-01-20 14:15:00+05:30,1820.1,1820.3,1815.55,1817.1,352744
2022-01-20 14:45:00+05:30,1817.1,1828.6,1817.05,1824.25,725711
2022-01-20 15:15:00+05:30,1824.1,1825.5,1820.5,1825.2,515622
2022-01-21 09:15:00+05:30,1795.0,1801.4,1778.25,1793.7,2373445
2022-01-21 09:45:00+05:30,1794.2,1808.0,1791.1,1792.55,790277
2022-01-21 10:15:00+05:30,1792.55,1801.8,1787.0,1797.75,542216
2022-01-21 10:45:00+05:30,1797.6,1798.65,1790.0,1793.3,466040
2022-01-21 11:15:00+05:30,1793.9,1795.75,1786.35,1786.4,371361
2022-01-21 11:45:00+05:30,1786.3,1791.4,1784.0,1790.65,323864
2022-01-21 12:15:00+05:30,1790.55,1791.4,1784.2,1784.2,249210
2022-01-21 12:45:00+05:30,1784.2,1790.0,1783.9,1790.0,241015
2022-01-21 13:15:00+05:30,1789.7,1789.7,1776.45,1777.5,480852
2022-01-21 13:45:00+05:30,1777.5,1786.0,1777.4,1780.9,593200
2022-01-21 14:15:00+05:30,1780.85,1785.95,1778.2,1779.35,484380
2022-01-21 14:45:00+05:30,1779.35,1787.5,1776.0,1785.85,760436
2022-01-21 15:15:00+05:30,1785.85,1788.0,1785.0,1788.0,496694
2022-01-24 09:15:00+05:30,1765.0,1768.3,1739.3,1745.55,1302975
2022-01-24 09:45:00+05:30,1745.55,1751.0,1741.1,1741.4,425906
2022-01-24 10:15:00+05:30,1741.4,1751.0,1740.0,1748.9,392274
2022-01-24 10:45:00+05:30,1748.5,1752.55,1745.65,1749.7,412800
2022-01-24 11:15:00+05:30,1749.65,1753.8,1742.0,1746.3,333804
2022-01-24 11:45:00+05:30,1746.2,1748.5,1741.4,1745.35,251474
2022-01-24 12:15:00+05:30,1745.45,1749.45,1741.05,1747.05,298051
2022-01-24 12:45:00+05:30,1747.05,1750.85,1745.1,1748.1,336159
2022-01-24 13:15:00+05:30,1748.1,1750.0,1743.1,1744.0,411004
2022-01-24 13:45:00+05:30,1743.95,1747.1,1730.25,1733.0,568737
2022-01-24 14:15:00+05:30,1733.25,1748.85,1731.2,1731.45,596670
2022-01-24 14:45:00+05:30,1731.65,1749.2,1728.15,1735.55,1185147
2022-01-24 15:15:00+05:30,1735.85,1738.6,1733.05,1733.05,547661
2022-01-25 09:15:00+05:30,1726.6,1734.0,1700.6,1734.0,1846018
2022-01-25 09:45:00+05:30,1734.0,1739.65,1713.0,1719.4,1104502
2022-01-25 10:15:00+05:30,1719.4,1721.9,1713.55,1717.9,576078
2022-01-25 10:45:00+05:30,1717.8,1718.75,1712.5,1717.0,227723
2022-01-25 11:15:00+05:30,1717.0,1720.0,1713.55,1715.0,237976
2022-01-25 11:45:00+05:30,1715.0,1715.0,1705.0,1708.55,362523
2022-01-25 12:15:00+05:30,1708.55,1711.3,1706.35,1708.05,332393
2022-01-25 12:45:00+05:30,1708.05,1719.0,1702.0,1718.65,800065
2022-01-25 13:15:00+05:30,1719.0,1723.5,1716.1,1719.25,751533
2022-01-25 13:45:00+05:30,1719.65,1724.5,1719.0,1721.3,439388
2022-01-25 14:15:00+05:30,1721.35,1725.0,1718.05,1718.65,480626
2022-01-25 14:45:00+05:30,1719.05,1728.7,1718.15,1719.15,1211229
2022-01-25 15:15:00+05:30,1719.25,1725.0,1718.85,1724.0,732761
2022-01-27 09:15:00+05:30,1702.0,1704.9,1675.9,1684.85,2153438
2022-01-27 09:45:00+05:30,1684.85,1690.95,1680.05,1682.75,666376
2022-01-27 10:15:00+05:30,1682.55,1687.8,1676.0,1681.8,636428
2022-01-27 10:45:00+05:30,1681.85,1686.8,1680.1,1685.5,363512
2022-01-27 11:15:00+05:30,1685.5,1687.0,1676.05,1677.55,439685
2022-01-27 11:45:00+05:30,1677.7,1679.4,1665.85,1666.4,698278
2022-01-27 12:15:00+05:30,1666.4,1677.1,1666.2,1670.35,455886
2022-01-27 12:45:00+05:30,1670.35,1675.35,1665.05,1675.0,478491
2022-01-27 13:15:00+05:30,1674.95,1684.75,1673.7,1684.75,892580
2022-01-27 13:45:00+05:30,1684.8,1686.9,1681.1,1683.1,673931
2022-01-27 14:15:00+05:30,1683.2,1696.2,1683.05,1690.05,974361
2022-01-27 14:45:00+05:30,1690.0,1691.0,1675.45,1677.45,1600372
2022-01-27 15:15:00+05:30,1677.4,1687.55,1675.25,1687.0,1056139
2022-01-28 09:15:00+05:30,1681.0,1727.4,1680.0,1723.55,1939756
2022-01-28 09:45:00+05:30,1722.95,1724.0,1708.35,1712.7,921224
2022-01-28 10:15:00+05:30,1713.25,1713.45,1700.0,1703.4,624570
2022-01-28 10:45:00+05:30,1703.4,1709.9,1701.0,1706.7,584451
2022-01-28 11:15:00+05:30,1706.65,1717.5,1706.0,1715.1,388133
2022-01-28 11:45:00+05:30,1715.15,1718.7,1712.0,1713.55,501155
2022-01-28 12:15:00+05:30,1713.55,1715.4,1709.4,1713.0,423174
2022-01-28 12:45:00+05:30,1712.55,1713.65,1706.3,1708.85,544770
2022-01-28 13:15:00+05:30,1708.8,1710.8,1700.25,1702.1,621431
2022-01-28 13:45:00+05:30,1702.15,1703.4,1690.0,1691.05,938415
2022-01-28 14:15:00+05:30,1690.95,1695.85,1685.6,1688.55,827261
2022-01-28 14:45:00+05:30,1688.55,1690.05,1686.0,1687.95,1841652
2022-01-28 15:15:00+05:30,1688.0,1688.1,1680.65,1685.5,789316
2022-01-31 09:15:00+05:30,1718.0,1728.0,1716.75,1727.3,866847
2022-01-31 09:45:00+05:30,1727.3,1737.0,1720.0,1735.15,884360
2022-01-31 10:15:00+05:30,1735.15,1743.65,1733.0,1734.0,960894
2022-01-31 10:45:00+05:30,1733.8,1741.45,1730.25,1740.0,295869
2022-01-31 11:15:00+05:30,1740.35,1740.8,1732.0,1737.5,225935
2022-01-31 11:45:00+05:30,1737.5,1744.4,1736.65,1743.45,351494
2022-01-31 12:15:00+05:30,1743.35,1746.85,1735.05,1738.7,638061
2022-01-31 12:45:00+05:30,1738.7,1739.55,1735.35,1735.9,392026
2022-01-31 13:15:00+05:30,1735.9,1742.15,1734.2,1737.45,610076
2022-01-31 13:45:00+05:30,1737.3,1744.9,1735.2,1743.95,467899
2022-01-31 14:15:00+05:30,1743.7,1747.65,1742.5,1746.5,593567
2022-01-31 14:45:00+05:30,1746.55,1749.45,1734.55,1734.95,1457209
2022-01-31 15:15:00+05:30,1734.95,1737.9,1730.7,1737.85,1019113
2022-02-01 09:15:00+05:30,1766.1,1774.9,1758.4,1760.65,952535
2022-02-01 09:45:00+05:30,1760.65,1767.0,1760.05,1764.8,286449
2022-02-01 10:15:00+05:30,1765.1,1768.8,1760.2,1763.3,310718
2022-02-01 10:45:00+05:30,1763.3,1766.9,1760.5,1764.5,217761
2022-02-01 11:15:00+05:30,1764.5,1770.5,1762.0,1769.8,277823
2022-02-01 11:45:00+05:30,1769.3,1773.6,1767.7,1770.65,335809
2022-02-01 12:15:00+05:30,1770.65,1780.0,1768.45,1779.3,375628
2022-02-01 12:45:00+05:30,1779.1,1779.3,1738.0,1738.4,550866
2022-02-01 13:15:00+05:30,1738.4,1767.65,1736.05,1765.65,391949
2022-02-01 13:45:00+05:30,1765.65,1772.9,1764.85,1771.45,381975
2022-02-01 14:15:00+05:30,1771.45,1776.95,1769.6,1773.15,324088
2022-02-01 14:45:00+05:30,1773.7,1776.4,1768.05,1769.95,400457
2022-02-01 15:15:00+05:30,1769.75,1773.65,1769.55,1773.05,270266
2022-02-02 09:15:00+05:30,1789.0,1792.75,1773.0,1782.0,672780
2022-02-02 09:45:00+05:30,1782.0,1784.0,1774.2,1775.05,270172
2022-02-02 10:15:00+05:30,1774.9,1777.75,1772.0,1776.3,206644
2022-02-02 10:45:00+05:30,1776.85,1783.5,1775.0,1782.9,183813
2022-02-02 11:15:00+05:30,1782.85,1786.35,1782.0,1785.5,194966
2022-02-02 11:45:00+05:30,1785.0,1791.75,1784.3,1788.45,398652
2022-02-02 12:15:00+05:30,1788.8,1791.85,1786.0,1791.5,223975
2022-02-02 12:45:00+05:30,1791.75,1792.0,1785.9,1788.85,222469
2022-02-02 13:15:00+05:30,1788.85,1790.0,1786.35,1788.9,272809
2022-02-02 13:45:00+05:30,1788.9,1791.8,1786.0,1790.25,299495
2022-02-02 14:15:00+05:30,1790.35,1792.0,1788.0,1789.45,334074
2022-02-02 14:45:00+05:30,1790.0,1791.8,1782.5,1786.85,585265
2022-02-02 15:15:00+05:30,1786.7,1791.0,1785.1,1787.65,367583
2022-02-03 09:15:00+05:30,1779.0,1779.0,1762.5,1763.1,536278
2022-02-03 09:45:00+05:30,1764.0,1765.1,1760.0,1761.9,239625
2022-02-03 10:15:00+05:30,1761.9,1769.15,1760.65,1768.05,203338
2022-02-03 10:45:00+05:30,1768.05,1771.9,1764.85,1766.65,145187
2022-02-03 11:15:00+05:30,1766.65,1767.5,1762.7,1765.15,117862
2022-02-03 11:45:00+05:30,1765.15,1765.2,1760.0,1760.75,218245
2022-02-03 12:15:00+05:30,1760.65,1760.65,1755.0,1759.0,319401
2022-02-03 12:45:00+05:30,1758.95,1761.9,1756.15,1757.7,247127
2022-02-03 13:15:00+05:30,1757.8,1758.25,1746.55,1747.35,322013
2022-02-03 13:45:00+05:30,1747.35,1749.45,1744.05,1748.25,298932
2022-02-03 14:15:00+05:30,1748.8,1749.4,1744.0,1745.05,335623
2022-02-03 14:45:00+05:30,1745.05,1745.9,1737.0,1738.75,484639
2022-02-03 15:15:00+05:30,1738.75,1738.9,1734.0,1736.3,321935
2022-02-04 09:15:00+05:30,1732.0,1736.85,1710.5,1732.9,1390174
2022-02-04 09:45:00+05:30,1732.9,1739.6,1727.05,1733.7,333457
2022-02-04 10:15:00+05:30,1733.8,1736.0,1730.5,1733.9,128703
2022-02-04 10:45:00+05:30,1733.9,1740.75,1731.85,1738.7,214221
2022-02-04 11:15:00+05:30,1738.7,1747.9,1738.2,1740.2,248986
2022-02-04 11:45:00+05:30,1740.15,1744.5,1738.25,1742.0,196702
2022-02-04 12:15:00+05:30,1742.0,1746.0,1739.75,1744.3,202783
2022-02-04 12:45:00+05:30,1744.3,1745.5,1738.55,1743.05,211161
2022-02-04 13:15:00+05:30,1743.05,1749.95,1741.3,1748.7,233935
2022-02-04 13:45:00+05:30,1748.65,1753.9,1743.0,1743.95,285075
2022-02-04 14:15:00+05:30,1743.9,1747.4,1735.65,1738.0,288710
2022-02-04 14:45:00+05:30,1738.0,1745.45,1736.0,1743.8,473140
2022-02-04 15:15:00+05:30,1743.8,1743.9,1738.4,1740.0,459087
2022-02-07 09:15:00+05:30,1722.2,1732.0,1716.65,1723.9,613402
2022-02-07 09:45:00+05:30,1723.9,1726.6,1718.05,1726.4,210629
2022-02-07 10:15:00+05:30,1726.4,1726.5,1719.35,1723.1,104420
2022-02-07 10:45:00+05:30,1723.45,1724.0,1710.0,1711.0,276631
2022-02-07 11:15:00+05:30,1711.0,1714.4,1710.05,1711.75,131581
2022-02-07 11:45:00+05:30,1711.75,1711.75,1703.9,1707.55,218587
2022-02-07 12:15:00+05:30,1707.05,1719.35,1704.4,1718.6,201807
2022-02-07 12:45:00+05:30,1718.55,1719.0,1711.35,1712.3,211321
2022-02-07 13:15:00+05:30,1712.25,1715.75,1706.0,1706.7,253232
2022-02-07 13:45:00+05:30,1706.85,1706.95,1695.6,1701.8,408562
2022-02-07 14:15:00+05:30,1701.85,1709.95,1701.1,1709.0,263496
2022-02-07 14:45:00+05:30,1708.25,1721.65,1707.4,1716.5,771705
2022-02-07 15:15:00+05:30,1716.5,1717.95,1709.05,1714.0,596818
2022-02-08 09:15:00+05:30,1710.0,1724.45,1705.0,1706.15,961883
2022-02-08 09:45:00+05:30,1706.0,1708.25,1703.0,1705.3,494660
2022-02-08 10:15:00+05:30,1705.05,1707.5,1697.0,1698.35,419034
2022-02-08 10:45:00+05:30,1698.15,1700.65,1696.0,1699.85,333930
2022-02-08 11:15:00+05:30,1699.95,1711.0,1698.3,1709.7,318031
2022-02-08 11:45:00+05:30,1709.5,1713.0,1708.0,1709.95,209800
2022-02-08 12:15:00+05:30,1710.1,1719.95,1709.95,1719.0,290818
2022-02-08 12:45:00+05:30,1718.55,1720.0,1706.0,1706.15,257408
2022-02-08 13:15:00+05:30,1706.0,1716.8,1704.0,1710.45,290831
2022-02-08 13:45:00+05:30,1710.45,1718.3,1709.2,1713.95,281213
2022-02-08 14:15:00+05:30,1713.9,1718.0,1710.25,1717.3,330249
2022-02-08 14:45:00+05:30,1717.5,1724.75,1715.35,1718.35,1236593
2022-02-08 15:15:00+05:30,1718.2,1718.7,1705.0,1708.6,567286
2022-02-09 09:15:00+05:30,1735.0,1742.8,1725.0,1725.15,700886
2022-02-09 09:45:00+05:30,1725.85,1736.0,1725.35,1733.65,235726
2022-02-09 10:15:00+05:30,1733.85,1735.4,1732.6,1733.0,138118
2022-02-09 10:45:00+05:30,1733.2,1735.55,1730.0,1732.15,150885
2022-02-09 11:15:00+05:30,1732.15,1735.0,1730.0,1734.5,149126
2022-02-09 11:45:00+05:30,1734.6,1739.9,1734.45,1738.0,170550
2022-02-09 12:15:00+05:30,1738.2,1739.0,1734.7,1738.1,170963
2022-02-09 12:45:00+05:30,1737.8,1739.1,1733.1,1734.0,194260
2022-02-09 13:15:00+05:30,1733.9,1737.9,1731.0,1736.05,305053
2022-02-09 13:45:00+05:30,1736.05,1738.5,1733.55,1735.9,321622
2022-02-09 14:15:00+05:30,1735.9,1742.5,1735.1,1740.4,387614
2022-02-09 14:45:00+05:30,1740.3,1743.0,1734.45,1735.95,531879
2022-02-09 15:15:00+05:30,1736.0,1741.55,1735.9,1739.0,392446
2022-02-10 09:15:00+05:30,1755.65,1761.0,1748.95,1749.7,589849
2022-02-10 09:45:00+05:30,1749.3,1758.9,1749.05,1758.5,217206
2022-02-10 10:15:00+05:30,1758.55,1764.4,1758.5,1759.15,354429
2022-02-10 10:45:00+05:30,1759.15,1759.25,1752.25,1757.0,191534
2022-02-10 11:15:00+05:30,1756.95,1760.65,1755.0,1759.3,236675
2022-02-10 11:45:00+05:30,1759.3,1763.2,1757.25,1759.2,248069
2022-02-10 12:15:00+05:30,1759.2,1759.2,1753.3,1756.25,249886
2022-02-10 12:45:00+05:30,1756.25,1758.0,1754.2,1756.9,216085
2022-02-10 13:15:00+05:30,1756.9,1763.0,1754.45,1762.3,306829
2022-02-10 13:45:00+05:30,1762.3,1764.9,1761.0,1764.65,361145
2022-02-10 14:15:00+05:30,1764.65,1765.7,1759.0,1759.7,354312
2022-02-10 14:45:00+05:30,1759.1,1769.85,1757.8,1769.1,555031
2022-02-10 15:15:00+05:30,1769.05,1773.9,1769.0,1771.6,408251
2022-02-11 09:15:00+05:30,1740.0,1744.75,1718.25,1721.3,1262742
2022-02-11 09:45:00+05:30,1720.85,1722.0,1716.7,1720.05,507760
2022-02-11 10:15:00+05:30,1720.05,1721.25,1716.45,1716.75,504417
2022-02-11 10:45:00+05:30,1716.8,1718.95,1713.4,1716.3,558022
2022-02-11 11:15:00+05:30,1716.25,1717.0,1713.1,1716.0,467893
2022-02-11 11:45:00+05:30,1715.95,1719.35,1715.25,1717.95,329837
2022-02-11 12:15:00+05:30,1717.95,1721.5,1717.8,1721.3,357845
2022-02-11 12:45:00+05:30,1721.0,1725.9,1720.1,1725.3,302469
2022-02-11 13:15:00+05:30,1725.3,1728.0,1724.15,1727.25,404460
2022-02-11 13:45:00+05:30,1727.25,1727.25,1720.3,1722.85,468857
2022-02-11 14:15:00+05:30,1722.85,1724.0,1714.45,1715.65,763275
2022-02-11 14:45:00+05:30,1715.65,1723.95,1714.25,1722.45,996522
2022-02-11 15:15:00+05:30,1722.5,1723.45,1717.2,1719.7,571077
2022-02-14 09:15:00+05:30,1690.0,1703.85,1681.05,1700.0,1020315
2022-02-14 09:45:00+05:30,1699.85,1712.3,1699.1,1709.8,1206829
2022-02-14 10:15:00+05:30,1709.7,1716.55,1705.0,1711.0,498684
2022-02-14 10:45:00+05:30,1710.95,1718.5,1705.1,1706.2,347366
2022-02-14 11:15:00+05:30,1706.2,1712.0,1702.1,1710.0,179502
2022-02-14 11:45:00+05:30,1710.0,1712.75,1708.0,1708.7,211849
2022-02-14 12:15:00+05:30,1708.7,1711.5,1702.0,1702.5,240019
2022-02-14 12:45:00+05:30,1702.5,1707.4,1701.35,1707.0,252347
2022-02-14 13:15:00+05:30,1707.0,1710.8,1703.0,1703.6,293779
2022-02-14 13:45:00+05:30,1703.2,1705.35,1695.0,1695.7,424462
2022-02-14 14:15:00+05:30,1695.45,1700.45,1692.1,1696.6,669344
2022-02-14 14:45:00+05:30,1696.6,1698.0,1678.75,1683.45,1238130
2022-02-14 15:15:00+05:30,1683.5,1687.3,1678.25,1684.0,837110
2022-02-15 09:15:00+05:30,1699.0,1712.9,1690.9,1701.15,831672
2022-02-15 09:45:00+05:30,1700.6,1706.4,1699.0,1703.2,321503
2022-02-15 10:15:00+05:30,1702.85,1708.1,1701.9,1708.0,183821
2022-02-15 10:45:00+05:30,1707.9,1716.0,1706.75,1714.0,298068
2022-02-15 11:15:00+05:30,1714.1,1721.55,1714.0,1718.45,277450
2022-02-15 11:45:00+05:30,1718.0,1723.5,1717.6,1719.65,260899
2022-02-15 12:15:00+05:30,1719.65,1723.1,1715.3,1720.5,243241
2022-02-15 12:45:00+05:30,1720.5,1724.75,1720.3,1721.9,182635
2022-02-15 13:15:00+05:30,1721.95,1727.7,1718.3,1726.9,249213
2022-02-15 13:45:00+05:30,1726.85,1735.0,1726.85,1734.25,328856
2022-02-15 14:15:00+05:30,1734.5,1745.0,1733.45,1743.4,497490
2022-02-15 14:45:00+05:30,1743.5,1746.7,1735.1,1736.4,533203
2022-02-15 15:15:00+05:30,1736.4,1742.95,1735.9,1742.3,435812
2022-02-16 09:15:00+05:30,1738.25,1747.55,1729.0,1734.1,715063
2022-02-16 09:45:00+05:30,1734.05,1736.95,1732.15,1734.6,361901
2022-02-16 10:15:00+05:30,1734.1,1743.65,1733.0,1740.5,206872
2022-02-16 10:45:00+05:30,1740.85,1741.9,1727.5,1732.5,278701
2022-02-16 11:15:00+05:30,1732.5,1738.0,1732.45,1736.15,214470
2022-02-16 11:45:00+05:30,1736.5,1744.25,1736.3,1744.25,333237
2022-02-16 12:15:00+05:30,1744.4,1755.0,1743.15,1751.2,583675
2022-02-16 12:45:00+05:30,1751.2,1755.2,1748.5,1752.95,349558
2022-02-16 13:15:00+05:30,1752.95,1754.85,1746.25,1753.0,299387
2022-02-16 13:45:00+05:30,1753.05,1755.0,1751.5,1753.0,223220
2022-02-16 14:15:00+05:30,1753.3,1753.9,1738.9,1742.5,294307
2022-02-16 14:45:00+05:30,1743.0,1745.0,1732.0,1732.95,818541
2022-02-16 15:15:00+05:30,1733.7,1734.35,1728.55,1731.5,614791
2022-02-17 09:15:00+05:30,1744.0,1747.2,1725.2,1728.3,633615
2022-02-17 09:45:00+05:30,1728.25,1732.0,1726.0,1728.75,176527
2022-02-17 10:15:00+05:30,1728.75,1729.8,1721.05,1729.0,236311
2022-02-17 10:45:00+05:30,1729.5,1736.85,1727.85,1734.45,236051
2022-02-17 11:15:00+05:30,1734.45,1738.7,1731.0,1736.0,202404
2022-02-17 11:45:00+05:30,1736.0,1741.75,1736.0,1739.8,193774
2022-02-17 12:15:00+05:30,1739.3,1743.0,1738.25,1740.65,116738
2022-02-17 12:45:00+05:30,1740.65,1741.0,1736.0,1740.5,100863
2022-02-17 13:15:00+05:30,1740.6,1742.95,1739.0,1742.9,172616
2022-02-17 13:45:00+05:30,1742.8,1743.0,1729.95,1731.5,202584
2022-02-17 14:15:00+05:30,1731.5,1734.5,1730.25,1730.6,203294
2022-02-17 14:45:00+05:30,1730.55,1731.95,1721.35,1721.5,715668
2022-02-17 15:15:00+05:30,1721.5,1725.2,1720.5,1724.0,736446
2022-02-18 09:15:00+05:30,1710.0,1716.75,1706.1,1709.0,689515
2022-02-18 09:45:00+05:30,1709.0,1713.95,1704.0,1711.6,482866
2022-02-18 10:15:00+05:30,1711.9,1711.9,1706.15,1710.05,256071
2022-02-18 10:45:00+05:30,1710.05,1712.9,1706.25,1712.45,230237
2022-02-18 11:15:00+05:30,1712.6,1715.65,1711.0,1713.15,227229
2022-02-18 11:45:00+05:30,1713.55,1717.0,1713.0,1715.3,474275
2022-02-18 12:15:00+05:30,1715.3,1719.9,1714.9,1719.8,365709
2022-02-18 12:45:00+05:30,1719.8,1722.5,1718.15,1719.25,391047
2022-02-18 13:15:00+05:30,1719.25,1720.0,1715.0,1718.45,311345
2022-02-18 13:45:00+05:30,1718.0,1720.65,1715.75,1716.1,306947
2022-02-18 14:15:00+05:30,1716.15,1716.25,1708.45,1708.65,478928
2022-02-18 14:45:00+05:30,1708.8,1711.2,1706.55,1708.45,737448
2022-02-18 15:15:00+05:30,1708.45,1708.75,1703.7,1705.95,633644
